Test run for $TMPDIR/review3-c/LiteDB.Tests/bin/Release/net10.0/LiteDB.Tests.dll (.NETCoreApp,Version=v10.0)
A total of 1 test files matched the specified pattern.
$TMPDIR/review3-c/LiteDB.Tests/bin/Release/net10.0/LiteDB.Tests.dll
[xUnit.net 00:00:00.00] xUnit.net VSTest Adapter v2.8.2+699d445a1a (64-bit .NET 10.0.12)
[xUnit.net 00:00:00.16]   Discovering: LiteDB.Tests
[xUnit.net 00:00:00.90]   Discovered:  LiteDB.Tests
[xUnit.net 00:00:00.91]   Starting:    LiteDB.Tests
[xUnit.net 00:00:06.71]     LiteDB.Tests.Engine.ZzProbe3_Tests.Replay_images_over_non_writable_combinations [FAIL]
[xUnit.net 00:00:06.71]       Assert.Empty() Failure: Collection was not empty
[xUnit.net 00:00:06.71]       Collection: ["mig#8 migration:log.after-sync [dataR/logW] ro=Fal"···, "mig#8 migration:log.after-sync [dataR/logR] ro=Fal"···, "mig#8 migration:log.after-sync [dataW/logR] ro=Tru"···, "mig#9 migration:log.torn-write [dataR/logW] ro=Fal"···, "mig#9 migration:log.torn-write [dataR/logR] ro=Fal"···, ···]
[xUnit.net 00:00:06.71]       Stack Trace:
[xUnit.net 00:00:06.71]         $TMPDIR/review3-c/LiteDB.Tests/Engine/ZzProbe3_Tests.cs(289,0): at LiteDB.Tests.Engine.ZzProbe3_Tests.Replay(Boolean heavy)
[xUnit.net 00:00:06.71]         $TMPDIR/review3-c/LiteDB.Tests/Engine/ZzProbe3_Tests.cs(237,0): at LiteDB.Tests.Engine.ZzProbe3_Tests.Replay_images_over_non_writable_combinations()
[xUnit.net 00:00:06.71]            at System.Reflection.MethodBaseInvoker.InterpretedInvoke_Method(Object obj, IntPtr* args)
[xUnit.net 00:00:06.71]            at System.Reflection.MethodBaseInvoker.InvokeWithNoArgs(Object obj, BindingFlags invokeAttr)
[xUnit.net 00:00:06.71]       Output:
[xUnit.net 00:00:06.71]         images: 185
[xUnit.net 00:00:06.71]           5021 x1
[xUnit.net 00:00:06.71]           mig#0 x1
[xUnit.net 00:00:06.71]           mig#1 x1
[xUnit.net 00:00:06.71]           mig#2 x1
[xUnit.net 00:00:06.71]           mig#3 x1
[xUnit.net 00:00:06.71]           mig#4 x1
[xUnit.net 00:00:06.71]           mig#5 x1
[xUnit.net 00:00:06.71]           mig#6 x1
[xUnit.net 00:00:06.71]           mig#7 x1
[xUnit.net 00:00:06.71]           mig#8 x1
[xUnit.net 00:00:06.71]           mig#9 x1
[xUnit.net 00:00:06.71]           mig#10 x1
[xUnit.net 00:00:06.71]           mig#11 x1
[xUnit.net 00:00:06.71]           mig#12 x1
[xUnit.net 00:00:06.71]           mig#13 x1
[xUnit.net 00:00:06.71]           mig#14 x1
[xUnit.net 00:00:06.71]           mig#15 x1
[xUnit.net 00:00:06.71]           mig#16 x1
[xUnit.net 00:00:06.71]           mig#17 x1
[xUnit.net 00:00:06.71]           mig#18 x1
[xUnit.net 00:00:06.71]           mig#19 x1
[xUnit.net 00:00:06.71]           mig#20 x1
[xUnit.net 00:00:06.71]           mig#21 x1
[xUnit.net 00:00:06.71]           mig#22 x1
[xUnit.net 00:00:06.71]           mig#23 x1
[xUnit.net 00:00:06.71]           mig#24 x1
[xUnit.net 00:00:06.71]           mig#25 x1
[xUnit.net 00:00:06.71]           mig#26 x1
[xUnit.net 00:00:06.71]           mig#27 x1
[xUnit.net 00:00:06.71]           mig#28 x1
[xUnit.net 00:00:06.71]           mig#29 x1
[xUnit.net 00:00:06.71]           mig#30 x1
[xUnit.net 00:00:06.71]           mig#31 x1
[xUnit.net 00:00:06.71]           mig#32 x1
[xUnit.net 00:00:06.71]           mig#33 x1
[xUnit.net 00:00:06.71]           mig#34 x1
[xUnit.net 00:00:06.71]           mig#35 x1
[xUnit.net 00:00:06.71]           mig#36 x1
[xUnit.net 00:00:06.71]           mig#37 x1
[xUnit.net 00:00:06.71]           mig#38 x1
[xUnit.net 00:00:06.71]           mig#39 x1
[xUnit.net 00:00:06.71]           mig#40 x1
[xUnit.net 00:00:06.71]           mig#41 x1
[xUnit.net 00:00:06.71]           mig#42 x1
[xUnit.net 00:00:06.71]           mig#43 x1
[xUnit.net 00:00:06.71]           mig#44 x1
[xUnit.net 00:00:06.71]           mig#45 x1
[xUnit.net 00:00:06.71]           mig#46 x1
[xUnit.net 00:00:06.71]           mig#47 x1
[xUnit.net 00:00:06.71]           mig#48 x1
[xUnit.net 00:00:06.71]           mig#49 x1
[xUnit.net 00:00:06.71]           mig#50 x1
[xUnit.net 00:00:06.71]           mig#51 x1
[xUnit.net 00:00:06.71]           mig#52 x1
[xUnit.net 00:00:06.71]           mig#53 x1
[xUnit.net 00:00:06.71]           mig#54 x1
[xUnit.net 00:00:06.71]           mig#55 x1
[xUnit.net 00:00:06.71]           mig#56 x1
[xUnit.net 00:00:06.71]           mig#57 x1
[xUnit.net 00:00:06.71]           mig#58 x1
[xUnit.net 00:00:06.71]           mig x1
[xUnit.net 00:00:06.71]           walcrash x1
[xUnit.net 00:00:06.71]           walcrash+tail100 x1
[xUnit.net 00:00:06.71]           walcrash+tail512 x1
[xUnit.net 00:00:06.71]           walcrash+tail4096 x1
[xUnit.net 00:00:06.71]           promo x37
[xUnit.net 00:00:06.71]           mvcc x38
[xUnit.net 00:00:06.71]           rooted x36
[xUnit.net 00:00:06.71]           current x7
[xUnit.net 00:00:06.71]           v11 x2
[xUnit.net 00:00:06.71]         sample mvcc clean rooted cFalse v13 log=385024 ref=rows=8#1242171050 [value:8]untouched=1#434968407 
[xUnit.net 00:00:06.71]         sample mvcc promotion-before-journal-write p-1 cFalse v11 log=376832 ref=rows=8#1242171050 [value:8]untouched=1#434968407 
[xUnit.net 00:00:06.71]         sample mvcc promotion-after-journal-flush p-1 cFalse v11 log=393216 ref=rows=8#1242171050 [value:8]untouched=1#434968407 
[xUnit.net 00:00:06.71]         sample mvcc promotion-before-header-write p-1 cFalse v11 log=393216 ref=rows=8#1242171050 [value:8]untouched=1#434968407 
[xUnit.net 00:00:06.71]         sample mvcc promotion-after-header-write p-1 cFalse v11 log=393216 ref=rows=8#1242171050 [value:8]untouched=1#434968407 
[xUnit.net 00:00:06.71]         sample mvcc promotion-after-header-flush p-1 cFalse v13 log=393216 ref=rows=8#1242171050 [value:8]untouched=1#434968407 
[xUnit.net 00:00:06.71]         sample mvcc promotion-after-journal-retire-flush p-1 cFalse v13 log=376832 ref=rows=8#1242171050 [value:8]untouched=1#434968407 
[xUnit.net 00:00:06.71]         sample mvcc retirement-before-record-write p-1 cFalse v13 log=376832 ref=rows=8#1242171050 [value:8]untouched=1#434968407 
[xUnit.net 00:00:06.71]         sample mvcc retirement-after-record-write p-1 cFalse v13 log=376832 ref=rows=8#1242171050 [value:8]untouched=1#434968407 
[xUnit.net 00:00:06.71]         sample mvcc retirement-records-flushed p-1 cFalse v13 log=379776 ref=rows=8#1242171050 [value:8]untouched=1#434968407 
[xUnit.net 00:00:06.71]         sample mvcc retirement-before-header-write p-1 cFalse v13 log=401408 ref=rows=8#1242171050 [value:8]untouched=1#434968407 
[xUnit.net 00:00:06.71]         sample mvcc retirement-after-header-write p-1 cFalse v13 log=401408 ref=rows=8#1242171050 [value:8]untouched=1#434968407 
[xUnit.net 00:00:06.71]         sample mvcc retirement-header-flushed p-1 cFalse v13 log=401408 ref=rows=8#1242171050 [value:8]untouched=1#434968407 
[xUnit.net 00:00:06.71]         sample mvcc retirement-before-journal-retire-flush p-1 cFalse v13 log=401408 ref=rows=8#1242171050 [value:8]untouched=1#434968407 
[xUnit.net 00:00:06.71]         sample mvcc retirement-journal-retired p-1 cFalse v13 log=385024 ref=rows=8#1242171050 [value:8]untouched=1#434968407 
[xUnit.net 00:00:06.71]         sample mvcc wal-slot-cleared p-1 cFalse v13 log=385024 ref=rows=8#1242171050 [value:8]untouched=1#434968407 
[xUnit.net 00:00:06.71]         sample mvcc wal-slots-flushed p-1 cFalse v13 log=385024 ref=rows=8#1242171050 [value:8]untouched=1#434968407 
[xUnit.net 00:00:06.71]         sample mvcc wal-slots-published p-1 cFalse v13 log=385024 ref=rows=8#1242171050 [value:8]untouched=1#434968407 
[xUnit.net 00:00:06.71]         sample mvcc reuse p-1 cFalse v13 log=385024 ref=rows=8#1242171050 [value:8]untouched=1#434968407 
[xUnit.net 00:00:06.71]         sample rooted checkpoint-before-page-write cut cFalse #0 v13 log=524288 ref=rows=8#1242171050 [value:8]untouched=1#434968407 
[xUnit.net 00:00:06.71]         sample rooted checkpoint-before-page-write cut cFalse #1 v13 log=540672 ref=rows=8#1242171050 [value:8]untouched=1#434968407 
[xUnit.net 00:00:06.71]         sample rooted checkpoint-after-page-write cut cFalse #0 v13 log=524288 ref=rows=8#1242171050 [value:8]untouched=1#434968407 
[xUnit.net 00:00:06.71]         sample rooted checkpoint-after-page-write cut cFalse #1 v13 log=540672 ref=rows=8#1242171050 [value:8]untouched=1#434968407 
[xUnit.net 00:00:06.71]         sample rooted checkpoint-before-data-flush cut cFalse #0 v13 log=524288 ref=rows=8#1242171050 [value:8]untouched=1#434968407 
[xUnit.net 00:00:06.71]         sample rooted checkpoint-before-data-flush cut cFalse #1 v13 log=540672 ref=rows=8#1242171050 [value:8]untouched=1#434968407 
[xUnit.net 00:00:06.71]         sample rooted checkpoint-after-data-flush cut cFalse #0 v13 log=524288 ref=rows=8#1242171050 [value:8]untouched=1#434968407 
[xUnit.net 00:00:06.71]         sample rooted checkpoint-after-data-flush cut cFalse #1 v13 log=540672 ref=rows=8#1242171050 [value:8]untouched=1#434968407 
[xUnit.net 00:00:06.71]         sample rooted before-reclaim cut cFalse #0 v13 log=524288 ref=rows=8#1242171050 [value:8]untouched=1#434968407 
[xUnit.net 00:00:06.71]         sample rooted before-reclaim cut cFalse #1 v13 log=540672 ref=rows=8#1242171050 [value:8]untouched=1#434968407 
[xUnit.net 00:00:06.71]         sample rooted checkpoint-before-clear cut cFalse #0 v13 log=524288 ref=rows=8#1242171050 [value:8]untouched=1#434968407 
[xUnit.net 00:00:06.71]         sample rooted checkpoint-before-clear cut cFalse #1 v13 log=540672 ref=rows=8#1242171050 [value:8]untouched=1#434968407 
[xUnit.net 00:00:06.71]         sample rooted checkpoint-after-clear cut cFalse #0 v13 log=524288 ref=rows=8#1242171050 [value:8]untouched=1#434968407 
[xUnit.net 00:00:06.71]         sample rooted checkpoint-after-clear cut cFalse #1 v13 log=540672 ref=rows=8#1242171050 [value:8]untouched=1#434968407 
[xUnit.net 00:00:06.71]         sample rooted repeat-repair cFalse #0 v13 log=524288 ref=rows=8#1242171050 [value:8]untouched=1#434968407 
[xUnit.net 00:00:06.71]         sample rooted repeat-repair cFalse #1 v0 log=540672 ref=rows=8#1242171050 [value:8]untouched=1#434968407 
[xUnit.net 00:00:06.71]         sample rooted repeat-repair cFalse #2 v13 log=540672 ref=rows=8#1242171050 [value:8]untouched=1#434968407 
[xUnit.net 00:00:06.71]         sample rooted repeat-repair cFalse #3 v13 log=540672 ref=rows=8#1242171050 [value:8]untouched=1#434968407 
[xUnit.net 00:00:06.71]         sample mvcc clean rooted cTrue v13 log=385024 ref=rows=8#1242171050 [value:8]untouched=1#434968407 
[xUnit.net 00:00:06.71]         sample mvcc promotion-before-journal-write p-1 cTrue v12 log=376832 ref=rows=8#1242171050 [value:8]untouched=1#434968407 
[xUnit.net 00:00:06.71]         sample mvcc promotion-after-journal-flush p-1 cTrue v12 log=393216 ref=rows=8#1242171050 [value:8]untouched=1#434968407 
[xUnit.net 00:00:06.71]         sample mvcc promotion-before-header-write p-1 cTrue v12 log=393216 ref=rows=8#1242171050 [value:8]untouched=1#434968407 
[xUnit.net 00:00:06.71]         sample mvcc promotion-after-header-write p-1 cTrue v12 log=393216 ref=rows=8#1242171050 [value:8]untouched=1#434968407 
[xUnit.net 00:00:06.71]         sample mvcc promotion-after-header-flush p-1 cTrue v13 log=393216 ref=rows=8#1242171050 [value:8]untouched=1#434968407 
[xUnit.net 00:00:06.71]         sample mvcc promotion-after-journal-retire-flush p-1 cTrue v13 log=376832 ref=rows=8#1242171050 [value:8]untouched=1#434968407 
[xUnit.net 00:00:06.71]         sample mvcc retirement-before-record-write p-1 cTrue v13 log=376832 ref=rows=8#1242171050 [value:8]untouched=1#434968407 
[xUnit.net 00:00:06.71]         sample mvcc retirement-after-record-write p-1 cTrue v13 log=376832 ref=rows=8#1242171050 [value:8]untouched=1#434968407 
[xUnit.net 00:00:06.71]         sample mvcc retirement-records-flushed p-1 cTrue v13 log=379776 ref=rows=8#1242171050 [value:8]untouched=1#434968407 
[xUnit.net 00:00:06.71]         sample mvcc retirement-before-header-write p-1 cTrue v13 log=401408 ref=rows=8#1242171050 [value:8]untouched=1#434968407 
[xUnit.net 00:00:06.72]         sample mvcc retirement-after-header-write p-1 cTrue v13 log=401408 ref=rows=8#1242171050 [value:8]untouched=1#434968407 
[xUnit.net 00:00:06.72]         sample mvcc retirement-header-flushed p-1 cTrue v13 log=401408 ref=rows=8#1242171050 [value:8]untouched=1#434968407 
[xUnit.net 00:00:06.72]         sample mvcc retirement-before-journal-retire-flush p-1 cTrue v13 log=401408 ref=rows=8#1242171050 [value:8]untouched=1#434968407 
[xUnit.net 00:00:06.72]         sample mvcc retirement-journal-retired p-1 cTrue v13 log=385024 ref=rows=8#1242171050 [value:8]untouched=1#434968407 
[xUnit.net 00:00:06.72]         sample mvcc wal-slot-cleared p-1 cTrue v13 log=385024 ref=rows=8#1242171050 [value:8]untouched=1#434968407 
[xUnit.net 00:00:06.72]         sample mvcc wal-slots-flushed p-1 cTrue v13 log=385024 ref=rows=8#1242171050 [value:8]untouched=1#434968407 
[xUnit.net 00:00:06.72]         sample mvcc wal-slots-published p-1 cTrue v13 log=385024 ref=rows=8#1242171050 [value:8]untouched=1#434968407 
[xUnit.net 00:00:06.72]         sample mvcc reuse p-1 cTrue v13 log=385024 ref=rows=8#1242171050 [value:8]untouched=1#434968407 
[xUnit.net 00:00:06.72]         sample rooted checkpoint-before-page-write cut cTrue #0 v13 log=524288 ref=rows=8#1242171050 [value:8]untouched=1#434968407 
[xUnit.net 00:00:06.72]         sample rooted checkpoint-before-page-write cut cTrue #1 v13 log=540672 ref=rows=8#1242171050 [value:8]untouched=1#434968407 
[xUnit.net 00:00:06.72]         sample rooted checkpoint-after-page-write cut cTrue #0 v13 log=524288 ref=rows=8#1242171050 [value:8]untouched=1#434968407 
[xUnit.net 00:00:06.72]         sample rooted checkpoint-after-page-write cut cTrue #1 v13 log=540672 ref=rows=8#1242171050 [value:8]untouched=1#434968407 
[xUnit.net 00:00:06.72]         sample rooted checkpoint-before-data-flush cut cTrue #0 v13 log=524288 ref=rows=8#1242171050 [value:8]untouched=1#434968407 
[xUnit.net 00:00:06.72]         sample rooted checkpoint-before-data-flush cut cTrue #1 v13 log=540672 ref=rows=8#1242171050 [value:8]untouched=1#434968407 
[xUnit.net 00:00:06.72]         sample rooted checkpoint-after-data-flush cut cTrue #0 v13 log=524288 ref=rows=8#1242171050 [value:8]untouched=1#434968407 
[xUnit.net 00:00:06.72]         sample rooted checkpoint-after-data-flush cut cTrue #1 v13 log=540672 ref=rows=8#1242171050 [value:8]untouched=1#434968407 
[xUnit.net 00:00:06.72]         sample rooted before-reclaim cut cTrue #0 v13 log=524288 ref=rows=8#1242171050 [value:8]untouched=1#434968407 
[xUnit.net 00:00:06.72]         sample rooted before-reclaim cut cTrue #1 v13 log=540672 ref=rows=8#1242171050 [value:8]untouched=1#434968407 
[xUnit.net 00:00:06.72]         sample rooted checkpoint-before-clear cut cTrue #0 v13 log=524288 ref=rows=8#1242171050 [value:8]untouched=1#434968407 
[xUnit.net 00:00:06.72]         sample rooted checkpoint-before-clear cut cTrue #1 v13 log=540672 ref=rows=8#1242171050 [value:8]untouched=1#434968407 
[xUnit.net 00:00:06.72]         sample rooted checkpoint-after-clear cut cTrue #0 v13 log=524288 ref=rows=8#1242171050 [value:8]untouched=1#434968407 
[xUnit.net 00:00:06.72]         sample rooted checkpoint-after-clear cut cTrue #1 v13 log=540672 ref=rows=8#1242171050 [value:8]untouched=1#434968407 
[xUnit.net 00:00:06.72]         sample rooted repeat-repair cTrue #0 v13 log=524288 ref=rows=8#1242171050 [value:8]untouched=1#434968407 
[xUnit.net 00:00:06.72]         sample rooted repeat-repair cTrue #1 v0 log=540672 ref=rows=8#1242171050 [value:8]untouched=1#434968407 
[xUnit.net 00:00:06.72]         sample rooted repeat-repair cTrue #2 v13 log=540672 ref=rows=8#1242171050 [value:8]untouched=1#434968407 
[xUnit.net 00:00:06.72]         sample rooted repeat-repair cTrue #3 v13 log=540672 ref=rows=8#1242171050 [value:8]untouched=1#434968407 
[xUnit.net 00:00:06.72]         sample current clean wal v12 log=147456 ref=other=1#902029876 rows=70#-268249295 [value:70]
[xUnit.net 00:00:06.72]         sample current wal +100 garbage v12 log=147556 ref=other=1#902029876 rows=70#-268249295 [value:70]
[xUnit.net 00:00:06.72]         sample current wal +whole garbage frame v12 log=155712 ref=other=1#902029876 rows=70#-268249295 [value:70]
[xUnit.net 00:00:06.72]         sample current wal last frame corrupt v12 log=147456 ref=rows=70#-268249295 [value:70]
[xUnit.net 00:00:06.72]         sample current wal torn last frame v12 log=142456 ref=other=1#902029876 rows=70#-268249295 [value:70]
[xUnit.net 00:00:06.72]         sample current data partial page v12 log=147456 ref=other=1#902029876 rows=70#-268249295 [value:70]
[xUnit.net 00:00:06.72]         sample current empty log v12 log=0 ref=rows=50#-171356781 [value:50]
[xUnit.net 00:00:06.72]         sample v11 clean wal v11 log=147456 ref=other=1#902029876 rows=70#-268249295 [value:70]
[xUnit.net 00:00:06.72]         sample v11 wal +100 garbage v11 log=147556 ref=other=1#902029876 rows=70#-268249295 [value:70]
[xUnit.net 00:00:06.72]         reference failures: 0
[xUnit.net 00:00:06.72]         3 x dataR/log- OK ro=False
[xUnit.net 00:00:06.72]         4 x dataR/log- OK ro=True
[xUnit.net 00:00:06.72]         117 x dataR/logR BAD ro=False
[xUnit.net 00:00:06.72]         52 x dataR/logR OK ro=False
[xUnit.net 00:00:06.72]         16 x dataR/logR OK ro=True
[xUnit.net 00:00:06.72]         90 x dataR/logW BAD ro=False
[xUnit.net 00:00:06.72]         27 x dataR/logW BAD ro=True
[xUnit.net 00:00:06.72]         52 x dataR/logW OK ro=False
[xUnit.net 00:00:06.72]         16 x dataR/logW OK ro=True
[xUnit.net 00:00:06.72]         113 x dataW/logR BAD ro=False
[xUnit.net 00:00:06.72]         4 x dataW/logR BAD ro=True
[xUnit.net 00:00:06.72]         52 x dataW/logR OK ro=False
[xUnit.net 00:00:06.72]         16 x dataW/logR OK ro=True
[xUnit.net 00:00:06.72]         mig#8 migration:log.after-sync [dataR/logW] ro=False dataChanged=False logChanged=False
[xUnit.net 00:00:06.72]             ref=cold=1#-1409849320 rows=48#1973434553 [oid:48][values:[idxERR LiteException][flags:[idxERR LiteException][computed:48]
[xUnit.net 00:00:06.72]             got=FAIL NotSupportedException: probe: not writable
[xUnit.net 00:00:06.72]             D:Write(8192)@0 <- DiskService.RecoverHeaderJournal <- DiskService.ValidateExistingData <- DiskService..ctor <- LiteEngine.Open
[xUnit.net 00:00:06.72]         mig#8 migration:log.after-sync [dataR/logR] ro=False dataChanged=False logChanged=False
[xUnit.net 00:00:06.72]             ref=cold=1#-1409849320 rows=48#1973434553 [oid:48][values:[idxERR LiteException][flags:[idxERR LiteException][computed:48]
[xUnit.net 00:00:06.72]             got=FAIL NotSupportedException: probe: not writable
[xUnit.net 00:00:06.72]             D:Write(8192)@0 <- DiskService.RecoverHeaderJournal <- DiskService.ValidateExistingData <- DiskService..ctor <- LiteEngine.Open
[xUnit.net 00:00:06.72]         mig#8 migration:log.after-sync [dataW/logR] ro=True dataChanged=True logChanged=False
[xUnit.net 00:00:06.72]             ref=cold=1#-1409849320 rows=48#1973434553 [oid:48][values:[idxERR LiteException][flags:[idxERR LiteException][computed:48]
[xUnit.net 00:00:06.72]             got=cold=1#-1409849320 rows=48#1973434553 [oid:48][values:[idxERR LiteException][flags:[idxERR LiteException][computed:48]
[xUnit.net 00:00:06.72]             D:Write(8192)@0 <- DiskService.RecoverHeaderJournal <- DiskService.ValidateExistingData <- DiskService..ctor <- LiteEngine.Open
[xUnit.net 00:00:06.72]         mig#9 migration:log.torn-write [dataR/logW] ro=False dataChanged=False logChanged=False
[xUnit.net 00:00:06.72]             ref=cold=1#-1409849320 rows=48#1973434553 [oid:48][values:[idxERR LiteException][flags:[idxERR LiteException][computed:48]
[xUnit.net 00:00:06.72]             got=FAIL NotSupportedException: probe: not writable
[xUnit.net 00:00:06.72]             D:Write(8192)@0 <- DiskService.RecoverHeaderJournal <- DiskService.ValidateExistingData <- DiskService..ctor <- LiteEngine.Open
[xUnit.net 00:00:06.72]         mig#9 migration:log.torn-write [dataR/logR] ro=False dataChanged=False logChanged=False
[xUnit.net 00:00:06.72]             ref=cold=1#-1409849320 rows=48#1973434553 [oid:48][values:[idxERR LiteException][flags:[idxERR LiteException][computed:48]
[xUnit.net 00:00:06.72]             got=FAIL NotSupportedException: probe: not writable
[xUnit.net 00:00:06.72]             D:Write(8192)@0 <- DiskService.RecoverHeaderJournal <- DiskService.ValidateExistingData <- DiskService..ctor <- LiteEngine.Open
[xUnit.net 00:00:06.72]         mig#9 migration:log.torn-write [dataW/logR] ro=True dataChanged=True logChanged=False
[xUnit.net 00:00:06.72]             ref=cold=1#-1409849320 rows=48#1973434553 [oid:48][values:[idxERR LiteException][flags:[idxERR LiteException][computed:48]
[xUnit.net 00:00:06.72]             got=cold=1#-1409849320 rows=48#1973434553 [oid:48][values:[idxERR LiteException][flags:[idxERR LiteException][computed:48]
[xUnit.net 00:00:06.72]             D:Write(8192)@0 <- DiskService.RecoverHeaderJournal <- DiskService.ValidateExistingData <- DiskService..ctor <- LiteEngine.Open
[xUnit.net 00:00:06.72]         mig#10 migration:log.after-sync [dataR/logW] ro=False dataChanged=False logChanged=False
[xUnit.net 00:00:06.72]             ref=cold=1#-1409849320 rows=48#1973434553 [oid:48][values:[idxERR LiteException][flags:[idxERR LiteException][computed:48]
[xUnit.net 00:00:06.72]             got=FAIL NotSupportedException: probe: not writable
[xUnit.net 00:00:06.72]             D:Write(8192)@0 <- DiskService.RecoverHeaderJournal <- DiskService.ValidateExistingData <- DiskService..ctor <- LiteEngine.Open
[xUnit.net 00:00:06.72]         mig#10 migration:log.after-sync [dataR/logR] ro=False dataChanged=False logChanged=False
[xUnit.net 00:00:06.72]             ref=cold=1#-1409849320 rows=48#1973434553 [oid:48][values:[idxERR LiteException][flags:[idxERR LiteException][computed:48]
[xUnit.net 00:00:06.72]             got=FAIL NotSupportedException: probe: not writable
[xUnit.net 00:00:06.72]             D:Write(8192)@0 <- DiskService.RecoverHeaderJournal <- DiskService.ValidateExistingData <- DiskService..ctor <- LiteEngine.Open
[xUnit.net 00:00:06.72]         mig#10 migration:log.after-sync [dataW/logR] ro=True dataChanged=True logChanged=False
[xUnit.net 00:00:06.72]             ref=cold=1#-1409849320 rows=48#1973434553 [oid:48][values:[idxERR LiteException][flags:[idxERR LiteException][computed:48]
[xUnit.net 00:00:06.72]             got=cold=1#-1409849320 rows=48#1973434553 [oid:48][values:[idxERR LiteException][flags:[idxERR LiteException][computed:48]
[xUnit.net 00:00:06.72]             D:Write(8192)@0 <- DiskService.RecoverHeaderJournal <- DiskService.ValidateExistingData <- DiskService..ctor <- LiteEngine.Open
[xUnit.net 00:00:06.72]         mig#11 migration:data.torn-write [dataR/logW] ro=False dataChanged=False logChanged=False
[xUnit.net 00:00:06.72]             ref=cold=1#-1409849320 rows=48#1973434553 [oid:48][values:[idxERR LiteException][flags:[idxERR LiteException][computed:48]
[xUnit.net 00:00:06.72]             got=FAIL NotSupportedException: probe: not writable
[xUnit.net 00:00:06.72]             D:Write(8192)@0 <- DiskService.RecoverHeaderJournal <- DiskService.ValidateExistingData <- DiskService..ctor <- LiteEngine.Open
[xUnit.net 00:00:06.72]         mig#11 migration:data.torn-write [dataR/logR] ro=False dataChanged=False logChanged=False
[xUnit.net 00:00:06.72]             ref=cold=1#-1409849320 rows=48#1973434553 [oid:48][values:[idxERR LiteException][flags:[idxERR LiteException][computed:48]
[xUnit.net 00:00:06.72]             got=FAIL NotSupportedException: probe: not writable
[xUnit.net 00:00:06.72]             D:Write(8192)@0 <- DiskService.RecoverHeaderJournal <- DiskService.ValidateExistingData <- DiskService..ctor <- LiteEngine.Open
[xUnit.net 00:00:06.72]         mig#11 migration:data.torn-write [dataW/logR] ro=True dataChanged=True logChanged=False
[xUnit.net 00:00:06.72]             ref=cold=1#-1409849320 rows=48#1973434553 [oid:48][values:[idxERR LiteException][flags:[idxERR LiteException][computed:48]
[xUnit.net 00:00:06.72]             got=cold=1#-1409849320 rows=48#1973434553 [oid:48][values:[idxERR LiteException][flags:[idxERR LiteException][computed:48]
[xUnit.net 00:00:06.72]             D:Write(8192)@0 <- DiskService.RecoverHeaderJournal <- DiskService.ValidateExistingData <- DiskService..ctor <- LiteEngine.Open
[xUnit.net 00:00:06.72]         mig#12 migration:data.after-sync [dataR/logW] ro=True dataChanged=False logChanged=True
[xUnit.net 00:00:06.72]             ref=cold=1#-1409849320 rows=48#1973434553 [oid:48][values:[idxERR LiteException][flags:[idxERR LiteException][computed:48]
[xUnit.net 00:00:06.72]             got=cold=1#-1409849320 rows=48#1973434553 [oid:48][values:[idxERR LiteException][flags:[idxERR LiteException][computed:48]
[xUnit.net 00:00:06.72]             L:SetLength(0) from 32768 <- DiskService.RecoverHeaderJournal <- DiskService.ValidateExistingData <- DiskService..ctor <- LiteEngine.Open
[xUnit.net 00:00:06.72]         mig#12 migration:data.after-sync [dataR/logR] ro=False dataChanged=False logChanged=False
[xUnit.net 00:00:06.72]             ref=cold=1#-1409849320 rows=48#1973434553 [oid:48][values:[idxERR LiteException][flags:[idxERR LiteException][computed:48]
[xUnit.net 00:00:06.72]             got=FAIL NotSupportedException: probe: not writable
[xUnit.net 00:00:06.72]             L:SetLength(0) from 32768 <- DiskService.RecoverHeaderJournal <- DiskService.ValidateExistingData <- DiskService..ctor <- LiteEngine.Open
[xUnit.net 00:00:06.72]         mig#12 migration:data.after-sync [dataW/logR] ro=False dataChanged=False logChanged=False
[xUnit.net 00:00:06.72]             ref=cold=1#-1409849320 rows=48#1973434553 [oid:48][values:[idxERR LiteException][flags:[idxERR LiteException][computed:48]
[xUnit.net 00:00:06.72]             got=FAIL NotSupportedException: probe: not writable
[xUnit.net 00:00:06.72]             L:SetLength(0) from 32768 <- DiskService.RecoverHeaderJournal <- DiskService.ValidateExistingData <- DiskService..ctor <- LiteEngine.Open
[xUnit.net 00:00:06.72]         mig#14 migration:log.torn-write [dataR/logW] ro=True dataChanged=False logChanged=True
[xUnit.net 00:00:06.72]             ref=cold=1#-1409849320 rows=48#1973434553 [oid:48][values:[idxERR LiteException][flags:[idxERR LiteException][computed:48]
[xUnit.net 00:00:06.72]             got=cold=1#-1409849320 rows=48#1973434553 [oid:48][values:[idxERR LiteException][flags:[idxERR LiteException][computed:48]
[xUnit.net 00:00:06.72]             L:SetLength(0) from 15 <- DiskService.SetLength <- DiskService.DiscardWalTail <- DiskService.FinishWalRecovery <- WalIndexService.RestoreIndex
[xUnit.net 00:00:06.72]             L:SetLength(0) from 0 <- WalPadding.Pad <- DiskService.SyncLogBarrier <- DiskService.DiscardWalTail <- DiskService.FinishWalRecovery
[xUnit.net 00:00:06.72]         mig#14 migration:log.torn-write [dataR/logR] ro=False dataChanged=False logChanged=False
[xUnit.net 00:00:06.72]             ref=cold=1#-1409849320 rows=48#1973434553 [oid:48][values:[idxERR LiteException][flags:[idxERR LiteException][computed:48]
[xUnit.net 00:00:06.72]             got=FAIL NotSupportedException: probe: not writable
[xUnit.net 00:00:06.72]             L:SetLength(0) from 15 <- DiskService.SetLength <- DiskService.DiscardWalTail <- DiskService.FinishWalRecovery <- WalIndexService.RestoreIndex
[xUnit.net 00:00:06.72]         mig#14 migration:log.torn-write [dataW/logR] ro=False dataChanged=False logChanged=False
[xUnit.net 00:00:06.72]             ref=cold=1#-1409849320 rows=48#1973434553 [oid:48][values:[idxERR LiteException][flags:[idxERR LiteException][computed:48]
[xUnit.net 00:00:06.72]             got=FAIL NotSupportedException: probe: not writable
[xUnit.net 00:00:06.72]             L:SetLength(0) from 15 <- DiskService.SetLength <- DiskService.DiscardWalTail <- DiskService.FinishWalRecovery <- WalIndexService.RestoreIndex
[xUnit.net 00:00:06.72]         mig#15 migration:log.after-sync [dataR/logW] ro=True dataChanged=False logChanged=True
[xUnit.net 00:00:06.72]             ref=cold=1#-1409849320 rows=48#1973434553 [oid:48][values:[idxERR LiteException][flags:[idxERR LiteException][computed:48]
[xUnit.net 00:00:06.72]             got=cold=1#-1409849320 rows=48#1973434553 [oid:48][values:[idxERR LiteException][flags:[idxERR LiteException][computed:48]
[xUnit.net 00:00:06.72]             L:SetLength(0) from 16384 <- DiskService.RecoverHeaderJournal <- DiskService.ValidateExistingData <- DiskService..ctor <- LiteEngine.Open
[xUnit.net 00:00:06.72]         mig#15 migration:log.after-sync [dataR/logR] ro=False dataChanged=False logChanged=False
[xUnit.net 00:00:06.72]             ref=cold=1#-1409849320 rows=48#1973434553 [oid:48][values:[idxERR LiteException][flags:[idxERR LiteException][computed:48]
[xUnit.net 00:00:06.72]             got=FAIL NotSupportedException: probe: not writable
[xUnit.net 00:00:06.72]             L:SetLength(0) from 16384 <- DiskService.RecoverHeaderJournal <- DiskService.ValidateExistingData <- DiskService..ctor <- LiteEngine.Open
[xUnit.net 00:00:06.72]         mig#15 migration:log.after-sync [dataW/logR] ro=False dataChanged=False logChanged=False
[xUnit.net 00:00:06.72]             ref=cold=1#-1409849320 rows=48#1973434553 [oid:48][values:[idxERR LiteException][flags:[idxERR LiteException][computed:48]
[xUnit.net 00:00:06.72]             got=FAIL NotSupportedException: probe: not writable
[xUnit.net 00:00:06.72]             L:SetLength(0) from 16384 <- DiskService.RecoverHeaderJournal <- DiskService.ValidateExistingData <- DiskService..ctor <- LiteEngine.Open
[xUnit.net 00:00:06.72]         mig#16 migration:data.torn-write [dataR/logW] ro=False dataChanged=False logChanged=False
[xUnit.net 00:00:06.72]             ref=cold=1#-1409849320 rows=48#1973434553 [oid:48][values:[idxERR LiteException][flags:[idxERR LiteException][computed:48]
[xUnit.net 00:00:06.72]             got=FAIL NotSupportedException: probe: not writable
[xUnit.net 00:00:06.72]             D:Write(8192)@0 <- DiskService.RecoverHeaderJournal <- DiskService.ValidateExistingData <- DiskService..ctor <- LiteEngine.Open
[xUnit.net 00:00:06.72]         mig#16 migration:data.torn-write [dataR/logR] ro=False dataChanged=False logChanged=False
[xUnit.net 00:00:06.72]             ref=cold=1#-1409849320 rows=48#1973434553 [oid:48][values:[idxERR LiteException][flags:[idxERR LiteException][computed:48]
[xUnit.net 00:00:06.72]             got=FAIL NotSupportedException: probe: not writable
[xUnit.net 00:00:06.72]             D:Write(8192)@0 <- DiskService.RecoverHeaderJournal <- DiskService.ValidateExistingData <- DiskService..ctor <- LiteEngine.Open
[xUnit.net 00:00:06.72]         mig#16 migration:data.torn-write [dataW/logR] ro=False dataChanged=True logChanged=False
[xUnit.net 00:00:06.72]             ref=cold=1#-1409849320 rows=48#1973434553 [oid:48][values:[idxERR LiteException][flags:[idxERR LiteException][computed:48]
[xUnit.net 00:00:06.72]             got=FAIL NotSupportedException: probe: not writable
[xUnit.net 00:00:06.72]             D:Write(8192)@0 <- DiskService.RecoverHeaderJournal <- DiskService.ValidateExistingData <- DiskService..ctor <- LiteEngine.Open
[xUnit.net 00:00:06.72]             L:SetLength(0) from 16384 <- DiskService.RecoverHeaderJournal <- DiskService.ValidateExistingData <- DiskService..ctor <- LiteEngine.Open
[xUnit.net 00:00:06.72]         mig#17 migration:data.after-sync [dataR/logW] ro=True dataChanged=False logChanged=True
[xUnit.net 00:00:06.72]             ref=cold=1#-1409849320 rows=48#1973434553 [oid:48][values:[idxERR LiteException][flags:[idxERR LiteException][computed:48]
[xUnit.net 00:00:06.72]             got=cold=1#-1409849320 rows=48#1973434553 [oid:48][values:[idxERR LiteException][flags:[idxERR LiteException][computed:48]
[xUnit.net 00:00:06.72]             L:SetLength(0) from 16384 <- DiskService.RecoverHeaderJournal <- DiskService.ValidateExistingData <- DiskService..ctor <- LiteEngine.Open
[xUnit.net 00:00:06.72]         mig#17 migration:data.after-sync [dataR/logR] ro=False dataChanged=False logChanged=False
[xUnit.net 00:00:06.72]             ref=cold=1#-1409849320 rows=48#1973434553 [oid:48][values:[idxERR LiteException][flags:[idxERR LiteException][computed:48]
[xUnit.net 00:00:06.72]             got=FAIL NotSupportedException: probe: not writable
[xUnit.net 00:00:06.72]             L:SetLength(0) from 16384 <- DiskService.RecoverHeaderJournal <- DiskService.ValidateExistingData <- DiskService..ctor <- LiteEngine.Open
[xUnit.net 00:00:06.72]         mig#17 migration:data.after-sync [dataW/logR] ro=False dataChanged=False logChanged=False
[xUnit.net 00:00:06.72]             ref=cold=1#-1409849320 rows=48#1973434553 [oid:48][values:[idxERR LiteException][flags:[idxERR LiteException][computed:48]
[xUnit.net 00:00:06.72]             got=FAIL NotSupportedException: probe: not writable
[xUnit.net 00:00:06.72]             L:SetLength(0) from 16384 <- DiskService.RecoverHeaderJournal <- DiskService.ValidateExistingData <- DiskService..ctor <- LiteEngine.Open
[xUnit.net 00:00:06.72]         mig#19 migration:log.torn-write [dataR/logW] ro=True dataChanged=False logChanged=True
[xUnit.net 00:00:06.72]             ref=cold=1#-1409849320 rows=48#1973434553 [oid:48][values:[idxERR LiteException][flags:[idxERR LiteException][computed:48]
[xUnit.net 00:00:06.72]             got=cold=1#-1409849320 rows=48#1973434553 [oid:48][values:[idxERR LiteException][flags:[idxERR LiteException][computed:48]
[xUnit.net 00:00:06.72]             L:SetLength(0) from 15 <- DiskService.SetLength <- DiskService.DiscardWalTail <- DiskService.FinishWalRecovery <- WalIndexService.RestoreIndex
[xUnit.net 00:00:06.72]             L:SetLength(0) from 0 <- WalPadding.Pad <- DiskService.SyncLogBarrier <- DiskService.DiscardWalTail <- DiskService.FinishWalRecovery
[xUnit.net 00:00:06.72]         mig#19 migration:log.torn-write [dataR/logR] ro=False dataChanged=False logChanged=False
[xUnit.net 00:00:06.72]             ref=cold=1#-1409849320 rows=48#1973434553 [oid:48][values:[idxERR LiteException][flags:[idxERR LiteException][computed:48]
[xUnit.net 00:00:06.72]             got=FAIL NotSupportedException: probe: not writable
[xUnit.net 00:00:06.72]             L:SetLength(0) from 15 <- DiskService.SetLength <- DiskService.DiscardWalTail <- DiskService.FinishWalRecovery <- WalIndexService.RestoreIndex
[xUnit.net 00:00:06.72]         mig#19 migration:log.torn-write [dataW/logR] ro=False dataChanged=False logChanged=False
[xUnit.net 00:00:06.72]             ref=cold=1#-1409849320 rows=48#1973434553 [oid:48][values:[idxERR LiteException][flags:[idxERR LiteException][computed:48]
[xUnit.net 00:00:06.72]             got=FAIL NotSupportedException: probe: not writable
[xUnit.net 00:00:06.72]             L:SetLength(0) from 15 <- DiskService.SetLength <- DiskService.DiscardWalTail <- DiskService.FinishWalRecovery <- WalIndexService.RestoreIndex
[xUnit.net 00:00:06.72]         mig#20 migration:log.torn-write [dataR/logW] ro=True dataChanged=False logChanged=True
[xUnit.net 00:00:06.72]             ref=cold=1#-1409849320 rows=48#1973434553 [oid:48][values:[idxERR LiteException][flags:[idxERR LiteException][computed:48]
[xUnit.net 00:00:06.72]             got=cold=1#-1409849320 rows=48#1973434553 [oid:48][values:[idxERR LiteException][flags:[idxERR LiteException][computed:48]
[xUnit.net 00:00:06.72]             L:SetLength(0) from 8271 <- DiskService.SetLength <- DiskService.DiscardWalTail <- DiskService.FinishWalRecovery <- WalIndexService.RestoreIndex
[xUnit.net 00:00:06.72]             L:SetLength(0) from 0 <- WalPadding.Pad <- DiskService.SyncLogBarrier <- DiskService.DiscardWalTail <- DiskService.FinishWalRecovery
[xUnit.net 00:00:06.72]         mig#20 migration:log.torn-write [dataR/logR] ro=False dataChanged=False logChanged=False
[xUnit.net 00:00:06.72]             ref=cold=1#-1409849320 rows=48#1973434553 [oid:48][values:[idxERR LiteException][flags:[idxERR LiteException][computed:48]
[xUnit.net 00:00:06.72]             got=FAIL NotSupportedException: probe: not writable
[xUnit.net 00:00:06.72]             L:SetLength(0) from 8271 <- DiskService.SetLength <- DiskService.DiscardWalTail <- DiskService.FinishWalRecovery <- WalIndexService.RestoreIndex
[xUnit.net 00:00:06.72]         mig#20 migration:log.torn-write [dataW/logR] ro=False dataChanged=False logChanged=False
[xUnit.net 00:00:06.72]             ref=cold=1#-1409849320 rows=48#1973434553 [oid:48][values:[idxERR LiteException][flags:[idxERR LiteException][computed:48]
[xUnit.net 00:00:06.72]             got=FAIL NotSupportedException: probe: not writable
[xUnit.net 00:00:06.72]             L:SetLength(0) from 8271 <- DiskService.SetLength <- DiskService.DiscardWalTail <- DiskService.FinishWalRecovery <- WalIndexService.RestoreIndex
[xUnit.net 00:00:06.72]         mig#21 migration:log.torn-write [dataR/logW] ro=True dataChanged=False logChanged=True
[xUnit.net 00:00:06.72]             ref=cold=1#-1409849320 rows=48#1973434553 [oid:48][values:[idxERR LiteException][flags:[idxERR LiteException][computed:48]
[xUnit.net 00:00:06.72]             got=cold=1#-1409849320 rows=48#1973434553 [oid:48][values:[idxERR LiteException][flags:[idxERR LiteException][computed:48]
[xUnit.net 00:00:06.72]             L:SetLength(0) from 16527 <- DiskService.SetLength <- DiskService.DiscardWalTail <- DiskService.FinishWalRecovery <- WalIndexService.RestoreIndex
[xUnit.net 00:00:06.72]             L:SetLength(0) from 0 <- WalPadding.Pad <- DiskService.SyncLogBarrier <- DiskService.DiscardWalTail <- DiskService.FinishWalRecovery
[xUnit.net 00:00:06.72]         mig#21 migration:log.torn-write [dataR/logR] ro=False dataChanged=False logChanged=False
[xUnit.net 00:00:06.72]             ref=cold=1#-1409849320 rows=48#1973434553 [oid:48][values:[idxERR LiteException][flags:[idxERR LiteException][computed:48]
[xUnit.net 00:00:06.72]             got=FAIL NotSupportedException: probe: not writable
[xUnit.net 00:00:06.72]             L:SetLength(0) from 16527 <- DiskService.SetLength <- DiskService.DiscardWalTail <- DiskService.FinishWalRecovery <- WalIndexService.RestoreIndex
[xUnit.net 00:00:06.72]         mig#21 migration:log.torn-write [dataW/logR] ro=False dataChanged=False logChanged=False
[xUnit.net 00:00:06.72]             ref=cold=1#-1409849320 rows=48#1973434553 [oid:48][values:[idxERR LiteException][flags:[idxERR LiteException][computed:48]
[xUnit.net 00:00:06.72]             got=FAIL NotSupportedException: probe: not writable
[xUnit.net 00:00:06.72]             L:SetLength(0) from 16527 <- DiskService.SetLength <- DiskService.DiscardWalTail <- DiskService.FinishWalRecovery <- WalIndexService.RestoreIndex
[xUnit.net 00:00:06.72]         mig#22 migration:log.torn-write [dataR/logW] ro=True dataChanged=False logChanged=True
[xUnit.net 00:00:06.72]             ref=cold=1#-1409849320 rows=48#1973434553 [oid:48][values:[idxERR LiteException][flags:[idxERR LiteException][computed:48]
[xUnit.net 00:00:06.72]             got=cold=1#-1409849320 rows=48#1973434553 [oid:48][values:[idxERR LiteException][flags:[idxERR LiteException][computed:48]
[xUnit.net 00:00:06.72]             L:SetLength(0) from 24783 <- DiskService.SetLength <- DiskService.DiscardWalTail <- DiskService.FinishWalRecovery <- WalIndexService.RestoreIndex
[xUnit.net 00:00:06.72]             L:SetLength(0) from 0 <- WalPadding.Pad <- DiskService.SyncLogBarrier <- DiskService.DiscardWalTail <- DiskService.FinishWalRecovery
[xUnit.net 00:00:06.72]         mig#22 migration:log.torn-write [dataR/logR] ro=False dataChanged=False logChanged=False
[xUnit.net 00:00:06.72]             ref=cold=1#-1409849320 rows=48#1973434553 [oid:48][values:[idxERR LiteException][flags:[idxERR LiteException][computed:48]
[xUnit.net 00:00:06.72]             got=FAIL NotSupportedException: probe: not writable
[xUnit.net 00:00:06.72]             L:SetLength(0) from 24783 <- DiskService.SetLength <- DiskService.DiscardWalTail <- DiskService.FinishWalRecovery <- WalIndexService.RestoreIndex
[xUnit.net 00:00:06.72]         mig#22 migration:log.torn-write [dataW/logR] ro=False dataChanged=False logChanged=False
[xUnit.net 00:00:06.72]             ref=cold=1#-1409849320 rows=48#1973434553 [oid:48][values:[idxERR LiteException][flags:[idxERR LiteException][computed:48]
[xUnit.net 00:00:06.72]             got=FAIL NotSupportedException: probe: not writable
[xUnit.net 00:00:06.72]             L:SetLength(0) from 24783 <- DiskService.SetLength <- DiskService.DiscardWalTail <- DiskService.FinishWalRecovery <- WalIndexService.RestoreIndex
[xUnit.net 00:00:06.72]         mig#23 migration:log.after-truncate [dataR/logW] ro=True dataChanged=False logChanged=True
[xUnit.net 00:00:06.72]             ref=cold=1#-1409849320 rows=48#1973434553 [oid:48][values:[idxERR LiteException][flags:[idxERR LiteException][computed:48]
[xUnit.net 00:00:06.72]             got=cold=1#-1409849320 rows=48#1973434553 [oid:48][values:[idxERR LiteException][flags:[idxERR LiteException][computed:48]
[xUnit.net 00:00:06.72]             L:SetLength(0) from 40960 <- DiskService.SetLength <- DiskService.DiscardWalTail <- DiskService.FinishWalRecovery <- WalIndexService.RestoreIndex
[xUnit.net 00:00:06.72]             L:SetLength(0) from 0 <- WalPadding.Pad <- DiskService.SyncLogBarrier <- DiskService.DiscardWalTail <- DiskService.FinishWalRecovery
[xUnit.net 00:00:06.72]         mig#23 migration:log.after-truncate [dataR/logR] ro=False dataChanged=False logChanged=False
[xUnit.net 00:00:06.72]             ref=cold=1#-1409849320 rows=48#1973434553 [oid:48][values:[idxERR LiteException][flags:[idxERR LiteException][computed:48]
[xUnit.net 00:00:06.72]             got=FAIL NotSupportedException: probe: not writable
[xUnit.net 00:00:06.72]             L:SetLength(0) from 40960 <- DiskService.SetLength <- DiskService.DiscardWalTail <- DiskService.FinishWalRecovery <- WalIndexService.RestoreIndex
[xUnit.net 00:00:06.72]         mig#23 migration:log.after-truncate [dataW/logR] ro=False dataChanged=False logChanged=False
[xUnit.net 00:00:06.72]             ref=cold=1#-1409849320 rows=48#1973434553 [oid:48][values:[idxERR LiteException][flags:[idxERR LiteException][computed:48]
[xUnit.net 00:00:06.72]             got=FAIL NotSupportedException: probe: not writable
[xUnit.net 00:00:06.72]             L:SetLength(0) from 40960 <- DiskService.SetLength <- DiskService.DiscardWalTail <- DiskService.FinishWalRecovery <- WalIndexService.RestoreIndex
[xUnit.net 00:00:06.72]         mig#24 migration:log.torn-write [dataR/logW] ro=True dataChanged=False logChanged=True
[xUnit.net 00:00:06.72]             ref=cold=1#-1409849320 rows=48#1973434553 [oid:48][values:[idxERR LiteException][flags:[idxERR LiteException][computed:48]
[xUnit.net 00:00:06.72]             got=cold=1#-1409849320 rows=48#1973434553 [oid:48][values:[idxERR LiteException][flags:[idxERR LiteException][computed:48]
[xUnit.net 00:00:06.72]             L:SetLength(0) from 33039 <- DiskService.SetLength <- DiskService.DiscardWalTail <- DiskService.FinishWalRecovery <- WalIndexService.RestoreIndex
[xUnit.net 00:00:06.72]             L:SetLength(0) from 0 <- WalPadding.Pad <- DiskService.SyncLogBarrier <- DiskService.DiscardWalTail <- DiskService.FinishWalRecovery
[xUnit.net 00:00:06.72]         mig#24 migration:log.torn-write [dataR/logR] ro=False dataChanged=False logChanged=False
[xUnit.net 00:00:06.72]             ref=cold=1#-1409849320 rows=48#1973434553 [oid:48][values:[idxERR LiteException][flags:[idxERR LiteException][computed:48]
[xUnit.net 00:00:06.72]             got=FAIL NotSupportedException: probe: not writable
[xUnit.net 00:00:06.72]             L:SetLength(0) from 33039 <- DiskService.SetLength <- DiskService.DiscardWalTail <- DiskService.FinishWalRecovery <- WalIndexService.RestoreIndex
[xUnit.net 00:00:06.72]         mig#24 migration:log.torn-write [dataW/logR] ro=False dataChanged=False logChanged=False
[xUnit.net 00:00:06.72]             ref=cold=1#-1409849320 rows=48#1973434553 [oid:48][values:[idxERR LiteException][flags:[idxERR LiteException][computed:48]
[xUnit.net 00:00:06.72]             got=FAIL NotSupportedException: probe: not writable
[xUnit.net 00:00:06.72]             L:SetLength(0) from 33039 <- DiskService.SetLength <- DiskService.DiscardWalTail <- DiskService.FinishWalRecovery <- WalIndexService.RestoreIndex
[xUnit.net 00:00:06.72]         mig#25 migration:log.after-truncate [dataR/logW] ro=True dataChanged=False logChanged=True
[xUnit.net 00:00:06.72]             ref=cold=1#-1409849320 rows=48#1973434553 [oid:48][values:[idxERR LiteException][flags:[idxERR LiteException][computed:48]
[xUnit.net 00:00:06.72]             got=cold=1#-1409849320 rows=48#1973434553 [oid:48][values:[idxERR LiteException][flags:[idxERR LiteException][computed:48]
[xUnit.net 00:00:06.72]             L:SetLength(0) from 49152 <- DiskService.SetLength <- DiskService.DiscardWalTail <- DiskService.FinishWalRecovery <- WalIndexService.RestoreIndex
[xUnit.net 00:00:06.72]             L:SetLength(0) from 0 <- WalPadding.Pad <- DiskService.SyncLogBarrier <- DiskService.DiscardWalTail <- DiskService.FinishWalRecovery
[xUnit.net 00:00:06.72]         mig#25 migration:log.after-truncate [dataR/logR] ro=False dataChanged=False logChanged=False
[xUnit.net 00:00:06.72]             ref=cold=1#-1409849320 rows=48#1973434553 [oid:48][values:[idxERR LiteException][flags:[idxERR LiteException][computed:48]
[xUnit.net 00:00:06.72]             got=FAIL NotSupportedException: probe: not writable
[xUnit.net 00:00:06.72]             L:SetLength(0) from 49152 <- DiskService.SetLength <- DiskService.DiscardWalTail <- DiskService.FinishWalRecovery <- WalIndexService.RestoreIndex
[xUnit.net 00:00:06.72]         mig#25 migration:log.after-truncate [dataW/logR] ro=False dataChanged=False logChanged=False
[xUnit.net 00:00:06.72]             ref=cold=1#-1409849320 rows=48#1973434553 [oid:48][values:[idxERR LiteException][flags:[idxERR LiteException][computed:48]
[xUnit.net 00:00:06.72]             got=FAIL NotSupportedException: probe: not writable
[xUnit.net 00:00:06.72]             L:SetLength(0) from 49152 <- DiskService.SetLength <- DiskService.DiscardWalTail <- DiskService.FinishWalRecovery <- WalIndexService.RestoreIndex
[xUnit.net 00:00:06.72]         mig#26 migration:log.torn-write [dataR/logW] ro=True dataChanged=False logChanged=True
[xUnit.net 00:00:06.72]             ref=cold=1#-1409849320 rows=48#1973434553 [oid:48][values:[idxERR LiteException][flags:[idxERR LiteException][computed:48]
[xUnit.net 00:00:06.72]             got=cold=1#-1409849320 rows=48#1973434553 [oid:48][values:[idxERR LiteException][flags:[idxERR LiteException][computed:48]
[xUnit.net 00:00:06.72]             L:SetLength(0) from 41295 <- DiskService.SetLength <- DiskService.DiscardWalTail <- DiskService.FinishWalRecovery <- WalIndexService.RestoreIndex
[xUnit.net 00:00:06.72]             L:SetLength(0) from 0 <- WalPadding.Pad <- DiskService.SyncLogBarrier <- DiskService.DiscardWalTail <- DiskService.FinishWalRecovery
[xUnit.net 00:00:06.72]         mig#26 migration:log.torn-write [dataR/logR] ro=False dataChanged=False logChanged=False
[xUnit.net 00:00:06.72]             ref=cold=1#-1409849320 rows=48#1973434553 [oid:48][values:[idxERR LiteException][flags:[idxERR LiteException][computed:48]
[xUnit.net 00:00:06.72]             got=FAIL NotSupportedException: probe: not writable
[xUnit.net 00:00:06.72]             L:SetLength(0) from 41295 <- DiskService.SetLength <- DiskService.DiscardWalTail <- DiskService.FinishWalRecovery <- WalIndexService.RestoreIndex
[xUnit.net 00:00:06.72]         mig#26 migration:log.torn-write [dataW/logR] ro=False dataChanged=False logChanged=False
[xUnit.net 00:00:06.72]             ref=cold=1#-1409849320 rows=48#1973434553 [oid:48][values:[idxERR LiteException][flags:[idxERR LiteException][computed:48]
[xUnit.net 00:00:06.72]             got=FAIL NotSupportedException: probe: not writable
[xUnit.net 00:00:06.72]             L:SetLength(0) from 41295 <- DiskService.SetLength <- DiskService.DiscardWalTail <- DiskService.FinishWalRecovery <- WalIndexService.RestoreIndex
[xUnit.net 00:00:06.72]         mig#27 migration:log.after-truncate [dataR/logW] ro=True dataChanged=False logChanged=True
[xUnit.net 00:00:06.72]             ref=cold=1#-1409849320 rows=48#1973434553 [oid:48][values:[idxERR LiteException][flags:[idxERR LiteException][computed:48]
[xUnit.net 00:00:06.72]             got=cold=1#-1409849320 rows=48#1973434553 [oid:48][values:[idxERR LiteException][flags:[idxERR LiteException][computed:48]
[xUnit.net 00:00:06.72]             L:SetLength(0) from 57344 <- DiskService.SetLength <- DiskService.DiscardWalTail <- DiskService.FinishWalRecovery <- WalIndexService.RestoreIndex
[xUnit.net 00:00:06.72]             L:SetLength(0) from 0 <- WalPadding.Pad <- DiskService.SyncLogBarrier <- DiskService.DiscardWalTail <- DiskService.FinishWalRecovery
[xUnit.net 00:00:06.72]         mig#27 migration:log.after-truncate [dataR/logR] ro=False dataChanged=False logChanged=False
[xUnit.net 00:00:06.72]             ref=cold=1#-1409849320 rows=48#1973434553 [oid:48][values:[idxERR LiteException][flags:[idxERR LiteException][computed:48]
[xUnit.net 00:00:06.72]             got=FAIL NotSupportedException: probe: not writable
[xUnit.net 00:00:06.72]             L:SetLength(0) from 57344 <- DiskService.SetLength <- DiskService.DiscardWalTail <- DiskService.FinishWalRecovery <- WalIndexService.RestoreIndex
[xUnit.net 00:00:06.72]         mig#27 migration:log.after-truncate [dataW/logR] ro=False dataChanged=False logChanged=False
[xUnit.net 00:00:06.72]             ref=cold=1#-1409849320 rows=48#1973434553 [oid:48][values:[idxERR LiteException][flags:[idxERR LiteException][computed:48]
[xUnit.net 00:00:06.72]             got=FAIL NotSupportedException: probe: not writable
[xUnit.net 00:00:06.72]             L:SetLength(0) from 57344 <- DiskService.SetLength <- DiskService.DiscardWalTail <- DiskService.FinishWalRecovery <- WalIndexService.RestoreIndex
[xUnit.net 00:00:06.72]         mig#28 migration:log.torn-write [dataR/logW] ro=True dataChanged=False logChanged=True
[xUnit.net 00:00:06.72]             ref=cold=1#-1409849320 rows=48#1973434553 [oid:48][values:[idxERR LiteException][flags:[idxERR LiteException][computed:48]
[xUnit.net 00:00:06.72]             got=cold=1#-1409849320 rows=48#1973434553 [oid:48][values:[idxERR LiteException][flags:[idxERR LiteException][computed:48]
[xUnit.net 00:00:06.72]             L:SetLength(0) from 49551 <- DiskService.SetLength <- DiskService.DiscardWalTail <- DiskService.FinishWalRecovery <- WalIndexService.RestoreIndex
[xUnit.net 00:00:06.72]             L:SetLength(0) from 0 <- WalPadding.Pad <- DiskService.SyncLogBarrier <- DiskService.DiscardWalTail <- DiskService.FinishWalRecovery
[xUnit.net 00:00:06.72]         mig#28 migration:log.torn-write [dataR/logR] ro=False dataChanged=False logChanged=False
[xUnit.net 00:00:06.72]             ref=cold=1#-1409849320 rows=48#1973434553 [oid:48][values:[idxERR LiteException][flags:[idxERR LiteException][computed:48]
[xUnit.net 00:00:06.72]             got=FAIL NotSupportedException: probe: not writable
[xUnit.net 00:00:06.72]             L:SetLength(0) from 49551 <- DiskService.SetLength <- DiskService.DiscardWalTail <- DiskService.FinishWalRecovery <- WalIndexService.RestoreIndex
[xUnit.net 00:00:06.72]         mig#28 migration:log.torn-write [dataW/logR] ro=False dataChanged=False logChanged=False
[xUnit.net 00:00:06.72]             ref=cold=1#-1409849320 rows=48#1973434553 [oid:48][values:[idxERR LiteException][flags:[idxERR LiteException][computed:48]
[xUnit.net 00:00:06.72]             got=FAIL NotSupportedException: probe: not writable
[xUnit.net 00:00:06.72]             L:SetLength(0) from 49551 <- DiskService.SetLength <- DiskService.DiscardWalTail <- DiskService.FinishWalRecovery <- WalIndexService.RestoreIndex
[xUnit.net 00:00:06.72]         mig#29 migration:log.torn-write [dataR/logW] ro=True dataChanged=False logChanged=True
[xUnit.net 00:00:06.72]             ref=cold=1#-1409849320 rows=48#1973434553 [oid:48][values:[idxERR LiteException][flags:[idxERR LiteException][computed:48]
[xUnit.net 00:00:06.72]             got=cold=1#-1409849320 rows=48#1973434553 [oid:48][values:[idxERR LiteException][flags:[idxERR LiteException][computed:48]
[xUnit.net 00:00:06.72]             L:SetLength(0) from 16527 <- DiskService.SetLength <- DiskService.DiscardWalTail <- DiskService.FinishWalRecovery <- WalIndexService.RestoreIndex
[xUnit.net 00:00:06.72]             L:SetLength(0) from 0 <- WalPadding.Pad <- DiskService.SyncLogBarrier <- DiskService.DiscardWalTail <- DiskService.FinishWalRecovery
[xUnit.net 00:00:06.72]         mig#29 migration:log.torn-write [dataR/logR] ro=False dataChanged=False logChanged=False
[xUnit.net 00:00:06.72]             ref=cold=1#-1409849320 rows=48#1973434553 [oid:48][values:[idxERR LiteException][flags:[idxERR LiteException][computed:48]
[xUnit.net 00:00:06.72]             got=FAIL NotSupportedException: probe: not writable
[xUnit.net 00:00:06.72]             L:SetLength(0) from 16527 <- DiskService.SetLength <- DiskService.DiscardWalTail <- DiskService.FinishWalRecovery <- WalIndexService.RestoreIndex
[xUnit.net 00:00:06.72]         mig#29 migration:log.torn-write [dataW/logR] ro=False dataChanged=False logChanged=False
[xUnit.net 00:00:06.72]             ref=cold=1#-1409849320 rows=48#1973434553 [oid:48][values:[idxERR LiteException][flags:[idxERR LiteException][computed:48]
[xUnit.net 00:00:06.72]             got=FAIL NotSupportedException: probe: not writable
[xUnit.net 00:00:06.72]             L:SetLength(0) from 16527 <- DiskService.SetLength <- DiskService.DiscardWalTail <- DiskService.FinishWalRecovery <- WalIndexService.RestoreIndex
[xUnit.net 00:00:06.72]         mig#30 migration:log.torn-write [dataR/logW] ro=True dataChanged=False logChanged=True
[xUnit.net 00:00:06.72]             ref=cold=1#-1409849320 rows=48#1973434553 [oid:48][values:[idxERR LiteException][flags:[idxERR LiteException][computed:48]
[xUnit.net 00:00:06.72]             got=cold=1#-1409849320 rows=48#1973434553 [oid:48][values:[idxERR LiteException][flags:[idxERR LiteException][computed:48]
[xUnit.net 00:00:06.72]             L:SetLength(0) from 41295 <- DiskService.SetLength <- DiskService.DiscardWalTail <- DiskService.FinishWalRecovery <- WalIndexService.RestoreIndex
[xUnit.net 00:00:06.72]             L:SetLength(0) from 0 <- WalPadding.Pad <- DiskService.SyncLogBarrier <- DiskService.DiscardWalTail <- DiskService.FinishWalRecovery
[xUnit.net 00:00:06.72]         mig#30 migration:log.torn-write [dataR/logR] ro=False dataChanged=False logChanged=False
[xUnit.net 00:00:06.72]             ref=cold=1#-1409849320 rows=48#1973434553 [oid:48][values:[idxERR LiteException][flags:[idxERR LiteException][computed:48]
[xUnit.net 00:00:06.72]             got=FAIL NotSupportedException: probe: not writable
[xUnit.net 00:00:06.72]             L:SetLength(0) from 41295 <- DiskService.SetLength <- DiskService.DiscardWalTail <- DiskService.FinishWalRecovery <- WalIndexService.RestoreIndex
[xUnit.net 00:00:06.72]         mig#30 migration:log.torn-write [dataW/logR] ro=False dataChanged=False logChanged=False
[xUnit.net 00:00:06.72]             ref=cold=1#-1409849320 rows=48#1973434553 [oid:48][values:[idxERR LiteException][flags:[idxERR LiteException][computed:48]
[xUnit.net 00:00:06.72]             got=FAIL NotSupportedException: probe: not writable
[xUnit.net 00:00:06.72]             L:SetLength(0) from 41295 <- DiskService.SetLength <- DiskService.DiscardWalTail <- DiskService.FinishWalRecovery <- WalIndexService.RestoreIndex
[xUnit.net 00:00:06.72]         mig#31 migration:log.after-truncate [dataR/logW] ro=True dataChanged=False logChanged=True
[xUnit.net 00:00:06.72]             ref=cold=1#-1409849320 rows=48#1973434553 [oid:48][values:[idxERR LiteException][flags:[idxERR LiteException][computed:48]
[xUnit.net 00:00:06.72]             got=cold=1#-1409849320 rows=48#1973434553 [oid:48][values:[idxERR LiteException][flags:[idxERR LiteException][computed:48]
[xUnit.net 00:00:06.72]             L:SetLength(0) from 65536 <- DiskService.SetLength <- DiskService.DiscardWalTail <- DiskService.FinishWalRecovery <- WalIndexService.RestoreIndex
[xUnit.net 00:00:06.72]             L:SetLength(0) from 0 <- WalPadding.Pad <- DiskService.SyncLogBarrier <- DiskService.DiscardWalTail <- DiskService.FinishWalRecovery
[xUnit.net 00:00:06.72]         mig#31 migration:log.after-truncate [dataR/logR] ro=False dataChanged=False logChanged=False
[xUnit.net 00:00:06.72]             ref=cold=1#-1409849320 rows=48#1973434553 [oid:48][values:[idxERR LiteException][flags:[idxERR LiteException][computed:48]
[xUnit.net 00:00:06.72]             got=FAIL NotSupportedException: probe: not writable
[xUnit.net 00:00:06.72]             L:SetLength(0) from 65536 <- DiskService.SetLength <- DiskService.DiscardWalTail <- DiskService.FinishWalRecovery <- WalIndexService.RestoreIndex
[xUnit.net 00:00:06.72]         mig#31 migration:log.after-truncate [dataW/logR] ro=False dataChanged=False logChanged=False
[xUnit.net 00:00:06.72]             ref=cold=1#-1409849320 rows=48#1973434553 [oid:48][values:[idxERR LiteException][flags:[idxERR LiteException][computed:48]
[xUnit.net 00:00:06.72]             got=FAIL NotSupportedException: probe: not writable
[xUnit.net 00:00:06.72]             L:SetLength(0) from 65536 <- DiskService.SetLength <- DiskService.DiscardWalTail <- DiskService.FinishWalRecovery <- WalIndexService.RestoreIndex
[xUnit.net 00:00:06.72]         mig#32 migration:log.torn-write [dataR/logW] ro=True dataChanged=False logChanged=True
[xUnit.net 00:00:06.72]             ref=cold=1#-1409849320 rows=48#1973434553 [oid:48][values:[idxERR LiteException][flags:[idxERR LiteException][computed:48]
[xUnit.net 00:00:06.72]             got=cold=1#-1409849320 rows=48#1973434553 [oid:48][values:[idxERR LiteException][flags:[idxERR LiteException][computed:48]
[xUnit.net 00:00:06.72]             L:SetLength(0) from 33039 <- DiskService.SetLength <- DiskService.DiscardWalTail <- DiskService.FinishWalRecovery <- WalIndexService.RestoreIndex
[xUnit.net 00:00:06.72]             L:SetLength(0) from 0 <- WalPadding.Pad <- DiskService.SyncLogBarrier <- DiskService.DiscardWalTail <- DiskService.FinishWalRecovery
[xUnit.net 00:00:06.72]         mig#32 migration:log.torn-write [dataR/logR] ro=False dataChanged=False logChanged=False
[xUnit.net 00:00:06.72]             ref=cold=1#-1409849320 rows=48#1973434553 [oid:48][values:[idxERR LiteException][flags:[idxERR LiteException][computed:48]
[xUnit.net 00:00:06.72]             got=FAIL NotSupportedException: probe: not writable
[xUnit.net 00:00:06.72]             L:SetLength(0) from 33039 <- DiskService.SetLength <- DiskService.DiscardWalTail <- DiskService.FinishWalRecovery <- WalIndexService.RestoreIndex
[xUnit.net 00:00:06.72]         mig#32 migration:log.torn-write [dataW/logR] ro=False dataChanged=False logChanged=False
[xUnit.net 00:00:06.72]             ref=cold=1#-1409849320 rows=48#1973434553 [oid:48][values:[idxERR LiteException][flags:[idxERR LiteException][computed:48]
[xUnit.net 00:00:06.72]             got=FAIL NotSupportedException: probe: not writable
[xUnit.net 00:00:06.72]             L:SetLength(0) from 33039 <- DiskService.SetLength <- DiskService.DiscardWalTail <- DiskService.FinishWalRecovery <- WalIndexService.RestoreIndex
[xUnit.net 00:00:06.72]         mig#33 migration:log.torn-write [dataR/logW] ro=True dataChanged=False logChanged=True
[xUnit.net 00:00:06.72]             ref=cold=1#-1409849320 rows=48#1973434553 [oid:48][values:[idxERR LiteException][flags:[idxERR LiteException][computed:48]
[xUnit.net 00:00:06.72]             got=cold=1#-1409849320 rows=48#1973434553 [oid:48][values:[idxERR LiteException][flags:[idxERR LiteException][computed:48]
[xUnit.net 00:00:06.72]             L:SetLength(0) from 16527 <- DiskService.SetLength <- DiskService.DiscardWalTail <- DiskService.FinishWalRecovery <- WalIndexService.RestoreIndex
[xUnit.net 00:00:06.72]             L:SetLength(0) from 0 <- WalPadding.Pad <- DiskService.SyncLogBarrier <- DiskService.DiscardWalTail <- DiskService.FinishWalRecovery
[xUnit.net 00:00:06.72]         mig#33 migration:log.torn-write [dataR/logR] ro=False dataChanged=False logChanged=False
[xUnit.net 00:00:06.72]             ref=cold=1#-1409849320 rows=48#1973434553 [oid:48][values:[idxERR LiteException][flags:[idxERR LiteException][computed:48]
[xUnit.net 00:00:06.72]             got=FAIL NotSupportedException: probe: not writable
[xUnit.net 00:00:06.72]             L:SetLength(0) from 16527 <- DiskService.SetLength <- DiskService.DiscardWalTail <- DiskService.FinishWalRecovery <- WalIndexService.RestoreIndex
[xUnit.net 00:00:06.72]         mig#33 migration:log.torn-write [dataW/logR] ro=False dataChanged=False logChanged=False
[xUnit.net 00:00:06.72]             ref=cold=1#-1409849320 rows=48#1973434553 [oid:48][values:[idxERR LiteException][flags:[idxERR LiteException][computed:48]
[xUnit.net 00:00:06.72]             got=FAIL NotSupportedException: probe: not writable
[xUnit.net 00:00:06.72]             L:SetLength(0) from 16527 <- DiskService.SetLength <- DiskService.DiscardWalTail <- DiskService.FinishWalRecovery <- WalIndexService.RestoreIndex
[xUnit.net 00:00:06.72]         mig#34 migration:log.torn-write [dataR/logW] ro=True dataChanged=False logChanged=True
[xUnit.net 00:00:06.72]             ref=cold=1#-1409849320 rows=48#1973434553 [oid:48][values:[idxERR LiteException][flags:[idxERR LiteException][computed:48]
[xUnit.net 00:00:06.72]             got=cold=1#-1409849320 rows=48#1973434553 [oid:48][values:[idxERR LiteException][flags:[idxERR LiteException][computed:48]
[xUnit.net 00:00:06.72]             L:SetLength(0) from 41295 <- DiskService.SetLength <- DiskService.DiscardWalTail <- DiskService.FinishWalRecovery <- WalIndexService.RestoreIndex
[xUnit.net 00:00:06.72]             L:SetLength(0) from 0 <- WalPadding.Pad <- DiskService.SyncLogBarrier <- DiskService.DiscardWalTail <- DiskService.FinishWalRecovery
[xUnit.net 00:00:06.72]         mig#34 migration:log.torn-write [dataR/logR] ro=False dataChanged=False logChanged=False
[xUnit.net 00:00:06.72]             ref=cold=1#-1409849320 rows=48#1973434553 [oid:48][values:[idxERR LiteException][flags:[idxERR LiteException][computed:48]
[xUnit.net 00:00:06.72]             got=FAIL NotSupportedException: probe: not writable
[xUnit.net 00:00:06.72]             L:SetLength(0) from 41295 <- DiskService.SetLength <- DiskService.DiscardWalTail <- DiskService.FinishWalRecovery <- WalIndexService.RestoreIndex
[xUnit.net 00:00:06.72]         mig#34 migration:log.torn-write [dataW/logR] ro=False dataChanged=False logChanged=False
[xUnit.net 00:00:06.72]             ref=cold=1#-1409849320 rows=48#1973434553 [oid:48][values:[idxERR LiteException][flags:[idxERR LiteException][computed:48]
[xUnit.net 00:00:06.72]             got=FAIL NotSupportedException: probe: not writable
[xUnit.net 00:00:06.72]             L:SetLength(0) from 41295 <- DiskService.SetLength <- DiskService.DiscardWalTail <- DiskService.FinishWalRecovery <- WalIndexService.RestoreIndex
[xUnit.net 00:00:06.72]         mig#35 migration:log.torn-write [dataR/logW] ro=True dataChanged=False logChanged=True
[xUnit.net 00:00:06.72]             ref=cold=1#-1409849320 rows=48#1973434553 [oid:48][values:[idxERR LiteException][flags:[idxERR LiteException][computed:48]
[xUnit.net 00:00:06.72]             got=cold=1#-1409849320 rows=48#1973434553 [oid:48][values:[idxERR LiteException][flags:[idxERR LiteException][computed:48]
[xUnit.net 00:00:06.72]             L:SetLength(0) from 57807 <- DiskService.SetLength <- DiskService.DiscardWalTail <- DiskService.FinishWalRecovery <- WalIndexService.RestoreIndex
[xUnit.net 00:00:06.72]             L:SetLength(0) from 0 <- WalPadding.Pad <- DiskService.SyncLogBarrier <- DiskService.DiscardWalTail <- DiskService.FinishWalRecovery
[xUnit.net 00:00:06.72]         mig#35 migration:log.torn-write [dataR/logR] ro=False dataChanged=False logChanged=False
[xUnit.net 00:00:06.72]             ref=cold=1#-1409849320 rows=48#1973434553 [oid:48][values:[idxERR LiteException][flags:[idxERR LiteException][computed:48]
[xUnit.net 00:00:06.72]             got=FAIL NotSupportedException: probe: not writable
[xUnit.net 00:00:06.72]             L:SetLength(0) from 57807 <- DiskService.SetLength <- DiskService.DiscardWalTail <- DiskService.FinishWalRecovery <- WalIndexService.RestoreIndex
[xUnit.net 00:00:06.72]         mig#35 migration:log.torn-write [dataW/logR] ro=False dataChanged=False logChanged=False
[xUnit.net 00:00:06.72]             ref=cold=1#-1409849320 rows=48#1973434553 [oid:48][values:[idxERR LiteException][flags:[idxERR LiteException][computed:48]
[xUnit.net 00:00:06.72]             got=FAIL NotSupportedException: probe: not writable
[xUnit.net 00:00:06.72]             L:SetLength(0) from 57807 <- DiskService.SetLength <- DiskService.DiscardWalTail <- DiskService.FinishWalRecovery <- WalIndexService.RestoreIndex
[xUnit.net 00:00:06.72]         mig#36 migration:log.after-truncate [dataR/logW] ro=True dataChanged=False logChanged=True
[xUnit.net 00:00:06.72]             ref=cold=1#-1409849320 rows=48#1973434553 [oid:48][values:[idxERR LiteException][flags:[idxERR LiteException][computed:48]
[xUnit.net 00:00:06.72]             got=cold=1#-1409849320 rows=48#1973434553 [oid:48][values:[idxERR LiteException][flags:[idxERR LiteException][computed:48]
[xUnit.net 00:00:06.72]             L:SetLength(0) from 73728 <- DiskService.SetLength <- DiskService.DiscardWalTail <- DiskService.FinishWalRecovery <- WalIndexService.RestoreIndex
[xUnit.net 00:00:06.72]             L:SetLength(0) from 0 <- WalPadding.Pad <- DiskService.SyncLogBarrier <- DiskService.DiscardWalTail <- DiskService.FinishWalRecovery
[xUnit.net 00:00:06.72]         mig#36 migration:log.after-truncate [dataR/logR] ro=False dataChanged=False logChanged=False
[xUnit.net 00:00:06.72]             ref=cold=1#-1409849320 rows=48#1973434553 [oid:48][values:[idxERR LiteException][flags:[idxERR LiteException][computed:48]
[xUnit.net 00:00:06.72]             got=FAIL NotSupportedException: probe: not writable
[xUnit.net 00:00:06.72]             L:SetLength(0) from 73728 <- DiskService.SetLength <- DiskService.DiscardWalTail <- DiskService.FinishWalRecovery <- WalIndexService.RestoreIndex
[xUnit.net 00:00:06.72]         mig#36 migration:log.after-truncate [dataW/logR] ro=False dataChanged=False logChanged=False
[xUnit.net 00:00:06.72]             ref=cold=1#-1409849320 rows=48#1973434553 [oid:48][values:[idxERR LiteException][flags:[idxERR LiteException][computed:48]
[xUnit.net 00:00:06.72]             got=FAIL NotSupportedException: probe: not writable
[xUnit.net 00:00:06.72]             L:SetLength(0) from 73728 <- DiskService.SetLength <- DiskService.DiscardWalTail <- DiskService.FinishWalRecovery <- WalIndexService.RestoreIndex
[xUnit.net 00:00:06.72]         mig#37 migration:log.torn-write [dataR/logW] ro=True dataChanged=False logChanged=True
[xUnit.net 00:00:06.72]             ref=cold=1#-1409849320 rows=48#1973434553 [oid:48][values:[idxERR LiteException][flags:[idxERR LiteException][computed:48]
[xUnit.net 00:00:06.72]             got=cold=1#-1409849320 rows=48#1973434553 [oid:48][values:[idxERR LiteException][flags:[idxERR LiteException][computed:48]
[xUnit.net 00:00:06.72]             L:SetLength(0) from 66063 <- DiskService.SetLength <- DiskService.DiscardWalTail <- DiskService.FinishWalRecovery <- WalIndexService.RestoreIndex
[xUnit.net 00:00:06.72]             L:SetLength(0) from 0 <- WalPadding.Pad <- DiskService.SyncLogBarrier <- DiskService.DiscardWalTail <- DiskService.FinishWalRecovery
[xUnit.net 00:00:06.72]         mig#37 migration:log.torn-write [dataR/logR] ro=False dataChanged=False logChanged=False
[xUnit.net 00:00:06.72]             ref=cold=1#-1409849320 rows=48#1973434553 [oid:48][values:[idxERR LiteException][flags:[idxERR LiteException][computed:48]
[xUnit.net 00:00:06.72]             got=FAIL NotSupportedException: probe: not writable
[xUnit.net 00:00:06.72]             L:SetLength(0) from 66063 <- DiskService.SetLength <- DiskService.DiscardWalTail <- DiskService.FinishWalRecovery <- WalIndexService.RestoreIndex
[xUnit.net 00:00:06.72]         mig#37 migration:log.torn-write [dataW/logR] ro=False dataChanged=False logChanged=False
[xUnit.net 00:00:06.72]             ref=cold=1#-1409849320 rows=48#1973434553 [oid:48][values:[idxERR LiteException][flags:[idxERR LiteException][computed:48]
[xUnit.net 00:00:06.72]             got=FAIL NotSupportedException: probe: not writable
[xUnit.net 00:00:06.72]             L:SetLength(0) from 66063 <- DiskService.SetLength <- DiskService.DiscardWalTail <- DiskService.FinishWalRecovery <- WalIndexService.RestoreIndex
[xUnit.net 00:00:06.72]         mig#38 migration:log.torn-write [dataR/logW] ro=True dataChanged=False logChanged=True
[xUnit.net 00:00:06.72]             ref=cold=1#-1409849320 rows=48#1973434553 [oid:48][values:[idxERR LiteException][flags:[idxERR LiteException][computed:48]
[xUnit.net 00:00:06.72]             got=cold=1#-1409849320 rows=48#1973434553 [oid:48][values:[idxERR LiteException][flags:[idxERR LiteException][computed:48]
[xUnit.net 00:00:06.72]             L:SetLength(0) from 74319 <- DiskService.SetLength <- DiskService.DiscardWalTail <- DiskService.FinishWalRecovery <- WalIndexService.RestoreIndex
[xUnit.net 00:00:06.72]             L:SetLength(0) from 0 <- WalPadding.Pad <- DiskService.SyncLogBarrier <- DiskService.DiscardWalTail <- DiskService.FinishWalRecovery
[xUnit.net 00:00:06.72]         mig#38 migration:log.torn-write [dataR/logR] ro=False dataChanged=False logChanged=False
[xUnit.net 00:00:06.72]             ref=cold=1#-1409849320 rows=48#1973434553 [oid:48][values:[idxERR LiteException][flags:[idxERR LiteException][computed:48]
[xUnit.net 00:00:06.72]             got=FAIL NotSupportedException: probe: not writable
[xUnit.net 00:00:06.72]             L:SetLength(0) from 74319 <- DiskService.SetLength <- DiskService.DiscardWalTail <- DiskService.FinishWalRecovery <- WalIndexService.RestoreIndex
[xUnit.net 00:00:06.72]         mig#38 migration:log.torn-write [dataW/logR] ro=False dataChanged=False logChanged=False
[xUnit.net 00:00:06.72]             ref=cold=1#-1409849320 rows=48#1973434553 [oid:48][values:[idxERR LiteException][flags:[idxERR LiteException][computed:48]
[xUnit.net 00:00:06.72]             got=FAIL NotSupportedException: probe: not writable
[xUnit.net 00:00:06.72]             L:SetLength(0) from 74319 <- DiskService.SetLength <- DiskService.DiscardWalTail <- DiskService.FinishWalRecovery <- WalIndexService.RestoreIndex
[xUnit.net 00:00:06.72]         mig#39 migration:log.torn-write [dataR/logW] ro=True dataChanged=False logChanged=True
[xUnit.net 00:00:06.72]             ref=cold=1#-1409849320 rows=48#1973434553 [oid:48][values:[idxERR LiteException][flags:[idxERR LiteException][computed:48]
[xUnit.net 00:00:06.72]             got=cold=1#-1409849320 rows=48#1973434553 [oid:48][values:[idxERR LiteException][flags:[idxERR LiteException][computed:48]
[xUnit.net 00:00:06.72]             L:SetLength(0) from 82575 <- DiskService.SetLength <- DiskService.DiscardWalTail <- DiskService.FinishWalRecovery <- WalIndexService.RestoreIndex
[xUnit.net 00:00:06.72]             L:SetLength(0) from 0 <- WalPadding.Pad <- DiskService.SyncLogBarrier <- DiskService.DiscardWalTail <- DiskService.FinishWalRecovery
[xUnit.net 00:00:06.72]         mig#39 migration:log.torn-write [dataR/logR] ro=False dataChanged=False logChanged=False
[xUnit.net 00:00:06.72]             ref=cold=1#-1409849320 rows=48#1973434553 [oid:48][values:[idxERR LiteException][flags:[idxERR LiteException][computed:48]
[xUnit.net 00:00:06.72]             got=FAIL NotSupportedException: probe: not writable
[xUnit.net 00:00:06.72]             L:SetLength(0) from 82575 <- DiskService.SetLength <- DiskService.DiscardWalTail <- DiskService.FinishWalRecovery <- WalIndexService.RestoreIndex
[xUnit.net 00:00:06.72]         mig#39 migration:log.torn-write [dataW/logR] ro=False dataChanged=False logChanged=False
[xUnit.net 00:00:06.72]             ref=cold=1#-1409849320 rows=48#1973434553 [oid:48][values:[idxERR LiteException][flags:[idxERR LiteException][computed:48]
[xUnit.net 00:00:06.72]             got=FAIL NotSupportedException: probe: not writable
[xUnit.net 00:00:06.72]             L:SetLength(0) from 82575 <- DiskService.SetLength <- DiskService.DiscardWalTail <- DiskService.FinishWalRecovery <- WalIndexService.RestoreIndex
[xUnit.net 00:00:06.72]         mig#40 migration:log.after-truncate [dataR/logW] ro=True dataChanged=False logChanged=True
[xUnit.net 00:00:06.72]             ref=cold=1#-1409849320 rows=48#1973434553 [oid:48][values:[idxERR LiteException][flags:[idxERR LiteException][computed:48]
[xUnit.net 00:00:06.72]             got=cold=1#-1409849320 rows=48#1973434553 [oid:48][values:[idxERR LiteException][flags:[idxERR LiteException][computed:48]
[xUnit.net 00:00:06.72]             L:SetLength(0) from 98304 <- DiskService.SetLength <- DiskService.DiscardWalTail <- DiskService.FinishWalRecovery <- WalIndexService.RestoreIndex
[xUnit.net 00:00:06.72]             L:SetLength(0) from 0 <- WalPadding.Pad <- DiskService.SyncLogBarrier <- DiskService.DiscardWalTail <- DiskService.FinishWalRecovery
[xUnit.net 00:00:06.72]         mig#40 migration:log.after-truncate [dataR/logR] ro=False dataChanged=False logChanged=False
[xUnit.net 00:00:06.72]             ref=cold=1#-1409849320 rows=48#1973434553 [oid:48][values:[idxERR LiteException][flags:[idxERR LiteException][computed:48]
[xUnit.net 00:00:06.72]             got=FAIL NotSupportedException: probe: not writable
[xUnit.net 00:00:06.72]             L:SetLength(0) from 98304 <- DiskService.SetLength <- DiskService.DiscardWalTail <- DiskService.FinishWalRecovery <- WalIndexService.RestoreIndex
[xUnit.net 00:00:06.72]         mig#40 migration:log.after-truncate [dataW/logR] ro=False dataChanged=False logChanged=False
[xUnit.net 00:00:06.72]             ref=cold=1#-1409849320 rows=48#1973434553 [oid:48][values:[idxERR LiteException][flags:[idxERR LiteException][computed:48]
[xUnit.net 00:00:06.72]             got=FAIL NotSupportedException: probe: not writable
[xUnit.net 00:00:06.72]             L:SetLength(0) from 98304 <- DiskService.SetLength <- DiskService.DiscardWalTail <- DiskService.FinishWalRecovery <- WalIndexService.RestoreIndex
[xUnit.net 00:00:06.72]         mig#42 checkpoint:log.torn-write [dataR/logW] ro=False dataChanged=False logChanged=True
[xUnit.net 00:00:06.72]             ref=cold=1#-1409849320 rows=48#1973434553 [oid:48][values:[idxERR LiteException][flags:[idxERR LiteException][computed:48]
[xUnit.net 00:00:06.72]             got=cold=1#-1409849320 rows=48#1973434553 [oid:48][values:[idxERR LiteException][flags:[idxERR LiteException][computed:48]
[xUnit.net 00:00:06.72]             L:SetLength(98304) from 98319 <- DiskService.SetLength <- DiskService.DiscardWalTail <- DiskService.FinishWalRecovery <- WalIndexService.RestoreIndex
[xUnit.net 00:00:06.72]             L:SetLength(98304) from 98304 <- WalPadding.Pad <- DiskService.SyncLogBarrier <- DiskService.DiscardWalTail <- DiskService.FinishWalRecovery
[xUnit.net 00:00:06.72]         mig#42 checkpoint:log.torn-write [dataR/logR] ro=False dataChanged=False logChanged=False
[xUnit.net 00:00:06.72]             ref=cold=1#-1409849320 rows=48#1973434553 [oid:48][values:[idxERR LiteException][flags:[idxERR LiteException][computed:48]
[xUnit.net 00:00:06.72]             got=FAIL NotSupportedException: probe: not writable
[xUnit.net 00:00:06.72]             L:SetLength(98304) from 98319 <- DiskService.SetLength <- DiskService.DiscardWalTail <- DiskService.FinishWalRecovery <- WalIndexService.RestoreIndex
[xUnit.net 00:00:06.72]         mig#42 checkpoint:log.torn-write [dataW/logR] ro=False dataChanged=False logChanged=False
[xUnit.net 00:00:06.72]             ref=cold=1#-1409849320 rows=48#1973434553 [oid:48][values:[idxERR LiteException][flags:[idxERR LiteException][computed:48]
[xUnit.net 00:00:06.72]             got=FAIL NotSupportedException: probe: not writable
[xUnit.net 00:00:06.72]             L:SetLength(98304) from 98319 <- DiskService.SetLength <- DiskService.DiscardWalTail <- DiskService.FinishWalRecovery <- WalIndexService.RestoreIndex
[xUnit.net 00:00:06.72]         mig#43 checkpoint:log.after-sync [dataR/logW] ro=False dataChanged=False logChanged=True
[xUnit.net 00:00:06.72]             ref=cold=1#-1409849320 rows=48#1973434553 [oid:48][values:[idxERR LiteException][flags:[idxERR LiteException][computed:48]
[xUnit.net 00:00:06.72]             got=cold=1#-1409849320 rows=48#1973434553 [oid:48][values:[idxERR LiteException][flags:[idxERR LiteException][computed:48]
[xUnit.net 00:00:06.72]             L:SetLength(98304) from 114688 <- DiskService.RecoverHeaderJournal <- DiskService.ValidateExistingData <- DiskService..ctor <- LiteEngine.Open
[xUnit.net 00:00:06.72]         mig#43 checkpoint:log.after-sync [dataR/logR] ro=False dataChanged=False logChanged=False
[xUnit.net 00:00:06.72]             ref=cold=1#-1409849320 rows=48#1973434553 [oid:48][values:[idxERR LiteException][flags:[idxERR LiteException][computed:48]
[xUnit.net 00:00:06.72]             got=FAIL NotSupportedException: probe: not writable
[xUnit.net 00:00:06.72]             L:SetLength(98304) from 114688 <- DiskService.RecoverHeaderJournal <- DiskService.ValidateExistingData <- DiskService..ctor <- LiteEngine.Open
[xUnit.net 00:00:06.72]         mig#43 checkpoint:log.after-sync [dataW/logR] ro=False dataChanged=False logChanged=False
[xUnit.net 00:00:06.72]             ref=cold=1#-1409849320 rows=48#1973434553 [oid:48][values:[idxERR LiteException][flags:[idxERR LiteException][computed:48]
[xUnit.net 00:00:06.72]             got=FAIL NotSupportedException: probe: not writable
[xUnit.net 00:00:06.72]             L:SetLength(98304) from 114688 <- DiskService.RecoverHeaderJournal <- DiskService.ValidateExistingData <- DiskService..ctor <- LiteEngine.Open
[xUnit.net 00:00:06.72]         mig#44 checkpoint:data.torn-write [dataR/logW] ro=False dataChanged=False logChanged=True
[xUnit.net 00:00:06.72]             ref=cold=1#-1409849320 rows=48#1973434553 [oid:48][values:[idxERR LiteException][flags:[idxERR LiteException][computed:48]
[xUnit.net 00:00:06.72]             got=cold=1#-1409849320 rows=48#1973434553 [oid:48][values:[idxERR LiteException][flags:[idxERR LiteException][computed:48]
[xUnit.net 00:00:06.72]             L:SetLength(98304) from 114688 <- DiskService.RecoverHeaderJournal <- DiskService.ValidateExistingData <- DiskService..ctor <- LiteEngine.Open
[xUnit.net 00:00:06.72]         mig#44 checkpoint:data.torn-write [dataR/logR] ro=False dataChanged=False logChanged=False
[xUnit.net 00:00:06.72]             ref=cold=1#-1409849320 rows=48#1973434553 [oid:48][values:[idxERR LiteException][flags:[idxERR LiteException][computed:48]
[xUnit.net 00:00:06.72]             got=FAIL NotSupportedException: probe: not writable
[xUnit.net 00:00:06.72]             L:SetLength(98304) from 114688 <- DiskService.RecoverHeaderJournal <- DiskService.ValidateExistingData <- DiskService..ctor <- LiteEngine.Open
[xUnit.net 00:00:06.72]         mig#44 checkpoint:data.torn-write [dataW/logR] ro=False dataChanged=False logChanged=False
[xUnit.net 00:00:06.72]             ref=cold=1#-1409849320 rows=48#1973434553 [oid:48][values:[idxERR LiteException][flags:[idxERR LiteException][computed:48]
[xUnit.net 00:00:06.72]             got=FAIL NotSupportedException: probe: not writable
[xUnit.net 00:00:06.72]             L:SetLength(98304) from 114688 <- DiskService.RecoverHeaderJournal <- DiskService.ValidateExistingData <- DiskService..ctor <- LiteEngine.Open
[xUnit.net 00:00:06.72]         mig#45 checkpoint:data.torn-write [dataR/logW] ro=False dataChanged=False logChanged=True
[xUnit.net 00:00:06.72]             ref=cold=1#-1409849320 rows=48#1973434553 [oid:48][values:[idxERR LiteException][flags:[idxERR LiteException][computed:48]
[xUnit.net 00:00:06.72]             got=cold=1#-1409849320 rows=48#1973434553 [oid:48][values:[idxERR LiteException][flags:[idxERR LiteException][computed:48]
[xUnit.net 00:00:06.72]             L:SetLength(98304) from 114688 <- DiskService.RecoverHeaderJournal <- DiskService.ValidateExistingData <- DiskService..ctor <- LiteEngine.Open
[xUnit.net 00:00:06.72]         mig#45 checkpoint:data.torn-write [dataR/logR] ro=False dataChanged=False logChanged=False
[xUnit.net 00:00:06.73]             ref=cold=1#-1409849320 rows=48#1973434553 [oid:48][values:[idxERR LiteException][flags:[idxERR LiteException][computed:48]
[xUnit.net 00:00:06.73]             got=FAIL NotSupportedException: probe: not writable
[xUnit.net 00:00:06.73]             L:SetLength(98304) from 114688 <- DiskService.RecoverHeaderJournal <- DiskService.ValidateExistingData <- DiskService..ctor <- LiteEngine.Open
[xUnit.net 00:00:06.73]         mig#45 checkpoint:data.torn-write [dataW/logR] ro=False dataChanged=False logChanged=False
[xUnit.net 00:00:06.73]             ref=cold=1#-1409849320 rows=48#1973434553 [oid:48][values:[idxERR LiteException][flags:[idxERR LiteException][computed:48]
[xUnit.net 00:00:06.73]             got=FAIL NotSupportedException: probe: not writable
[xUnit.net 00:00:06.73]             L:SetLength(98304) from 114688 <- DiskService.RecoverHeaderJournal <- DiskService.ValidateExistingData <- DiskService..ctor <- LiteEngine.Open
[xUnit.net 00:00:06.73]         mig#46 checkpoint:data.torn-write [dataR/logW] ro=False dataChanged=False logChanged=True
[xUnit.net 00:00:06.73]             ref=cold=1#-1409849320 rows=48#1973434553 [oid:48][values:[idxERR LiteException][flags:[idxERR LiteException][computed:48]
[xUnit.net 00:00:06.73]             got=cold=1#-1409849320 rows=48#1973434553 [oid:48][values:[idxERR LiteException][flags:[idxERR LiteException][computed:48]
[xUnit.net 00:00:06.73]             L:SetLength(98304) from 114688 <- DiskService.RecoverHeaderJournal <- DiskService.ValidateExistingData <- DiskService..ctor <- LiteEngine.Open
[xUnit.net 00:00:06.73]         mig#46 checkpoint:data.torn-write [dataR/logR] ro=False dataChanged=False logChanged=False
[xUnit.net 00:00:06.73]             ref=cold=1#-1409849320 rows=48#1973434553 [oid:48][values:[idxERR LiteException][flags:[idxERR LiteException][computed:48]
[xUnit.net 00:00:06.73]             got=FAIL NotSupportedException: probe: not writable
[xUnit.net 00:00:06.73]             L:SetLength(98304) from 114688 <- DiskService.RecoverHeaderJournal <- DiskService.ValidateExistingData <- DiskService..ctor <- LiteEngine.Open
[xUnit.net 00:00:06.73]         mig#46 checkpoint:data.torn-write [dataW/logR] ro=False dataChanged=False logChanged=False
[xUnit.net 00:00:06.73]             ref=cold=1#-1409849320 rows=48#1973434553 [oid:48][values:[idxERR LiteException][flags:[idxERR LiteException][computed:48]
[xUnit.net 00:00:06.73]             got=FAIL NotSupportedException: probe: not writable
[xUnit.net 00:00:06.73]             L:SetLength(98304) from 114688 <- DiskService.RecoverHeaderJournal <- DiskService.ValidateExistingData <- DiskService..ctor <- LiteEngine.Open
[xUnit.net 00:00:06.73]         mig#47 checkpoint:data.torn-write [dataR/logW] ro=False dataChanged=False logChanged=True
[xUnit.net 00:00:06.73]             ref=cold=1#-1409849320 rows=48#1973434553 [oid:48][values:[idxERR LiteException][flags:[idxERR LiteException][computed:48]
[xUnit.net 00:00:06.73]             got=cold=1#-1409849320 rows=48#1973434553 [oid:48][values:[idxERR LiteException][flags:[idxERR LiteException][computed:48]
[xUnit.net 00:00:06.73]             L:SetLength(98304) from 114688 <- DiskService.RecoverHeaderJournal <- DiskService.ValidateExistingData <- DiskService..ctor <- LiteEngine.Open
[xUnit.net 00:00:06.73]         mig#47 checkpoint:data.torn-write [dataR/logR] ro=False dataChanged=False logChanged=False
[xUnit.net 00:00:06.73]             ref=cold=1#-1409849320 rows=48#1973434553 [oid:48][values:[idxERR LiteException][flags:[idxERR LiteException][computed:48]
[xUnit.net 00:00:06.73]             got=FAIL NotSupportedException: probe: not writable
[xUnit.net 00:00:06.73]             L:SetLength(98304) from 114688 <- DiskService.RecoverHeaderJournal <- DiskService.ValidateExistingData <- DiskService..ctor <- LiteEngine.Open
[xUnit.net 00:00:06.73]         mig#47 checkpoint:data.torn-write [dataW/logR] ro=False dataChanged=False logChanged=False
[xUnit.net 00:00:06.73]             ref=cold=1#-1409849320 rows=48#1973434553 [oid:48][values:[idxERR LiteException][flags:[idxERR LiteException][computed:48]
[xUnit.net 00:00:06.73]             got=FAIL NotSupportedException: probe: not writable
[xUnit.net 00:00:06.73]             L:SetLength(98304) from 114688 <- DiskService.RecoverHeaderJournal <- DiskService.ValidateExistingData <- DiskService..ctor <- LiteEngine.Open
[xUnit.net 00:00:06.73]         mig#48 checkpoint:data.torn-write [dataR/logW] ro=False dataChanged=False logChanged=True
[xUnit.net 00:00:06.73]             ref=cold=1#-1409849320 rows=48#1973434553 [oid:48][values:[idxERR LiteException][flags:[idxERR LiteException][computed:48]
[xUnit.net 00:00:06.73]             got=cold=1#-1409849320 rows=48#1973434553 [oid:48][values:[idxERR LiteException][flags:[idxERR LiteException][computed:48]
[xUnit.net 00:00:06.73]             L:SetLength(98304) from 114688 <- DiskService.RecoverHeaderJournal <- DiskService.ValidateExistingData <- DiskService..ctor <- LiteEngine.Open
[xUnit.net 00:00:06.73]         mig#48 checkpoint:data.torn-write [dataR/logR] ro=False dataChanged=False logChanged=False
[xUnit.net 00:00:06.73]             ref=cold=1#-1409849320 rows=48#1973434553 [oid:48][values:[idxERR LiteException][flags:[idxERR LiteException][computed:48]
[xUnit.net 00:00:06.73]             got=FAIL NotSupportedException: probe: not writable
[xUnit.net 00:00:06.73]             L:SetLength(98304) from 114688 <- DiskService.RecoverHeaderJournal <- DiskService.ValidateExistingData <- DiskService..ctor <- LiteEngine.Open
[xUnit.net 00:00:06.73]         mig#48 checkpoint:data.torn-write [dataW/logR] ro=False dataChanged=False logChanged=False
[xUnit.net 00:00:06.73]             ref=cold=1#-1409849320 rows=48#1973434553 [oid:48][values:[idxERR LiteException][flags:[idxERR LiteException][computed:48]
[xUnit.net 00:00:06.73]             got=FAIL NotSupportedException: probe: not writable
[xUnit.net 00:00:06.73]             L:SetLength(98304) from 114688 <- DiskService.RecoverHeaderJournal <- DiskService.ValidateExistingData <- DiskService..ctor <- LiteEngine.Open
[xUnit.net 00:00:06.73]         mig#49 checkpoint:data.torn-write [dataR/logW] ro=False dataChanged=False logChanged=True
[xUnit.net 00:00:06.73]             ref=cold=1#-1409849320 rows=48#1973434553 [oid:48][values:[idxERR LiteException][flags:[idxERR LiteException][computed:48]
[xUnit.net 00:00:06.73]             got=cold=1#-1409849320 rows=48#1973434553 [oid:48][values:[idxERR LiteException][flags:[idxERR LiteException][computed:48]
[xUnit.net 00:00:06.73]             L:SetLength(98304) from 114688 <- DiskService.RecoverHeaderJournal <- DiskService.ValidateExistingData <- DiskService..ctor <- LiteEngine.Open
[xUnit.net 00:00:06.73]         mig#49 checkpoint:data.torn-write [dataR/logR] ro=False dataChanged=False logChanged=False
[xUnit.net 00:00:06.73]             ref=cold=1#-1409849320 rows=48#1973434553 [oid:48][values:[idxERR LiteException][flags:[idxERR LiteException][computed:48]
[xUnit.net 00:00:06.73]             got=FAIL NotSupportedException: probe: not writable
[xUnit.net 00:00:06.73]             L:SetLength(98304) from 114688 <- DiskService.RecoverHeaderJournal <- DiskService.ValidateExistingData <- DiskService..ctor <- LiteEngine.Open
[xUnit.net 00:00:06.73]         mig#49 checkpoint:data.torn-write [dataW/logR] ro=False dataChanged=False logChanged=False
[xUnit.net 00:00:06.73]             ref=cold=1#-1409849320 rows=48#1973434553 [oid:48][values:[idxERR LiteException][flags:[idxERR LiteException][computed:48]
[xUnit.net 00:00:06.73]             got=FAIL NotSupportedException: probe: not writable
[xUnit.net 00:00:06.73]             L:SetLength(98304) from 114688 <- DiskService.RecoverHeaderJournal <- DiskService.ValidateExistingData <- DiskService..ctor <- LiteEngine.Open
[xUnit.net 00:00:06.73]         mig#50 checkpoint:data.torn-write [dataR/logW] ro=False dataChanged=False logChanged=True
[xUnit.net 00:00:06.73]             ref=cold=1#-1409849320 rows=48#1973434553 [oid:48][values:[idxERR LiteException][flags:[idxERR LiteException][computed:48]
[xUnit.net 00:00:06.73]             got=cold=1#-1409849320 rows=48#1973434553 [oid:48][values:[idxERR LiteException][flags:[idxERR LiteException][computed:48]
[xUnit.net 00:00:06.73]             L:SetLength(98304) from 114688 <- DiskService.RecoverHeaderJournal <- DiskService.ValidateExistingData <- DiskService..ctor <- LiteEngine.Open
[xUnit.net 00:00:06.73]         mig#50 checkpoint:data.torn-write [dataR/logR] ro=False dataChanged=False logChanged=False
[xUnit.net 00:00:06.73]             ref=cold=1#-1409849320 rows=48#1973434553 [oid:48][values:[idxERR LiteException][flags:[idxERR LiteException][computed:48]
[xUnit.net 00:00:06.73]             got=FAIL NotSupportedException: probe: not writable
[xUnit.net 00:00:06.73]             L:SetLength(98304) from 114688 <- DiskService.RecoverHeaderJournal <- DiskService.ValidateExistingData <- DiskService..ctor <- LiteEngine.Open
[xUnit.net 00:00:06.73]         mig#50 checkpoint:data.torn-write [dataW/logR] ro=False dataChanged=False logChanged=False
[xUnit.net 00:00:06.73]             ref=cold=1#-1409849320 rows=48#1973434553 [oid:48][values:[idxERR LiteException][flags:[idxERR LiteException][computed:48]
[xUnit.net 00:00:06.73]             got=FAIL NotSupportedException: probe: not writable
[xUnit.net 00:00:06.73]             L:SetLength(98304) from 114688 <- DiskService.RecoverHeaderJournal <- DiskService.ValidateExistingData <- DiskService..ctor <- LiteEngine.Open
[xUnit.net 00:00:06.73]         mig#51 checkpoint:data.torn-write [dataR/logW] ro=True dataChanged=False logChanged=True
[xUnit.net 00:00:06.73]             ref=cold=1#-1409849320 rows=48#1973434553 [oid:48][values:[idxERR LiteException][flags:[idxERR LiteException][computed:48]
[xUnit.net 00:00:06.73]             got=cold=1#-1409849320 rows=48#1973434553 [oid:48][values:[idxERR LiteException][flags:[idxERR LiteException][computed:48]
[xUnit.net 00:00:06.73]             L:SetLength(98304) from 114688 <- DiskService.RecoverHeaderJournal <- DiskService.ValidateExistingData <- DiskService..ctor <- LiteEngine.Open
[xUnit.net 00:00:06.73]         mig#51 checkpoint:data.torn-write [dataR/logR] ro=False dataChanged=False logChanged=False
[xUnit.net 00:00:06.73]             ref=cold=1#-1409849320 rows=48#1973434553 [oid:48][values:[idxERR LiteException][flags:[idxERR LiteException][computed:48]
[xUnit.net 00:00:06.73]             got=FAIL NotSupportedException: probe: not writable
[xUnit.net 00:00:06.73]             L:SetLength(98304) from 114688 <- DiskService.RecoverHeaderJournal <- DiskService.ValidateExistingData <- DiskService..ctor <- LiteEngine.Open
[xUnit.net 00:00:06.73]         mig#51 checkpoint:data.torn-write [dataW/logR] ro=False dataChanged=False logChanged=False
[xUnit.net 00:00:06.73]             ref=cold=1#-1409849320 rows=48#1973434553 [oid:48][values:[idxERR LiteException][flags:[idxERR LiteException][computed:48]
[xUnit.net 00:00:06.73]             got=FAIL NotSupportedException: probe: not writable
[xUnit.net 00:00:06.73]             L:SetLength(98304) from 114688 <- DiskService.RecoverHeaderJournal <- DiskService.ValidateExistingData <- DiskService..ctor <- LiteEngine.Open
[xUnit.net 00:00:06.73]         mig#52 checkpoint:data.torn-write [dataR/logW] ro=False dataChanged=False logChanged=True
[xUnit.net 00:00:06.73]             ref=cold=1#-1409849320 rows=48#1973434553 [oid:48][values:[idxERR LiteException][flags:[idxERR LiteException][computed:48]
[xUnit.net 00:00:06.73]             got=cold=1#-1409849320 rows=48#1973434553 [oid:48][values:[idxERR LiteException][flags:[idxERR LiteException][computed:48]
[xUnit.net 00:00:06.73]             L:SetLength(98304) from 114688 <- DiskService.RecoverHeaderJournal <- DiskService.ValidateExistingData <- DiskService..ctor <- LiteEngine.Open
[xUnit.net 00:00:06.73]         mig#52 checkpoint:data.torn-write [dataR/logR] ro=False dataChanged=False logChanged=False
[xUnit.net 00:00:06.73]             ref=cold=1#-1409849320 rows=48#1973434553 [oid:48][values:[idxERR LiteException][flags:[idxERR LiteException][computed:48]
[xUnit.net 00:00:06.73]             got=FAIL NotSupportedException: probe: not writable
[xUnit.net 00:00:06.73]             L:SetLength(98304) from 114688 <- DiskService.RecoverHeaderJournal <- DiskService.ValidateExistingData <- DiskService..ctor <- LiteEngine.Open
[xUnit.net 00:00:06.73]         mig#52 checkpoint:data.torn-write [dataW/logR] ro=False dataChanged=False logChanged=False
[xUnit.net 00:00:06.73]             ref=cold=1#-1409849320 rows=48#1973434553 [oid:48][values:[idxERR LiteException][flags:[idxERR LiteException][computed:48]
[xUnit.net 00:00:06.73]             got=FAIL NotSupportedException: probe: not writable
[xUnit.net 00:00:06.73]             L:SetLength(98304) from 114688 <- DiskService.RecoverHeaderJournal <- DiskService.ValidateExistingData <- DiskService..ctor <- LiteEngine.Open
[xUnit.net 00:00:06.73]         mig#53 checkpoint:data.torn-write [dataR/logW] ro=False dataChanged=False logChanged=True
[xUnit.net 00:00:06.73]             ref=cold=1#-1409849320 rows=48#1973434553 [oid:48][values:[idxERR LiteException][flags:[idxERR LiteException][computed:48]
[xUnit.net 00:00:06.73]             got=cold=1#-1409849320 rows=48#1973434553 [oid:48][values:[idxERR LiteException][flags:[idxERR LiteException][computed:48]
[xUnit.net 00:00:06.73]             L:SetLength(98304) from 114688 <- DiskService.RecoverHeaderJournal <- DiskService.ValidateExistingData <- DiskService..ctor <- LiteEngine.Open
[xUnit.net 00:00:06.73]         mig#53 checkpoint:data.torn-write [dataR/logR] ro=False dataChanged=False logChanged=False
[xUnit.net 00:00:06.73]             ref=cold=1#-1409849320 rows=48#1973434553 [oid:48][values:[idxERR LiteException][flags:[idxERR LiteException][computed:48]
[xUnit.net 00:00:06.73]             got=FAIL NotSupportedException: probe: not writable
[xUnit.net 00:00:06.73]             L:SetLength(98304) from 114688 <- DiskService.RecoverHeaderJournal <- DiskService.ValidateExistingData <- DiskService..ctor <- LiteEngine.Open
[xUnit.net 00:00:06.73]         mig#53 checkpoint:data.torn-write [dataW/logR] ro=False dataChanged=False logChanged=False
[xUnit.net 00:00:06.73]             ref=cold=1#-1409849320 rows=48#1973434553 [oid:48][values:[idxERR LiteException][flags:[idxERR LiteException][computed:48]
[xUnit.net 00:00:06.73]             got=FAIL NotSupportedException: probe: not writable
[xUnit.net 00:00:06.73]             L:SetLength(98304) from 114688 <- DiskService.RecoverHeaderJournal <- DiskService.ValidateExistingData <- DiskService..ctor <- LiteEngine.Open
[xUnit.net 00:00:06.73]         mig#54 checkpoint:data.torn-write [dataR/logW] ro=False dataChanged=False logChanged=False
[xUnit.net 00:00:06.73]             ref=cold=1#-1409849320 rows=48#1973434553 [oid:48][values:[idxERR LiteException][flags:[idxERR LiteException][computed:48]
[xUnit.net 00:00:06.73]             got=FAIL NotSupportedException: probe: not writable
[xUnit.net 00:00:06.73]             D:Write(8192)@0 <- DiskService.RecoverHeaderJournal <- DiskService.ValidateExistingData <- DiskService..ctor <- LiteEngine.Open
[xUnit.net 00:00:06.73]         mig#54 checkpoint:data.torn-write [dataR/logR] ro=False dataChanged=False logChanged=False
[xUnit.net 00:00:06.73]             ref=cold=1#-1409849320 rows=48#1973434553 [oid:48][values:[idxERR LiteException][flags:[idxERR LiteException][computed:48]
[xUnit.net 00:00:06.73]             got=FAIL NotSupportedException: probe: not writable
[xUnit.net 00:00:06.73]             D:Write(8192)@0 <- DiskService.RecoverHeaderJournal <- DiskService.ValidateExistingData <- DiskService..ctor <- LiteEngine.Open
[xUnit.net 00:00:06.73]         mig#54 checkpoint:data.torn-write [dataW/logR] ro=False dataChanged=True logChanged=False
[xUnit.net 00:00:06.73]             ref=cold=1#-1409849320 rows=48#1973434553 [oid:48][values:[idxERR LiteException][flags:[idxERR LiteException][computed:48]
[xUnit.net 00:00:06.73]             got=FAIL NotSupportedException: probe: not writable
[xUnit.net 00:00:06.73]             D:Write(8192)@0 <- DiskService.RecoverHeaderJournal <- DiskService.ValidateExistingData <- DiskService..ctor <- LiteEngine.Open
[xUnit.net 00:00:06.73]             L:SetLength(98304) from 114688 <- DiskService.RecoverHeaderJournal <- DiskService.ValidateExistingData <- DiskService..ctor <- LiteEngine.Open
[xUnit.net 00:00:06.73]         mig#55 checkpoint:data.after-sync [dataR/logW] ro=False dataChanged=False logChanged=True
[xUnit.net 00:00:06.73]             ref=cold=1#-1409849320 rows=48#1973434553 [oid:48][values:[idxERR LiteException][flags:[idxERR LiteException][computed:48]
[xUnit.net 00:00:06.73]             got=cold=1#-1409849320 rows=48#1973434553 [oid:48][values:[idxERR LiteException][flags:[idxERR LiteException][computed:48]
[xUnit.net 00:00:06.73]             L:SetLength(98304) from 114688 <- DiskService.RecoverHeaderJournal <- DiskService.ValidateExistingData <- DiskService..ctor <- LiteEngine.Open
[xUnit.net 00:00:06.73]         mig#55 checkpoint:data.after-sync [dataR/logR] ro=False dataChanged=False logChanged=False
[xUnit.net 00:00:06.73]             ref=cold=1#-1409849320 rows=48#1973434553 [oid:48][values:[idxERR LiteException][flags:[idxERR LiteException][computed:48]
[xUnit.net 00:00:06.73]             got=FAIL NotSupportedException: probe: not writable
[xUnit.net 00:00:06.73]             L:SetLength(98304) from 114688 <- DiskService.RecoverHeaderJournal <- DiskService.ValidateExistingData <- DiskService..ctor <- LiteEngine.Open
[xUnit.net 00:00:06.73]         mig#55 checkpoint:data.after-sync [dataW/logR] ro=False dataChanged=False logChanged=False
[xUnit.net 00:00:06.73]             ref=cold=1#-1409849320 rows=48#1973434553 [oid:48][values:[idxERR LiteException][flags:[idxERR LiteException][computed:48]
[xUnit.net 00:00:06.73]             got=FAIL NotSupportedException: probe: not writable
[xUnit.net 00:00:06.73]             L:SetLength(98304) from 114688 <- DiskService.RecoverHeaderJournal <- DiskService.ValidateExistingData <- DiskService..ctor <- LiteEngine.Open
[xUnit.net 00:00:06.73]         mig#56 checkpoint:data.torn-write [dataR/logW] ro=False dataChanged=False logChanged=False
[xUnit.net 00:00:06.73]             ref=cold=1#-1409849320 rows=48#1973434553 [oid:48][values:[idxERR LiteException][flags:[idxERR LiteException][computed:48]
[xUnit.net 00:00:06.73]             got=FAIL NotSupportedException: probe: not writable
[xUnit.net 00:00:06.73]             D:Write(8192)@0 <- DiskService.RecoverHeaderJournal <- DiskService.ValidateExistingData <- DiskService..ctor <- LiteEngine.Open
[xUnit.net 00:00:06.73]         mig#56 checkpoint:data.torn-write [dataR/logR] ro=False dataChanged=False logChanged=False
[xUnit.net 00:00:06.73]             ref=cold=1#-1409849320 rows=48#1973434553 [oid:48][values:[idxERR LiteException][flags:[idxERR LiteException][computed:48]
[xUnit.net 00:00:06.73]             got=FAIL NotSupportedException: probe: not writable
[xUnit.net 00:00:06.73]             D:Write(8192)@0 <- DiskService.RecoverHeaderJournal <- DiskService.ValidateExistingData <- DiskService..ctor <- LiteEngine.Open
[xUnit.net 00:00:06.73]         mig#56 checkpoint:data.torn-write [dataW/logR] ro=False dataChanged=True logChanged=False
[xUnit.net 00:00:06.73]             ref=cold=1#-1409849320 rows=48#1973434553 [oid:48][values:[idxERR LiteException][flags:[idxERR LiteException][computed:48]
[xUnit.net 00:00:06.73]             got=FAIL NotSupportedException: probe: not writable
[xUnit.net 00:00:06.73]             D:Write(8192)@0 <- DiskService.RecoverHeaderJournal <- DiskService.ValidateExistingData <- DiskService..ctor <- LiteEngine.Open
[xUnit.net 00:00:06.73]             L:SetLength(98304) from 114688 <- DiskService.RecoverHeaderJournal <- DiskService.ValidateExistingData <- DiskService..ctor <- LiteEngine.Open
[xUnit.net 00:00:06.73]         mig#57 checkpoint:data.after-sync [dataR/logW] ro=False dataChanged=False logChanged=True
[xUnit.net 00:00:06.73]             ref=cold=1#-1409849320 rows=48#1973434553 [oid:48][values:[idxERR LiteException][flags:[idxERR LiteException][computed:48]
[xUnit.net 00:00:06.73]             got=cold=1#-1409849320 rows=48#1973434553 [oid:48][values:[idxERR LiteException][flags:[idxERR LiteException][computed:48]
[xUnit.net 00:00:06.73]             L:SetLength(98304) from 114688 <- DiskService.RecoverHeaderJournal <- DiskService.ValidateExistingData <- DiskService..ctor <- LiteEngine.Open
[xUnit.net 00:00:06.73]             L:SetLength(0) from 98304 <- DiskService.SetLength <- DiskService.DiscardWalTail <- DiskService.FinishWalRecovery <- WalIndexService.RestoreIndex
[xUnit.net 00:00:06.73]             L:SetLength(0) from 0 <- WalPadding.Pad <- DiskService.SyncLogBarrier <- DiskService.DiscardWalTail <- DiskService.FinishWalRecovery
[xUnit.net 00:00:06.73]         mig#57 checkpoint:data.after-sync [dataR/logR] ro=False dataChanged=False logChanged=False
[xUnit.net 00:00:06.73]             ref=cold=1#-1409849320 rows=48#1973434553 [oid:48][values:[idxERR LiteException][flags:[idxERR LiteException][computed:48]
[xUnit.net 00:00:06.73]             got=FAIL NotSupportedException: probe: not writable
[xUnit.net 00:00:06.73]             L:SetLength(98304) from 114688 <- DiskService.RecoverHeaderJournal <- DiskService.ValidateExistingData <- DiskService..ctor <- LiteEngine.Open
[xUnit.net 00:00:06.73]         mig#57 checkpoint:data.after-sync [dataW/logR] ro=False dataChanged=False logChanged=False
[xUnit.net 00:00:06.73]             ref=cold=1#-1409849320 rows=48#1973434553 [oid:48][values:[idxERR LiteException][flags:[idxERR LiteException][computed:48]
[xUnit.net 00:00:06.73]             got=FAIL NotSupportedException: probe: not writable
[xUnit.net 00:00:06.73]             L:SetLength(98304) from 114688 <- DiskService.RecoverHeaderJournal <- DiskService.ValidateExistingData <- DiskService..ctor <- LiteEngine.Open
[xUnit.net 00:00:06.73]         promo promotion-before-journal-write torn59 [dataR/logW] ro=False dataChanged=False logChanged=False
[xUnit.net 00:00:06.73]             ref=pendingCollection=1#-750096045 rows=4#-1967822404 [value:4]
[xUnit.net 00:00:06.73]             got=FAIL NotSupportedException: probe: not writable
[xUnit.net 00:00:06.73]             D:Write(8192)@0 <- DiskService.RecoverHeaderJournal <- DiskService.ValidateExistingData <- DiskService..ctor <- LiteEngine.Open
[xUnit.net 00:00:06.73]         promo promotion-before-journal-write torn59 [dataR/logR] ro=False dataChanged=False logChanged=False
[xUnit.net 00:00:06.73]             ref=pendingCollection=1#-750096045 rows=4#-1967822404 [value:4]
[xUnit.net 00:00:06.73]             got=FAIL NotSupportedException: probe: not writable
[xUnit.net 00:00:06.73]             D:Write(8192)@0 <- DiskService.RecoverHeaderJournal <- DiskService.ValidateExistingData <- DiskService..ctor <- LiteEngine.Open
[xUnit.net 00:00:06.73]         promo promotion-before-journal-write torn59 [dataW/logR] ro=False dataChanged=True logChanged=False
[xUnit.net 00:00:06.73]             ref=pendingCollection=1#-750096045 rows=4#-1967822404 [value:4]
[xUnit.net 00:00:06.73]             got=FAIL NotSupportedException: probe: not writable
[xUnit.net 00:00:06.73]             D:Write(8192)@0 <- DiskService.RecoverHeaderJournal <- DiskService.ValidateExistingData <- DiskService..ctor <- LiteEngine.Open
[xUnit.net 00:00:06.73]             L:SetLength(65536) from 81920 <- DiskService.RecoverHeaderJournal <- DiskService.ValidateExistingData <- DiskService..ctor <- LiteEngine.Open
[xUnit.net 00:00:06.73]         promo promotion-after-journal-page-write torn59 [dataR/logW] ro=False dataChanged=False logChanged=False
[xUnit.net 00:00:06.73]             ref=pendingCollection=1#-750096045 rows=4#-1967822404 [value:4]
[xUnit.net 00:00:06.73]             got=FAIL NotSupportedException: probe: not writable
[xUnit.net 00:00:06.73]             D:Write(8192)@0 <- DiskService.RecoverHeaderJournal <- DiskService.ValidateExistingData <- DiskService..ctor <- LiteEngine.Open
[xUnit.net 00:00:06.73]         promo promotion-after-journal-page-write torn59 [dataR/logR] ro=False dataChanged=False logChanged=False
[xUnit.net 00:00:06.73]             ref=pendingCollection=1#-750096045 rows=4#-1967822404 [value:4]
[xUnit.net 00:00:06.73]             got=FAIL NotSupportedException: probe: not writable
[xUnit.net 00:00:06.73]             D:Write(8192)@0 <- DiskService.RecoverHeaderJournal <- DiskService.ValidateExistingData <- DiskService..ctor <- LiteEngine.Open
[xUnit.net 00:00:06.73]         promo promotion-after-journal-page-write torn59 [dataW/logR] ro=False dataChanged=True logChanged=False
[xUnit.net 00:00:06.73]             ref=pendingCollection=1#-750096045 rows=4#-1967822404 [value:4]
[xUnit.net 00:00:06.73]             got=FAIL NotSupportedException: probe: not writable
[xUnit.net 00:00:06.73]             D:Write(8192)@0 <- DiskService.RecoverHeaderJournal <- DiskService.ValidateExistingData <- DiskService..ctor <- LiteEngine.Open
[xUnit.net 00:00:06.73]             L:SetLength(65536) from 81920 <- DiskService.RecoverHeaderJournal <- DiskService.ValidateExistingData <- DiskService..ctor <- LiteEngine.Open
[xUnit.net 00:00:06.73]         promo promotion-after-journal-flush torn-1 [dataR/logW] ro=False dataChanged=False logChanged=True
[xUnit.net 00:00:06.73]             ref=pendingCollection=1#-750096045 rows=4#-1967822404 [value:4]
[xUnit.net 00:00:06.73]             got=pendingCollection=1#-750096045 rows=4#-1967822404 [value:4]
[xUnit.net 00:00:06.73]             L:SetLength(65536) from 81920 <- DiskService.RecoverHeaderJournal <- DiskService.ValidateExistingData <- DiskService..ctor <- LiteEngine.Open
[xUnit.net 00:00:06.73]         promo promotion-after-journal-flush torn-1 [dataR/logR] ro=False dataChanged=False logChanged=False
[xUnit.net 00:00:06.73]             ref=pendingCollection=1#-750096045 rows=4#-1967822404 [value:4]
[xUnit.net 00:00:06.73]             got=FAIL NotSupportedException: probe: not writable
[xUnit.net 00:00:06.73]             L:SetLength(65536) from 81920 <- DiskService.RecoverHeaderJournal <- DiskService.ValidateExistingData <- DiskService..ctor <- LiteEngine.Open
[xUnit.net 00:00:06.73]         promo promotion-after-journal-flush torn-1 [dataW/logR] ro=False dataChanged=False logChanged=False
[xUnit.net 00:00:06.73]             ref=pendingCollection=1#-750096045 rows=4#-1967822404 [value:4]
[xUnit.net 00:00:06.73]             got=FAIL NotSupportedException: probe: not writable
[xUnit.net 00:00:06.73]             L:SetLength(65536) from 81920 <- DiskService.RecoverHeaderJournal <- DiskService.ValidateExistingData <- DiskService..ctor <- LiteEngine.Open
[xUnit.net 00:00:06.73]         promo promotion-after-journal-flush torn59 [dataR/logW] ro=False dataChanged=False logChanged=False
[xUnit.net 00:00:06.73]             ref=pendingCollection=1#-750096045 rows=4#-1967822404 [value:4]
[xUnit.net 00:00:06.73]             got=FAIL NotSupportedException: probe: not writable
[xUnit.net 00:00:06.73]             D:Write(8192)@0 <- DiskService.RecoverHeaderJournal <- DiskService.ValidateExistingData <- DiskService..ctor <- LiteEngine.Open
[xUnit.net 00:00:06.73]         promo promotion-after-journal-flush torn59 [dataR/logR] ro=False dataChanged=False logChanged=False
[xUnit.net 00:00:06.73]             ref=pendingCollection=1#-750096045 rows=4#-1967822404 [value:4]
[xUnit.net 00:00:06.73]             got=FAIL NotSupportedException: probe: not writable
[xUnit.net 00:00:06.73]             D:Write(8192)@0 <- DiskService.RecoverHeaderJournal <- DiskService.ValidateExistingData <- DiskService..ctor <- LiteEngine.Open
[xUnit.net 00:00:06.73]         promo promotion-after-journal-flush torn59 [dataW/logR] ro=False dataChanged=True logChanged=False
[xUnit.net 00:00:06.73]             ref=pendingCollection=1#-750096045 rows=4#-1967822404 [value:4]
[xUnit.net 00:00:06.73]             got=FAIL NotSupportedException: probe: not writable
[xUnit.net 00:00:06.73]             D:Write(8192)@0 <- DiskService.RecoverHeaderJournal <- DiskService.ValidateExistingData <- DiskService..ctor <- LiteEngine.Open
[xUnit.net 00:00:06.73]             L:SetLength(65536) from 81920 <- DiskService.RecoverHeaderJournal <- DiskService.ValidateExistingData <- DiskService..ctor <- LiteEngine.Open
[xUnit.net 00:00:06.73]         promo promotion-before-header-write torn-1 [dataR/logW] ro=False dataChanged=False logChanged=True
[xUnit.net 00:00:06.73]             ref=pendingCollection=1#-750096045 rows=4#-1967822404 [value:4]
[xUnit.net 00:00:06.73]             got=pendingCollection=1#-750096045 rows=4#-1967822404 [value:4]
[xUnit.net 00:00:06.73]             L:SetLength(65536) from 81920 <- DiskService.RecoverHeaderJournal <- DiskService.ValidateExistingData <- DiskService..ctor <- LiteEngine.Open
[xUnit.net 00:00:06.73]         promo promotion-before-header-write torn-1 [dataR/logR] ro=False dataChanged=False logChanged=False
[xUnit.net 00:00:06.73]             ref=pendingCollection=1#-750096045 rows=4#-1967822404 [value:4]
[xUnit.net 00:00:06.73]             got=FAIL NotSupportedException: probe: not writable
[xUnit.net 00:00:06.73]             L:SetLength(65536) from 81920 <- DiskService.RecoverHeaderJournal <- DiskService.ValidateExistingData <- DiskService..ctor <- LiteEngine.Open
[xUnit.net 00:00:06.73]         promo promotion-before-header-write torn-1 [dataW/logR] ro=False dataChanged=False logChanged=False
[xUnit.net 00:00:06.73]             ref=pendingCollection=1#-750096045 rows=4#-1967822404 [value:4]
[xUnit.net 00:00:06.73]             got=FAIL NotSupportedException: probe: not writable
[xUnit.net 00:00:06.73]             L:SetLength(65536) from 81920 <- DiskService.RecoverHeaderJournal <- DiskService.ValidateExistingData <- DiskService..ctor <- LiteEngine.Open
[xUnit.net 00:00:06.73]         promo promotion-before-header-write torn59 [dataR/logW] ro=False dataChanged=False logChanged=False
[xUnit.net 00:00:06.73]             ref=pendingCollection=1#-750096045 rows=4#-1967822404 [value:4]
[xUnit.net 00:00:06.73]             got=FAIL NotSupportedException: probe: not writable
[xUnit.net 00:00:06.73]             D:Write(8192)@0 <- DiskService.RecoverHeaderJournal <- DiskService.ValidateExistingData <- DiskService..ctor <- LiteEngine.Open
[xUnit.net 00:00:06.73]         promo promotion-before-header-write torn59 [dataR/logR] ro=False dataChanged=False logChanged=False
[xUnit.net 00:00:06.73]             ref=pendingCollection=1#-750096045 rows=4#-1967822404 [value:4]
[xUnit.net 00:00:06.73]             got=FAIL NotSupportedException: probe: not writable
[xUnit.net 00:00:06.73]             D:Write(8192)@0 <- DiskService.RecoverHeaderJournal <- DiskService.ValidateExistingData <- DiskService..ctor <- LiteEngine.Open
[xUnit.net 00:00:06.73]         promo promotion-before-header-write torn59 [dataW/logR] ro=False dataChanged=True logChanged=False
[xUnit.net 00:00:06.73]             ref=pendingCollection=1#-750096045 rows=4#-1967822404 [value:4]
[xUnit.net 00:00:06.73]             got=FAIL NotSupportedException: probe: not writable
[xUnit.net 00:00:06.73]             D:Write(8192)@0 <- DiskService.RecoverHeaderJournal <- DiskService.ValidateExistingData <- DiskService..ctor <- LiteEngine.Open
[xUnit.net 00:00:06.73]             L:SetLength(65536) from 81920 <- DiskService.RecoverHeaderJournal <- DiskService.ValidateExistingData <- DiskService..ctor <- LiteEngine.Open
[xUnit.net 00:00:06.73]         promo promotion-after-header-write torn-1 [dataR/logW] ro=False dataChanged=False logChanged=True
[xUnit.net 00:00:06.73]             ref=pendingCollection=1#-750096045 rows=4#-1967822404 [value:4]
[xUnit.net 00:00:06.73]             got=pendingCollection=1#-750096045 rows=4#-1967822404 [value:4]
[xUnit.net 00:00:06.73]             L:SetLength(65536) from 81920 <- DiskService.RecoverHeaderJournal <- DiskService.ValidateExistingData <- DiskService..ctor <- LiteEngine.Open
[xUnit.net 00:00:06.73]         promo promotion-after-header-write torn-1 [dataR/logR] ro=False dataChanged=False logChanged=False
[xUnit.net 00:00:06.73]             ref=pendingCollection=1#-750096045 rows=4#-1967822404 [value:4]
[xUnit.net 00:00:06.73]             got=FAIL NotSupportedException: probe: not writable
[xUnit.net 00:00:06.73]             L:SetLength(65536) from 81920 <- DiskService.RecoverHeaderJournal <- DiskService.ValidateExistingData <- DiskService..ctor <- LiteEngine.Open
[xUnit.net 00:00:06.73]         promo promotion-after-header-write torn-1 [dataW/logR] ro=False dataChanged=False logChanged=False
[xUnit.net 00:00:06.73]             ref=pendingCollection=1#-750096045 rows=4#-1967822404 [value:4]
[xUnit.net 00:00:06.73]             got=FAIL NotSupportedException: probe: not writable
[xUnit.net 00:00:06.73]             L:SetLength(65536) from 81920 <- DiskService.RecoverHeaderJournal <- DiskService.ValidateExistingData <- DiskService..ctor <- LiteEngine.Open
[xUnit.net 00:00:06.73]         promo promotion-after-header-write torn59 [dataR/logW] ro=False dataChanged=False logChanged=True
[xUnit.net 00:00:06.73]             ref=pendingCollection=1#-750096045 rows=8#-380430706 [value:8]
[xUnit.net 00:00:06.73]             got=pendingCollection=1#-750096045 rows=8#-380430706 [value:8]
[xUnit.net 00:00:06.73]             L:SetLength(114688) from 131072 <- DiskService.RecoverHeaderJournal <- DiskService.ValidateExistingData <- DiskService..ctor <- LiteEngine.Open
[xUnit.net 00:00:06.73]         promo promotion-after-header-write torn59 [dataR/logR] ro=False dataChanged=False logChanged=False
[xUnit.net 00:00:06.73]             ref=pendingCollection=1#-750096045 rows=8#-380430706 [value:8]
[xUnit.net 00:00:06.73]             got=FAIL NotSupportedException: probe: not writable
[xUnit.net 00:00:06.73]             L:SetLength(114688) from 131072 <- DiskService.RecoverHeaderJournal <- DiskService.ValidateExistingData <- DiskService..ctor <- LiteEngine.Open
[xUnit.net 00:00:06.73]         promo promotion-after-header-write torn59 [dataW/logR] ro=False dataChanged=False logChanged=False
[xUnit.net 00:00:06.73]             ref=pendingCollection=1#-750096045 rows=8#-380430706 [value:8]
[xUnit.net 00:00:06.73]             got=FAIL NotSupportedException: probe: not writable
[xUnit.net 00:00:06.73]             L:SetLength(114688) from 131072 <- DiskService.RecoverHeaderJournal <- DiskService.ValidateExistingData <- DiskService..ctor <- LiteEngine.Open
[xUnit.net 00:00:06.73]         promo promotion-after-header-flush torn-1 [dataR/logW] ro=False dataChanged=False logChanged=True
[xUnit.net 00:00:06.73]             ref=pendingCollection=1#-750096045 rows=4#-1967822404 [value:4]
[xUnit.net 00:00:06.73]             got=pendingCollection=1#-750096045 rows=4#-1967822404 [value:4]
[xUnit.net 00:00:06.73]             L:SetLength(65536) from 81920 <- DiskService.RecoverHeaderJournal <- DiskService.ValidateExistingData <- DiskService..ctor <- LiteEngine.Open
[xUnit.net 00:00:06.73]         promo promotion-after-header-flush torn-1 [dataR/logR] ro=False dataChanged=False logChanged=False
[xUnit.net 00:00:06.73]             ref=pendingCollection=1#-750096045 rows=4#-1967822404 [value:4]
[xUnit.net 00:00:06.73]             got=FAIL NotSupportedException: probe: not writable
[xUnit.net 00:00:06.73]             L:SetLength(65536) from 81920 <- DiskService.RecoverHeaderJournal <- DiskService.ValidateExistingData <- DiskService..ctor <- LiteEngine.Open
[xUnit.net 00:00:06.73]         promo promotion-after-header-flush torn-1 [dataW/logR] ro=False dataChanged=False logChanged=False
[xUnit.net 00:00:06.73]             ref=pendingCollection=1#-750096045 rows=4#-1967822404 [value:4]
[xUnit.net 00:00:06.73]             got=FAIL NotSupportedException: probe: not writable
[xUnit.net 00:00:06.73]             L:SetLength(65536) from 81920 <- DiskService.RecoverHeaderJournal <- DiskService.ValidateExistingData <- DiskService..ctor <- LiteEngine.Open
[xUnit.net 00:00:06.73]         promo promotion-after-header-flush torn59 [dataR/logW] ro=False dataChanged=False logChanged=True
[xUnit.net 00:00:06.73]             ref=pendingCollection=1#-750096045 rows=8#-380430706 [value:8]
[xUnit.net 00:00:06.73]             got=pendingCollection=1#-750096045 rows=8#-380430706 [value:8]
[xUnit.net 00:00:06.73]             L:SetLength(114688) from 131072 <- DiskService.RecoverHeaderJournal <- DiskService.ValidateExistingData <- DiskService..ctor <- LiteEngine.Open
[xUnit.net 00:00:06.73]         promo promotion-after-header-flush torn59 [dataR/logR] ro=False dataChanged=False logChanged=False
[xUnit.net 00:00:06.73]             ref=pendingCollection=1#-750096045 rows=8#-380430706 [value:8]
[xUnit.net 00:00:06.73]             got=FAIL NotSupportedException: probe: not writable
[xUnit.net 00:00:06.73]             L:SetLength(114688) from 131072 <- DiskService.RecoverHeaderJournal <- DiskService.ValidateExistingData <- DiskService..ctor <- LiteEngine.Open
[xUnit.net 00:00:06.73]         promo promotion-after-header-flush torn59 [dataW/logR] ro=False dataChanged=False logChanged=False
[xUnit.net 00:00:06.73]             ref=pendingCollection=1#-750096045 rows=8#-380430706 [value:8]
[xUnit.net 00:00:06.73]             got=FAIL NotSupportedException: probe: not writable
[xUnit.net 00:00:06.73]             L:SetLength(114688) from 131072 <- DiskService.RecoverHeaderJournal <- DiskService.ValidateExistingData <- DiskService..ctor <- LiteEngine.Open
[xUnit.net 00:00:06.73]         promo wal-page-before-write torn59 [dataR/logW] ro=False dataChanged=False logChanged=True
[xUnit.net 00:00:06.73]             ref=pendingCollection=1#-750096045 rows=8#-380430706 [value:8]
[xUnit.net 00:00:06.73]             got=pendingCollection=1#-750096045 rows=8#-380430706 [value:8]
[xUnit.net 00:00:06.73]             L:SetLength(114688) from 131072 <- DiskService.RecoverHeaderJournal <- DiskService.ValidateExistingData <- DiskService..ctor <- LiteEngine.Open
[xUnit.net 00:00:06.73]         promo wal-page-before-write torn59 [dataR/logR] ro=False dataChanged=False logChanged=False
[xUnit.net 00:00:06.73]             ref=pendingCollection=1#-750096045 rows=8#-380430706 [value:8]
[xUnit.net 00:00:06.73]             got=FAIL NotSupportedException: probe: not writable
[xUnit.net 00:00:06.73]             L:SetLength(114688) from 131072 <- DiskService.RecoverHeaderJournal <- DiskService.ValidateExistingData <- DiskService..ctor <- LiteEngine.Open
[xUnit.net 00:00:06.73]         promo wal-page-before-write torn59 [dataW/logR] ro=False dataChanged=False logChanged=False
[xUnit.net 00:00:06.73]             ref=pendingCollection=1#-750096045 rows=8#-380430706 [value:8]
[xUnit.net 00:00:06.73]             got=FAIL NotSupportedException: probe: not writable
[xUnit.net 00:00:06.73]             L:SetLength(114688) from 131072 <- DiskService.RecoverHeaderJournal <- DiskService.ValidateExistingData <- DiskService..ctor <- LiteEngine.Open
[xUnit.net 00:00:06.73]         promo wal-page-after-write torn59 [dataR/logW] ro=False dataChanged=False logChanged=True
[xUnit.net 00:00:06.73]             ref=pendingCollection=1#-750096045 rows=8#-380430706 [value:8]
[xUnit.net 00:00:06.73]             got=pendingCollection=1#-750096045 rows=8#-380430706 [value:8]
[xUnit.net 00:00:06.73]             L:SetLength(114688) from 131072 <- DiskService.RecoverHeaderJournal <- DiskService.ValidateExistingData <- DiskService..ctor <- LiteEngine.Open
[xUnit.net 00:00:06.73]         promo wal-page-after-write torn59 [dataR/logR] ro=False dataChanged=False logChanged=False
[xUnit.net 00:00:06.73]             ref=pendingCollection=1#-750096045 rows=8#-380430706 [value:8]
[xUnit.net 00:00:06.73]             got=FAIL NotSupportedException: probe: not writable
[xUnit.net 00:00:06.73]             L:SetLength(114688) from 131072 <- DiskService.RecoverHeaderJournal <- DiskService.ValidateExistingData <- DiskService..ctor <- LiteEngine.Open
[xUnit.net 00:00:06.73]         promo wal-page-after-write torn59 [dataW/logR] ro=False dataChanged=False logChanged=False
[xUnit.net 00:00:06.73]             ref=pendingCollection=1#-750096045 rows=8#-380430706 [value:8]
[xUnit.net 00:00:06.73]             got=FAIL NotSupportedException: probe: not writable
[xUnit.net 00:00:06.73]             L:SetLength(114688) from 131072 <- DiskService.RecoverHeaderJournal <- DiskService.ValidateExistingData <- DiskService..ctor <- LiteEngine.Open
[xUnit.net 00:00:06.73]         promo wal-confirmation-before-write torn59 [dataR/logW] ro=False dataChanged=False logChanged=True
[xUnit.net 00:00:06.73]             ref=pendingCollection=1#-750096045 rows=8#-380430706 [value:8]
[xUnit.net 00:00:06.73]             got=pendingCollection=1#-750096045 rows=8#-380430706 [value:8]
[xUnit.net 00:00:06.73]             L:SetLength(114688) from 131072 <- DiskService.RecoverHeaderJournal <- DiskService.ValidateExistingData <- DiskService..ctor <- LiteEngine.Open
[xUnit.net 00:00:06.73]         promo wal-confirmation-before-write torn59 [dataR/logR] ro=False dataChanged=False logChanged=False
[xUnit.net 00:00:06.73]             ref=pendingCollection=1#-750096045 rows=8#-380430706 [value:8]
[xUnit.net 00:00:06.73]             got=FAIL NotSupportedException: probe: not writable
[xUnit.net 00:00:06.73]             L:SetLength(114688) from 131072 <- DiskService.RecoverHeaderJournal <- DiskService.ValidateExistingData <- DiskService..ctor <- LiteEngine.Open
[xUnit.net 00:00:06.73]         promo wal-confirmation-before-write torn59 [dataW/logR] ro=False dataChanged=False logChanged=False
[xUnit.net 00:00:06.73]             ref=pendingCollection=1#-750096045 rows=8#-380430706 [value:8]
[xUnit.net 00:00:06.73]             got=FAIL NotSupportedException: probe: not writable
[xUnit.net 00:00:06.73]             L:SetLength(114688) from 131072 <- DiskService.RecoverHeaderJournal <- DiskService.ValidateExistingData <- DiskService..ctor <- LiteEngine.Open
[xUnit.net 00:00:06.73]         promo wal-confirmation-after-write torn59 [dataR/logW] ro=False dataChanged=False logChanged=True
[xUnit.net 00:00:06.73]             ref=pendingCollection=1#-750096045 rows=8#-380430706 [value:8]
[xUnit.net 00:00:06.73]             got=pendingCollection=1#-750096045 rows=8#-380430706 [value:8]
[xUnit.net 00:00:06.73]             L:SetLength(114688) from 131072 <- DiskService.RecoverHeaderJournal <- DiskService.ValidateExistingData <- DiskService..ctor <- LiteEngine.Open
[xUnit.net 00:00:06.73]         promo wal-confirmation-after-write torn59 [dataR/logR] ro=False dataChanged=False logChanged=False
[xUnit.net 00:00:06.73]             ref=pendingCollection=1#-750096045 rows=8#-380430706 [value:8]
[xUnit.net 00:00:06.73]             got=FAIL NotSupportedException: probe: not writable
[xUnit.net 00:00:06.73]             L:SetLength(114688) from 131072 <- DiskService.RecoverHeaderJournal <- DiskService.ValidateExistingData <- DiskService..ctor <- LiteEngine.Open
[xUnit.net 00:00:06.73]         promo wal-confirmation-after-write torn59 [dataW/logR] ro=False dataChanged=False logChanged=False
[xUnit.net 00:00:06.73]             ref=pendingCollection=1#-750096045 rows=8#-380430706 [value:8]
[xUnit.net 00:00:06.73]             got=FAIL NotSupportedException: probe: not writable
[xUnit.net 00:00:06.73]             L:SetLength(114688) from 131072 <- DiskService.RecoverHeaderJournal <- DiskService.ValidateExistingData <- DiskService..ctor <- LiteEngine.Open
[xUnit.net 00:00:06.73]         promo wal-before-durable-flush torn59 [dataR/logW] ro=False dataChanged=False logChanged=True
[xUnit.net 00:00:06.73]             ref=pendingCollection=1#-750096045 rows=8#-380430706 [value:8]
[xUnit.net 00:00:06.73]             got=pendingCollection=1#-750096045 rows=8#-380430706 [value:8]
[xUnit.net 00:00:06.73]             L:SetLength(114688) from 131072 <- DiskService.RecoverHeaderJournal <- DiskService.ValidateExistingData <- DiskService..ctor <- LiteEngine.Open
[xUnit.net 00:00:06.73]         promo wal-before-durable-flush torn59 [dataR/logR] ro=False dataChanged=False logChanged=False
[xUnit.net 00:00:06.73]             ref=pendingCollection=1#-750096045 rows=8#-380430706 [value:8]
[xUnit.net 00:00:06.73]             got=FAIL NotSupportedException: probe: not writable
[xUnit.net 00:00:06.73]             L:SetLength(114688) from 131072 <- DiskService.RecoverHeaderJournal <- DiskService.ValidateExistingData <- DiskService..ctor <- LiteEngine.Open
[xUnit.net 00:00:06.73]         promo wal-before-durable-flush torn59 [dataW/logR] ro=False dataChanged=False logChanged=False
[xUnit.net 00:00:06.73]             ref=pendingCollection=1#-750096045 rows=8#-380430706 [value:8]
[xUnit.net 00:00:06.73]             got=FAIL NotSupportedException: probe: not writable
[xUnit.net 00:00:06.73]             L:SetLength(114688) from 131072 <- DiskService.RecoverHeaderJournal <- DiskService.ValidateExistingData <- DiskService..ctor <- LiteEngine.Open
[xUnit.net 00:00:06.73]         promo wal-after-durable-flush torn59 [dataR/logW] ro=False dataChanged=False logChanged=True
[xUnit.net 00:00:06.73]             ref=pendingCollection=1#-750096045 rows=8#-380430706 [value:8]
[xUnit.net 00:00:06.73]             got=pendingCollection=1#-750096045 rows=8#-380430706 [value:8]
[xUnit.net 00:00:06.73]             L:SetLength(114688) from 131072 <- DiskService.RecoverHeaderJournal <- DiskService.ValidateExistingData <- DiskService..ctor <- LiteEngine.Open
[xUnit.net 00:00:06.73]         promo wal-after-durable-flush torn59 [dataR/logR] ro=False dataChanged=False logChanged=False
[xUnit.net 00:00:06.73]             ref=pendingCollection=1#-750096045 rows=8#-380430706 [value:8]
[xUnit.net 00:00:06.73]             got=FAIL NotSupportedException: probe: not writable
[xUnit.net 00:00:06.73]             L:SetLength(114688) from 131072 <- DiskService.RecoverHeaderJournal <- DiskService.ValidateExistingData <- DiskService..ctor <- LiteEngine.Open
[xUnit.net 00:00:06.73]         promo wal-after-durable-flush torn59 [dataW/logR] ro=False dataChanged=False logChanged=False
[xUnit.net 00:00:06.73]             ref=pendingCollection=1#-750096045 rows=8#-380430706 [value:8]
[xUnit.net 00:00:06.73]             got=FAIL NotSupportedException: probe: not writable
[xUnit.net 00:00:06.73]             L:SetLength(114688) from 131072 <- DiskService.RecoverHeaderJournal <- DiskService.ValidateExistingData <- DiskService..ctor <- LiteEngine.Open
[xUnit.net 00:00:06.73]         promo checkpoint-before-page-write torn-1 [dataR/logW] ro=False dataChanged=False logChanged=True
[xUnit.net 00:00:06.73]             ref=pendingCollection=1#-750096045 rows=8#-380430706 [value:8]
[xUnit.net 00:00:06.73]             got=pendingCollection=1#-750096045 rows=8#-380430706 [value:8]
[xUnit.net 00:00:06.73]             L:SetLength(114688) from 131072 <- DiskService.RecoverHeaderJournal <- DiskService.ValidateExistingData <- DiskService..ctor <- LiteEngine.Open
[xUnit.net 00:00:06.73]         promo checkpoint-before-page-write torn-1 [dataR/logR] ro=False dataChanged=False logChanged=False
[xUnit.net 00:00:06.73]             ref=pendingCollection=1#-750096045 rows=8#-380430706 [value:8]
[xUnit.net 00:00:06.73]             got=FAIL NotSupportedException: probe: not writable
[xUnit.net 00:00:06.73]             L:SetLength(114688) from 131072 <- DiskService.RecoverHeaderJournal <- DiskService.ValidateExistingData <- DiskService..ctor <- LiteEngine.Open
[xUnit.net 00:00:06.73]         promo checkpoint-before-page-write torn-1 [dataW/logR] ro=False dataChanged=False logChanged=False
[xUnit.net 00:00:06.73]             ref=pendingCollection=1#-750096045 rows=8#-380430706 [value:8]
[xUnit.net 00:00:06.73]             got=FAIL NotSupportedException: probe: not writable
[xUnit.net 00:00:06.73]             L:SetLength(114688) from 131072 <- DiskService.RecoverHeaderJournal <- DiskService.ValidateExistingData <- DiskService..ctor <- LiteEngine.Open
[xUnit.net 00:00:06.73]         promo checkpoint-before-page-write torn59 [dataR/logW] ro=False dataChanged=False logChanged=True
[xUnit.net 00:00:06.73]             ref=pendingCollection=1#-750096045 rows=8#-380430706 [value:8]
[xUnit.net 00:00:06.73]             got=pendingCollection=1#-750096045 rows=8#-380430706 [value:8]
[xUnit.net 00:00:06.73]             L:SetLength(114688) from 131072 <- DiskService.RecoverHeaderJournal <- DiskService.ValidateExistingData <- DiskService..ctor <- LiteEngine.Open
[xUnit.net 00:00:06.73]         promo checkpoint-before-page-write torn59 [dataR/logR] ro=False dataChanged=False logChanged=False
[xUnit.net 00:00:06.73]             ref=pendingCollection=1#-750096045 rows=8#-380430706 [value:8]
[xUnit.net 00:00:06.73]             got=FAIL NotSupportedException: probe: not writable
[xUnit.net 00:00:06.73]             L:SetLength(114688) from 131072 <- DiskService.RecoverHeaderJournal <- DiskService.ValidateExistingData <- DiskService..ctor <- LiteEngine.Open
[xUnit.net 00:00:06.73]         promo checkpoint-before-page-write torn59 [dataW/logR] ro=False dataChanged=False logChanged=False
[xUnit.net 00:00:06.73]             ref=pendingCollection=1#-750096045 rows=8#-380430706 [value:8]
[xUnit.net 00:00:06.73]             got=FAIL NotSupportedException: probe: not writable
[xUnit.net 00:00:06.73]             L:SetLength(114688) from 131072 <- DiskService.RecoverHeaderJournal <- DiskService.ValidateExistingData <- DiskService..ctor <- LiteEngine.Open
[xUnit.net 00:00:06.73]         promo checkpoint-after-page-write torn-1 [dataR/logW] ro=False dataChanged=False logChanged=True
[xUnit.net 00:00:06.73]             ref=pendingCollection=1#-750096045 rows=8#-380430706 [value:8]
[xUnit.net 00:00:06.73]             got=pendingCollection=1#-750096045 rows=8#-380430706 [value:8]
[xUnit.net 00:00:06.73]             L:SetLength(114688) from 131072 <- DiskService.RecoverHeaderJournal <- DiskService.ValidateExistingData <- DiskService..ctor <- LiteEngine.Open
[xUnit.net 00:00:06.73]         promo checkpoint-after-page-write torn-1 [dataR/logR] ro=False dataChanged=False logChanged=False
[xUnit.net 00:00:06.73]             ref=pendingCollection=1#-750096045 rows=8#-380430706 [value:8]
[xUnit.net 00:00:06.73]             got=FAIL NotSupportedException: probe: not writable
[xUnit.net 00:00:06.73]             L:SetLength(114688) from 131072 <- DiskService.RecoverHeaderJournal <- DiskService.ValidateExistingData <- DiskService..ctor <- LiteEngine.Open
[xUnit.net 00:00:06.73]         promo checkpoint-after-page-write torn-1 [dataW/logR] ro=False dataChanged=False logChanged=False
[xUnit.net 00:00:06.73]             ref=pendingCollection=1#-750096045 rows=8#-380430706 [value:8]
[xUnit.net 00:00:06.73]             got=FAIL NotSupportedException: probe: not writable
[xUnit.net 00:00:06.73]             L:SetLength(114688) from 131072 <- DiskService.RecoverHeaderJournal <- DiskService.ValidateExistingData <- DiskService..ctor <- LiteEngine.Open
[xUnit.net 00:00:06.73]         promo checkpoint-after-page-write torn59 [dataR/logW] ro=False dataChanged=False logChanged=True
[xUnit.net 00:00:06.73]             ref=pendingCollection=1#-750096045 rows=8#-380430706 [value:8]
[xUnit.net 00:00:06.73]             got=pendingCollection=1#-750096045 rows=8#-380430706 [value:8]
[xUnit.net 00:00:06.73]             L:SetLength(114688) from 131072 <- DiskService.RecoverHeaderJournal <- DiskService.ValidateExistingData <- DiskService..ctor <- LiteEngine.Open
[xUnit.net 00:00:06.73]         promo checkpoint-after-page-write torn59 [dataR/logR] ro=False dataChanged=False logChanged=False
[xUnit.net 00:00:06.73]             ref=pendingCollection=1#-750096045 rows=8#-380430706 [value:8]
[xUnit.net 00:00:06.73]             got=FAIL NotSupportedException: probe: not writable
[xUnit.net 00:00:06.73]             L:SetLength(114688) from 131072 <- DiskService.RecoverHeaderJournal <- DiskService.ValidateExistingData <- DiskService..ctor <- LiteEngine.Open
[xUnit.net 00:00:06.73]         promo checkpoint-after-page-write torn59 [dataW/logR] ro=False dataChanged=False logChanged=False
[xUnit.net 00:00:06.73]             ref=pendingCollection=1#-750096045 rows=8#-380430706 [value:8]
[xUnit.net 00:00:06.73]             got=FAIL NotSupportedException: probe: not writable
[xUnit.net 00:00:06.73]             L:SetLength(114688) from 131072 <- DiskService.RecoverHeaderJournal <- DiskService.ValidateExistingData <- DiskService..ctor <- LiteEngine.Open
[xUnit.net 00:00:06.73]         promo checkpoint-before-data-flush torn-1 [dataR/logW] ro=False dataChanged=False logChanged=True
[xUnit.net 00:00:06.73]             ref=pendingCollection=1#-750096045 rows=8#-380430706 [value:8]
[xUnit.net 00:00:06.73]             got=pendingCollection=1#-750096045 rows=8#-380430706 [value:8]
[xUnit.net 00:00:06.73]             L:SetLength(114688) from 131072 <- DiskService.RecoverHeaderJournal <- DiskService.ValidateExistingData <- DiskService..ctor <- LiteEngine.Open
[xUnit.net 00:00:06.73]         promo checkpoint-before-data-flush torn-1 [dataR/logR] ro=False dataChanged=False logChanged=False
[xUnit.net 00:00:06.73]             ref=pendingCollection=1#-750096045 rows=8#-380430706 [value:8]
[xUnit.net 00:00:06.73]             got=FAIL NotSupportedException: probe: not writable
[xUnit.net 00:00:06.73]             L:SetLength(114688) from 131072 <- DiskService.RecoverHeaderJournal <- DiskService.ValidateExistingData <- DiskService..ctor <- LiteEngine.Open
[xUnit.net 00:00:06.73]         promo checkpoint-before-data-flush torn-1 [dataW/logR] ro=False dataChanged=False logChanged=False
[xUnit.net 00:00:06.73]             ref=pendingCollection=1#-750096045 rows=8#-380430706 [value:8]
[xUnit.net 00:00:06.74]             got=FAIL NotSupportedException: probe: not writable
[xUnit.net 00:00:06.74]             L:SetLength(114688) from 131072 <- DiskService.RecoverHeaderJournal <- DiskService.ValidateExistingData <- DiskService..ctor <- LiteEngine.Open
[xUnit.net 00:00:06.74]         promo checkpoint-before-data-flush torn59 [dataR/logW] ro=False dataChanged=False logChanged=False
[xUnit.net 00:00:06.74]             ref=pendingCollection=1#-750096045 rows=8#-380430706 [value:8]
[xUnit.net 00:00:06.74]             got=FAIL NotSupportedException: probe: not writable
[xUnit.net 00:00:06.74]             D:Write(8192)@0 <- DiskService.RecoverHeaderJournal <- DiskService.ValidateExistingData <- DiskService..ctor <- LiteEngine.Open
[xUnit.net 00:00:06.74]         promo checkpoint-before-data-flush torn59 [dataR/logR] ro=False dataChanged=False logChanged=False
[xUnit.net 00:00:06.74]             ref=pendingCollection=1#-750096045 rows=8#-380430706 [value:8]
[xUnit.net 00:00:06.74]             got=FAIL NotSupportedException: probe: not writable
[xUnit.net 00:00:06.74]             D:Write(8192)@0 <- DiskService.RecoverHeaderJournal <- DiskService.ValidateExistingData <- DiskService..ctor <- LiteEngine.Open
[xUnit.net 00:00:06.74]         promo checkpoint-before-data-flush torn59 [dataW/logR] ro=False dataChanged=True logChanged=False
[xUnit.net 00:00:06.74]             ref=pendingCollection=1#-750096045 rows=8#-380430706 [value:8]
[xUnit.net 00:00:06.74]             got=FAIL NotSupportedException: probe: not writable
[xUnit.net 00:00:06.74]             D:Write(8192)@0 <- DiskService.RecoverHeaderJournal <- DiskService.ValidateExistingData <- DiskService..ctor <- LiteEngine.Open
[xUnit.net 00:00:06.74]             L:SetLength(114688) from 131072 <- DiskService.RecoverHeaderJournal <- DiskService.ValidateExistingData <- DiskService..ctor <- LiteEngine.Open
[xUnit.net 00:00:06.74]         promo checkpoint-after-data-flush torn-1 [dataR/logW] ro=False dataChanged=False logChanged=True
[xUnit.net 00:00:06.74]             ref=pendingCollection=1#-750096045 rows=8#-380430706 [value:8]
[xUnit.net 00:00:06.74]             got=pendingCollection=1#-750096045 rows=8#-380430706 [value:8]
[xUnit.net 00:00:06.74]             L:SetLength(114688) from 131072 <- DiskService.RecoverHeaderJournal <- DiskService.ValidateExistingData <- DiskService..ctor <- LiteEngine.Open
[xUnit.net 00:00:06.74]         promo checkpoint-after-data-flush torn-1 [dataR/logR] ro=False dataChanged=False logChanged=False
[xUnit.net 00:00:06.74]             ref=pendingCollection=1#-750096045 rows=8#-380430706 [value:8]
[xUnit.net 00:00:06.74]             got=FAIL NotSupportedException: probe: not writable
[xUnit.net 00:00:06.74]             L:SetLength(114688) from 131072 <- DiskService.RecoverHeaderJournal <- DiskService.ValidateExistingData <- DiskService..ctor <- LiteEngine.Open
[xUnit.net 00:00:06.74]         promo checkpoint-after-data-flush torn-1 [dataW/logR] ro=False dataChanged=False logChanged=False
[xUnit.net 00:00:06.74]             ref=pendingCollection=1#-750096045 rows=8#-380430706 [value:8]
[xUnit.net 00:00:06.74]             got=FAIL NotSupportedException: probe: not writable
[xUnit.net 00:00:06.74]             L:SetLength(114688) from 131072 <- DiskService.RecoverHeaderJournal <- DiskService.ValidateExistingData <- DiskService..ctor <- LiteEngine.Open
[xUnit.net 00:00:06.74]         promo checkpoint-after-data-flush torn59 [dataR/logW] ro=False dataChanged=False logChanged=False
[xUnit.net 00:00:06.74]             ref=pendingCollection=1#-750096045 rows=8#-380430706 [value:8]
[xUnit.net 00:00:06.74]             got=FAIL NotSupportedException: probe: not writable
[xUnit.net 00:00:06.74]             D:Write(8192)@0 <- DiskService.RecoverHeaderJournal <- DiskService.ValidateExistingData <- DiskService..ctor <- LiteEngine.Open
[xUnit.net 00:00:06.74]         promo checkpoint-after-data-flush torn59 [dataR/logR] ro=False dataChanged=False logChanged=False
[xUnit.net 00:00:06.74]             ref=pendingCollection=1#-750096045 rows=8#-380430706 [value:8]
[xUnit.net 00:00:06.74]             got=FAIL NotSupportedException: probe: not writable
[xUnit.net 00:00:06.74]             D:Write(8192)@0 <- DiskService.RecoverHeaderJournal <- DiskService.ValidateExistingData <- DiskService..ctor <- LiteEngine.Open
[xUnit.net 00:00:06.74]         promo checkpoint-after-data-flush torn59 [dataW/logR] ro=False dataChanged=True logChanged=False
[xUnit.net 00:00:06.74]             ref=pendingCollection=1#-750096045 rows=8#-380430706 [value:8]
[xUnit.net 00:00:06.74]             got=FAIL NotSupportedException: probe: not writable
[xUnit.net 00:00:06.74]             D:Write(8192)@0 <- DiskService.RecoverHeaderJournal <- DiskService.ValidateExistingData <- DiskService..ctor <- LiteEngine.Open
[xUnit.net 00:00:06.74]             L:SetLength(114688) from 131072 <- DiskService.RecoverHeaderJournal <- DiskService.ValidateExistingData <- DiskService..ctor <- LiteEngine.Open
[xUnit.net 00:00:06.74]         promo promotion-before-journal-retire-flush torn-1 [dataR/logW] ro=False dataChanged=False logChanged=True
[xUnit.net 00:00:06.74]             ref=pendingCollection=1#-750096045 rows=4#-1967822404 [value:4]
[xUnit.net 00:00:06.74]             got=pendingCollection=1#-750096045 rows=4#-1967822404 [value:4]
[xUnit.net 00:00:06.74]             L:SetLength(65536) from 81920 <- DiskService.RecoverHeaderJournal <- DiskService.ValidateExistingData <- DiskService..ctor <- LiteEngine.Open
[xUnit.net 00:00:06.74]         promo promotion-before-journal-retire-flush torn-1 [dataR/logR] ro=False dataChanged=False logChanged=False
[xUnit.net 00:00:06.74]             ref=pendingCollection=1#-750096045 rows=4#-1967822404 [value:4]
[xUnit.net 00:00:06.74]             got=FAIL NotSupportedException: probe: not writable
[xUnit.net 00:00:06.74]             L:SetLength(65536) from 81920 <- DiskService.RecoverHeaderJournal <- DiskService.ValidateExistingData <- DiskService..ctor <- LiteEngine.Open
[xUnit.net 00:00:06.74]         promo promotion-before-journal-retire-flush torn-1 [dataW/logR] ro=False dataChanged=False logChanged=False
[xUnit.net 00:00:06.74]             ref=pendingCollection=1#-750096045 rows=4#-1967822404 [value:4]
[xUnit.net 00:00:06.74]             got=FAIL NotSupportedException: probe: not writable
[xUnit.net 00:00:06.74]             L:SetLength(65536) from 81920 <- DiskService.RecoverHeaderJournal <- DiskService.ValidateExistingData <- DiskService..ctor <- LiteEngine.Open
[xUnit.net 00:00:06.74]         promo promotion-before-journal-retire-flush torn59 [dataR/logW] ro=False dataChanged=False logChanged=True
[xUnit.net 00:00:06.74]             ref=pendingCollection=1#-750096045 rows=8#-380430706 [value:8]
[xUnit.net 00:00:06.74]             got=pendingCollection=1#-750096045 rows=8#-380430706 [value:8]
[xUnit.net 00:00:06.74]             L:SetLength(114688) from 131072 <- DiskService.RecoverHeaderJournal <- DiskService.ValidateExistingData <- DiskService..ctor <- LiteEngine.Open
[xUnit.net 00:00:06.74]         promo promotion-before-journal-retire-flush torn59 [dataR/logR] ro=False dataChanged=False logChanged=False
[xUnit.net 00:00:06.74]             ref=pendingCollection=1#-750096045 rows=8#-380430706 [value:8]
[xUnit.net 00:00:06.74]             got=FAIL NotSupportedException: probe: not writable
[xUnit.net 00:00:06.74]             L:SetLength(114688) from 131072 <- DiskService.RecoverHeaderJournal <- DiskService.ValidateExistingData <- DiskService..ctor <- LiteEngine.Open
[xUnit.net 00:00:06.74]         promo promotion-before-journal-retire-flush torn59 [dataW/logR] ro=False dataChanged=False logChanged=False
[xUnit.net 00:00:06.74]             ref=pendingCollection=1#-750096045 rows=8#-380430706 [value:8]
[xUnit.net 00:00:06.74]             got=FAIL NotSupportedException: probe: not writable
[xUnit.net 00:00:06.74]             L:SetLength(114688) from 131072 <- DiskService.RecoverHeaderJournal <- DiskService.ValidateExistingData <- DiskService..ctor <- LiteEngine.Open
[xUnit.net 00:00:06.74]         promo promotion-after-journal-retire-flush torn59 [dataR/logW] ro=False dataChanged=False logChanged=True
[xUnit.net 00:00:06.74]             ref=pendingCollection=1#-750096045 rows=8#-380430706 [value:8]
[xUnit.net 00:00:06.74]             got=pendingCollection=1#-750096045 rows=8#-380430706 [value:8]
[xUnit.net 00:00:06.74]             L:SetLength(114688) from 131072 <- DiskService.RecoverHeaderJournal <- DiskService.ValidateExistingData <- DiskService..ctor <- LiteEngine.Open
[xUnit.net 00:00:06.74]         promo promotion-after-journal-retire-flush torn59 [dataR/logR] ro=False dataChanged=False logChanged=False
[xUnit.net 00:00:06.74]             ref=pendingCollection=1#-750096045 rows=8#-380430706 [value:8]
[xUnit.net 00:00:06.74]             got=FAIL NotSupportedException: probe: not writable
[xUnit.net 00:00:06.74]             L:SetLength(114688) from 131072 <- DiskService.RecoverHeaderJournal <- DiskService.ValidateExistingData <- DiskService..ctor <- LiteEngine.Open
[xUnit.net 00:00:06.74]         promo promotion-after-journal-retire-flush torn59 [dataW/logR] ro=False dataChanged=False logChanged=False
[xUnit.net 00:00:06.74]             ref=pendingCollection=1#-750096045 rows=8#-380430706 [value:8]
[xUnit.net 00:00:06.74]             got=FAIL NotSupportedException: probe: not writable
[xUnit.net 00:00:06.74]             L:SetLength(114688) from 131072 <- DiskService.RecoverHeaderJournal <- DiskService.ValidateExistingData <- DiskService..ctor <- LiteEngine.Open
[xUnit.net 00:00:06.74]         mvcc promotion-after-journal-flush p-1 cFalse [dataR/logW] ro=False dataChanged=False logChanged=True
[xUnit.net 00:00:06.74]             ref=rows=8#1242171050 [value:8]untouched=1#434968407 
[xUnit.net 00:00:06.74]             got=rows=8#1242171050 [value:8]untouched=1#434968407 
[xUnit.net 00:00:06.74]             L:SetLength(376832) from 393216 <- DiskService.RecoverHeaderJournal <- DiskService.ValidateExistingData <- DiskService..ctor <- LiteEngine.Open
[xUnit.net 00:00:06.74]         mvcc promotion-after-journal-flush p-1 cFalse [dataR/logR] ro=False dataChanged=False logChanged=False
[xUnit.net 00:00:06.74]             ref=rows=8#1242171050 [value:8]untouched=1#434968407 
[xUnit.net 00:00:06.74]             got=FAIL NotSupportedException: probe: not writable
[xUnit.net 00:00:06.74]             L:SetLength(376832) from 393216 <- DiskService.RecoverHeaderJournal <- DiskService.ValidateExistingData <- DiskService..ctor <- LiteEngine.Open
[xUnit.net 00:00:06.74]         mvcc promotion-after-journal-flush p-1 cFalse [dataW/logR] ro=False dataChanged=False logChanged=False
[xUnit.net 00:00:06.74]             ref=rows=8#1242171050 [value:8]untouched=1#434968407 
[xUnit.net 00:00:06.74]             got=FAIL NotSupportedException: probe: not writable
[xUnit.net 00:00:06.74]             L:SetLength(376832) from 393216 <- DiskService.RecoverHeaderJournal <- DiskService.ValidateExistingData <- DiskService..ctor <- LiteEngine.Open
[xUnit.net 00:00:06.74]         mvcc promotion-before-header-write p-1 cFalse [dataR/logW] ro=False dataChanged=False logChanged=True
[xUnit.net 00:00:06.74]             ref=rows=8#1242171050 [value:8]untouched=1#434968407 
[xUnit.net 00:00:06.74]             got=rows=8#1242171050 [value:8]untouched=1#434968407 
[xUnit.net 00:00:06.74]             L:SetLength(376832) from 393216 <- DiskService.RecoverHeaderJournal <- DiskService.ValidateExistingData <- DiskService..ctor <- LiteEngine.Open
[xUnit.net 00:00:06.74]         mvcc promotion-before-header-write p-1 cFalse [dataR/logR] ro=False dataChanged=False logChanged=False
[xUnit.net 00:00:06.74]             ref=rows=8#1242171050 [value:8]untouched=1#434968407 
[xUnit.net 00:00:06.74]             got=FAIL NotSupportedException: probe: not writable
[xUnit.net 00:00:06.74]             L:SetLength(376832) from 393216 <- DiskService.RecoverHeaderJournal <- DiskService.ValidateExistingData <- DiskService..ctor <- LiteEngine.Open
[xUnit.net 00:00:06.74]         mvcc promotion-before-header-write p-1 cFalse [dataW/logR] ro=False dataChanged=False logChanged=False
[xUnit.net 00:00:06.74]             ref=rows=8#1242171050 [value:8]untouched=1#434968407 
[xUnit.net 00:00:06.74]             got=FAIL NotSupportedException: probe: not writable
[xUnit.net 00:00:06.74]             L:SetLength(376832) from 393216 <- DiskService.RecoverHeaderJournal <- DiskService.ValidateExistingData <- DiskService..ctor <- LiteEngine.Open
[xUnit.net 00:00:06.74]         mvcc promotion-after-header-write p-1 cFalse [dataR/logW] ro=False dataChanged=False logChanged=True
[xUnit.net 00:00:06.74]             ref=rows=8#1242171050 [value:8]untouched=1#434968407 
[xUnit.net 00:00:06.74]             got=rows=8#1242171050 [value:8]untouched=1#434968407 
[xUnit.net 00:00:06.74]             L:SetLength(376832) from 393216 <- DiskService.RecoverHeaderJournal <- DiskService.ValidateExistingData <- DiskService..ctor <- LiteEngine.Open
[xUnit.net 00:00:06.74]         mvcc promotion-after-header-write p-1 cFalse [dataR/logR] ro=False dataChanged=False logChanged=False
[xUnit.net 00:00:06.74]             ref=rows=8#1242171050 [value:8]untouched=1#434968407 
[xUnit.net 00:00:06.74]             got=FAIL NotSupportedException: probe: not writable
[xUnit.net 00:00:06.74]             L:SetLength(376832) from 393216 <- DiskService.RecoverHeaderJournal <- DiskService.ValidateExistingData <- DiskService..ctor <- LiteEngine.Open
[xUnit.net 00:00:06.74]         mvcc promotion-after-header-write p-1 cFalse [dataW/logR] ro=False dataChanged=False logChanged=False
[xUnit.net 00:00:06.74]             ref=rows=8#1242171050 [value:8]untouched=1#434968407 
[xUnit.net 00:00:06.74]             got=FAIL NotSupportedException: probe: not writable
[xUnit.net 00:00:06.74]             L:SetLength(376832) from 393216 <- DiskService.RecoverHeaderJournal <- DiskService.ValidateExistingData <- DiskService..ctor <- LiteEngine.Open
[xUnit.net 00:00:06.74]         mvcc promotion-after-header-flush p-1 cFalse [dataR/logW] ro=False dataChanged=False logChanged=True
[xUnit.net 00:00:06.74]             ref=rows=8#1242171050 [value:8]untouched=1#434968407 
[xUnit.net 00:00:06.74]             got=rows=8#1242171050 [value:8]untouched=1#434968407 
[xUnit.net 00:00:06.74]             L:SetLength(376832) from 393216 <- DiskService.RecoverHeaderJournal <- DiskService.ValidateExistingData <- DiskService..ctor <- LiteEngine.Open
[xUnit.net 00:00:06.74]         mvcc promotion-after-header-flush p-1 cFalse [dataR/logR] ro=False dataChanged=False logChanged=False
[xUnit.net 00:00:06.74]             ref=rows=8#1242171050 [value:8]untouched=1#434968407 
[xUnit.net 00:00:06.74]             got=FAIL NotSupportedException: probe: not writable
[xUnit.net 00:00:06.74]             L:SetLength(376832) from 393216 <- DiskService.RecoverHeaderJournal <- DiskService.ValidateExistingData <- DiskService..ctor <- LiteEngine.Open
[xUnit.net 00:00:06.74]         mvcc promotion-after-header-flush p-1 cFalse [dataW/logR] ro=False dataChanged=False logChanged=False
[xUnit.net 00:00:06.74]             ref=rows=8#1242171050 [value:8]untouched=1#434968407 
[xUnit.net 00:00:06.74]             got=FAIL NotSupportedException: probe: not writable
[xUnit.net 00:00:06.74]             L:SetLength(376832) from 393216 <- DiskService.RecoverHeaderJournal <- DiskService.ValidateExistingData <- DiskService..ctor <- LiteEngine.Open
[xUnit.net 00:00:06.74]         mvcc retirement-records-flushed p-1 cFalse [dataR/logW] ro=False dataChanged=False logChanged=True
[xUnit.net 00:00:06.74]             ref=rows=8#1242171050 [value:8]untouched=1#434968407 
[xUnit.net 00:00:06.74]             got=rows=8#1242171050 [value:8]untouched=1#434968407 
[xUnit.net 00:00:06.74]             L:SetLength(376832) from 379776 <- DiskService.SetLength <- DiskService.DiscardWalTail <- DiskService.FinishWalRecovery <- WalIndexService.RestoreIndex
[xUnit.net 00:00:06.74]             L:SetLength(376832) from 376832 <- WalPadding.Pad <- DiskService.SyncLogBarrier <- DiskService.DiscardWalTail <- DiskService.FinishWalRecovery
[xUnit.net 00:00:06.74]         mvcc retirement-records-flushed p-1 cFalse [dataR/logR] ro=False dataChanged=False logChanged=False
[xUnit.net 00:00:06.74]             ref=rows=8#1242171050 [value:8]untouched=1#434968407 
[xUnit.net 00:00:06.74]             got=FAIL NotSupportedException: probe: not writable
[xUnit.net 00:00:06.74]             L:SetLength(376832) from 379776 <- DiskService.SetLength <- DiskService.DiscardWalTail <- DiskService.FinishWalRecovery <- WalIndexService.RestoreIndex
[xUnit.net 00:00:06.74]         mvcc retirement-records-flushed p-1 cFalse [dataW/logR] ro=False dataChanged=False logChanged=False
[xUnit.net 00:00:06.74]             ref=rows=8#1242171050 [value:8]untouched=1#434968407 
[xUnit.net 00:00:06.74]             got=FAIL NotSupportedException: probe: not writable
[xUnit.net 00:00:06.74]             L:SetLength(376832) from 379776 <- DiskService.SetLength <- DiskService.DiscardWalTail <- DiskService.FinishWalRecovery <- WalIndexService.RestoreIndex
[xUnit.net 00:00:06.74]         mvcc retirement-before-header-write p-1 cFalse [dataR/logW] ro=False dataChanged=False logChanged=True
[xUnit.net 00:00:06.74]             ref=rows=8#1242171050 [value:8]untouched=1#434968407 
[xUnit.net 00:00:06.74]             got=rows=8#1242171050 [value:8]untouched=1#434968407 
[xUnit.net 00:00:06.74]             L:SetLength(385024) from 401408 <- DiskService.RecoverHeaderJournal <- DiskService.ValidateExistingData <- DiskService..ctor <- LiteEngine.Open
[xUnit.net 00:00:06.74]             L:SetLength(376832) from 385024 <- DiskService.SetLength <- DiskService.DiscardWalTail <- DiskService.FinishWalRecovery <- WalIndexService.RestoreIndex
[xUnit.net 00:00:06.74]             L:SetLength(376832) from 376832 <- WalPadding.Pad <- DiskService.SyncLogBarrier <- DiskService.DiscardWalTail <- DiskService.FinishWalRecovery
[xUnit.net 00:00:06.74]         mvcc retirement-before-header-write p-1 cFalse [dataR/logR] ro=False dataChanged=False logChanged=False
[xUnit.net 00:00:06.74]             ref=rows=8#1242171050 [value:8]untouched=1#434968407 
[xUnit.net 00:00:06.74]             got=FAIL NotSupportedException: probe: not writable
[xUnit.net 00:00:06.74]             L:SetLength(385024) from 401408 <- DiskService.RecoverHeaderJournal <- DiskService.ValidateExistingData <- DiskService..ctor <- LiteEngine.Open
[xUnit.net 00:00:06.74]         mvcc retirement-before-header-write p-1 cFalse [dataW/logR] ro=False dataChanged=False logChanged=False
[xUnit.net 00:00:06.74]             ref=rows=8#1242171050 [value:8]untouched=1#434968407 
[xUnit.net 00:00:06.74]             got=FAIL NotSupportedException: probe: not writable
[xUnit.net 00:00:06.74]             L:SetLength(385024) from 401408 <- DiskService.RecoverHeaderJournal <- DiskService.ValidateExistingData <- DiskService..ctor <- LiteEngine.Open
[xUnit.net 00:00:06.74]         mvcc retirement-after-header-write p-1 cFalse [dataR/logW] ro=False dataChanged=False logChanged=True
[xUnit.net 00:00:06.74]             ref=rows=8#1242171050 [value:8]untouched=1#434968407 
[xUnit.net 00:00:06.74]             got=rows=8#1242171050 [value:8]untouched=1#434968407 
[xUnit.net 00:00:06.74]             L:SetLength(385024) from 401408 <- DiskService.RecoverHeaderJournal <- DiskService.ValidateExistingData <- DiskService..ctor <- LiteEngine.Open
[xUnit.net 00:00:06.74]             L:SetLength(376832) from 385024 <- DiskService.SetLength <- DiskService.DiscardWalTail <- DiskService.FinishWalRecovery <- WalIndexService.RestoreIndex
[xUnit.net 00:00:06.74]             L:SetLength(376832) from 376832 <- WalPadding.Pad <- DiskService.SyncLogBarrier <- DiskService.DiscardWalTail <- DiskService.FinishWalRecovery
[xUnit.net 00:00:06.74]         mvcc retirement-after-header-write p-1 cFalse [dataR/logR] ro=False dataChanged=False logChanged=False
[xUnit.net 00:00:06.74]             ref=rows=8#1242171050 [value:8]untouched=1#434968407 
[xUnit.net 00:00:06.74]             got=FAIL NotSupportedException: probe: not writable
[xUnit.net 00:00:06.74]             L:SetLength(385024) from 401408 <- DiskService.RecoverHeaderJournal <- DiskService.ValidateExistingData <- DiskService..ctor <- LiteEngine.Open
[xUnit.net 00:00:06.74]         mvcc retirement-after-header-write p-1 cFalse [dataW/logR] ro=False dataChanged=False logChanged=False
[xUnit.net 00:00:06.74]             ref=rows=8#1242171050 [value:8]untouched=1#434968407 
[xUnit.net 00:00:06.74]             got=FAIL NotSupportedException: probe: not writable
[xUnit.net 00:00:06.74]             L:SetLength(385024) from 401408 <- DiskService.RecoverHeaderJournal <- DiskService.ValidateExistingData <- DiskService..ctor <- LiteEngine.Open
[xUnit.net 00:00:06.74]         mvcc retirement-header-flushed p-1 cFalse [dataR/logW] ro=False dataChanged=False logChanged=True
[xUnit.net 00:00:06.74]             ref=rows=8#1242171050 [value:8]untouched=1#434968407 
[xUnit.net 00:00:06.74]             got=rows=8#1242171050 [value:8]untouched=1#434968407 
[xUnit.net 00:00:06.74]             L:SetLength(385024) from 401408 <- DiskService.RecoverHeaderJournal <- DiskService.ValidateExistingData <- DiskService..ctor <- LiteEngine.Open
[xUnit.net 00:00:06.74]         mvcc retirement-header-flushed p-1 cFalse [dataR/logR] ro=False dataChanged=False logChanged=False
[xUnit.net 00:00:06.74]             ref=rows=8#1242171050 [value:8]untouched=1#434968407 
[xUnit.net 00:00:06.74]             got=FAIL NotSupportedException: probe: not writable
[xUnit.net 00:00:06.74]             L:SetLength(385024) from 401408 <- DiskService.RecoverHeaderJournal <- DiskService.ValidateExistingData <- DiskService..ctor <- LiteEngine.Open
[xUnit.net 00:00:06.74]         mvcc retirement-header-flushed p-1 cFalse [dataW/logR] ro=False dataChanged=False logChanged=False
[xUnit.net 00:00:06.74]             ref=rows=8#1242171050 [value:8]untouched=1#434968407 
[xUnit.net 00:00:06.74]             got=FAIL NotSupportedException: probe: not writable
[xUnit.net 00:00:06.74]             L:SetLength(385024) from 401408 <- DiskService.RecoverHeaderJournal <- DiskService.ValidateExistingData <- DiskService..ctor <- LiteEngine.Open
[xUnit.net 00:00:06.74]         mvcc retirement-before-journal-retire-flush p-1 cFalse [dataR/logW] ro=False dataChanged=False logChanged=True
[xUnit.net 00:00:06.74]             ref=rows=8#1242171050 [value:8]untouched=1#434968407 
[xUnit.net 00:00:06.74]             got=rows=8#1242171050 [value:8]untouched=1#434968407 
[xUnit.net 00:00:06.74]             L:SetLength(385024) from 401408 <- DiskService.RecoverHeaderJournal <- DiskService.ValidateExistingData <- DiskService..ctor <- LiteEngine.Open
[xUnit.net 00:00:06.74]         mvcc retirement-before-journal-retire-flush p-1 cFalse [dataR/logR] ro=False dataChanged=False logChanged=False
[xUnit.net 00:00:06.74]             ref=rows=8#1242171050 [value:8]untouched=1#434968407 
[xUnit.net 00:00:06.74]             got=FAIL NotSupportedException: probe: not writable
[xUnit.net 00:00:06.74]             L:SetLength(385024) from 401408 <- DiskService.RecoverHeaderJournal <- DiskService.ValidateExistingData <- DiskService..ctor <- LiteEngine.Open
[xUnit.net 00:00:06.74]         mvcc retirement-before-journal-retire-flush p-1 cFalse [dataW/logR] ro=False dataChanged=False logChanged=False
[xUnit.net 00:00:06.74]             ref=rows=8#1242171050 [value:8]untouched=1#434968407 
[xUnit.net 00:00:06.74]             got=FAIL NotSupportedException: probe: not writable
[xUnit.net 00:00:06.74]             L:SetLength(385024) from 401408 <- DiskService.RecoverHeaderJournal <- DiskService.ValidateExistingData <- DiskService..ctor <- LiteEngine.Open
[xUnit.net 00:00:06.74]         rooted checkpoint-before-page-write cut cFalse #1 [dataR/logW] ro=False dataChanged=False logChanged=True
[xUnit.net 00:00:06.74]             ref=rows=8#1242171050 [value:8]untouched=1#434968407 
[xUnit.net 00:00:06.74]             got=rows=8#1242171050 [value:8]untouched=1#434968407 
[xUnit.net 00:00:06.74]             L:SetLength(524288) from 540672 <- DiskService.RecoverHeaderJournal <- DiskService.ValidateExistingData <- DiskService..ctor <- LiteEngine.Open
[xUnit.net 00:00:06.74]         rooted checkpoint-before-page-write cut cFalse #1 [dataR/logR] ro=False dataChanged=False logChanged=False
[xUnit.net 00:00:06.74]             ref=rows=8#1242171050 [value:8]untouched=1#434968407 
[xUnit.net 00:00:06.74]             got=FAIL NotSupportedException: probe: not writable
[xUnit.net 00:00:06.74]             L:SetLength(524288) from 540672 <- DiskService.RecoverHeaderJournal <- DiskService.ValidateExistingData <- DiskService..ctor <- LiteEngine.Open
[xUnit.net 00:00:06.74]         rooted checkpoint-before-page-write cut cFalse #1 [dataW/logR] ro=False dataChanged=False logChanged=False
[xUnit.net 00:00:06.74]             ref=rows=8#1242171050 [value:8]untouched=1#434968407 
[xUnit.net 00:00:06.74]             got=FAIL NotSupportedException: probe: not writable
[xUnit.net 00:00:06.74]             L:SetLength(524288) from 540672 <- DiskService.RecoverHeaderJournal <- DiskService.ValidateExistingData <- DiskService..ctor <- LiteEngine.Open
[xUnit.net 00:00:06.74]         rooted checkpoint-after-page-write cut cFalse #1 [dataR/logW] ro=False dataChanged=False logChanged=True
[xUnit.net 00:00:06.74]             ref=rows=8#1242171050 [value:8]untouched=1#434968407 
[xUnit.net 00:00:06.74]             got=rows=8#1242171050 [value:8]untouched=1#434968407 
[xUnit.net 00:00:06.74]             L:SetLength(524288) from 540672 <- DiskService.RecoverHeaderJournal <- DiskService.ValidateExistingData <- DiskService..ctor <- LiteEngine.Open
[xUnit.net 00:00:06.74]         rooted checkpoint-after-page-write cut cFalse #1 [dataR/logR] ro=False dataChanged=False logChanged=False
[xUnit.net 00:00:06.74]             ref=rows=8#1242171050 [value:8]untouched=1#434968407 
[xUnit.net 00:00:06.74]             got=FAIL NotSupportedException: probe: not writable
[xUnit.net 00:00:06.74]             L:SetLength(524288) from 540672 <- DiskService.RecoverHeaderJournal <- DiskService.ValidateExistingData <- DiskService..ctor <- LiteEngine.Open
[xUnit.net 00:00:06.74]         rooted checkpoint-after-page-write cut cFalse #1 [dataW/logR] ro=False dataChanged=False logChanged=False
[xUnit.net 00:00:06.74]             ref=rows=8#1242171050 [value:8]untouched=1#434968407 
[xUnit.net 00:00:06.74]             got=FAIL NotSupportedException: probe: not writable
[xUnit.net 00:00:06.74]             L:SetLength(524288) from 540672 <- DiskService.RecoverHeaderJournal <- DiskService.ValidateExistingData <- DiskService..ctor <- LiteEngine.Open
[xUnit.net 00:00:06.74]         rooted checkpoint-before-data-flush cut cFalse #1 [dataR/logW] ro=False dataChanged=False logChanged=True
[xUnit.net 00:00:06.74]             ref=rows=8#1242171050 [value:8]untouched=1#434968407 
[xUnit.net 00:00:06.74]             got=rows=8#1242171050 [value:8]untouched=1#434968407 
[xUnit.net 00:00:06.74]             L:SetLength(524288) from 540672 <- DiskService.RecoverHeaderJournal <- DiskService.ValidateExistingData <- DiskService..ctor <- LiteEngine.Open
[xUnit.net 00:00:06.74]         rooted checkpoint-before-data-flush cut cFalse #1 [dataR/logR] ro=False dataChanged=False logChanged=False
[xUnit.net 00:00:06.74]             ref=rows=8#1242171050 [value:8]untouched=1#434968407 
[xUnit.net 00:00:06.74]             got=FAIL NotSupportedException: probe: not writable
[xUnit.net 00:00:06.74]             L:SetLength(524288) from 540672 <- DiskService.RecoverHeaderJournal <- DiskService.ValidateExistingData <- DiskService..ctor <- LiteEngine.Open
[xUnit.net 00:00:06.74]         rooted checkpoint-before-data-flush cut cFalse #1 [dataW/logR] ro=False dataChanged=False logChanged=False
[xUnit.net 00:00:06.74]             ref=rows=8#1242171050 [value:8]untouched=1#434968407 
[xUnit.net 00:00:06.74]             got=FAIL NotSupportedException: probe: not writable
[xUnit.net 00:00:06.74]             L:SetLength(524288) from 540672 <- DiskService.RecoverHeaderJournal <- DiskService.ValidateExistingData <- DiskService..ctor <- LiteEngine.Open
[xUnit.net 00:00:06.74]         rooted checkpoint-after-data-flush cut cFalse #1 [dataR/logW] ro=False dataChanged=False logChanged=True
[xUnit.net 00:00:06.74]             ref=rows=8#1242171050 [value:8]untouched=1#434968407 
[xUnit.net 00:00:06.74]             got=rows=8#1242171050 [value:8]untouched=1#434968407 
[xUnit.net 00:00:06.74]             L:SetLength(524288) from 540672 <- DiskService.RecoverHeaderJournal <- DiskService.ValidateExistingData <- DiskService..ctor <- LiteEngine.Open
[xUnit.net 00:00:06.74]         rooted checkpoint-after-data-flush cut cFalse #1 [dataR/logR] ro=False dataChanged=False logChanged=False
[xUnit.net 00:00:06.74]             ref=rows=8#1242171050 [value:8]untouched=1#434968407 
[xUnit.net 00:00:06.74]             got=FAIL NotSupportedException: probe: not writable
[xUnit.net 00:00:06.74]             L:SetLength(524288) from 540672 <- DiskService.RecoverHeaderJournal <- DiskService.ValidateExistingData <- DiskService..ctor <- LiteEngine.Open
[xUnit.net 00:00:06.74]         rooted checkpoint-after-data-flush cut cFalse #1 [dataW/logR] ro=False dataChanged=False logChanged=False
[xUnit.net 00:00:06.74]             ref=rows=8#1242171050 [value:8]untouched=1#434968407 
[xUnit.net 00:00:06.74]             got=FAIL NotSupportedException: probe: not writable
[xUnit.net 00:00:06.74]             L:SetLength(524288) from 540672 <- DiskService.RecoverHeaderJournal <- DiskService.ValidateExistingData <- DiskService..ctor <- LiteEngine.Open
[xUnit.net 00:00:06.74]         rooted before-reclaim cut cFalse #1 [dataR/logW] ro=False dataChanged=False logChanged=True
[xUnit.net 00:00:06.74]             ref=rows=8#1242171050 [value:8]untouched=1#434968407 
[xUnit.net 00:00:06.74]             got=rows=8#1242171050 [value:8]untouched=1#434968407 
[xUnit.net 00:00:06.74]             L:SetLength(524288) from 540672 <- DiskService.RecoverHeaderJournal <- DiskService.ValidateExistingData <- DiskService..ctor <- LiteEngine.Open
[xUnit.net 00:00:06.74]         rooted before-reclaim cut cFalse #1 [dataR/logR] ro=False dataChanged=False logChanged=False
[xUnit.net 00:00:06.74]             ref=rows=8#1242171050 [value:8]untouched=1#434968407 
[xUnit.net 00:00:06.74]             got=FAIL NotSupportedException: probe: not writable
[xUnit.net 00:00:06.74]             L:SetLength(524288) from 540672 <- DiskService.RecoverHeaderJournal <- DiskService.ValidateExistingData <- DiskService..ctor <- LiteEngine.Open
[xUnit.net 00:00:06.74]         rooted before-reclaim cut cFalse #1 [dataW/logR] ro=False dataChanged=False logChanged=False
[xUnit.net 00:00:06.74]             ref=rows=8#1242171050 [value:8]untouched=1#434968407 
[xUnit.net 00:00:06.74]             got=FAIL NotSupportedException: probe: not writable
[xUnit.net 00:00:06.74]             L:SetLength(524288) from 540672 <- DiskService.RecoverHeaderJournal <- DiskService.ValidateExistingData <- DiskService..ctor <- LiteEngine.Open
[xUnit.net 00:00:06.74]         rooted checkpoint-before-clear cut cFalse #1 [dataR/logW] ro=False dataChanged=False logChanged=True
[xUnit.net 00:00:06.74]             ref=rows=8#1242171050 [value:8]untouched=1#434968407 
[xUnit.net 00:00:06.74]             got=rows=8#1242171050 [value:8]untouched=1#434968407 
[xUnit.net 00:00:06.74]             L:SetLength(524288) from 540672 <- DiskService.RecoverHeaderJournal <- DiskService.ValidateExistingData <- DiskService..ctor <- LiteEngine.Open
[xUnit.net 00:00:06.74]             L:SetLength(0) from 524288 <- DiskService.SetLength <- DiskService.DiscardWalTail <- DiskService.FinishWalRecovery <- WalIndexService.RestoreIndex
[xUnit.net 00:00:06.74]             L:SetLength(0) from 0 <- WalPadding.Pad <- DiskService.SyncLogBarrier <- DiskService.DiscardWalTail <- DiskService.FinishWalRecovery
[xUnit.net 00:00:06.74]         rooted checkpoint-before-clear cut cFalse #1 [dataR/logR] ro=False dataChanged=False logChanged=False
[xUnit.net 00:00:06.74]             ref=rows=8#1242171050 [value:8]untouched=1#434968407 
[xUnit.net 00:00:06.74]             got=FAIL NotSupportedException: probe: not writable
[xUnit.net 00:00:06.74]             L:SetLength(524288) from 540672 <- DiskService.RecoverHeaderJournal <- DiskService.ValidateExistingData <- DiskService..ctor <- LiteEngine.Open
[xUnit.net 00:00:06.74]         rooted checkpoint-before-clear cut cFalse #1 [dataW/logR] ro=False dataChanged=False logChanged=False
[xUnit.net 00:00:06.74]             ref=rows=8#1242171050 [value:8]untouched=1#434968407 
[xUnit.net 00:00:06.74]             got=FAIL NotSupportedException: probe: not writable
[xUnit.net 00:00:06.74]             L:SetLength(524288) from 540672 <- DiskService.RecoverHeaderJournal <- DiskService.ValidateExistingData <- DiskService..ctor <- LiteEngine.Open
[xUnit.net 00:00:06.74]         rooted checkpoint-after-clear cut cFalse #1 [dataR/logW] ro=False dataChanged=False logChanged=True
[xUnit.net 00:00:06.74]             ref=rows=8#1242171050 [value:8]untouched=1#434968407 
[xUnit.net 00:00:06.74]             got=rows=8#1242171050 [value:8]untouched=1#434968407 
[xUnit.net 00:00:06.74]             L:SetLength(524288) from 540672 <- DiskService.RecoverHeaderJournal <- DiskService.ValidateExistingData <- DiskService..ctor <- LiteEngine.Open
[xUnit.net 00:00:06.74]             L:SetLength(0) from 524288 <- DiskService.SetLength <- DiskService.DiscardWalTail <- DiskService.FinishWalRecovery <- WalIndexService.RestoreIndex
[xUnit.net 00:00:06.74]             L:SetLength(0) from 0 <- WalPadding.Pad <- DiskService.SyncLogBarrier <- DiskService.DiscardWalTail <- DiskService.FinishWalRecovery
[xUnit.net 00:00:06.74]         rooted checkpoint-after-clear cut cFalse #1 [dataR/logR] ro=False dataChanged=False logChanged=False
[xUnit.net 00:00:06.74]             ref=rows=8#1242171050 [value:8]untouched=1#434968407 
[xUnit.net 00:00:06.74]             got=FAIL NotSupportedException: probe: not writable
[xUnit.net 00:00:06.74]             L:SetLength(524288) from 540672 <- DiskService.RecoverHeaderJournal <- DiskService.ValidateExistingData <- DiskService..ctor <- LiteEngine.Open
[xUnit.net 00:00:06.74]         rooted checkpoint-after-clear cut cFalse #1 [dataW/logR] ro=False dataChanged=False logChanged=False
[xUnit.net 00:00:06.74]             ref=rows=8#1242171050 [value:8]untouched=1#434968407 
[xUnit.net 00:00:06.74]             got=FAIL NotSupportedException: probe: not writable
[xUnit.net 00:00:06.74]             L:SetLength(524288) from 540672 <- DiskService.RecoverHeaderJournal <- DiskService.ValidateExistingData <- DiskService..ctor <- LiteEngine.Open
[xUnit.net 00:00:06.74]         rooted repeat-repair cFalse #1 [dataR/logW] ro=False dataChanged=False logChanged=False
[xUnit.net 00:00:06.74]             ref=rows=8#1242171050 [value:8]untouched=1#434968407 
[xUnit.net 00:00:06.74]             got=FAIL NotSupportedException: probe: not writable
[xUnit.net 00:00:06.74]             D:Write(8192)@0 <- DiskService.RecoverHeaderJournal <- DiskService.ValidateExistingData <- DiskService..ctor <- LiteEngine.Open
[xUnit.net 00:00:06.74]         rooted repeat-repair cFalse #1 [dataR/logR] ro=False dataChanged=False logChanged=False
[xUnit.net 00:00:06.74]             ref=rows=8#1242171050 [value:8]untouched=1#434968407 
[xUnit.net 00:00:06.74]             got=FAIL NotSupportedException: probe: not writable
[xUnit.net 00:00:06.74]             D:Write(8192)@0 <- DiskService.RecoverHeaderJournal <- DiskService.ValidateExistingData <- DiskService..ctor <- LiteEngine.Open
[xUnit.net 00:00:06.74]         rooted repeat-repair cFalse #1 [dataW/logR] ro=False dataChanged=True logChanged=False
[xUnit.net 00:00:06.74]             ref=rows=8#1242171050 [value:8]untouched=1#434968407 
[xUnit.net 00:00:06.74]             got=FAIL NotSupportedException: probe: not writable
[xUnit.net 00:00:06.74]             D:Write(8192)@0 <- DiskService.RecoverHeaderJournal <- DiskService.ValidateExistingData <- DiskService..ctor <- LiteEngine.Open
[xUnit.net 00:00:06.74]             L:SetLength(524288) from 540672 <- DiskService.RecoverHeaderJournal <- DiskService.ValidateExistingData <- DiskService..ctor <- LiteEngine.Open
[xUnit.net 00:00:06.74]         rooted repeat-repair cFalse #2 [dataR/logW] ro=False dataChanged=False logChanged=False
[xUnit.net 00:00:06.74]             ref=rows=8#1242171050 [value:8]untouched=1#434968407 
[xUnit.net 00:00:06.74]             got=FAIL NotSupportedException: probe: not writable
[xUnit.net 00:00:06.74]             D:Write(8192)@0 <- DiskService.RecoverHeaderJournal <- DiskService.ValidateExistingData <- DiskService..ctor <- LiteEngine.Open
[xUnit.net 00:00:06.74]         rooted repeat-repair cFalse #2 [dataR/logR] ro=False dataChanged=False logChanged=False
[xUnit.net 00:00:06.74]             ref=rows=8#1242171050 [value:8]untouched=1#434968407 
[xUnit.net 00:00:06.74]             got=FAIL NotSupportedException: probe: not writable
[xUnit.net 00:00:06.74]             D:Write(8192)@0 <- DiskService.RecoverHeaderJournal <- DiskService.ValidateExistingData <- DiskService..ctor <- LiteEngine.Open
[xUnit.net 00:00:06.74]         rooted repeat-repair cFalse #2 [dataW/logR] ro=False dataChanged=True logChanged=False
[xUnit.net 00:00:06.74]             ref=rows=8#1242171050 [value:8]untouched=1#434968407 
[xUnit.net 00:00:06.74]             got=FAIL NotSupportedException: probe: not writable
[xUnit.net 00:00:06.74]             D:Write(8192)@0 <- DiskService.RecoverHeaderJournal <- DiskService.ValidateExistingData <- DiskService..ctor <- LiteEngine.Open
[xUnit.net 00:00:06.74]             L:SetLength(524288) from 540672 <- DiskService.RecoverHeaderJournal <- DiskService.ValidateExistingData <- DiskService..ctor <- LiteEngine.Open
[xUnit.net 00:00:06.74]         rooted repeat-repair cFalse #3 [dataR/logW] ro=False dataChanged=False logChanged=False
[xUnit.net 00:00:06.74]             ref=rows=8#1242171050 [value:8]untouched=1#434968407 
[xUnit.net 00:00:06.74]             got=FAIL NotSupportedException: probe: not writable
[xUnit.net 00:00:06.74]             D:Write(8192)@0 <- DiskService.RecoverHeaderJournal <- DiskService.ValidateExistingData <- DiskService..ctor <- LiteEngine.Open
[xUnit.net 00:00:06.74]         rooted repeat-repair cFalse #3 [dataR/logR] ro=False dataChanged=False logChanged=False
[xUnit.net 00:00:06.74]             ref=rows=8#1242171050 [value:8]untouched=1#434968407 
[xUnit.net 00:00:06.74]             got=FAIL NotSupportedException: probe: not writable
[xUnit.net 00:00:06.74]             D:Write(8192)@0 <- DiskService.RecoverHeaderJournal <- DiskService.ValidateExistingData <- DiskService..ctor <- LiteEngine.Open
[xUnit.net 00:00:06.74]         rooted repeat-repair cFalse #3 [dataW/logR] ro=False dataChanged=True logChanged=False
[xUnit.net 00:00:06.74]             ref=rows=8#1242171050 [value:8]untouched=1#434968407 
[xUnit.net 00:00:06.74]             got=FAIL NotSupportedException: probe: not writable
[xUnit.net 00:00:06.74]             D:Write(8192)@0 <- DiskService.RecoverHeaderJournal <- DiskService.ValidateExistingData <- DiskService..ctor <- LiteEngine.Open
[xUnit.net 00:00:06.74]             L:SetLength(524288) from 540672 <- DiskService.RecoverHeaderJournal <- DiskService.ValidateExistingData <- DiskService..ctor <- LiteEngine.Open
[xUnit.net 00:00:06.74]         mvcc promotion-after-journal-flush p-1 cTrue [dataR/logW] ro=False dataChanged=False logChanged=True
[xUnit.net 00:00:06.74]             ref=rows=8#1242171050 [value:8]untouched=1#434968407 
[xUnit.net 00:00:06.74]             got=rows=8#1242171050 [value:8]untouched=1#434968407 
[xUnit.net 00:00:06.74]             L:SetLength(376832) from 393216 <- DiskService.RecoverHeaderJournal <- DiskService.ValidateExistingData <- DiskService..ctor <- LiteEngine.Open
[xUnit.net 00:00:06.74]         mvcc promotion-after-journal-flush p-1 cTrue [dataR/logR] ro=False dataChanged=False logChanged=False
[xUnit.net 00:00:06.74]             ref=rows=8#1242171050 [value:8]untouched=1#434968407 
[xUnit.net 00:00:06.74]             got=FAIL NotSupportedException: probe: not writable
[xUnit.net 00:00:06.74]             L:SetLength(376832) from 393216 <- DiskService.RecoverHeaderJournal <- DiskService.ValidateExistingData <- DiskService..ctor <- LiteEngine.Open
[xUnit.net 00:00:06.74]         mvcc promotion-after-journal-flush p-1 cTrue [dataW/logR] ro=False dataChanged=False logChanged=False
[xUnit.net 00:00:06.74]             ref=rows=8#1242171050 [value:8]untouched=1#434968407 
[xUnit.net 00:00:06.74]             got=FAIL NotSupportedException: probe: not writable
[xUnit.net 00:00:06.74]             L:SetLength(376832) from 393216 <- DiskService.RecoverHeaderJournal <- DiskService.ValidateExistingData <- DiskService..ctor <- LiteEngine.Open
[xUnit.net 00:00:06.74]         mvcc promotion-before-header-write p-1 cTrue [dataR/logW] ro=False dataChanged=False logChanged=True
[xUnit.net 00:00:06.74]             ref=rows=8#1242171050 [value:8]untouched=1#434968407 
[xUnit.net 00:00:06.74]             got=rows=8#1242171050 [value:8]untouched=1#434968407 
[xUnit.net 00:00:06.74]             L:SetLength(376832) from 393216 <- DiskService.RecoverHeaderJournal <- DiskService.ValidateExistingData <- DiskService..ctor <- LiteEngine.Open
[xUnit.net 00:00:06.74]         mvcc promotion-before-header-write p-1 cTrue [dataR/logR] ro=False dataChanged=False logChanged=False
[xUnit.net 00:00:06.74]             ref=rows=8#1242171050 [value:8]untouched=1#434968407 
[xUnit.net 00:00:06.74]             got=FAIL NotSupportedException: probe: not writable
[xUnit.net 00:00:06.74]             L:SetLength(376832) from 393216 <- DiskService.RecoverHeaderJournal <- DiskService.ValidateExistingData <- DiskService..ctor <- LiteEngine.Open
[xUnit.net 00:00:06.74]         mvcc promotion-before-header-write p-1 cTrue [dataW/logR] ro=False dataChanged=False logChanged=False
[xUnit.net 00:00:06.74]             ref=rows=8#1242171050 [value:8]untouched=1#434968407 
[xUnit.net 00:00:06.74]             got=FAIL NotSupportedException: probe: not writable
[xUnit.net 00:00:06.74]             L:SetLength(376832) from 393216 <- DiskService.RecoverHeaderJournal <- DiskService.ValidateExistingData <- DiskService..ctor <- LiteEngine.Open
[xUnit.net 00:00:06.74]         mvcc promotion-after-header-write p-1 cTrue [dataR/logW] ro=False dataChanged=False logChanged=True
[xUnit.net 00:00:06.74]             ref=rows=8#1242171050 [value:8]untouched=1#434968407 
[xUnit.net 00:00:06.74]             got=rows=8#1242171050 [value:8]untouched=1#434968407 
[xUnit.net 00:00:06.74]             L:SetLength(376832) from 393216 <- DiskService.RecoverHeaderJournal <- DiskService.ValidateExistingData <- DiskService..ctor <- LiteEngine.Open
[xUnit.net 00:00:06.74]         mvcc promotion-after-header-write p-1 cTrue [dataR/logR] ro=False dataChanged=False logChanged=False
[xUnit.net 00:00:06.74]             ref=rows=8#1242171050 [value:8]untouched=1#434968407 
[xUnit.net 00:00:06.74]             got=FAIL NotSupportedException: probe: not writable
[xUnit.net 00:00:06.74]             L:SetLength(376832) from 393216 <- DiskService.RecoverHeaderJournal <- DiskService.ValidateExistingData <- DiskService..ctor <- LiteEngine.Open
[xUnit.net 00:00:06.74]         mvcc promotion-after-header-write p-1 cTrue [dataW/logR] ro=False dataChanged=False logChanged=False
[xUnit.net 00:00:06.74]             ref=rows=8#1242171050 [value:8]untouched=1#434968407 
[xUnit.net 00:00:06.74]             got=FAIL NotSupportedException: probe: not writable
[xUnit.net 00:00:06.74]             L:SetLength(376832) from 393216 <- DiskService.RecoverHeaderJournal <- DiskService.ValidateExistingData <- DiskService..ctor <- LiteEngine.Open
[xUnit.net 00:00:06.74]         mvcc promotion-after-header-flush p-1 cTrue [dataR/logW] ro=False dataChanged=False logChanged=True
[xUnit.net 00:00:06.74]             ref=rows=8#1242171050 [value:8]untouched=1#434968407 
[xUnit.net 00:00:06.74]             got=rows=8#1242171050 [value:8]untouched=1#434968407 
[xUnit.net 00:00:06.74]             L:SetLength(376832) from 393216 <- DiskService.RecoverHeaderJournal <- DiskService.ValidateExistingData <- DiskService..ctor <- LiteEngine.Open
[xUnit.net 00:00:06.74]         mvcc promotion-after-header-flush p-1 cTrue [dataR/logR] ro=False dataChanged=False logChanged=False
[xUnit.net 00:00:06.74]             ref=rows=8#1242171050 [value:8]untouched=1#434968407 
[xUnit.net 00:00:06.74]             got=FAIL NotSupportedException: probe: not writable
[xUnit.net 00:00:06.74]             L:SetLength(376832) from 393216 <- DiskService.RecoverHeaderJournal <- DiskService.ValidateExistingData <- DiskService..ctor <- LiteEngine.Open
[xUnit.net 00:00:06.74]         mvcc promotion-after-header-flush p-1 cTrue [dataW/logR] ro=False dataChanged=False logChanged=False
[xUnit.net 00:00:06.74]             ref=rows=8#1242171050 [value:8]untouched=1#434968407 
[xUnit.net 00:00:06.74]             got=FAIL NotSupportedException: probe: not writable
[xUnit.net 00:00:06.74]             L:SetLength(376832) from 393216 <- DiskService.RecoverHeaderJournal <- DiskService.ValidateExistingData <- DiskService..ctor <- LiteEngine.Open
[xUnit.net 00:00:06.74]         mvcc retirement-records-flushed p-1 cTrue [dataR/logW] ro=False dataChanged=False logChanged=True
[xUnit.net 00:00:06.74]             ref=rows=8#1242171050 [value:8]untouched=1#434968407 
[xUnit.net 00:00:06.74]             got=rows=8#1242171050 [value:8]untouched=1#434968407 
[xUnit.net 00:00:06.74]             L:SetLength(376832) from 379776 <- DiskService.SetLength <- DiskService.DiscardWalTail <- DiskService.FinishWalRecovery <- WalIndexService.RestoreIndex
[xUnit.net 00:00:06.74]             L:SetLength(376832) from 376832 <- WalPadding.Pad <- DiskService.SyncLogBarrier <- DiskService.DiscardWalTail <- DiskService.FinishWalRecovery
[xUnit.net 00:00:06.74]         mvcc retirement-records-flushed p-1 cTrue [dataR/logR] ro=False dataChanged=False logChanged=False
[xUnit.net 00:00:06.74]             ref=rows=8#1242171050 [value:8]untouched=1#434968407 
[xUnit.net 00:00:06.74]             got=FAIL NotSupportedException: probe: not writable
[xUnit.net 00:00:06.74]             L:SetLength(376832) from 379776 <- DiskService.SetLength <- DiskService.DiscardWalTail <- DiskService.FinishWalRecovery <- WalIndexService.RestoreIndex
[xUnit.net 00:00:06.74]         mvcc retirement-records-flushed p-1 cTrue [dataW/logR] ro=False dataChanged=False logChanged=False
[xUnit.net 00:00:06.74]             ref=rows=8#1242171050 [value:8]untouched=1#434968407 
[xUnit.net 00:00:06.74]             got=FAIL NotSupportedException: probe: not writable
[xUnit.net 00:00:06.74]             L:SetLength(376832) from 379776 <- DiskService.SetLength <- DiskService.DiscardWalTail <- DiskService.FinishWalRecovery <- WalIndexService.RestoreIndex
[xUnit.net 00:00:06.74]         mvcc retirement-before-header-write p-1 cTrue [dataR/logW] ro=False dataChanged=False logChanged=True
[xUnit.net 00:00:06.74]             ref=rows=8#1242171050 [value:8]untouched=1#434968407 
[xUnit.net 00:00:06.74]             got=rows=8#1242171050 [value:8]untouched=1#434968407 
[xUnit.net 00:00:06.74]             L:SetLength(385024) from 401408 <- DiskService.RecoverHeaderJournal <- DiskService.ValidateExistingData <- DiskService..ctor <- LiteEngine.Open
[xUnit.net 00:00:06.74]             L:SetLength(376832) from 385024 <- DiskService.SetLength <- DiskService.DiscardWalTail <- DiskService.FinishWalRecovery <- WalIndexService.RestoreIndex
[xUnit.net 00:00:06.74]             L:SetLength(376832) from 376832 <- WalPadding.Pad <- DiskService.SyncLogBarrier <- DiskService.DiscardWalTail <- DiskService.FinishWalRecovery
[xUnit.net 00:00:06.74]         mvcc retirement-before-header-write p-1 cTrue [dataR/logR] ro=False dataChanged=False logChanged=False
[xUnit.net 00:00:06.74]             ref=rows=8#1242171050 [value:8]untouched=1#434968407 
[xUnit.net 00:00:06.74]             got=FAIL NotSupportedException: probe: not writable
[xUnit.net 00:00:06.74]             L:SetLength(385024) from 401408 <- DiskService.RecoverHeaderJournal <- DiskService.ValidateExistingData <- DiskService..ctor <- LiteEngine.Open
[xUnit.net 00:00:06.74]         mvcc retirement-before-header-write p-1 cTrue [dataW/logR] ro=False dataChanged=False logChanged=False
[xUnit.net 00:00:06.74]             ref=rows=8#1242171050 [value:8]untouched=1#434968407 
[xUnit.net 00:00:06.74]             got=FAIL NotSupportedException: probe: not writable
[xUnit.net 00:00:06.74]             L:SetLength(385024) from 401408 <- DiskService.RecoverHeaderJournal <- DiskService.ValidateExistingData <- DiskService..ctor <- LiteEngine.Open
[xUnit.net 00:00:06.74]         mvcc retirement-after-header-write p-1 cTrue [dataR/logW] ro=False dataChanged=False logChanged=True
[xUnit.net 00:00:06.74]             ref=rows=8#1242171050 [value:8]untouched=1#434968407 
[xUnit.net 00:00:06.74]             got=rows=8#1242171050 [value:8]untouched=1#434968407 
[xUnit.net 00:00:06.74]             L:SetLength(385024) from 401408 <- DiskService.RecoverHeaderJournal <- DiskService.ValidateExistingData <- DiskService..ctor <- LiteEngine.Open
[xUnit.net 00:00:06.74]             L:SetLength(376832) from 385024 <- DiskService.SetLength <- DiskService.DiscardWalTail <- DiskService.FinishWalRecovery <- WalIndexService.RestoreIndex
[xUnit.net 00:00:06.74]             L:SetLength(376832) from 376832 <- WalPadding.Pad <- DiskService.SyncLogBarrier <- DiskService.DiscardWalTail <- DiskService.FinishWalRecovery
[xUnit.net 00:00:06.74]         mvcc retirement-after-header-write p-1 cTrue [dataR/logR] ro=False dataChanged=False logChanged=False
[xUnit.net 00:00:06.74]             ref=rows=8#1242171050 [value:8]untouched=1#434968407 
[xUnit.net 00:00:06.74]             got=FAIL NotSupportedException: probe: not writable
[xUnit.net 00:00:06.74]             L:SetLength(385024) from 401408 <- DiskService.RecoverHeaderJournal <- DiskService.ValidateExistingData <- DiskService..ctor <- LiteEngine.Open
[xUnit.net 00:00:06.74]         mvcc retirement-after-header-write p-1 cTrue [dataW/logR] ro=False dataChanged=False logChanged=False
[xUnit.net 00:00:06.74]             ref=rows=8#1242171050 [value:8]untouched=1#434968407 
[xUnit.net 00:00:06.74]             got=FAIL NotSupportedException: probe: not writable
[xUnit.net 00:00:06.74]             L:SetLength(385024) from 401408 <- DiskService.RecoverHeaderJournal <- DiskService.ValidateExistingData <- DiskService..ctor <- LiteEngine.Open
[xUnit.net 00:00:06.74]         mvcc retirement-header-flushed p-1 cTrue [dataR/logW] ro=False dataChanged=False logChanged=True
[xUnit.net 00:00:06.74]             ref=rows=8#1242171050 [value:8]untouched=1#434968407 
[xUnit.net 00:00:06.74]             got=rows=8#1242171050 [value:8]untouched=1#434968407 
[xUnit.net 00:00:06.74]             L:SetLength(385024) from 401408 <- DiskService.RecoverHeaderJournal <- DiskService.ValidateExistingData <- DiskService..ctor <- LiteEngine.Open
[xUnit.net 00:00:06.74]         mvcc retirement-header-flushed p-1 cTrue [dataR/logR] ro=False dataChanged=False logChanged=False
[xUnit.net 00:00:06.74]             ref=rows=8#1242171050 [value:8]untouched=1#434968407 
[xUnit.net 00:00:06.74]             got=FAIL NotSupportedException: probe: not writable
[xUnit.net 00:00:06.74]             L:SetLength(385024) from 401408 <- DiskService.RecoverHeaderJournal <- DiskService.ValidateExistingData <- DiskService..ctor <- LiteEngine.Open
[xUnit.net 00:00:06.74]         mvcc retirement-header-flushed p-1 cTrue [dataW/logR] ro=False dataChanged=False logChanged=False
[xUnit.net 00:00:06.74]             ref=rows=8#1242171050 [value:8]untouched=1#434968407 
[xUnit.net 00:00:06.74]             got=FAIL NotSupportedException: probe: not writable
[xUnit.net 00:00:06.74]             L:SetLength(385024) from 401408 <- DiskService.RecoverHeaderJournal <- DiskService.ValidateExistingData <- DiskService..ctor <- LiteEngine.Open
[xUnit.net 00:00:06.74]         mvcc retirement-before-journal-retire-flush p-1 cTrue [dataR/logW] ro=False dataChanged=False logChanged=True
[xUnit.net 00:00:06.74]             ref=rows=8#1242171050 [value:8]untouched=1#434968407 
[xUnit.net 00:00:06.74]             got=rows=8#1242171050 [value:8]untouched=1#434968407 
[xUnit.net 00:00:06.74]             L:SetLength(385024) from 401408 <- DiskService.RecoverHeaderJournal <- DiskService.ValidateExistingData <- DiskService..ctor <- LiteEngine.Open
[xUnit.net 00:00:06.74]         mvcc retirement-before-journal-retire-flush p-1 cTrue [dataR/logR] ro=False dataChanged=False logChanged=False
[xUnit.net 00:00:06.74]             ref=rows=8#1242171050 [value:8]untouched=1#434968407 
[xUnit.net 00:00:06.74]             got=FAIL NotSupportedException: probe: not writable
[xUnit.net 00:00:06.74]             L:SetLength(385024) from 401408 <- DiskService.RecoverHeaderJournal <- DiskService.ValidateExistingData <- DiskService..ctor <- LiteEngine.Open
[xUnit.net 00:00:06.74]         mvcc retirement-before-journal-retire-flush p-1 cTrue [dataW/logR] ro=False dataChanged=False logChanged=False
[xUnit.net 00:00:06.74]             ref=rows=8#1242171050 [value:8]untouched=1#434968407 
[xUnit.net 00:00:06.74]             got=FAIL NotSupportedException: probe: not writable
[xUnit.net 00:00:06.74]             L:SetLength(385024) from 401408 <- DiskService.RecoverHeaderJournal <- DiskService.ValidateExistingData <- DiskService..ctor <- LiteEngine.Open
[xUnit.net 00:00:06.74]         rooted checkpoint-before-page-write cut cTrue #1 [dataR/logW] ro=False dataChanged=False logChanged=True
[xUnit.net 00:00:06.74]             ref=rows=8#1242171050 [value:8]untouched=1#434968407 
[xUnit.net 00:00:06.74]             got=rows=8#1242171050 [value:8]untouched=1#434968407 
[xUnit.net 00:00:06.74]             L:SetLength(524288) from 540672 <- DiskService.RecoverHeaderJournal <- DiskService.ValidateExistingData <- DiskService..ctor <- LiteEngine.Open
[xUnit.net 00:00:06.74]         rooted checkpoint-before-page-write cut cTrue #1 [dataR/logR] ro=False dataChanged=False logChanged=False
[xUnit.net 00:00:06.74]             ref=rows=8#1242171050 [value:8]untouched=1#434968407 
[xUnit.net 00:00:06.74]             got=FAIL NotSupportedException: probe: not writable
[xUnit.net 00:00:06.74]             L:SetLength(524288) from 540672 <- DiskService.RecoverHeaderJournal <- DiskService.ValidateExistingData <- DiskService..ctor <- LiteEngine.Open
[xUnit.net 00:00:06.74]         rooted checkpoint-before-page-write cut cTrue #1 [dataW/logR] ro=False dataChanged=False logChanged=False
[xUnit.net 00:00:06.74]             ref=rows=8#1242171050 [value:8]untouched=1#434968407 
[xUnit.net 00:00:06.74]             got=FAIL NotSupportedException: probe: not writable
[xUnit.net 00:00:06.74]             L:SetLength(524288) from 540672 <- DiskService.RecoverHeaderJournal <- DiskService.ValidateExistingData <- DiskService..ctor <- LiteEngine.Open
[xUnit.net 00:00:06.74]         rooted checkpoint-after-page-write cut cTrue #1 [dataR/logW] ro=False dataChanged=False logChanged=True
[xUnit.net 00:00:06.74]             ref=rows=8#1242171050 [value:8]untouched=1#434968407 
[xUnit.net 00:00:06.74]             got=rows=8#1242171050 [value:8]untouched=1#434968407 
[xUnit.net 00:00:06.74]             L:SetLength(524288) from 540672 <- DiskService.RecoverHeaderJournal <- DiskService.ValidateExistingData <- DiskService..ctor <- LiteEngine.Open
[xUnit.net 00:00:06.74]         rooted checkpoint-after-page-write cut cTrue #1 [dataR/logR] ro=False dataChanged=False logChanged=False
[xUnit.net 00:00:06.74]             ref=rows=8#1242171050 [value:8]untouched=1#434968407 
[xUnit.net 00:00:06.74]             got=FAIL NotSupportedException: probe: not writable
[xUnit.net 00:00:06.74]             L:SetLength(524288) from 540672 <- DiskService.RecoverHeaderJournal <- DiskService.ValidateExistingData <- DiskService..ctor <- LiteEngine.Open
[xUnit.net 00:00:06.74]         rooted checkpoint-after-page-write cut cTrue #1 [dataW/logR] ro=False dataChanged=False logChanged=False
[xUnit.net 00:00:06.74]             ref=rows=8#1242171050 [value:8]untouched=1#434968407 
[xUnit.net 00:00:06.74]             got=FAIL NotSupportedException: probe: not writable
[xUnit.net 00:00:06.74]             L:SetLength(524288) from 540672 <- DiskService.RecoverHeaderJournal <- DiskService.ValidateExistingData <- DiskService..ctor <- LiteEngine.Open
[xUnit.net 00:00:06.74]         rooted checkpoint-before-data-flush cut cTrue #1 [dataR/logW] ro=False dataChanged=False logChanged=True
[xUnit.net 00:00:06.74]             ref=rows=8#1242171050 [value:8]untouched=1#434968407 
[xUnit.net 00:00:06.74]             got=rows=8#1242171050 [value:8]untouched=1#434968407 
[xUnit.net 00:00:06.74]             L:SetLength(524288) from 540672 <- DiskService.RecoverHeaderJournal <- DiskService.ValidateExistingData <- DiskService..ctor <- LiteEngine.Open
[xUnit.net 00:00:06.74]         rooted checkpoint-before-data-flush cut cTrue #1 [dataR/logR] ro=False dataChanged=False logChanged=False
[xUnit.net 00:00:06.74]             ref=rows=8#1242171050 [value:8]untouched=1#434968407 
[xUnit.net 00:00:06.74]             got=FAIL NotSupportedException: probe: not writable
[xUnit.net 00:00:06.74]             L:SetLength(524288) from 540672 <- DiskService.RecoverHeaderJournal <- DiskService.ValidateExistingData <- DiskService..ctor <- LiteEngine.Open
[xUnit.net 00:00:06.74]         rooted checkpoint-before-data-flush cut cTrue #1 [dataW/logR] ro=False dataChanged=False logChanged=False
[xUnit.net 00:00:06.74]             ref=rows=8#1242171050 [value:8]untouched=1#434968407 
[xUnit.net 00:00:06.74]             got=FAIL NotSupportedException: probe: not writable
[xUnit.net 00:00:06.74]             L:SetLength(524288) from 540672 <- DiskService.RecoverHeaderJournal <- DiskService.ValidateExistingData <- DiskService..ctor <- LiteEngine.Open
[xUnit.net 00:00:06.75]         rooted checkpoint-after-data-flush cut cTrue #1 [dataR/logW] ro=False dataChanged=False logChanged=True
[xUnit.net 00:00:06.75]             ref=rows=8#1242171050 [value:8]untouched=1#434968407 
[xUnit.net 00:00:06.75]             got=rows=8#1242171050 [value:8]untouched=1#434968407 
[xUnit.net 00:00:06.75]             L:SetLength(524288) from 540672 <- DiskService.RecoverHeaderJournal <- DiskService.ValidateExistingData <- DiskService..ctor <- LiteEngine.Open
[xUnit.net 00:00:06.75]         rooted checkpoint-after-data-flush cut cTrue #1 [dataR/logR] ro=False dataChanged=False logChanged=False
[xUnit.net 00:00:06.75]             ref=rows=8#1242171050 [value:8]untouched=1#434968407 
[xUnit.net 00:00:06.75]             got=FAIL NotSupportedException: probe: not writable
[xUnit.net 00:00:06.75]             L:SetLength(524288) from 540672 <- DiskService.RecoverHeaderJournal <- DiskService.ValidateExistingData <- DiskService..ctor <- LiteEngine.Open
[xUnit.net 00:00:06.75]         rooted checkpoint-after-data-flush cut cTrue #1 [dataW/logR] ro=False dataChanged=False logChanged=False
[xUnit.net 00:00:06.75]             ref=rows=8#1242171050 [value:8]untouched=1#434968407 
[xUnit.net 00:00:06.75]             got=FAIL NotSupportedException: probe: not writable
[xUnit.net 00:00:06.75]             L:SetLength(524288) from 540672 <- DiskService.RecoverHeaderJournal <- DiskService.ValidateExistingData <- DiskService..ctor <- LiteEngine.Open
[xUnit.net 00:00:06.75]         rooted before-reclaim cut cTrue #1 [dataR/logW] ro=False dataChanged=False logChanged=True
[xUnit.net 00:00:06.75]             ref=rows=8#1242171050 [value:8]untouched=1#434968407 
[xUnit.net 00:00:06.75]             got=rows=8#1242171050 [value:8]untouched=1#434968407 
[xUnit.net 00:00:06.75]             L:SetLength(524288) from 540672 <- DiskService.RecoverHeaderJournal <- DiskService.ValidateExistingData <- DiskService..ctor <- LiteEngine.Open
[xUnit.net 00:00:06.75]         rooted before-reclaim cut cTrue #1 [dataR/logR] ro=False dataChanged=False logChanged=False
[xUnit.net 00:00:06.75]             ref=rows=8#1242171050 [value:8]untouched=1#434968407 
[xUnit.net 00:00:06.75]             got=FAIL NotSupportedException: probe: not writable
[xUnit.net 00:00:06.75]             L:SetLength(524288) from 540672 <- DiskService.RecoverHeaderJournal <- DiskService.ValidateExistingData <- DiskService..ctor <- LiteEngine.Open
[xUnit.net 00:00:06.75]         rooted before-reclaim cut cTrue #1 [dataW/logR] ro=False dataChanged=False logChanged=False
[xUnit.net 00:00:06.75]             ref=rows=8#1242171050 [value:8]untouched=1#434968407 
[xUnit.net 00:00:06.75]             got=FAIL NotSupportedException: probe: not writable
[xUnit.net 00:00:06.75]             L:SetLength(524288) from 540672 <- DiskService.RecoverHeaderJournal <- DiskService.ValidateExistingData <- DiskService..ctor <- LiteEngine.Open
[xUnit.net 00:00:06.75]         rooted checkpoint-before-clear cut cTrue #1 [dataR/logW] ro=False dataChanged=False logChanged=True
[xUnit.net 00:00:06.75]             ref=rows=8#1242171050 [value:8]untouched=1#434968407 
[xUnit.net 00:00:06.75]             got=rows=8#1242171050 [value:8]untouched=1#434968407 
[xUnit.net 00:00:06.75]             L:SetLength(524288) from 540672 <- DiskService.RecoverHeaderJournal <- DiskService.ValidateExistingData <- DiskService..ctor <- LiteEngine.Open
[xUnit.net 00:00:06.75]             L:SetLength(0) from 524288 <- DiskService.SetLength <- DiskService.DiscardWalTail <- DiskService.FinishWalRecovery <- WalIndexService.RestoreIndex
[xUnit.net 00:00:06.75]             L:SetLength(0) from 0 <- WalPadding.Pad <- DiskService.SyncLogBarrier <- DiskService.DiscardWalTail <- DiskService.FinishWalRecovery
[xUnit.net 00:00:06.75]         rooted checkpoint-before-clear cut cTrue #1 [dataR/logR] ro=False dataChanged=False logChanged=False
[xUnit.net 00:00:06.75]             ref=rows=8#1242171050 [value:8]untouched=1#434968407 
[xUnit.net 00:00:06.75]             got=FAIL NotSupportedException: probe: not writable
[xUnit.net 00:00:06.75]             L:SetLength(524288) from 540672 <- DiskService.RecoverHeaderJournal <- DiskService.ValidateExistingData <- DiskService..ctor <- LiteEngine.Open
[xUnit.net 00:00:06.75]         rooted checkpoint-before-clear cut cTrue #1 [dataW/logR] ro=False dataChanged=False logChanged=False
[xUnit.net 00:00:06.75]             ref=rows=8#1242171050 [value:8]untouched=1#434968407 
[xUnit.net 00:00:06.75]             got=FAIL NotSupportedException: probe: not writable
[xUnit.net 00:00:06.75]             L:SetLength(524288) from 540672 <- DiskService.RecoverHeaderJournal <- DiskService.ValidateExistingData <- DiskService..ctor <- LiteEngine.Open
[xUnit.net 00:00:06.75]         rooted checkpoint-after-clear cut cTrue #1 [dataR/logW] ro=False dataChanged=False logChanged=True
[xUnit.net 00:00:06.75]             ref=rows=8#1242171050 [value:8]untouched=1#434968407 
[xUnit.net 00:00:06.75]             got=rows=8#1242171050 [value:8]untouched=1#434968407 
[xUnit.net 00:00:06.75]             L:SetLength(524288) from 540672 <- DiskService.RecoverHeaderJournal <- DiskService.ValidateExistingData <- DiskService..ctor <- LiteEngine.Open
[xUnit.net 00:00:06.75]             L:SetLength(0) from 524288 <- DiskService.SetLength <- DiskService.DiscardWalTail <- DiskService.FinishWalRecovery <- WalIndexService.RestoreIndex
[xUnit.net 00:00:06.75]             L:SetLength(0) from 0 <- WalPadding.Pad <- DiskService.SyncLogBarrier <- DiskService.DiscardWalTail <- DiskService.FinishWalRecovery
[xUnit.net 00:00:06.75]         rooted checkpoint-after-clear cut cTrue #1 [dataR/logR] ro=False dataChanged=False logChanged=False
[xUnit.net 00:00:06.75]             ref=rows=8#1242171050 [value:8]untouched=1#434968407 
[xUnit.net 00:00:06.75]             got=FAIL NotSupportedException: probe: not writable
[xUnit.net 00:00:06.75]             L:SetLength(524288) from 540672 <- DiskService.RecoverHeaderJournal <- DiskService.ValidateExistingData <- DiskService..ctor <- LiteEngine.Open
[xUnit.net 00:00:06.75]         rooted checkpoint-after-clear cut cTrue #1 [dataW/logR] ro=False dataChanged=False logChanged=False
[xUnit.net 00:00:06.75]             ref=rows=8#1242171050 [value:8]untouched=1#434968407 
[xUnit.net 00:00:06.75]             got=FAIL NotSupportedException: probe: not writable
[xUnit.net 00:00:06.75]             L:SetLength(524288) from 540672 <- DiskService.RecoverHeaderJournal <- DiskService.ValidateExistingData <- DiskService..ctor <- LiteEngine.Open
[xUnit.net 00:00:06.75]         rooted repeat-repair cTrue #1 [dataR/logW] ro=False dataChanged=False logChanged=False
[xUnit.net 00:00:06.75]             ref=rows=8#1242171050 [value:8]untouched=1#434968407 
[xUnit.net 00:00:06.75]             got=FAIL NotSupportedException: probe: not writable
[xUnit.net 00:00:06.75]             D:Write(8192)@0 <- DiskService.RecoverHeaderJournal <- DiskService.ValidateExistingData <- DiskService..ctor <- LiteEngine.Open
[xUnit.net 00:00:06.75]         rooted repeat-repair cTrue #1 [dataR/logR] ro=False dataChanged=False logChanged=False
[xUnit.net 00:00:06.75]             ref=rows=8#1242171050 [value:8]untouched=1#434968407 
[xUnit.net 00:00:06.75]             got=FAIL NotSupportedException: probe: not writable
[xUnit.net 00:00:06.75]             D:Write(8192)@0 <- DiskService.RecoverHeaderJournal <- DiskService.ValidateExistingData <- DiskService..ctor <- LiteEngine.Open
[xUnit.net 00:00:06.75]         rooted repeat-repair cTrue #1 [dataW/logR] ro=False dataChanged=True logChanged=False
[xUnit.net 00:00:06.75]             ref=rows=8#1242171050 [value:8]untouched=1#434968407 
[xUnit.net 00:00:06.75]             got=FAIL NotSupportedException: probe: not writable
[xUnit.net 00:00:06.75]             D:Write(8192)@0 <- DiskService.RecoverHeaderJournal <- DiskService.ValidateExistingData <- DiskService..ctor <- LiteEngine.Open
[xUnit.net 00:00:06.75]             L:SetLength(524288) from 540672 <- DiskService.RecoverHeaderJournal <- DiskService.ValidateExistingData <- DiskService..ctor <- LiteEngine.Open
[xUnit.net 00:00:06.75]         rooted repeat-repair cTrue #2 [dataR/logW] ro=False dataChanged=False logChanged=False
[xUnit.net 00:00:06.75]             ref=rows=8#1242171050 [value:8]untouched=1#434968407 
[xUnit.net 00:00:06.75]             got=FAIL NotSupportedException: probe: not writable
[xUnit.net 00:00:06.75]             D:Write(8192)@0 <- DiskService.RecoverHeaderJournal <- DiskService.ValidateExistingData <- DiskService..ctor <- LiteEngine.Open
[xUnit.net 00:00:06.75]         rooted repeat-repair cTrue #2 [dataR/logR] ro=False dataChanged=False logChanged=False
[xUnit.net 00:00:06.75]             ref=rows=8#1242171050 [value:8]untouched=1#434968407 
[xUnit.net 00:00:06.75]             got=FAIL NotSupportedException: probe: not writable
[xUnit.net 00:00:06.75]             D:Write(8192)@0 <- DiskService.RecoverHeaderJournal <- DiskService.ValidateExistingData <- DiskService..ctor <- LiteEngine.Open
[xUnit.net 00:00:06.75]         rooted repeat-repair cTrue #2 [dataW/logR] ro=False dataChanged=True logChanged=False
[xUnit.net 00:00:06.75]             ref=rows=8#1242171050 [value:8]untouched=1#434968407 
[xUnit.net 00:00:06.75]             got=FAIL NotSupportedException: probe: not writable
[xUnit.net 00:00:06.75]             D:Write(8192)@0 <- DiskService.RecoverHeaderJournal <- DiskService.ValidateExistingData <- DiskService..ctor <- LiteEngine.Open
[xUnit.net 00:00:06.75]             L:SetLength(524288) from 540672 <- DiskService.RecoverHeaderJournal <- DiskService.ValidateExistingData <- DiskService..ctor <- LiteEngine.Open
[xUnit.net 00:00:06.75]         rooted repeat-repair cTrue #3 [dataR/logW] ro=False dataChanged=False logChanged=False
[xUnit.net 00:00:06.75]             ref=rows=8#1242171050 [value:8]untouched=1#434968407 
[xUnit.net 00:00:06.75]             got=FAIL NotSupportedException: probe: not writable
[xUnit.net 00:00:06.75]             D:Write(8192)@0 <- DiskService.RecoverHeaderJournal <- DiskService.ValidateExistingData <- DiskService..ctor <- LiteEngine.Open
[xUnit.net 00:00:06.75]         rooted repeat-repair cTrue #3 [dataR/logR] ro=False dataChanged=False logChanged=False
[xUnit.net 00:00:06.75]             ref=rows=8#1242171050 [value:8]untouched=1#434968407 
[xUnit.net 00:00:06.75]             got=FAIL NotSupportedException: probe: not writable
[xUnit.net 00:00:06.75]             D:Write(8192)@0 <- DiskService.RecoverHeaderJournal <- DiskService.ValidateExistingData <- DiskService..ctor <- LiteEngine.Open
[xUnit.net 00:00:06.75]         rooted repeat-repair cTrue #3 [dataW/logR] ro=False dataChanged=True logChanged=False
[xUnit.net 00:00:06.75]             ref=rows=8#1242171050 [value:8]untouched=1#434968407 
[xUnit.net 00:00:06.75]             got=FAIL NotSupportedException: probe: not writable
[xUnit.net 00:00:06.75]             D:Write(8192)@0 <- DiskService.RecoverHeaderJournal <- DiskService.ValidateExistingData <- DiskService..ctor <- LiteEngine.Open
[xUnit.net 00:00:06.75]             L:SetLength(524288) from 540672 <- DiskService.RecoverHeaderJournal <- DiskService.ValidateExistingData <- DiskService..ctor <- LiteEngine.Open
[xUnit.net 00:00:06.75]         current wal +100 garbage [dataR/logW] ro=False dataChanged=False logChanged=True
[xUnit.net 00:00:06.75]             ref=other=1#902029876 rows=70#-268249295 [value:70]
[xUnit.net 00:00:06.75]             got=other=1#902029876 rows=70#-268249295 [value:70]
[xUnit.net 00:00:06.75]             L:SetLength(147456) from 147556 <- DiskService.SetLength <- DiskService.DiscardWalTail <- DiskService.FinishWalRecovery <- WalIndexService.RestoreIndex
[xUnit.net 00:00:06.75]             L:SetLength(147456) from 147456 <- WalPadding.Pad <- DiskService.SyncLogBarrier <- DiskService.DiscardWalTail <- DiskService.FinishWalRecovery
[xUnit.net 00:00:06.75]         current wal +100 garbage [dataR/logR] ro=False dataChanged=False logChanged=False
[xUnit.net 00:00:06.75]             ref=other=1#902029876 rows=70#-268249295 [value:70]
[xUnit.net 00:00:06.75]             got=FAIL NotSupportedException: probe: not writable
[xUnit.net 00:00:06.75]             L:SetLength(147456) from 147556 <- DiskService.SetLength <- DiskService.DiscardWalTail <- DiskService.FinishWalRecovery <- WalIndexService.RestoreIndex
[xUnit.net 00:00:06.75]         current wal +100 garbage [dataW/logR] ro=False dataChanged=False logChanged=False
[xUnit.net 00:00:06.75]             ref=other=1#902029876 rows=70#-268249295 [value:70]
[xUnit.net 00:00:06.75]             got=FAIL NotSupportedException: probe: not writable
[xUnit.net 00:00:06.75]             L:SetLength(147456) from 147556 <- DiskService.SetLength <- DiskService.DiscardWalTail <- DiskService.FinishWalRecovery <- WalIndexService.RestoreIndex
[xUnit.net 00:00:06.75]         current wal +whole garbage frame [dataR/logW] ro=False dataChanged=False logChanged=True
[xUnit.net 00:00:06.75]             ref=other=1#902029876 rows=70#-268249295 [value:70]
[xUnit.net 00:00:06.75]             got=other=1#902029876 rows=70#-268249295 [value:70]
[xUnit.net 00:00:06.75]             L:SetLength(147456) from 155712 <- DiskService.SetLength <- DiskService.DiscardWalTail <- DiskService.FinishWalRecovery <- WalIndexService.RestoreIndex
[xUnit.net 00:00:06.75]             L:SetLength(147456) from 147456 <- WalPadding.Pad <- DiskService.SyncLogBarrier <- DiskService.DiscardWalTail <- DiskService.FinishWalRecovery
[xUnit.net 00:00:06.75]         current wal +whole garbage frame [dataR/logR] ro=False dataChanged=False logChanged=False
[xUnit.net 00:00:06.75]             ref=other=1#902029876 rows=70#-268249295 [value:70]
[xUnit.net 00:00:06.75]             got=FAIL NotSupportedException: probe: not writable
[xUnit.net 00:00:06.75]             L:SetLength(147456) from 155712 <- DiskService.SetLength <- DiskService.DiscardWalTail <- DiskService.FinishWalRecovery <- WalIndexService.RestoreIndex
[xUnit.net 00:00:06.75]         current wal +whole garbage frame [dataW/logR] ro=False dataChanged=False logChanged=False
[xUnit.net 00:00:06.75]             ref=other=1#902029876 rows=70#-268249295 [value:70]
[xUnit.net 00:00:06.75]             got=FAIL NotSupportedException: probe: not writable
[xUnit.net 00:00:06.75]             L:SetLength(147456) from 155712 <- DiskService.SetLength <- DiskService.DiscardWalTail <- DiskService.FinishWalRecovery <- WalIndexService.RestoreIndex
[xUnit.net 00:00:06.75]         current wal last frame corrupt [dataR/logW] ro=False dataChanged=False logChanged=True
[xUnit.net 00:00:06.75]             ref=rows=70#-268249295 [value:70]
[xUnit.net 00:00:06.75]             got=rows=70#-268249295 [value:70]
[xUnit.net 00:00:06.75]             L:SetLength(114688) from 147456 <- DiskService.SetLength <- DiskService.DiscardWalTail <- DiskService.FinishWalRecovery <- WalIndexService.RestoreIndex
[xUnit.net 00:00:06.75]             L:SetLength(114688) from 114688 <- WalPadding.Pad <- DiskService.SyncLogBarrier <- DiskService.DiscardWalTail <- DiskService.FinishWalRecovery
[xUnit.net 00:00:06.75]         current wal last frame corrupt [dataR/logR] ro=False dataChanged=False logChanged=False
[xUnit.net 00:00:06.75]             ref=rows=70#-268249295 [value:70]
[xUnit.net 00:00:06.75]             got=FAIL NotSupportedException: probe: not writable
[xUnit.net 00:00:06.75]             L:SetLength(114688) from 147456 <- DiskService.SetLength <- DiskService.DiscardWalTail <- DiskService.FinishWalRecovery <- WalIndexService.RestoreIndex
[xUnit.net 00:00:06.75]         current wal last frame corrupt [dataW/logR] ro=False dataChanged=False logChanged=False
[xUnit.net 00:00:06.75]             ref=rows=70#-268249295 [value:70]
[xUnit.net 00:00:06.75]             got=FAIL NotSupportedException: probe: not writable
[xUnit.net 00:00:06.75]             L:SetLength(114688) from 147456 <- DiskService.SetLength <- DiskService.DiscardWalTail <- DiskService.FinishWalRecovery <- WalIndexService.RestoreIndex
[xUnit.net 00:00:06.75]         current wal torn last frame [dataR/logW] ro=False dataChanged=False logChanged=True
[xUnit.net 00:00:06.75]             ref=other=1#902029876 rows=70#-268249295 [value:70]
[xUnit.net 00:00:06.75]             got=other=1#902029876 rows=70#-268249295 [value:70]
[xUnit.net 00:00:06.75]             L:SetLength(147456) from 142456 <- DiskService.SetLength <- DiskService.DiscardWalTail <- DiskService.FinishWalRecovery <- WalIndexService.RestoreIndex
[xUnit.net 00:00:06.75]             L:SetLength(147456) from 147456 <- WalPadding.Pad <- DiskService.SyncLogBarrier <- DiskService.DiscardWalTail <- DiskService.FinishWalRecovery
[xUnit.net 00:00:06.75]         current wal torn last frame [dataR/logR] ro=False dataChanged=False logChanged=False
[xUnit.net 00:00:06.75]             ref=other=1#902029876 rows=70#-268249295 [value:70]
[xUnit.net 00:00:06.75]             got=FAIL NotSupportedException: probe: not writable
[xUnit.net 00:00:06.75]             L:SetLength(147456) from 142456 <- DiskService.SetLength <- DiskService.DiscardWalTail <- DiskService.FinishWalRecovery <- WalIndexService.RestoreIndex
[xUnit.net 00:00:06.75]         current wal torn last frame [dataW/logR] ro=False dataChanged=False logChanged=False
[xUnit.net 00:00:06.75]             ref=other=1#902029876 rows=70#-268249295 [value:70]
[xUnit.net 00:00:06.75]             got=FAIL NotSupportedException: probe: not writable
[xUnit.net 00:00:06.75]             L:SetLength(147456) from 142456 <- DiskService.SetLength <- DiskService.DiscardWalTail <- DiskService.FinishWalRecovery <- WalIndexService.RestoreIndex
[xUnit.net 00:00:06.75]         v11 wal +100 garbage [dataR/logW] ro=False dataChanged=False logChanged=True
[xUnit.net 00:00:06.75]             ref=other=1#902029876 rows=70#-268249295 [value:70]
[xUnit.net 00:00:06.75]             got=other=1#902029876 rows=70#-268249295 [value:70]
[xUnit.net 00:00:06.75]             L:SetLength(147456) from 147556 <- DiskService.SetLength <- DiskService.DiscardWalTail <- DiskService.FinishWalRecovery <- WalIndexService.RestoreIndex
[xUnit.net 00:00:06.75]             L:SetLength(147456) from 147456 <- WalPadding.Pad <- DiskService.SyncLogBarrier <- DiskService.DiscardWalTail <- DiskService.FinishWalRecovery
[xUnit.net 00:00:06.75]         v11 wal +100 garbage [dataR/logR] ro=False dataChanged=False logChanged=False
[xUnit.net 00:00:06.75]             ref=other=1#902029876 rows=70#-268249295 [value:70]
[xUnit.net 00:00:06.75]             got=FAIL NotSupportedException: probe: not writable
[xUnit.net 00:00:06.75]             L:SetLength(147456) from 147556 <- DiskService.SetLength <- DiskService.DiscardWalTail <- DiskService.FinishWalRecovery <- WalIndexService.RestoreIndex
[xUnit.net 00:00:06.75]         v11 wal +100 garbage [dataW/logR] ro=False dataChanged=False logChanged=False
[xUnit.net 00:00:06.75]             ref=other=1#902029876 rows=70#-268249295 [value:70]
[xUnit.net 00:00:06.75]             got=FAIL NotSupportedException: probe: not writable
[xUnit.net 00:00:06.75]             L:SetLength(147456) from 147556 <- DiskService.SetLength <- DiskService.DiscardWalTail <- DiskService.FinishWalRecovery <- WalIndexService.RestoreIndex
[xUnit.net 00:00:06.77]   Finished:    LiteDB.Tests
  Failed LiteDB.Tests.Engine.ZzProbe3_Tests.Replay_images_over_non_writable_combinations [5 s]
  Error Message:
   Assert.Empty() Failure: Collection was not empty
Collection: ["mig#8 migration:log.after-sync [dataR/logW] ro=Fal"···, "mig#8 migration:log.after-sync [dataR/logR] ro=Fal"···, "mig#8 migration:log.after-sync [dataW/logR] ro=Tru"···, "mig#9 migration:log.torn-write [dataR/logW] ro=Fal"···, "mig#9 migration:log.torn-write [dataR/logR] ro=Fal"···, ···]
  Stack Trace:
     at LiteDB.Tests.Engine.ZzProbe3_Tests.Replay(Boolean heavy) in $TMPDIR/review3-c/LiteDB.Tests/Engine/ZzProbe3_Tests.cs:line 289
   at LiteDB.Tests.Engine.ZzProbe3_Tests.Replay_images_over_non_writable_combinations() in $TMPDIR/review3-c/LiteDB.Tests/Engine/ZzProbe3_Tests.cs:line 237
   at System.Reflection.MethodBaseInvoker.InterpretedInvoke_Method(Object obj, IntPtr* args)
   at System.Reflection.MethodBaseInvoker.InvokeWithNoArgs(Object obj, BindingFlags invokeAttr)
  Standard Output Messages:
 images: 185
   5021 x1
   mig#0 x1
   mig#1 x1
   mig#2 x1
   mig#3 x1
   mig#4 x1
   mig#5 x1
   mig#6 x1
   mig#7 x1
   mig#8 x1
   mig#9 x1
   mig#10 x1
   mig#11 x1
   mig#12 x1
   mig#13 x1
   mig#14 x1
   mig#15 x1
   mig#16 x1
   mig#17 x1
   mig#18 x1
   mig#19 x1
   mig#20 x1
   mig#21 x1
   mig#22 x1
   mig#23 x1
   mig#24 x1
   mig#25 x1
   mig#26 x1
   mig#27 x1
   mig#28 x1
   mig#29 x1
   mig#30 x1
   mig#31 x1
   mig#32 x1
   mig#33 x1
   mig#34 x1
   mig#35 x1
   mig#36 x1
   mig#37 x1
   mig#38 x1
   mig#39 x1
   mig#40 x1
   mig#41 x1
   mig#42 x1
   mig#43 x1
   mig#44 x1
   mig#45 x1
   mig#46 x1
   mig#47 x1
   mig#48 x1
   mig#49 x1
   mig#50 x1
   mig#51 x1
   mig#52 x1
   mig#53 x1
   mig#54 x1
   mig#55 x1
   mig#56 x1
   mig#57 x1
   mig#58 x1
   mig x1
   walcrash x1
   walcrash+tail100 x1
   walcrash+tail512 x1
   walcrash+tail4096 x1
   promo x37
   mvcc x38
   rooted x36
   current x7
   v11 x2
 sample mvcc clean rooted cFalse v13 log=385024 ref=rows=8#1242171050 [value:8]untouched=1#434968407 
 sample mvcc promotion-before-journal-write p-1 cFalse v11 log=376832 ref=rows=8#1242171050 [value:8]untouched=1#434968407 
 sample mvcc promotion-after-journal-flush p-1 cFalse v11 log=393216 ref=rows=8#1242171050 [value:8]untouched=1#434968407 
 sample mvcc promotion-before-header-write p-1 cFalse v11 log=393216 ref=rows=8#1242171050 [value:8]untouched=1#434968407 
 sample mvcc promotion-after-header-write p-1 cFalse v11 log=393216 ref=rows=8#1242171050 [value:8]untouched=1#434968407 
 sample mvcc promotion-after-header-flush p-1 cFalse v13 log=393216 ref=rows=8#1242171050 [value:8]untouched=1#434968407 
 sample mvcc promotion-after-journal-retire-flush p-1 cFalse v13 log=376832 ref=rows=8#1242171050 [value:8]untouched=1#434968407 
 sample mvcc retirement-before-record-write p-1 cFalse v13 log=376832 ref=rows=8#1242171050 [value:8]untouched=1#434968407 
 sample mvcc retirement-after-record-write p-1 cFalse v13 log=376832 ref=rows=8#1242171050 [value:8]untouched=1#434968407 
 sample mvcc retirement-records-flushed p-1 cFalse v13 log=379776 ref=rows=8#1242171050 [value:8]untouched=1#434968407 
 sample mvcc retirement-before-header-write p-1 cFalse v13 log=401408 ref=rows=8#1242171050 [value:8]untouched=1#434968407 
 sample mvcc retirement-after-header-write p-1 cFalse v13 log=401408 ref=rows=8#1242171050 [value:8]untouched=1#434968407 
 sample mvcc retirement-header-flushed p-1 cFalse v13 log=401408 ref=rows=8#1242171050 [value:8]untouched=1#434968407 
 sample mvcc retirement-before-journal-retire-flush p-1 cFalse v13 log=401408 ref=rows=8#1242171050 [value:8]untouched=1#434968407 
 sample mvcc retirement-journal-retired p-1 cFalse v13 log=385024 ref=rows=8#1242171050 [value:8]untouched=1#434968407 
 sample mvcc wal-slot-cleared p-1 cFalse v13 log=385024 ref=rows=8#1242171050 [value:8]untouched=1#434968407 
 sample mvcc wal-slots-flushed p-1 cFalse v13 log=385024 ref=rows=8#1242171050 [value:8]untouched=1#434968407 
 sample mvcc wal-slots-published p-1 cFalse v13 log=385024 ref=rows=8#1242171050 [value:8]untouched=1#434968407 
 sample mvcc reuse p-1 cFalse v13 log=385024 ref=rows=8#1242171050 [value:8]untouched=1#434968407 
 sample rooted checkpoint-before-page-write cut cFalse #0 v13 log=524288 ref=rows=8#1242171050 [value:8]untouched=1#434968407 
 sample rooted checkpoint-before-page-write cut cFalse #1 v13 log=540672 ref=rows=8#1242171050 [value:8]untouched=1#434968407 
 sample rooted checkpoint-after-page-write cut cFalse #0 v13 log=524288 ref=rows=8#1242171050 [value:8]untouched=1#434968407 
 sample rooted checkpoint-after-page-write cut cFalse #1 v13 log=540672 ref=rows=8#1242171050 [value:8]untouched=1#434968407 
 sample rooted checkpoint-before-data-flush cut cFalse #0 v13 log=524288 ref=rows=8#1242171050 [value:8]untouched=1#434968407 
 sample rooted checkpoint-before-data-flush cut cFalse #1 v13 log=540672 ref=rows=8#1242171050 [value:8]untouched=1#434968407 
 sample rooted checkpoint-after-data-flush cut cFalse #0 v13 log=524288 ref=rows=8#1242171050 [value:8]untouched=1#434968407 
 sample rooted checkpoint-after-data-flush cut cFalse #1 v13 log=540672 ref=rows=8#1242171050 [value:8]untouched=1#434968407 
 sample rooted before-reclaim cut cFalse #0 v13 log=524288 ref=rows=8#1242171050 [value:8]untouched=1#434968407 
 sample rooted before-reclaim cut cFalse #1 v13 log=540672 ref=rows=8#1242171050 [value:8]untouched=1#434968407 
 sample rooted checkpoint-before-clear cut cFalse #0 v13 log=524288 ref=rows=8#1242171050 [value:8]untouched=1#434968407 
 sample rooted checkpoint-before-clear cut cFalse #1 v13 log=540672 ref=rows=8#1242171050 [value:8]untouched=1#434968407 
 sample rooted checkpoint-after-clear cut cFalse #0 v13 log=524288 ref=rows=8#1242171050 [value:8]untouched=1#434968407 
 sample rooted checkpoint-after-clear cut cFalse #1 v13 log=540672 ref=rows=8#1242171050 [value:8]untouched=1#434968407 
 sample rooted repeat-repair cFalse #0 v13 log=524288 ref=rows=8#1242171050 [value:8]untouched=1#434968407 
 sample rooted repeat-repair cFalse #1 v0 log=540672 ref=rows=8#1242171050 [value:8]untouched=1#434968407 
 sample rooted repeat-repair cFalse #2 v13 log=540672 ref=rows=8#1242171050 [value:8]untouched=1#434968407 
 sample rooted repeat-repair cFalse #3 v13 log=540672 ref=rows=8#1242171050 [value:8]untouched=1#434968407 
 sample mvcc clean rooted cTrue v13 log=385024 ref=rows=8#1242171050 [value:8]untouched=1#434968407 
 sample mvcc promotion-before-journal-write p-1 cTrue v12 log=376832 ref=rows=8#1242171050 [value:8]untouched=1#434968407 
 sample mvcc promotion-after-journal-flush p-1 cTrue v12 log=393216 ref=rows=8#1242171050 [value:8]untouched=1#434968407 
 sample mvcc promotion-before-header-write p-1 cTrue v12 log=393216 ref=rows=8#1242171050 [value:8]untouched=1#434968407 
 sample mvcc promotion-after-header-write p-1 cTrue v12 log=393216 ref=rows=8#1242171050 [value:8]untouched=1#434968407 
 sample mvcc promotion-after-header-flush p-1 cTrue v13 log=393216 ref=rows=8#1242171050 [value:8]untouched=1#434968407 
 sample mvcc promotion-after-journal-retire-flush p-1 cTrue v13 log=376832 ref=rows=8#1242171050 [value:8]untouched=1#434968407 
 sample mvcc retirement-before-record-write p-1 cTrue v13 log=376832 ref=rows=8#1242171050 [value:8]untouched=1#434968407 
 sample mvcc retirement-after-record-write p-1 cTrue v13 log=376832 ref=rows=8#1242171050 [value:8]untouched=1#434968407 
 sample mvcc retirement-records-flushed p-1 cTrue v13 log=379776 ref=rows=8#1242171050 [value:8]untouched=1#434968407 
 sample mvcc retirement-before-header-write p-1 cTrue v13 log=401408 ref=rows=8#1242171050 [value:8]untouched=1#434968407 
 sample mvcc retirement-after-header-write p-1 cTrue v13 log=401408 ref=rows=8#1242171050 [value:8]untouched=1#434968407 
 sample mvcc retirement-header-flushed p-1 cTrue v13 log=401408 ref=rows=8#1242171050 [value:8]untouched=1#434968407 
 sample mvcc retirement-before-journal-retire-flush p-1 cTrue v13 log=401408 ref=rows=8#1242171050 [value:8]untouched=1#434968407 
 sample mvcc retirement-journal-retired p-1 cTrue v13 log=385024 ref=rows=8#1242171050 [value:8]untouched=1#434968407 
 sample mvcc wal-slot-cleared p-1 cTrue v13 log=385024 ref=rows=8#1242171050 [value:8]untouched=1#434968407 
 sample mvcc wal-slots-flushed p-1 cTrue v13 log=385024 ref=rows=8#1242171050 [value:8]untouched=1#434968407 
 sample mvcc wal-slots-published p-1 cTrue v13 log=385024 ref=rows=8#1242171050 [value:8]untouched=1#434968407 
 sample mvcc reuse p-1 cTrue v13 log=385024 ref=rows=8#1242171050 [value:8]untouched=1#434968407 
 sample rooted checkpoint-before-page-write cut cTrue #0 v13 log=524288 ref=rows=8#1242171050 [value:8]untouched=1#434968407 
 sample rooted checkpoint-before-page-write cut cTrue #1 v13 log=540672 ref=rows=8#1242171050 [value:8]untouched=1#434968407 
 sample rooted checkpoint-after-page-write cut cTrue #0 v13 log=524288 ref=rows=8#1242171050 [value:8]untouched=1#434968407 
 sample rooted checkpoint-after-page-write cut cTrue #1 v13 log=540672 ref=rows=8#1242171050 [value:8]untouched=1#434968407 
 sample rooted checkpoint-before-data-flush cut cTrue #0 v13 log=524288 ref=rows=8#1242171050 [value:8]untouched=1#434968407 
 sample rooted checkpoint-before-data-flush cut cTrue #1 v13 log=540672 ref=rows=8#1242171050 [value:8]untouched=1#434968407 
 sample rooted checkpoint-after-data-flush cut cTrue #0 v13 log=524288 ref=rows=8#1242171050 [value:8]untouched=1#434968407 
 sample rooted checkpoint-after-data-flush cut cTrue #1 v13 log=540672 ref=rows=8#1242171050 [value:8]untouched=1#434968407 
 sample rooted before-reclaim cut cTrue #0 v13 log=524288 ref=rows=8#1242171050 [value:8]untouched=1#434968407 
 sample rooted before-reclaim cut cTrue #1 v13 log=540672 ref=rows=8#1242171050 [value:8]untouched=1#434968407 
 sample rooted checkpoint-before-clear cut cTrue #0 v13 log=524288 ref=rows=8#1242171050 [value:8]untouched=1#434968407 
 sample rooted checkpoint-before-clear cut cTrue #1 v13 log=540672 ref=rows=8#1242171050 [value:8]untouched=1#434968407 
 sample rooted checkpoint-after-clear cut cTrue #0 v13 log=524288 ref=rows=8#1242171050 [value:8]untouched=1#434968407 
 sample rooted checkpoint-after-clear cut cTrue #1 v13 log=540672 ref=rows=8#1242171050 [value:8]untouched=1#434968407 
 sample rooted repeat-repair cTrue #0 v13 log=524288 ref=rows=8#1242171050 [value:8]untouched=1#434968407 
 sample rooted repeat-repair cTrue #1 v0 log=540672 ref=rows=8#1242171050 [value:8]untouched=1#434968407 
 sample rooted repeat-repair cTrue #2 v13 log=540672 ref=rows=8#1242171050 [value:8]untouched=1#434968407 
 sample rooted repeat-repair cTrue #3 v13 log=540672 ref=rows=8#1242171050 [value:8]untouched=1#434968407 
 sample current clean wal v12 log=147456 ref=other=1#902029876 rows=70#-268249295 [value:70]
 sample current wal +100 garbage v12 log=147556 ref=other=1#902029876 rows=70#-268249295 [value:70]
 sample current wal +whole garbage frame v12 log=155712 ref=other=1#902029876 rows=70#-268249295 [value:70]
 sample current wal last frame corrupt v12 log=147456 ref=rows=70#-268249295 [value:70]
 sample current wal torn last frame v12 log=142456 ref=other=1#902029876 rows=70#-268249295 [value:70]
 sample current data partial page v12 log=147456 ref=other=1#902029876 rows=70#-268249295 [value:70]
 sample current empty log v12 log=0 ref=rows=50#-171356781 [value:50]
 sample v11 clean wal v11 log=147456 ref=other=1#902029876 rows=70#-268249295 [value:70]
 sample v11 wal +100 garbage v11 log=147556 ref=other=1#902029876 rows=70#-268249295 [value:70]
 reference failures: 0
 3 x dataR/log- OK ro=False
 4 x dataR/log- OK ro=True
 117 x dataR/logR BAD ro=False
 52 x dataR/logR OK ro=False
 16 x dataR/logR OK ro=True
 90 x dataR/logW BAD ro=False
 27 x dataR/logW BAD ro=True
 52 x dataR/logW OK ro=False
 16 x dataR/logW OK ro=True
 113 x dataW/logR BAD ro=False
 4 x dataW/logR BAD ro=True
 52 x dataW/logR OK ro=False
 16 x dataW/logR OK ro=True
 mig#8 migration:log.after-sync [dataR/logW] ro=False dataChanged=False logChanged=False
     ref=cold=1#-1409849320 rows=48#1973434553 [oid:48][values:[idxERR LiteException][flags:[idxERR LiteException][computed:48]
     got=FAIL NotSupportedException: probe: not writable
     D:Write(8192)@0 <- DiskService.RecoverHeaderJournal <- DiskService.ValidateExistingData <- DiskService..ctor <- LiteEngine.Open
 mig#8 migration:log.after-sync [dataR/logR] ro=False dataChanged=False logChanged=False
     ref=cold=1#-1409849320 rows=48#1973434553 [oid:48][values:[idxERR LiteException][flags:[idxERR LiteException][computed:48]
     got=FAIL NotSupportedException: probe: not writable
     D:Write(8192)@0 <- DiskService.RecoverHeaderJournal <- DiskService.ValidateExistingData <- DiskService..ctor <- LiteEngine.Open
 mig#8 migration:log.after-sync [dataW/logR] ro=True dataChanged=True logChanged=False
     ref=cold=1#-1409849320 rows=48#1973434553 [oid:48][values:[idxERR LiteException][flags:[idxERR LiteException][computed:48]
     got=cold=1#-1409849320 rows=48#1973434553 [oid:48][values:[idxERR LiteException][flags:[idxERR LiteException][computed:48]
     D:Write(8192)@0 <- DiskService.RecoverHeaderJournal <- DiskService.ValidateExistingData <- DiskService..ctor <- LiteEngine.Open
 mig#9 migration:log.torn-write [dataR/logW] ro=False dataChanged=False logChanged=False
     ref=cold=1#-1409849320 rows=48#1973434553 [oid:48][values:[idxERR LiteException][flags:[idxERR LiteException][computed:48]
     got=FAIL NotSupportedException: probe: not writable
     D:Write(8192)@0 <- DiskService.RecoverHeaderJournal <- DiskService.ValidateExistingData <- DiskService..ctor <- LiteEngine.Open
 mig#9 migration:log.torn-write [dataR/logR] ro=False dataChanged=False logChanged=False
     ref=cold=1#-1409849320 rows=48#1973434553 [oid:48][values:[idxERR LiteException][flags:[idxERR LiteException][computed:48]
     got=FAIL NotSupportedException: probe: not writable
     D:Write(8192)@0 <- DiskService.RecoverHeaderJournal <- DiskService.ValidateExistingData <- DiskService..ctor <- LiteEngine.Open
 mig#9 migration:log.torn-write [dataW/logR] ro=True dataChanged=True logChanged=False
     ref=cold=1#-1409849320 rows=48#1973434553 [oid:48][values:[idxERR LiteException][flags:[idxERR LiteException][computed:48]
     got=cold=1#-1409849320 rows=48#1973434553 [oid:48][values:[idxERR LiteException][flags:[idxERR LiteException][computed:48]
     D:Write(8192)@0 <- DiskService.RecoverHeaderJournal <- DiskService.ValidateExistingData <- DiskService..ctor <- LiteEngine.Open
 mig#10 migration:log.after-sync [dataR/logW] ro=False dataChanged=False logChanged=False
     ref=cold=1#-1409849320 rows=48#1973434553 [oid:48][values:[idxERR LiteException][flags:[idxERR LiteException][computed:48]
     got=FAIL NotSupportedException: probe: not writable
     D:Write(8192)@0 <- DiskService.RecoverHeaderJournal <- DiskService.ValidateExistingData <- DiskService..ctor <- LiteEngine.Open
 mig#10 migration:log.after-sync [dataR/logR] ro=False dataChanged=False logChanged=False
     ref=cold=1#-1409849320 rows=48#1973434553 [oid:48][values:[idxERR LiteException][flags:[idxERR LiteException][computed:48]
     got=FAIL NotSupportedException: probe: not writable
     D:Write(8192)@0 <- DiskService.RecoverHeaderJournal <- DiskService.ValidateExistingData <- DiskService..ctor <- LiteEngine.Open
 mig#10 migration:log.after-sync [dataW/logR] ro=True dataChanged=True logChanged=False
     ref=cold=1#-1409849320 rows=48#1973434553 [oid:48][values:[idxERR LiteException][flags:[idxERR LiteException][computed:48]
     got=cold=1#-1409849320 rows=48#1973434553 [oid:48][values:[idxERR LiteException][flags:[idxERR LiteException][computed:48]
     D:Write(8192)@0 <- DiskService.RecoverHeaderJournal <- DiskService.ValidateExistingData <- DiskService..ctor <- LiteEngine.Open
 mig#11 migration:data.torn-write [dataR/logW] ro=False dataChanged=False logChanged=False
     ref=cold=1#-1409849320 rows=48#1973434553 [oid:48][values:[idxERR LiteException][flags:[idxERR LiteException][computed:48]
     got=FAIL NotSupportedException: probe: not writable
     D:Write(8192)@0 <- DiskService.RecoverHeaderJournal <- DiskService.ValidateExistingData <- DiskService..ctor <- LiteEngine.Open
 mig#11 migration:data.torn-write [dataR/logR] ro=False dataChanged=False logChanged=False
     ref=cold=1#-1409849320 rows=48#1973434553 [oid:48][values:[idxERR LiteException][flags:[idxERR LiteException][computed:48]
     got=FAIL NotSupportedException: probe: not writable
     D:Write(8192)@0 <- DiskService.RecoverHeaderJournal <- DiskService.ValidateExistingData <- DiskService..ctor <- LiteEngine.Open
 mig#11 migration:data.torn-write [dataW/logR] ro=True dataChanged=True logChanged=False
     ref=cold=1#-1409849320 rows=48#1973434553 [oid:48][values:[idxERR LiteException][flags:[idxERR LiteException][computed:48]
     got=cold=1#-1409849320 rows=48#1973434553 [oid:48][values:[idxERR LiteException][flags:[idxERR LiteException][computed:48]
     D:Write(8192)@0 <- DiskService.RecoverHeaderJournal <- DiskService.ValidateExistingData <- DiskService..ctor <- LiteEngine.Open
 mig#12 migration:data.after-sync [dataR/logW] ro=True dataChanged=False logChanged=True
     ref=cold=1#-1409849320 rows=48#1973434553 [oid:48][values:[idxERR LiteException][flags:[idxERR LiteException][computed:48]
     got=cold=1#-1409849320 rows=48#1973434553 [oid:48][values:[idxERR LiteException][flags:[idxERR LiteException][computed:48]
     L:SetLength(0) from 32768 <- DiskService.RecoverHeaderJournal <- DiskService.ValidateExistingData <- DiskService..ctor <- LiteEngine.Open
 mig#12 migration:data.after-sync [dataR/logR] ro=False dataChanged=False logChanged=False
     ref=cold=1#-1409849320 rows=48#1973434553 [oid:48][values:[idxERR LiteException][flags:[idxERR LiteException][computed:48]
     got=FAIL NotSupportedException: probe: not writable
     L:SetLength(0) from 32768 <- DiskService.RecoverHeaderJournal <- DiskService.ValidateExistingData <- DiskService..ctor <- LiteEngine.Open
 mig#12 migration:data.after-sync [dataW/logR] ro=False dataChanged=False logChanged=False
     ref=cold=1#-1409849320 rows=48#1973434553 [oid:48][values:[idxERR LiteException][flags:[idxERR LiteException][computed:48]
     got=FAIL NotSupportedException: probe: not writable
     L:SetLength(0) from 32768 <- DiskService.RecoverHeaderJournal <- DiskService.ValidateExistingData <- DiskService..ctor <- LiteEngine.Open
 mig#14 migration:log.torn-write [dataR/logW] ro=True dataChanged=False logChanged=True
     ref=cold=1#-1409849320 rows=48#1973434553 [oid:48][values:[idxERR LiteException][flags:[idxERR LiteException][computed:48]
     got=cold=1#-1409849320 rows=48#1973434553 [oid:48][values:[idxERR LiteException][flags:[idxERR LiteException][computed:48]
     L:SetLength(0) from 15 <- DiskService.SetLength <- DiskService.DiscardWalTail <- DiskService.FinishWalRecovery <- WalIndexService.RestoreIndex
     L:SetLength(0) from 0 <- WalPadding.Pad <- DiskService.SyncLogBarrier <- DiskService.DiscardWalTail <- DiskService.FinishWalRecovery
 mig#14 migration:log.torn-write [dataR/logR] ro=False dataChanged=False logChanged=False
     ref=cold=1#-1409849320 rows=48#1973434553 [oid:48][values:[idxERR LiteException][flags:[idxERR LiteException][computed:48]
     got=FAIL NotSupportedException: probe: not writable
     L:SetLength(0) from 15 <- DiskService.SetLength <- DiskService.DiscardWalTail <- DiskService.FinishWalRecovery <- WalIndexService.RestoreIndex
 mig#14 migration:log.torn-write [dataW/logR] ro=False dataChanged=False logChanged=False
     ref=cold=1#-1409849320 rows=48#1973434553 [oid:48][values:[idxERR LiteException][flags:[idxERR LiteException][computed:48]
     got=FAIL NotSupportedException: probe: not writable
     L:SetLength(0) from 15 <- DiskService.SetLength <- DiskService.DiscardWalTail <- DiskService.FinishWalRecovery <- WalIndexService.RestoreIndex
 mig#15 migration:log.after-sync [dataR/logW] ro=True dataChanged=False logChanged=True
     ref=cold=1#-1409849320 rows=48#1973434553 [oid:48][values:[idxERR LiteException][flags:[idxERR LiteException][computed:48]
     got=cold=1#-1409849320 rows=48#1973434553 [oid:48][values:[idxERR LiteException][flags:[idxERR LiteException][computed:48]
     L:SetLength(0) from 16384 <- DiskService.RecoverHeaderJournal <- DiskService.ValidateExistingData <- DiskService..ctor <- LiteEngine.Open
 mig#15 migration:log.after-sync [dataR/logR] ro=False dataChanged=False logChanged=False
     ref=cold=1#-1409849320 rows=48#1973434553 [oid:48][values:[idxERR LiteException][flags:[idxERR LiteException][computed:48]
     got=FAIL NotSupportedException: probe: not writable
     L:SetLength(0) from 16384 <- DiskService.RecoverHeaderJournal <- DiskService.ValidateExistingData <- DiskService..ctor <- LiteEngine.Open
 mig#15 migration:log.after-sync [dataW/logR] ro=False dataChanged=False logChanged=False
     ref=cold=1#-1409849320 rows=48#1973434553 [oid:48][values:[idxERR LiteException][flags:[idxERR LiteException][computed:48]
     got=FAIL NotSupportedException: probe: not writable
     L:SetLength(0) from 16384 <- DiskService.RecoverHeaderJournal <- DiskService.ValidateExistingData <- DiskService..ctor <- LiteEngine.Open
 mig#16 migration:data.torn-write [dataR/logW] ro=False dataChanged=False logChanged=False
     ref=cold=1#-1409849320 rows=48#1973434553 [oid:48][values:[idxERR LiteException][flags:[idxERR LiteException][computed:48]
     got=FAIL NotSupportedException: probe: not writable
     D:Write(8192)@0 <- DiskService.RecoverHeaderJournal <- DiskService.ValidateExistingData <- DiskService..ctor <- LiteEngine.Open
 mig#16 migration:data.torn-write [dataR/logR] ro=False dataChanged=False logChanged=False
     ref=cold=1#-1409849320 rows=48#1973434553 [oid:48][values:[idxERR LiteException][flags:[idxERR LiteException][computed:48]
     got=FAIL NotSupportedException: probe: not writable
     D:Write(8192)@0 <- DiskService.RecoverHeaderJournal <- DiskService.ValidateExistingData <- DiskService..ctor <- LiteEngine.Open
 mig#16 migration:data.torn-write [dataW/logR] ro=False dataChanged=True logChanged=False
     ref=cold=1#-1409849320 rows=48#1973434553 [oid:48][values:[idxERR LiteException][flags:[idxERR LiteException][computed:48]
     got=FAIL NotSupportedException: probe: not writable
     D:Write(8192)@0 <- DiskService.RecoverHeaderJournal <- DiskService.ValidateExistingData <- DiskService..ctor <- LiteEngine.Open
     L:SetLength(0) from 16384 <- DiskService.RecoverHeaderJournal <- DiskService.ValidateExistingData <- DiskService..ctor <- LiteEngine.Open
 mig#17 migration:data.after-sync [dataR/logW] ro=True dataChanged=False logChanged=True
     ref=cold=1#-1409849320 rows=48#1973434553 [oid:48][values:[idxERR LiteException][flags:[idxERR LiteException][computed:48]
     got=cold=1#-1409849320 rows=48#1973434553 [oid:48][values:[idxERR LiteException][flags:[idxERR LiteException][computed:48]
     L:SetLength(0) from 16384 <- DiskService.RecoverHeaderJournal <- DiskService.ValidateExistingData <- DiskService..ctor <- LiteEngine.Open
 mig#17 migration:data.after-sync [dataR/logR] ro=False dataChanged=False logChanged=False
     ref=cold=1#-1409849320 rows=48#1973434553 [oid:48][values:[idxERR LiteException][flags:[idxERR LiteException][computed:48]
     got=FAIL NotSupportedException: probe: not writable
     L:SetLength(0) from 16384 <- DiskService.RecoverHeaderJournal <- DiskService.ValidateExistingData <- DiskService..ctor <- LiteEngine.Open
 mig#17 migration:data.after-sync [dataW/logR] ro=False dataChanged=False logChanged=False
     ref=cold=1#-1409849320 rows=48#1973434553 [oid:48][values:[idxERR LiteException][flags:[idxERR LiteException][computed:48]
     got=FAIL NotSupportedException: probe: not writable
     L:SetLength(0) from 16384 <- DiskService.RecoverHeaderJournal <- DiskService.ValidateExistingData <- DiskService..ctor <- LiteEngine.Open
 mig#19 migration:log.torn-write [dataR/logW] ro=True dataChanged=False logChanged=True
     ref=cold=1#-1409849320 rows=48#1973434553 [oid:48][values:[idxERR LiteException][flags:[idxERR LiteException][computed:48]
     got=cold=1#-1409849320 rows=48#1973434553 [oid:48][values:[idxERR LiteException][flags:[idxERR LiteException][computed:48]
     L:SetLength(0) from 15 <- DiskService.SetLength <- DiskService.DiscardWalTail <- DiskService.FinishWalRecovery <- WalIndexService.RestoreIndex
     L:SetLength(0) from 0 <- WalPadding.Pad <- DiskService.SyncLogBarrier <- DiskService.DiscardWalTail <- DiskService.FinishWalRecovery
 mig#19 migration:log.torn-write [dataR/logR] ro=False dataChanged=False logChanged=False
     ref=cold=1#-1409849320 rows=48#1973434553 [oid:48][values:[idxERR LiteException][flags:[idxERR LiteException][computed:48]
     got=FAIL NotSupportedException: probe: not writable
     L:SetLength(0) from 15 <- DiskService.SetLength <- DiskService.DiscardWalTail <- DiskService.FinishWalRecovery <- WalIndexService.RestoreIndex
 mig#19 migration:log.torn-write [dataW/logR] ro=False dataChanged=False logChanged=False
     ref=cold=1#-1409849320 rows=48#1973434553 [oid:48][values:[idxERR LiteException][flags:[idxERR LiteException][computed:48]
     got=FAIL NotSupportedException: probe: not writable
     L:SetLength(0) from 15 <- DiskService.SetLength <- DiskService.DiscardWalTail <- DiskService.FinishWalRecovery <- WalIndexService.RestoreIndex
 mig#20 migration:log.torn-write [dataR/logW] ro=True dataChanged=False logChanged=True
     ref=cold=1#-1409849320 rows=48#1973434553 [oid:48][values:[idxERR LiteException][flags:[idxERR LiteException][computed:48]
     got=cold=1#-1409849320 rows=48#1973434553 [oid:48][values:[idxERR LiteException][flags:[idxERR LiteException][computed:48]
     L:SetLength(0) from 8271 <- DiskService.SetLength <- DiskService.DiscardWalTail <- DiskService.FinishWalRecovery <- WalIndexService.RestoreIndex
     L:SetLength(0) from 0 <- WalPadding.Pad <- DiskService.SyncLogBarrier <- DiskService.DiscardWalTail <- DiskService.FinishWalRecovery
 mig#20 migration:log.torn-write [dataR/logR] ro=False dataChanged=False logChanged=False
     ref=cold=1#-1409849320 rows=48#1973434553 [oid:48][values:[idxERR LiteException][flags:[idxERR LiteException][computed:48]
     got=FAIL NotSupportedException: probe: not writable
     L:SetLength(0) from 8271 <- DiskService.SetLength <- DiskService.DiscardWalTail <- DiskService.FinishWalRecovery <- WalIndexService.RestoreIndex
 mig#20 migration:log.torn-write [dataW/logR] ro=False dataChanged=False logChanged=False
     ref=cold=1#-1409849320 rows=48#1973434553 [oid:48][values:[idxERR LiteException][flags:[idxERR LiteException][computed:48]
     got=FAIL NotSupportedException: probe: not writable
     L:SetLength(0) from 8271 <- DiskService.SetLength <- DiskService.DiscardWalTail <- DiskService.FinishWalRecovery <- WalIndexService.RestoreIndex
 mig#21 migration:log.torn-write [dataR/logW] ro=True dataChanged=False logChanged=True
     ref=cold=1#-1409849320 rows=48#1973434553 [oid:48][values:[idxERR LiteException][flags:[idxERR LiteException][computed:48]
     got=cold=1#-1409849320 rows=48#1973434553 [oid:48][values:[idxERR LiteException][flags:[idxERR LiteException][computed:48]
     L:SetLength(0) from 16527 <- DiskService.SetLength <- DiskService.DiscardWalTail <- DiskService.FinishWalRecovery <- WalIndexService.RestoreIndex
     L:SetLength(0) from 0 <- WalPadding.Pad <- DiskService.SyncLogBarrier <- DiskService.DiscardWalTail <- DiskService.FinishWalRecovery
 mig#21 migration:log.torn-write [dataR/logR] ro=False dataChanged=False logChanged=False
     ref=cold=1#-1409849320 rows=48#1973434553 [oid:48][values:[idxERR LiteException][flags:[idxERR LiteException][computed:48]
     got=FAIL NotSupportedException: probe: not writable
     L:SetLength(0) from 16527 <- DiskService.SetLength <- DiskService.DiscardWalTail <- DiskService.FinishWalRecovery <- WalIndexService.RestoreIndex
 mig#21 migration:log.torn-write [dataW/logR] ro=False dataChanged=False logChanged=False
     ref=cold=1#-1409849320 rows=48#1973434553 [oid:48][values:[idxERR LiteException][flags:[idxERR LiteException][computed:48]
     got=FAIL NotSupportedException: probe: not writable
     L:SetLength(0) from 16527 <- DiskService.SetLength <- DiskService.DiscardWalTail <- DiskService.FinishWalRecovery <- WalIndexService.RestoreIndex
 mig#22 migration:log.torn-write [dataR/logW] ro=True dataChanged=False logChanged=True
     ref=cold=1#-1409849320 rows=48#1973434553 [oid:48][values:[idxERR LiteException][flags:[idxERR LiteException][computed:48]
     got=cold=1#-1409849320 rows=48#1973434553 [oid:48][values:[idxERR LiteException][flags:[idxERR LiteException][computed:48]
     L:SetLength(0) from 24783 <- DiskService.SetLength <- DiskService.DiscardWalTail <- DiskService.FinishWalRecovery <- WalIndexService.RestoreIndex
     L:SetLength(0) from 0 <- WalPadding.Pad <- DiskService.SyncLogBarrier <- DiskService.DiscardWalTail <- DiskService.FinishWalRecovery
 mig#22 migration:log.torn-write [dataR/logR] ro=False dataChanged=False logChanged=False
     ref=cold=1#-1409849320 rows=48#1973434553 [oid:48][values:[idxERR LiteException][flags:[idxERR LiteException][computed:48]
     got=FAIL NotSupportedException: probe: not writable
     L:SetLength(0) from 24783 <- DiskService.SetLength <- DiskService.DiscardWalTail <- DiskService.FinishWalRecovery <- WalIndexService.RestoreIndex
 mig#22 migration:log.torn-write [dataW/logR] ro=False dataChanged=False logChanged=False
     ref=cold=1#-1409849320 rows=48#1973434553 [oid:48][values:[idxERR LiteException][flags:[idxERR LiteException][computed:48]
     got=FAIL NotSupportedException: probe: not writable
     L:SetLength(0) from 24783 <- DiskService.SetLength <- DiskService.DiscardWalTail <- DiskService.FinishWalRecovery <- WalIndexService.RestoreIndex
 mig#23 migration:log.after-truncate [dataR/logW] ro=True dataChanged=False logChanged=True
     ref=cold=1#-1409849320 rows=48#1973434553 [oid:48][values:[idxERR LiteException][flags:[idxERR LiteException][computed:48]
     got=cold=1#-1409849320 rows=48#1973434553 [oid:48][values:[idxERR LiteException][flags:[idxERR LiteException][computed:48]
     L:SetLength(0) from 40960 <- DiskService.SetLength <- DiskService.DiscardWalTail <- DiskService.FinishWalRecovery <- WalIndexService.RestoreIndex
     L:SetLength(0) from 0 <- WalPadding.Pad <- DiskService.SyncLogBarrier <- DiskService.DiscardWalTail <- DiskService.FinishWalRecovery
 mig#23 migration:log.after-truncate [dataR/logR] ro=False dataChanged=False logChanged=False
     ref=cold=1#-1409849320 rows=48#1973434553 [oid:48][values:[idxERR LiteException][flags:[idxERR LiteException][computed:48]
     got=FAIL NotSupportedException: probe: not writable
     L:SetLength(0) from 40960 <- DiskService.SetLength <- DiskService.DiscardWalTail <- DiskService.FinishWalRecovery <- WalIndexService.RestoreIndex
 mig#23 migration:log.after-truncate [dataW/logR] ro=False dataChanged=False logChanged=False
     ref=cold=1#-1409849320 rows=48#1973434553 [oid:48][values:[idxERR LiteException][flags:[idxERR LiteException][computed:48]
     got=FAIL NotSupportedException: probe: not writable
     L:SetLength(0) from 40960 <- DiskService.SetLength <- DiskService.DiscardWalTail <- DiskService.FinishWalRecovery <- WalIndexService.RestoreIndex
 mig#24 migration:log.torn-write [dataR/logW] ro=True dataChanged=False logChanged=True
     ref=cold=1#-1409849320 rows=48#1973434553 [oid:48][values:[idxERR LiteException][flags:[idxERR LiteException][computed:48]
     got=cold=1#-1409849320 rows=48#1973434553 [oid:48][values:[idxERR LiteException][flags:[idxERR LiteException][computed:48]
     L:SetLength(0) from 33039 <- DiskService.SetLength <- DiskService.DiscardWalTail <- DiskService.FinishWalRecovery <- WalIndexService.RestoreIndex
     L:SetLength(0) from 0 <- WalPadding.Pad <- DiskService.SyncLogBarrier <- DiskService.DiscardWalTail <- DiskService.FinishWalRecovery
 mig#24 migration:log.torn-write [dataR/logR] ro=False dataChanged=False logChanged=False
     ref=cold=1#-1409849320 rows=48#1973434553 [oid:48][values:[idxERR LiteException][flags:[idxERR LiteException][computed:48]
     got=FAIL NotSupportedException: probe: not writable
     L:SetLength(0) from 33039 <- DiskService.SetLength <- DiskService.DiscardWalTail <- DiskService.FinishWalRecovery <- WalIndexService.RestoreIndex
 mig#24 migration:log.torn-write [dataW/logR] ro=False dataChanged=False logChanged=False
     ref=cold=1#-1409849320 rows=48#1973434553 [oid:48][values:[idxERR LiteException][flags:[idxERR LiteException][computed:48]
     got=FAIL NotSupportedException: probe: not writable
     L:SetLength(0) from 33039 <- DiskService.SetLength <- DiskService.DiscardWalTail <- DiskService.FinishWalRecovery <- WalIndexService.RestoreIndex
 mig#25 migration:log.after-truncate [dataR/logW] ro=True dataChanged=False logChanged=True
     ref=cold=1#-1409849320 rows=48#1973434553 [oid:48][values:[idxERR LiteException][flags:[idxERR LiteException][computed:48]
     got=cold=1#-1409849320 rows=48#1973434553 [oid:48][values:[idxERR LiteException][flags:[idxERR LiteException][computed:48]
     L:SetLength(0) from 49152 <- DiskService.SetLength <- DiskService.DiscardWalTail <- DiskService.FinishWalRecovery <- WalIndexService.RestoreIndex
     L:SetLength(0) from 0 <- WalPadding.Pad <- DiskService.SyncLogBarrier <- DiskService.DiscardWalTail <- DiskService.FinishWalRecovery
 mig#25 migration:log.after-truncate [dataR/logR] ro=False dataChanged=False logChanged=False
     ref=cold=1#-1409849320 rows=48#1973434553 [oid:48][values:[idxERR LiteException][flags:[idxERR LiteException][computed:48]
     got=FAIL NotSupportedException: probe: not writable
     L:SetLength(0) from 49152 <- DiskService.SetLength <- DiskService.DiscardWalTail <- DiskService.FinishWalRecovery <- WalIndexService.RestoreIndex
 mig#25 migration:log.after-truncate [dataW/logR] ro=False dataChanged=False logChanged=False
     ref=cold=1#-1409849320 rows=48#1973434553 [oid:48][values:[idxERR LiteException][flags:[idxERR LiteException][computed:48]
     got=FAIL NotSupportedException: probe: not writable
     L:SetLength(0) from 49152 <- DiskService.SetLength <- DiskService.DiscardWalTail <- DiskService.FinishWalRecovery <- WalIndexService.RestoreIndex
 mig#26 migration:log.torn-write [dataR/logW] ro=True dataChanged=False logChanged=True
     ref=cold=1#-1409849320 rows=48#1973434553 [oid:48][values:[idxERR LiteException][flags:[idxERR LiteException][computed:48]
     got=cold=1#-1409849320 rows=48#1973434553 [oid:48][values:[idxERR LiteException][flags:[idxERR LiteException][computed:48]
     L:SetLength(0) from 41295 <- DiskService.SetLength <- DiskService.DiscardWalTail <- DiskService.FinishWalRecovery <- WalIndexService.RestoreIndex
     L:SetLength(0) from 0 <- WalPadding.Pad <- DiskService.SyncLogBarrier <- DiskService.DiscardWalTail <- DiskService.FinishWalRecovery
 mig#26 migration:log.torn-write [dataR/logR] ro=False dataChanged=False logChanged=False
     ref=cold=1#-1409849320 rows=48#1973434553 [oid:48][values:[idxERR LiteException][flags:[idxERR LiteException][computed:48]
     got=FAIL NotSupportedException: probe: not writable
     L:SetLength(0) from 41295 <- DiskService.SetLength <- DiskService.DiscardWalTail <- DiskService.FinishWalRecovery <- WalIndexService.RestoreIndex
 mig#26 migration:log.torn-write [dataW/logR] ro=False dataChanged=False logChanged=False
     ref=cold=1#-1409849320 rows=48#1973434553 [oid:48][values:[idxERR LiteException][flags:[idxERR LiteException][computed:48]
     got=FAIL NotSupportedException: probe: not writable
     L:SetLength(0) from 41295 <- DiskService.SetLength <- DiskService.DiscardWalTail <- DiskService.FinishWalRecovery <- WalIndexService.RestoreIndex
 mig#27 migration:log.after-truncate [dataR/logW] ro=True dataChanged=False logChanged=True
     ref=cold=1#-1409849320 rows=48#1973434553 [oid:48][values:[idxERR LiteException][flags:[idxERR LiteException][computed:48]
     got=cold=1#-1409849320 rows=48#1973434553 [oid:48][values:[idxERR LiteException][flags:[idxERR LiteException][computed:48]
     L:SetLength(0) from 57344 <- DiskService.SetLength <- DiskService.DiscardWalTail <- DiskService.FinishWalRecovery <- WalIndexService.RestoreIndex
     L:SetLength(0) from 0 <- WalPadding.Pad <- DiskService.SyncLogBarrier <- DiskService.DiscardWalTail <- DiskService.FinishWalRecovery
 mig#27 migration:log.after-truncate [dataR/logR] ro=False dataChanged=False logChanged=False
     ref=cold=1#-1409849320 rows=48#1973434553 [oid:48][values:[idxERR LiteException][flags:[idxERR LiteException][computed:48]
     got=FAIL NotSupportedException: probe: not writable
     L:SetLength(0) from 57344 <- DiskService.SetLength <- DiskService.DiscardWalTail <- DiskService.FinishWalRecovery <- WalIndexService.RestoreIndex
 mig#27 migration:log.after-truncate [dataW/logR] ro=False dataChanged=False logChanged=False
     ref=cold=1#-1409849320 rows=48#1973434553 [oid:48][values:[idxERR LiteException][flags:[idxERR LiteException][computed:48]
     got=FAIL NotSupportedException: probe: not writable
     L:SetLength(0) from 57344 <- DiskService.SetLength <- DiskService.DiscardWalTail <- DiskService.FinishWalRecovery <- WalIndexService.RestoreIndex
 mig#28 migration:log.torn-write [dataR/logW] ro=True dataChanged=False logChanged=True
     ref=cold=1#-1409849320 rows=48#1973434553 [oid:48][values:[idxERR LiteException][flags:[idxERR LiteException][computed:48]
     got=cold=1#-1409849320 rows=48#1973434553 [oid:48][values:[idxERR LiteException][flags:[idxERR LiteException][computed:48]
     L:SetLength(0) from 49551 <- DiskService.SetLength <- DiskService.DiscardWalTail <- DiskService.FinishWalRecovery <- WalIndexService.RestoreIndex
     L:SetLength(0) from 0 <- WalPadding.Pad <- DiskService.SyncLogBarrier <- DiskService.DiscardWalTail <- DiskService.FinishWalRecovery
 mig#28 migration:log.torn-write [dataR/logR] ro=False dataChanged=False logChanged=False
     ref=cold=1#-1409849320 rows=48#1973434553 [oid:48][values:[idxERR LiteException][flags:[idxERR LiteException][computed:48]
     got=FAIL NotSupportedException: probe: not writable
     L:SetLength(0) from 49551 <- DiskService.SetLength <- DiskService.DiscardWalTail <- DiskService.FinishWalRecovery <- WalIndexService.RestoreIndex
 mig#28 migration:log.torn-write [dataW/logR] ro=False dataChanged=False logChanged=False
     ref=cold=1#-1409849320 rows=48#1973434553 [oid:48][values:[idxERR LiteException][flags:[idxERR LiteException][computed:48]
     got=FAIL NotSupportedException: probe: not writable
     L:SetLength(0) from 49551 <- DiskService.SetLength <- DiskService.DiscardWalTail <- DiskService.FinishWalRecovery <- WalIndexService.RestoreIndex
 mig#29 migration:log.torn-write [dataR/logW] ro=True dataChanged=False logChanged=True
     ref=cold=1#-1409849320 rows=48#1973434553 [oid:48][values:[idxERR LiteException][flags:[idxERR LiteException][computed:48]
     got=cold=1#-1409849320 rows=48#1973434553 [oid:48][values:[idxERR LiteException][flags:[idxERR LiteException][computed:48]
     L:SetLength(0) from 16527 <- DiskService.SetLength <- DiskService.DiscardWalTail <- DiskService.FinishWalRecovery <- WalIndexService.RestoreIndex
     L:SetLength(0) from 0 <- WalPadding.Pad <- DiskService.SyncLogBarrier <- DiskService.DiscardWalTail <- DiskService.FinishWalRecovery
 mig#29 migration:log.torn-write [dataR/logR] ro=False dataChanged=False logChanged=False
     ref=cold=1#-1409849320 rows=48#1973434553 [oid:48][values:[idxERR LiteException][flags:[idxERR LiteException][computed:48]
     got=FAIL NotSupportedException: probe: not writable
     L:SetLength(0) from 16527 <- DiskService.SetLength <- DiskService.DiscardWalTail <- DiskService.FinishWalRecovery <- WalIndexService.RestoreIndex
 mig#29 migration:log.torn-write [dataW/logR] ro=False dataChanged=False logChanged=False
     ref=cold=1#-1409849320 rows=48#1973434553 [oid:48][values:[idxERR LiteException][flags:[idxERR LiteException][computed:48]
     got=FAIL NotSupportedException: probe: not writable
     L:SetLength(0) from 16527 <- DiskService.SetLength <- DiskService.DiscardWalTail <- DiskService.FinishWalRecovery <- WalIndexService.RestoreIndex
 mig#30 migration:log.torn-write [dataR/logW] ro=True dataChanged=False logChanged=True
     ref=cold=1#-1409849320 rows=48#1973434553 [oid:48][values:[idxERR LiteException][flags:[idxERR LiteException][computed:48]
     got=cold=1#-1409849320 rows=48#1973434553 [oid:48][values:[idxERR LiteException][flags:[idxERR LiteException][computed:48]
     L:SetLength(0) from 41295 <- DiskService.SetLength <- DiskService.DiscardWalTail <- DiskService.FinishWalRecovery <- WalIndexService.RestoreIndex
     L:SetLength(0) from 0 <- WalPadding.Pad <- DiskService.SyncLogBarrier <- DiskService.DiscardWalTail <- DiskService.FinishWalRecovery
 mig#30 migration:log.torn-write [dataR/logR] ro=False dataChanged=False logChanged=False
     ref=cold=1#-1409849320 rows=48#1973434553 [oid:48][values:[idxERR LiteException][flags:[idxERR LiteException][computed:48]
     got=FAIL NotSupportedException: probe: not writable
     L:SetLength(0) from 41295 <- DiskService.SetLength <- DiskService.DiscardWalTail <- DiskService.FinishWalRecovery <- WalIndexService.RestoreIndex
 mig#30 migration:log.torn-write [dataW/logR] ro=False dataChanged=False logChanged=False
     ref=cold=1#-1409849320 rows=48#1973434553 [oid:48][values:[idxERR LiteException][flags:[idxERR LiteException][computed:48]
     got=FAIL NotSupportedException: probe: not writable
     L:SetLength(0) from 41295 <- DiskService.SetLength <- DiskService.DiscardWalTail <- DiskService.FinishWalRecovery <- WalIndexService.RestoreIndex
 mig#31 migration:log.after-truncate [dataR/logW] ro=True dataChanged=False logChanged=True
     ref=cold=1#-1409849320 rows=48#1973434553 [oid:48][values:[idxERR LiteException][flags:[idxERR LiteException][computed:48]
     got=cold=1#-1409849320 rows=48#1973434553 [oid:48][values:[idxERR LiteException][flags:[idxERR LiteException][computed:48]
     L:SetLength(0) from 65536 <- DiskService.SetLength <- DiskService.DiscardWalTail <- DiskService.FinishWalRecovery <- WalIndexService.RestoreIndex
     L:SetLength(0) from 0 <- WalPadding.Pad <- DiskService.SyncLogBarrier <- DiskService.DiscardWalTail <- DiskService.FinishWalRecovery
 mig#31 migration:log.after-truncate [dataR/logR] ro=False dataChanged=False logChanged=False
     ref=cold=1#-1409849320 rows=48#1973434553 [oid:48][values:[idxERR LiteException][flags:[idxERR LiteException][computed:48]
     got=FAIL NotSupportedException: probe: not writable
     L:SetLength(0) from 65536 <- DiskService.SetLength <- DiskService.DiscardWalTail <- DiskService.FinishWalRecovery <- WalIndexService.RestoreIndex
 mig#31 migration:log.after-truncate [dataW/logR] ro=False dataChanged=False logChanged=False
     ref=cold=1#-1409849320 rows=48#1973434553 [oid:48][values:[idxERR LiteException][flags:[idxERR LiteException][computed:48]
     got=FAIL NotSupportedException: probe: not writable
     L:SetLength(0) from 65536 <- DiskService.SetLength <- DiskService.DiscardWalTail <- DiskService.FinishWalRecovery <- WalIndexService.RestoreIndex
 mig#32 migration:log.torn-write [dataR/logW] ro=True dataChanged=False logChanged=True
     ref=cold=1#-1409849320 rows=48#1973434553 [oid:48][values:[idxERR LiteException][flags:[idxERR LiteException][computed:48]
     got=cold=1#-1409849320 rows=48#1973434553 [oid:48][values:[idxERR LiteException][flags:[idxERR LiteException][computed:48]
     L:SetLength(0) from 33039 <- DiskService.SetLength <- DiskService.DiscardWalTail <- DiskService.FinishWalRecovery <- WalIndexService.RestoreIndex
     L:SetLength(0) from 0 <- WalPadding.Pad <- DiskService.SyncLogBarrier <- DiskService.DiscardWalTail <- DiskService.FinishWalRecovery
 mig#32 migration:log.torn-write [dataR/logR] ro=False dataChanged=False logChanged=False
     ref=cold=1#-1409849320 rows=48#1973434553 [oid:48][values:[idxERR LiteException][flags:[idxERR LiteException][computed:48]
     got=FAIL NotSupportedException: probe: not writable
     L:SetLength(0) from 33039 <- DiskService.SetLength <- DiskService.DiscardWalTail <- DiskService.FinishWalRecovery <- WalIndexService.RestoreIndex
 mig#32 migration:log.torn-write [dataW/logR] ro=False dataChanged=False logChanged=False
     ref=cold=1#-1409849320 rows=48#1973434553 [oid:48][values:[idxERR LiteException][flags:[idxERR LiteException][computed:48]
     got=FAIL NotSupportedException: probe: not writable
     L:SetLength(0) from 33039 <- DiskService.SetLength <- DiskService.DiscardWalTail <- DiskService.FinishWalRecovery <- WalIndexService.RestoreIndex
 mig#33 migration:log.torn-write [dataR/logW] ro=True dataChanged=False logChanged=True
     ref=cold=1#-1409849320 rows=48#1973434553 [oid:48][values:[idxERR LiteException][flags:[idxERR LiteException][computed:48]
     got=cold=1#-1409849320 rows=48#1973434553 [oid:48][values:[idxERR LiteException][flags:[idxERR LiteException][computed:48]
     L:SetLength(0) from 16527 <- DiskService.SetLength <- DiskService.DiscardWalTail <- DiskService.FinishWalRecovery <- WalIndexService.RestoreIndex
     L:SetLength(0) from 0 <- WalPadding.Pad <- DiskService.SyncLogBarrier <- DiskService.DiscardWalTail <- DiskService.FinishWalRecovery
 mig#33 migration:log.torn-write [dataR/logR] ro=False dataChanged=False logChanged=False
     ref=cold=1#-1409849320 rows=48#1973434553 [oid:48][values:[idxERR LiteException][flags:[idxERR LiteException][computed:48]
     got=FAIL NotSupportedException: probe: not writable
     L:SetLength(0) from 16527 <- DiskService.SetLength <- DiskService.DiscardWalTail <- DiskService.FinishWalRecovery <- WalIndexService.RestoreIndex
 mig#33 migration:log.torn-write [dataW/logR] ro=False dataChanged=False logChanged=False
     ref=cold=1#-1409849320 rows=48#1973434553 [oid:48][values:[idxERR LiteException][flags:[idxERR LiteException][computed:48]
     got=FAIL NotSupportedException: probe: not writable
     L:SetLength(0) from 16527 <- DiskService.SetLength <- DiskService.DiscardWalTail <- DiskService.FinishWalRecovery <- WalIndexService.RestoreIndex
 mig#34 migration:log.torn-write [dataR/logW] ro=True dataChanged=False logChanged=True
     ref=cold=1#-1409849320 rows=48#1973434553 [oid:48][values:[idxERR LiteException][flags:[idxERR LiteException][computed:48]
     got=cold=1#-1409849320 rows=48#1973434553 [oid:48][values:[idxERR LiteException][flags:[idxERR LiteException][computed:48]
     L:SetLength(0) from 41295 <- DiskService.SetLength <- DiskService.DiscardWalTail <- DiskService.FinishWalRecovery <- WalIndexService.RestoreIndex
     L:SetLength(0) from 0 <- WalPadding.Pad <- DiskService.SyncLogBarrier <- DiskService.DiscardWalTail <- DiskService.FinishWalRecovery
 mig#34 migration:log.torn-write [dataR/logR] ro=False dataChanged=False logChanged=False
     ref=cold=1#-1409849320 rows=48#1973434553 [oid:48][values:[idxERR LiteException][flags:[idxERR LiteException][computed:48]
     got=FAIL NotSupportedException: probe: not writable
     L:SetLength(0) from 41295 <- DiskService.SetLength <- DiskService.DiscardWalTail <- DiskService.FinishWalRecovery <- WalIndexService.RestoreIndex
 mig#34 migration:log.torn-write [dataW/logR] ro=False dataChanged=False logChanged=False
     ref=cold=1#-1409849320 rows=48#1973434553 [oid:48][values:[idxERR LiteException][flags:[idxERR LiteException][computed:48]
     got=FAIL NotSupportedException: probe: not writable
     L:SetLength(0) from 41295 <- DiskService.SetLength <- DiskService.DiscardWalTail <- DiskService.FinishWalRecovery <- WalIndexService.RestoreIndex
 mig#35 migration:log.torn-write [dataR/logW] ro=True dataChanged=False logChanged=True
     ref=cold=1#-1409849320 rows=48#1973434553 [oid:48][values:[idxERR LiteException][flags:[idxERR LiteException][computed:48]
     got=cold=1#-1409849320 rows=48#1973434553 [oid:48][values:[idxERR LiteException][flags:[idxERR LiteException][computed:48]
     L:SetLength(0) from 57807 <- DiskService.SetLength <- DiskService.DiscardWalTail <- DiskService.FinishWalRecovery <- WalIndexService.RestoreIndex
     L:SetLength(0) from 0 <- WalPadding.Pad <- DiskService.SyncLogBarrier <- DiskService.DiscardWalTail <- DiskService.FinishWalRecovery
 mig#35 migration:log.torn-write [dataR/logR] ro=False dataChanged=False logChanged=False
     ref=cold=1#-1409849320 rows=48#1973434553 [oid:48][values:[idxERR LiteException][flags:[idxERR LiteException][computed:48]
     got=FAIL NotSupportedException: probe: not writable
     L:SetLength(0) from 57807 <- DiskService.SetLength <- DiskService.DiscardWalTail <- DiskService.FinishWalRecovery <- WalIndexService.RestoreIndex
 mig#35 migration:log.torn-write [dataW/logR] ro=False dataChanged=False logChanged=False
     ref=cold=1#-1409849320 rows=48#1973434553 [oid:48][values:[idxERR LiteException][flags:[idxERR LiteException][computed:48]
     got=FAIL NotSupportedException: probe: not writable
     L:SetLength(0) from 57807 <- DiskService.SetLength <- DiskService.DiscardWalTail <- DiskService.FinishWalRecovery <- WalIndexService.RestoreIndex
 mig#36 migration:log.after-truncate [dataR/logW] ro=True dataChanged=False logChanged=True
     ref=cold=1#-1409849320 rows=48#1973434553 [oid:48][values:[idxERR LiteException][flags:[idxERR LiteException][computed:48]
     got=cold=1#-1409849320 rows=48#1973434553 [oid:48][values:[idxERR LiteException][flags:[idxERR LiteException][computed:48]
     L:SetLength(0) from 73728 <- DiskService.SetLength <- DiskService.DiscardWalTail <- DiskService.FinishWalRecovery <- WalIndexService.RestoreIndex
     L:SetLength(0) from 0 <- WalPadding.Pad <- DiskService.SyncLogBarrier <- DiskService.DiscardWalTail <- DiskService.FinishWalRecovery
 mig#36 migration:log.after-truncate [dataR/logR] ro=False dataChanged=False logChanged=False
     ref=cold=1#-1409849320 rows=48#1973434553 [oid:48][values:[idxERR LiteException][flags:[idxERR LiteException][computed:48]
     got=FAIL NotSupportedException: probe: not writable
     L:SetLength(0) from 73728 <- DiskService.SetLength <- DiskService.DiscardWalTail <- DiskService.FinishWalRecovery <- WalIndexService.RestoreIndex
 mig#36 migration:log.after-truncate [dataW/logR] ro=False dataChanged=False logChanged=False
     ref=cold=1#-1409849320 rows=48#1973434553 [oid:48][values:[idxERR LiteException][flags:[idxERR LiteException][computed:48]
     got=FAIL NotSupportedException: probe: not writable
     L:SetLength(0) from 73728 <- DiskService.SetLength <- DiskService.DiscardWalTail <- DiskService.FinishWalRecovery <- WalIndexService.RestoreIndex
 mig#37 migration:log.torn-write [dataR/logW] ro=True dataChanged=False logChanged=True
     ref=cold=1#-1409849320 rows=48#1973434553 [oid:48][values:[idxERR LiteException][flags:[idxERR LiteException][computed:48]
     got=cold=1#-1409849320 rows=48#1973434553 [oid:48][values:[idxERR LiteException][flags:[idxERR LiteException][computed:48]
     L:SetLength(0) from 66063 <- DiskService.SetLength <- DiskService.DiscardWalTail <- DiskService.FinishWalRecovery <- WalIndexService.RestoreIndex
     L:SetLength(0) from 0 <- WalPadding.Pad <- DiskService.SyncLogBarrier <- DiskService.DiscardWalTail <- DiskService.FinishWalRecovery
 mig#37 migration:log.torn-write [dataR/logR] ro=False dataChanged=False logChanged=False
     ref=cold=1#-1409849320 rows=48#1973434553 [oid:48][values:[idxERR LiteException][flags:[idxERR LiteException][computed:48]
     got=FAIL NotSupportedException: probe: not writable
     L:SetLength(0) from 66063 <- DiskService.SetLength <- DiskService.DiscardWalTail <- DiskService.FinishWalRecovery <- WalIndexService.RestoreIndex
 mig#37 migration:log.torn-write [dataW/logR] ro=False dataChanged=False logChanged=False
     ref=cold=1#-1409849320 rows=48#1973434553 [oid:48][values:[idxERR LiteException][flags:[idxERR LiteException][computed:48]
     got=FAIL NotSupportedException: probe: not writable
     L:SetLength(0) from 66063 <- DiskService.SetLength <- DiskService.DiscardWalTail <- DiskService.FinishWalRecovery <- WalIndexService.RestoreIndex
 mig#38 migration:log.torn-write [dataR/logW] ro=True dataChanged=False logChanged=True
     ref=cold=1#-1409849320 rows=48#1973434553 [oid:48][values:[idxERR LiteException][flags:[idxERR LiteException][computed:48]
     got=cold=1#-1409849320 rows=48#1973434553 [oid:48][values:[idxERR LiteException][flags:[idxERR LiteException][computed:48]
     L:SetLength(0) from 74319 <- DiskService.SetLength <- DiskService.DiscardWalTail <- DiskService.FinishWalRecovery <- WalIndexService.RestoreIndex
     L:SetLength(0) from 0 <- WalPadding.Pad <- DiskService.SyncLogBarrier <- DiskService.DiscardWalTail <- DiskService.FinishWalRecovery
 mig#38 migration:log.torn-write [dataR/logR] ro=False dataChanged=False logChanged=False
     ref=cold=1#-1409849320 rows=48#1973434553 [oid:48][values:[idxERR LiteException][flags:[idxERR LiteException][computed:48]
     got=FAIL NotSupportedException: probe: not writable
     L:SetLength(0) from 74319 <- DiskService.SetLength <- DiskService.DiscardWalTail <- DiskService.FinishWalRecovery <- WalIndexService.RestoreIndex
 mig#38 migration:log.torn-write [dataW/logR] ro=False dataChanged=False logChanged=False
     ref=cold=1#-1409849320 rows=48#1973434553 [oid:48][values:[idxERR LiteException][flags:[idxERR LiteException][computed:48]
     got=FAIL NotSupportedException: probe: not writable
     L:SetLength(0) from 74319 <- DiskService.SetLength <- DiskService.DiscardWalTail <- DiskService.FinishWalRecovery <- WalIndexService.RestoreIndex
 mig#39 migration:log.torn-write [dataR/logW] ro=True dataChanged=False logChanged=True
     ref=cold=1#-1409849320 rows=48#1973434553 [oid:48][values:[idxERR LiteException][flags:[idxERR LiteException][computed:48]
     got=cold=1#-1409849320 rows=48#1973434553 [oid:48][values:[idxERR LiteException][flags:[idxERR LiteException][computed:48]
     L:SetLength(0) from 82575 <- DiskService.SetLength <- DiskService.DiscardWalTail <- DiskService.FinishWalRecovery <- WalIndexService.RestoreIndex
     L:SetLength(0) from 0 <- WalPadding.Pad <- DiskService.SyncLogBarrier <- DiskService.DiscardWalTail <- DiskService.FinishWalRecovery
 mig#39 migration:log.torn-write [dataR/logR] ro=False dataChanged=False logChanged=False
     ref=cold=1#-1409849320 rows=48#1973434553 [oid:48][values:[idxERR LiteException][flags:[idxERR LiteException][computed:48]
     got=FAIL NotSupportedException: probe: not writable
     L:SetLength(0) from 82575 <- DiskService.SetLength <- DiskService.DiscardWalTail <- DiskService.FinishWalRecovery <- WalIndexService.RestoreIndex
 mig#39 migration:log.torn-write [dataW/logR] ro=False dataChanged=False logChanged=False
     ref=cold=1#-1409849320 rows=48#1973434553 [oid:48][values:[idxERR LiteException][flags:[idxERR LiteException][computed:48]
     got=FAIL NotSupportedException: probe: not writable
     L:SetLength(0) from 82575 <- DiskService.SetLength <- DiskService.DiscardWalTail <- DiskService.FinishWalRecovery <- WalIndexService.RestoreIndex
 mig#40 migration:log.after-truncate [dataR/logW] ro=True dataChanged=False logChanged=True
     ref=cold=1#-1409849320 rows=48#1973434553 [oid:48][values:[idxERR LiteException][flags:[idxERR LiteException][computed:48]
     got=cold=1#-1409849320 rows=48#1973434553 [oid:48][values:[idxERR LiteException][flags:[idxERR LiteException][computed:48]
     L:SetLength(0) from 98304 <- DiskService.SetLength <- DiskService.DiscardWalTail <- DiskService.FinishWalRecovery <- WalIndexService.RestoreIndex
     L:SetLength(0) from 0 <- WalPadding.Pad <- DiskService.SyncLogBarrier <- DiskService.DiscardWalTail <- DiskService.FinishWalRecovery
 mig#40 migration:log.after-truncate [dataR/logR] ro=False dataChanged=False logChanged=False
     ref=cold=1#-1409849320 rows=48#1973434553 [oid:48][values:[idxERR LiteException][flags:[idxERR LiteException][computed:48]
     got=FAIL NotSupportedException: probe: not writable
     L:SetLength(0) from 98304 <- DiskService.SetLength <- DiskService.DiscardWalTail <- DiskService.FinishWalRecovery <- WalIndexService.RestoreIndex
 mig#40 migration:log.after-truncate [dataW/logR] ro=False dataChanged=False logChanged=False
     ref=cold=1#-1409849320 rows=48#1973434553 [oid:48][values:[idxERR LiteException][flags:[idxERR LiteException][computed:48]
     got=FAIL NotSupportedException: probe: not writable
     L:SetLength(0) from 98304 <- DiskService.SetLength <- DiskService.DiscardWalTail <- DiskService.FinishWalRecovery <- WalIndexService.RestoreIndex
 mig#42 checkpoint:log.torn-write [dataR/logW] ro=False dataChanged=False logChanged=True
     ref=cold=1#-1409849320 rows=48#1973434553 [oid:48][values:[idxERR LiteException][flags:[idxERR LiteException][computed:48]
     got=cold=1#-1409849320 rows=48#1973434553 [oid:48][values:[idxERR LiteException][flags:[idxERR LiteException][computed:48]
     L:SetLength(98304) from 98319 <- DiskService.SetLength <- DiskService.DiscardWalTail <- DiskService.FinishWalRecovery <- WalIndexService.RestoreIndex
     L:SetLength(98304) from 98304 <- WalPadding.Pad <- DiskService.SyncLogBarrier <- DiskService.DiscardWalTail <- DiskService.FinishWalRecovery
 mig#42 checkpoint:log.torn-write [dataR/logR] ro=False dataChanged=False logChanged=False
     ref=cold=1#-1409849320 rows=48#1973434553 [oid:48][values:[idxERR LiteException][flags:[idxERR LiteException][computed:48]
     got=FAIL NotSupportedException: probe: not writable
     L:SetLength(98304) from 98319 <- DiskService.SetLength <- DiskService.DiscardWalTail <- DiskService.FinishWalRecovery <- WalIndexService.RestoreIndex
 mig#42 checkpoint:log.torn-write [dataW/logR] ro=False dataChanged=False logChanged=False
     ref=cold=1#-1409849320 rows=48#1973434553 [oid:48][values:[idxERR LiteException][flags:[idxERR LiteException][computed:48]
     got=FAIL NotSupportedException: probe: not writable
     L:SetLength(98304) from 98319 <- DiskService.SetLength <- DiskService.DiscardWalTail <- DiskService.FinishWalRecovery <- WalIndexService.RestoreIndex
 mig#43 checkpoint:log.after-sync [dataR/logW] ro=False dataChanged=False logChanged=True
     ref=cold=1#-1409849320 rows=48#1973434553 [oid:48][values:[idxERR LiteException][flags:[idxERR LiteException][computed:48]
     got=cold=1#-1409849320 rows=48#1973434553 [oid:48][values:[idxERR LiteException][flags:[idxERR LiteException][computed:48]
     L:SetLength(98304) from 114688 <- DiskService.RecoverHeaderJournal <- DiskService.ValidateExistingData <- DiskService..ctor <- LiteEngine.Open
 mig#43 checkpoint:log.after-sync [dataR/logR] ro=False dataChanged=False logChanged=False
     ref=cold=1#-1409849320 rows=48#1973434553 [oid:48][values:[idxERR LiteException][flags:[idxERR LiteException][computed:48]
     got=FAIL NotSupportedException: probe: not writable
     L:SetLength(98304) from 114688 <- DiskService.RecoverHeaderJournal <- DiskService.ValidateExistingData <- DiskService..ctor <- LiteEngine.Open
 mig#43 checkpoint:log.after-sync [dataW/logR] ro=False dataChanged=False logChanged=False
     ref=cold=1#-1409849320 rows=48#1973434553 [oid:48][values:[idxERR LiteException][flags:[idxERR LiteException][computed:48]
     got=FAIL NotSupportedException: probe: not writable
     L:SetLength(98304) from 114688 <- DiskService.RecoverHeaderJournal <- DiskService.ValidateExistingData <- DiskService..ctor <- LiteEngine.Open
 mig#44 checkpoint:data.torn-write [dataR/logW] ro=False dataChanged=False logChanged=True
     ref=cold=1#-1409849320 rows=48#1973434553 [oid:48][values:[idxERR LiteException][flags:[idxERR LiteException][computed:48]
     got=cold=1#-1409849320 rows=48#1973434553 [oid:48][values:[idxERR LiteException][flags:[idxERR LiteException][computed:48]
     L:SetLength(98304) from 114688 <- DiskService.RecoverHeaderJournal <- DiskService.ValidateExistingData <- DiskService..ctor <- LiteEngine.Open
 mig#44 checkpoint:data.torn-write [dataR/logR] ro=False dataChanged=False logChanged=False
     ref=cold=1#-1409849320 rows=48#1973434553 [oid:48][values:[idxERR LiteException][flags:[idxERR LiteException][computed:48]
     got=FAIL NotSupportedException: probe: not writable
     L:SetLength(98304) from 114688 <- DiskService.RecoverHeaderJournal <- DiskService.ValidateExistingData <- DiskService..ctor <- LiteEngine.Open
 mig#44 checkpoint:data.torn-write [dataW/logR] ro=False dataChanged=False logChanged=False
     ref=cold=1#-1409849320 rows=48#1973434553 [oid:48][values:[idxERR LiteException][flags:[idxERR LiteException][computed:48]
     got=FAIL NotSupportedException: probe: not writable
     L:SetLength(98304) from 114688 <- DiskService.RecoverHeaderJournal <- DiskService.ValidateExistingData <- DiskService..ctor <- LiteEngine.Open
 mig#45 checkpoint:data.torn-write [dataR/logW] ro=False dataChanged=False logChanged=True
     ref=cold=1#-1409849320 rows=48#1973434553 [oid:48][values:[idxERR LiteException][flags:[idxERR LiteException][computed:48]
     got=cold=1#-1409849320 rows=48#1973434553 [oid:48][values:[idxERR LiteException][flags:[idxERR LiteException][computed:48]
     L:SetLength(98304) from 114688 <- DiskService.RecoverHeaderJournal <- DiskService.ValidateExistingData <- DiskService..ctor <- LiteEngine.Open
 mig#45 checkpoint:data.torn-write [dataR/logR] ro=False dataChanged=False logChanged=False
     ref=cold=1#-1409849320 rows=48#1973434553 [oid:48][values:[idxERR LiteException][flags:[idxERR LiteException][computed:48]
     got=FAIL NotSupportedException: probe: not writable
     L:SetLength(98304) from 114688 <- DiskService.RecoverHeaderJournal <- DiskService.ValidateExistingData <- DiskService..ctor <- LiteEngine.Open
 mig#45 checkpoint:data.torn-write [dataW/logR] ro=False dataChanged=False logChanged=False
     ref=cold=1#-1409849320 rows=48#1973434553 [oid:48][values:[idxERR LiteException][flags:[idxERR LiteException][computed:48]
     got=FAIL NotSupportedException: probe: not writable
     L:SetLength(98304) from 114688 <- DiskService.RecoverHeaderJournal <- DiskService.ValidateExistingData <- DiskService..ctor <- LiteEngine.Open
 mig#46 checkpoint:data.torn-write [dataR/logW] ro=False dataChanged=False logChanged=True
     ref=cold=1#-1409849320 rows=48#1973434553 [oid:48][values:[idxERR LiteException][flags:[idxERR LiteException][computed:48]
     got=cold=1#-1409849320 rows=48#1973434553 [oid:48][values:[idxERR LiteException][flags:[idxERR LiteException][computed:48]
     L:SetLength(98304) from 114688 <- DiskService.RecoverHeaderJournal <- DiskService.ValidateExistingData <- DiskService..ctor <- LiteEngine.Open
 mig#46 checkpoint:data.torn-write [dataR/logR] ro=False dataChanged=False logChanged=False
     ref=cold=1#-1409849320 rows=48#1973434553 [oid:48][values:[idxERR LiteException][flags:[idxERR LiteException][computed:48]
     got=FAIL NotSupportedException: probe: not writable
     L:SetLength(98304) from 114688 <- DiskService.RecoverHeaderJournal <- DiskService.ValidateExistingData <- DiskService..ctor <- LiteEngine.Open
 mig#46 checkpoint:data.torn-write [dataW/logR] ro=False dataChanged=False logChanged=False
     ref=cold=1#-1409849320 rows=48#1973434553 [oid:48][values:[idxERR LiteException][flags:[idxERR LiteException][computed:48]
     got=FAIL NotSupportedException: probe: not writable
     L:SetLength(98304) from 114688 <- DiskService.RecoverHeaderJournal <- DiskService.ValidateExistingData <- DiskService..ctor <- LiteEngine.Open
 mig#47 checkpoint:data.torn-write [dataR/logW] ro=False dataChanged=False logChanged=True
     ref=cold=1#-1409849320 rows=48#1973434553 [oid:48][values:[idxERR LiteException][flags:[idxERR LiteException][computed:48]
     got=cold=1#-1409849320 rows=48#1973434553 [oid:48][values:[idxERR LiteException][flags:[idxERR LiteException][computed:48]
     L:SetLength(98304) from 114688 <- DiskService.RecoverHeaderJournal <- DiskService.ValidateExistingData <- DiskService..ctor <- LiteEngine.Open
 mig#47 checkpoint:data.torn-write [dataR/logR] ro=False dataChanged=False logChanged=False
     ref=cold=1#-1409849320 rows=48#1973434553 [oid:48][values:[idxERR LiteException][flags:[idxERR LiteException][computed:48]
     got=FAIL NotSupportedException: probe: not writable
     L:SetLength(98304) from 114688 <- DiskService.RecoverHeaderJournal <- DiskService.ValidateExistingData <- DiskService..ctor <- LiteEngine.Open
 mig#47 checkpoint:data.torn-write [dataW/logR] ro=False dataChanged=False logChanged=False
     ref=cold=1#-1409849320 rows=48#1973434553 [oid:48][values:[idxERR LiteException][flags:[idxERR LiteException][computed:48]
     got=FAIL NotSupportedException: probe: not writable
     L:SetLength(98304) from 114688 <- DiskService.RecoverHeaderJournal <- DiskService.ValidateExistingData <- DiskService..ctor <- LiteEngine.Open
 mig#48 checkpoint:data.torn-write [dataR/logW] ro=False dataChanged=False logChanged=True
     ref=cold=1#-1409849320 rows=48#1973434553 [oid:48][values:[idxERR LiteException][flags:[idxERR LiteException][computed:48]
     got=cold=1#-1409849320 rows=48#1973434553 [oid:48][values:[idxERR LiteException][flags:[idxERR LiteException][computed:48]
     L:SetLength(98304) from 114688 <- DiskService.RecoverHeaderJournal <- DiskService.ValidateExistingData <- DiskService..ctor <- LiteEngine.Open
 mig#48 checkpoint:data.torn-write [dataR/logR] ro=False dataChanged=False logChanged=False
     ref=cold=1#-1409849320 rows=48#1973434553 [oid:48][values:[idxERR LiteException][flags:[idxERR LiteException][computed:48]
     got=FAIL NotSupportedException: probe: not writable
     L:SetLength(98304) from 114688 <- DiskService.RecoverHeaderJournal <- DiskService.ValidateExistingData <- DiskService..ctor <- LiteEngine.Open
 mig#48 checkpoint:data.torn-write [dataW/logR] ro=False dataChanged=False logChanged=False
     ref=cold=1#-1409849320 rows=48#1973434553 [oid:48][values:[idxERR LiteException][flags:[idxERR LiteException][computed:48]
     got=FAIL NotSupportedException: probe: not writable
     L:SetLength(98304) from 114688 <- DiskService.RecoverHeaderJournal <- DiskService.ValidateExistingData <- DiskService..ctor <- LiteEngine.Open
 mig#49 checkpoint:data.torn-write [dataR/logW] ro=False dataChanged=False logChanged=True
     ref=cold=1#-1409849320 rows=48#1973434553 [oid:48][values:[idxERR LiteException][flags:[idxERR LiteException][computed:48]
     got=cold=1#-1409849320 rows=48#1973434553 [oid:48][values:[idxERR LiteException][flags:[idxERR LiteException][computed:48]
     L:SetLength(98304) from 114688 <- DiskService.RecoverHeaderJournal <- DiskService.ValidateExistingData <- DiskService..ctor <- LiteEngine.Open
 mig#49 checkpoint:data.torn-write [dataR/logR] ro=False dataChanged=False logChanged=False
     ref=cold=1#-1409849320 rows=48#1973434553 [oid:48][values:[idxERR LiteException][flags:[idxERR LiteException][computed:48]
     got=FAIL NotSupportedException: probe: not writable
     L:SetLength(98304) from 114688 <- DiskService.RecoverHeaderJournal <- DiskService.ValidateExistingData <- DiskService..ctor <- LiteEngine.Open
 mig#49 checkpoint:data.torn-write [dataW/logR] ro=False dataChanged=False logChanged=False
     ref=cold=1#-1409849320 rows=48#1973434553 [oid:48][values:[idxERR LiteException][flags:[idxERR LiteException][computed:48]
     got=FAIL NotSupportedException: probe: not writable
     L:SetLength(98304) from 114688 <- DiskService.RecoverHeaderJournal <- DiskService.ValidateExistingData <- DiskService..ctor <- LiteEngine.Open
 mig#50 checkpoint:data.torn-write [dataR/logW] ro=False dataChanged=False logChanged=True
     ref=cold=1#-1409849320 rows=48#1973434553 [oid:48][values:[idxERR LiteException][flags:[idxERR LiteException][computed:48]
     got=cold=1#-1409849320 rows=48#1973434553 [oid:48][values:[idxERR LiteException][flags:[idxERR LiteException][computed:48]
     L:SetLength(98304) from 114688 <- DiskService.RecoverHeaderJournal <- DiskService.ValidateExistingData <- DiskService..ctor <- LiteEngine.Open
 mig#50 checkpoint:data.torn-write [dataR/logR] ro=False dataChanged=False logChanged=False
     ref=cold=1#-1409849320 rows=48#1973434553 [oid:48][values:[idxERR LiteException][flags:[idxERR LiteException][computed:48]
     got=FAIL NotSupportedException: probe: not writable
     L:SetLength(98304) from 114688 <- DiskService.RecoverHeaderJournal <- DiskService.ValidateExistingData <- DiskService..ctor <- LiteEngine.Open
 mig#50 checkpoint:data.torn-write [dataW/logR] ro=False dataChanged=False logChanged=False
     ref=cold=1#-1409849320 rows=48#1973434553 [oid:48][values:[idxERR LiteException][flags:[idxERR LiteException][computed:48]
     got=FAIL NotSupportedException: probe: not writable
     L:SetLength(98304) from 114688 <- DiskService.RecoverHeaderJournal <- DiskService.ValidateExistingData <- DiskService..ctor <- LiteEngine.Open
 mig#51 checkpoint:data.torn-write [dataR/logW] ro=True dataChanged=False logChanged=True
     ref=cold=1#-1409849320 rows=48#1973434553 [oid:48][values:[idxERR LiteException][flags:[idxERR LiteException][computed:48]
     got=cold=1#-1409849320 rows=48#1973434553 [oid:48][values:[idxERR LiteException][flags:[idxERR LiteException][computed:48]
     L:SetLength(98304) from 114688 <- DiskService.RecoverHeaderJournal <- DiskService.ValidateExistingData <- DiskService..ctor <- LiteEngine.Open
 mig#51 checkpoint:data.torn-write [dataR/logR] ro=False dataChanged=False logChanged=False
     ref=cold=1#-1409849320 rows=48#1973434553 [oid:48][values:[idxERR LiteException][flags:[idxERR LiteException][computed:48]
     got=FAIL NotSupportedException: probe: not writable
     L:SetLength(98304) from 114688 <- DiskService.RecoverHeaderJournal <- DiskService.ValidateExistingData <- DiskService..ctor <- LiteEngine.Open
 mig#51 checkpoint:data.torn-write [dataW/logR] ro=False dataChanged=False logChanged=False
     ref=cold=1#-1409849320 rows=48#1973434553 [oid:48][values:[idxERR LiteException][flags:[idxERR LiteException][computed:48]
     got=FAIL NotSupportedException: probe: not writable
     L:SetLength(98304) from 114688 <- DiskService.RecoverHeaderJournal <- DiskService.ValidateExistingData <- DiskService..ctor <- LiteEngine.Open
 mig#52 checkpoint:data.torn-write [dataR/logW] ro=False dataChanged=False logChanged=True
     ref=cold=1#-1409849320 rows=48#1973434553 [oid:48][values:[idxERR LiteException][flags:[idxERR LiteException][computed:48]
     got=cold=1#-1409849320 rows=48#1973434553 [oid:48][values:[idxERR LiteException][flags:[idxERR LiteException][computed:48]
     L:SetLength(98304) from 114688 <- DiskService.RecoverHeaderJournal <- DiskService.ValidateExistingData <- DiskService..ctor <- LiteEngine.Open
 mig#52 checkpoint:data.torn-write [dataR/logR] ro=False dataChanged=False logChanged=False
     ref=cold=1#-1409849320 rows=48#1973434553 [oid:48][values:[idxERR LiteException][flags:[idxERR LiteException][computed:48]
     got=FAIL NotSupportedException: probe: not writable
     L:SetLength(98304) from 114688 <- DiskService.RecoverHeaderJournal <- DiskService.ValidateExistingData <- DiskService..ctor <- LiteEngine.Open
 mig#52 checkpoint:data.torn-write [dataW/logR] ro=False dataChanged=False logChanged=False
     ref=cold=1#-1409849320 rows=48#1973434553 [oid:48][values:[idxERR LiteException][flags:[idxERR LiteException][computed:48]
     got=FAIL NotSupportedException: probe: not writable
     L:SetLength(98304) from 114688 <- DiskService.RecoverHeaderJournal <- DiskService.ValidateExistingData <- DiskService..ctor <- LiteEngine.Open
 mig#53 checkpoint:data.torn-write [dataR/logW] ro=False dataChanged=False logChanged=True
     ref=cold=1#-1409849320 rows=48#1973434553 [oid:48][values:[idxERR LiteException][flags:[idxERR LiteException][computed:48]
     got=cold=1#-1409849320 rows=48#1973434553 [oid:48][values:[idxERR LiteException][flags:[idxERR LiteException][computed:48]
     L:SetLength(98304) from 114688 <- DiskService.RecoverHeaderJournal <- DiskService.ValidateExistingData <- DiskService..ctor <- LiteEngine.Open
 mig#53 checkpoint:data.torn-write [dataR/logR] ro=False dataChanged=False logChanged=False
     ref=cold=1#-1409849320 rows=48#1973434553 [oid:48][values:[idxERR LiteException][flags:[idxERR LiteException][computed:48]
     got=FAIL NotSupportedException: probe: not writable
     L:SetLength(98304) from 114688 <- DiskService.RecoverHeaderJournal <- DiskService.ValidateExistingData <- DiskService..ctor <- LiteEngine.Open
 mig#53 checkpoint:data.torn-write [dataW/logR] ro=False dataChanged=False logChanged=False
     ref=cold=1#-1409849320 rows=48#1973434553 [oid:48][values:[idxERR LiteException][flags:[idxERR LiteException][computed:48]
     got=FAIL NotSupportedException: probe: not writable
     L:SetLength(98304) from 114688 <- DiskService.RecoverHeaderJournal <- DiskService.ValidateExistingData <- DiskService..ctor <- LiteEngine.Open
 mig#54 checkpoint:data.torn-write [dataR/logW] ro=False dataChanged=False logChanged=False
     ref=cold=1#-1409849320 rows=48#1973434553 [oid:48][values:[idxERR LiteException][flags:[idxERR LiteException][computed:48]
     got=FAIL NotSupportedException: probe: not writable
     D:Write(8192)@0 <- DiskService.RecoverHeaderJournal <- DiskService.ValidateExistingData <- DiskService..ctor <- LiteEngine.Open
 mig#54 checkpoint:data.torn-write [dataR/logR] ro=False dataChanged=False logChanged=False
     ref=cold=1#-1409849320 rows=48#1973434553 [oid:48][values:[idxERR LiteException][flags:[idxERR LiteException][computed:48]
     got=FAIL NotSupportedException: probe: not writable
     D:Write(8192)@0 <- DiskService.RecoverHeaderJournal <- DiskService.ValidateExistingData <- DiskService..ctor <- LiteEngine.Open
 mig#54 checkpoint:data.torn-write [dataW/logR] ro=False dataChanged=True logChanged=False
     ref=cold=1#-1409849320 rows=48#1973434553 [oid:48][values:[idxERR LiteException][flags:[idxERR LiteException][computed:48]
     got=FAIL NotSupportedException: probe: not writable
     D:Write(8192)@0 <- DiskService.RecoverHeaderJournal <- DiskService.ValidateExistingData <- DiskService..ctor <- LiteEngine.Open
     L:SetLength(98304) from 114688 <- DiskService.RecoverHeaderJournal <- DiskService.ValidateExistingData <- DiskService..ctor <- LiteEngine.Open
 mig#55 checkpoint:data.after-sync [dataR/logW] ro=False dataChanged=False logChanged=True
     ref=cold=1#-1409849320 rows=48#1973434553 [oid:48][values:[idxERR LiteException][flags:[idxERR LiteException][computed:48]
     got=cold=1#-1409849320 rows=48#1973434553 [oid:48][values:[idxERR LiteException][flags:[idxERR LiteException][computed:48]
     L:SetLength(98304) from 114688 <- DiskService.RecoverHeaderJournal <- DiskService.ValidateExistingData <- DiskService..ctor <- LiteEngine.Open
 mig#55 checkpoint:data.after-sync [dataR/logR] ro=False dataChanged=False logChanged=False
     ref=cold=1#-1409849320 rows=48#1973434553 [oid:48][values:[idxERR LiteException][flags:[idxERR LiteException][computed:48]
     got=FAIL NotSupportedException: probe: not writable
     L:SetLength(98304) from 114688 <- DiskService.RecoverHeaderJournal <- DiskService.ValidateExistingData <- DiskService..ctor <- LiteEngine.Open
 mig#55 checkpoint:data.after-sync [dataW/logR] ro=False dataChanged=False logChanged=False
     ref=cold=1#-1409849320 rows=48#1973434553 [oid:48][values:[idxERR LiteException][flags:[idxERR LiteException][computed:48]
     got=FAIL NotSupportedException: probe: not writable
     L:SetLength(98304) from 114688 <- DiskService.RecoverHeaderJournal <- DiskService.ValidateExistingData <- DiskService..ctor <- LiteEngine.Open
 mig#56 checkpoint:data.torn-write [dataR/logW] ro=False dataChanged=False logChanged=False
     ref=cold=1#-1409849320 rows=48#1973434553 [oid:48][values:[idxERR LiteException][flags:[idxERR LiteException][computed:48]
     got=FAIL NotSupportedException: probe: not writable
     D:Write(8192)@0 <- DiskService.RecoverHeaderJournal <- DiskService.ValidateExistingData <- DiskService..ctor <- LiteEngine.Open
 mig#56 checkpoint:data.torn-write [dataR/logR] ro=False dataChanged=False logChanged=False
     ref=cold=1#-1409849320 rows=48#1973434553 [oid:48][values:[idxERR LiteException][flags:[idxERR LiteException][computed:48]
     got=FAIL NotSupportedException: probe: not writable
     D:Write(8192)@0 <- DiskService.RecoverHeaderJournal <- DiskService.ValidateExistingData <- DiskService..ctor <- LiteEngine.Open
 mig#56 checkpoint:data.torn-write [dataW/logR] ro=False dataChanged=True logChanged=False
     ref=cold=1#-1409849320 rows=48#1973434553 [oid:48][values:[idxERR LiteException][flags:[idxERR LiteException][computed:48]
     got=FAIL NotSupportedException: probe: not writable
     D:Write(8192)@0 <- DiskService.RecoverHeaderJournal <- DiskService.ValidateExistingData <- DiskService..ctor <- LiteEngine.Open
     L:SetLength(98304) from 114688 <- DiskService.RecoverHeaderJournal <- DiskService.ValidateExistingData <- DiskService..ctor <- LiteEngine.Open
 mig#57 checkpoint:data.after-sync [dataR/logW] ro=False dataChanged=False logChanged=True
     ref=cold=1#-1409849320 rows=48#1973434553 [oid:48][values:[idxERR LiteException][flags:[idxERR LiteException][computed:48]
     got=cold=1#-1409849320 rows=48#1973434553 [oid:48][values:[idxERR LiteException][flags:[idxERR LiteException][computed:48]
     L:SetLength(98304) from 114688 <- DiskService.RecoverHeaderJournal <- DiskService.ValidateExistingData <- DiskService..ctor <- LiteEngine.Open
     L:SetLength(0) from 98304 <- DiskService.SetLength <- DiskService.DiscardWalTail <- DiskService.FinishWalRecovery <- WalIndexService.RestoreIndex
     L:SetLength(0) from 0 <- WalPadding.Pad <- DiskService.SyncLogBarrier <- DiskService.DiscardWalTail <- DiskService.FinishWalRecovery
 mig#57 checkpoint:data.after-sync [dataR/logR] ro=False dataChanged=False logChanged=False
     ref=cold=1#-1409849320 rows=48#1973434553 [oid:48][values:[idxERR LiteException][flags:[idxERR LiteException][computed:48]
     got=FAIL NotSupportedException: probe: not writable
     L:SetLength(98304) from 114688 <- DiskService.RecoverHeaderJournal <- DiskService.ValidateExistingData <- DiskService..ctor <- LiteEngine.Open
 mig#57 checkpoint:data.after-sync [dataW/logR] ro=False dataChanged=False logChanged=False
     ref=cold=1#-1409849320 rows=48#1973434553 [oid:48][values:[idxERR LiteException][flags:[idxERR LiteException][computed:48]
     got=FAIL NotSupportedException: probe: not writable
     L:SetLength(98304) from 114688 <- DiskService.RecoverHeaderJournal <- DiskService.ValidateExistingData <- DiskService..ctor <- LiteEngine.Open
 promo promotion-before-journal-write torn59 [dataR/logW] ro=False dataChanged=False logChanged=False
     ref=pendingCollection=1#-750096045 rows=4#-1967822404 [value:4]
     got=FAIL NotSupportedException: probe: not writable
     D:Write(8192)@0 <- DiskService.RecoverHeaderJournal <- DiskService.ValidateExistingData <- DiskService..ctor <- LiteEngine.Open
 promo promotion-before-journal-write torn59 [dataR/logR] ro=False dataChanged=False logChanged=False
     ref=pendingCollection=1#-750096045 rows=4#-1967822404 [value:4]
     got=FAIL NotSupportedException: probe: not writable
     D:Write(8192)@0 <- DiskService.RecoverHeaderJournal <- DiskService.ValidateExistingData <- DiskService..ctor <- LiteEngine.Open
 promo promotion-before-journal-write torn59 [dataW/logR] ro=False dataChanged=True logChanged=False
     ref=pendingCollection=1#-750096045 rows=4#-1967822404 [value:4]
     got=FAIL NotSupportedException: probe: not writable
     D:Write(8192)@0 <- DiskService.RecoverHeaderJournal <- DiskService.ValidateExistingData <- DiskService..ctor <- LiteEngine.Open
     L:SetLength(65536) from 81920 <- DiskService.RecoverHeaderJournal <- DiskService.ValidateExistingData <- DiskService..ctor <- LiteEngine.Open
 promo promotion-after-journal-page-write torn59 [dataR/logW] ro=False dataChanged=False logChanged=False
     ref=pendingCollection=1#-750096045 rows=4#-1967822404 [value:4]
     got=FAIL NotSupportedException: probe: not writable
     D:Write(8192)@0 <- DiskService.RecoverHeaderJournal <- DiskService.ValidateExistingData <- DiskService..ctor <- LiteEngine.Open
 promo promotion-after-journal-page-write torn59 [dataR/logR] ro=False dataChanged=False logChanged=False
     ref=pendingCollection=1#-750096045 rows=4#-1967822404 [value:4]
     got=FAIL NotSupportedException: probe: not writable
     D:Write(8192)@0 <- DiskService.RecoverHeaderJournal <- DiskService.ValidateExistingData <- DiskService..ctor <- LiteEngine.Open
 promo promotion-after-journal-page-write torn59 [dataW/logR] ro=False dataChanged=True logChanged=False
     ref=pendingCollection=1#-750096045 rows=4#-1967822404 [value:4]
     got=FAIL NotSupportedException: probe: not writable
     D:Write(8192)@0 <- DiskService.RecoverHeaderJournal <- DiskService.ValidateExistingData <- DiskService..ctor <- LiteEngine.Open
     L:SetLength(65536) from 81920 <- DiskService.RecoverHeaderJournal <- DiskService.ValidateExistingData <- DiskService..ctor <- LiteEngine.Open
 promo promotion-after-journal-flush torn-1 [dataR/logW] ro=False dataChanged=False logChanged=True
     ref=pendingCollection=1#-750096045 rows=4#-1967822404 [value:4]
     got=pendingCollection=1#-750096045 rows=4#-1967822404 [value:4]
     L:SetLength(65536) from 81920 <- DiskService.RecoverHeaderJournal <- DiskService.ValidateExistingData <- DiskService..ctor <- LiteEngine.Open
 promo promotion-after-journal-flush torn-1 [dataR/logR] ro=False dataChanged=False logChanged=False
     ref=pendingCollection=1#-750096045 rows=4#-1967822404 [value:4]
     got=FAIL NotSupportedException: probe: not writable
     L:SetLength(65536) from 81920 <- DiskService.RecoverHeaderJournal <- DiskService.ValidateExistingData <- DiskService..ctor <- LiteEngine.Open
 promo promotion-after-journal-flush torn-1 [dataW/logR] ro=False dataChanged=False logChanged=False
     ref=pendingCollection=1#-750096045 rows=4#-1967822404 [value:4]
     got=FAIL NotSupportedException: probe: not writable
     L:SetLength(65536) from 81920 <- DiskService.RecoverHeaderJournal <- DiskService.ValidateExistingData <- DiskService..ctor <- LiteEngine.Open
 promo promotion-after-journal-flush torn59 [dataR/logW] ro=False dataChanged=False logChanged=False
     ref=pendingCollection=1#-750096045 rows=4#-1967822404 [value:4]
     got=FAIL NotSupportedException: probe: not writable
     D:Write(8192)@0 <- DiskService.RecoverHeaderJournal <- DiskService.ValidateExistingData <- DiskService..ctor <- LiteEngine.Open
 promo promotion-after-journal-flush torn59 [dataR/logR] ro=False dataChanged=False logChanged=False
     ref=pendingCollection=1#-750096045 rows=4#-1967822404 [value:4]
     got=FAIL NotSupportedException: probe: not writable
     D:Write(8192)@0 <- DiskService.RecoverHeaderJournal <- DiskService.ValidateExistingData <- DiskService..ctor <- LiteEngine.Open
 promo promotion-after-journal-flush torn59 [dataW/logR] ro=False dataChanged=True logChanged=False
     ref=pendingCollection=1#-750096045 rows=4#-1967822404 [value:4]
     got=FAIL NotSupportedException: probe: not writable
     D:Write(8192)@0 <- DiskService.RecoverHeaderJournal <- DiskService.ValidateExistingData <- DiskService..ctor <- LiteEngine.Open
     L:SetLength(65536) from 81920 <- DiskService.RecoverHeaderJournal <- DiskService.ValidateExistingData <- DiskService..ctor <- LiteEngine.Open
 promo promotion-before-header-write torn-1 [dataR/logW] ro=False dataChanged=False logChanged=True
     ref=pendingCollection=1#-750096045 rows=4#-1967822404 [value:4]
     got=pendingCollection=1#-750096045 rows=4#-1967822404 [value:4]
     L:SetLength(65536) from 81920 <- DiskService.RecoverHeaderJournal <- DiskService.ValidateExistingData <- DiskService..ctor <- LiteEngine.Open
 promo promotion-before-header-write torn-1 [dataR/logR] ro=False dataChanged=False logChanged=False
     ref=pendingCollection=1#-750096045 rows=4#-1967822404 [value:4]
     got=FAIL NotSupportedException: probe: not writable
     L:SetLength(65536) from 81920 <- DiskService.RecoverHeaderJournal <- DiskService.ValidateExistingData <- DiskService..ctor <- LiteEngine.Open
 promo promotion-before-header-write torn-1 [dataW/logR] ro=False dataChanged=False logChanged=False
     ref=pendingCollection=1#-750096045 rows=4#-1967822404 [value:4]
     got=FAIL NotSupportedException: probe: not writable
     L:SetLength(65536) from 81920 <- DiskService.RecoverHeaderJournal <- DiskService.ValidateExistingData <- DiskService..ctor <- LiteEngine.Open
 promo promotion-before-header-write torn59 [dataR/logW] ro=False dataChanged=False logChanged=False
     ref=pendingCollection=1#-750096045 rows=4#-1967822404 [value:4]
     got=FAIL NotSupportedException: probe: not writable
     D:Write(8192)@0 <- DiskService.RecoverHeaderJournal <- DiskService.ValidateExistingData <- DiskService..ctor <- LiteEngine.Open
 promo promotion-before-header-write torn59 [dataR/logR] ro=False dataChanged=False logChanged=False
     ref=pendingCollection=1#-750096045 rows=4#-1967822404 [value:4]
     got=FAIL NotSupportedException: probe: not writable
     D:Write(8192)@0 <- DiskService.RecoverHeaderJournal <- DiskService.ValidateExistingData <- DiskService..ctor <- LiteEngine.Open
 promo promotion-before-header-write torn59 [dataW/logR] ro=False dataChanged=True logChanged=False
     ref=pendingCollection=1#-750096045 rows=4#-1967822404 [value:4]
     got=FAIL NotSupportedException: probe: not writable
     D:Write(8192)@0 <- DiskService.RecoverHeaderJournal <- DiskService.ValidateExistingData <- DiskService..ctor <- LiteEngine.Open
     L:SetLength(65536) from 81920 <- DiskService.RecoverHeaderJournal <- DiskService.ValidateExistingData <- DiskService..ctor <- LiteEngine.Open
 promo promotion-after-header-write torn-1 [dataR/logW] ro=False dataChanged=False logChanged=True
     ref=pendingCollection=1#-750096045 rows=4#-1967822404 [value:4]
     got=pendingCollection=1#-750096045 rows=4#-1967822404 [value:4]
     L:SetLength(65536) from 81920 <- DiskService.RecoverHeaderJournal <- DiskService.ValidateExistingData <- DiskService..ctor <- LiteEngine.Open
 promo promotion-after-header-write torn-1 [dataR/logR] ro=False dataChanged=False logChanged=False
     ref=pendingCollection=1#-750096045 rows=4#-1967822404 [value:4]
     got=FAIL NotSupportedException: probe: not writable
     L:SetLength(65536) from 81920 <- DiskService.RecoverHeaderJournal <- DiskService.ValidateExistingData <- DiskService..ctor <- LiteEngine.Open
 promo promotion-after-header-write torn-1 [dataW/logR] ro=False dataChanged=False logChanged=False
     ref=pendingCollection=1#-750096045 rows=4#-1967822404 [value:4]
     got=FAIL NotSupportedException: probe: not writable
     L:SetLength(65536) from 81920 <- DiskService.RecoverHeaderJournal <- DiskService.ValidateExistingData <- DiskService..ctor <- LiteEngine.Open
 promo promotion-after-header-write torn59 [dataR/logW] ro=False dataChanged=False logChanged=True
     ref=pendingCollection=1#-750096045 rows=8#-380430706 [value:8]
     got=pendingCollection=1#-750096045 rows=8#-380430706 [value:8]
     L:SetLength(114688) from 131072 <- DiskService.RecoverHeaderJournal <- DiskService.ValidateExistingData <- DiskService..ctor <- LiteEngine.Open
 promo promotion-after-header-write torn59 [dataR/logR] ro=False dataChanged=False logChanged=False
     ref=pendingCollection=1#-750096045 rows=8#-380430706 [value:8]
     got=FAIL NotSupportedException: probe: not writable
     L:SetLength(114688) from 131072 <- DiskService.RecoverHeaderJournal <- DiskService.ValidateExistingData <- DiskService..ctor <- LiteEngine.Open
 promo promotion-after-header-write torn59 [dataW/logR] ro=False dataChanged=False logChanged=False
     ref=pendingCollection=1#-750096045 rows=8#-380430706 [value:8]
     got=FAIL NotSupportedException: probe: not writable
     L:SetLength(114688) from 131072 <- DiskService.RecoverHeaderJournal <- DiskService.ValidateExistingData <- DiskService..ctor <- LiteEngine.Open
 promo promotion-after-header-flush torn-1 [dataR/logW] ro=False dataChanged=False logChanged=True
     ref=pendingCollection=1#-750096045 rows=4#-1967822404 [value:4]
     got=pendingCollection=1#-750096045 rows=4#-1967822404 [value:4]
     L:SetLength(65536) from 81920 <- DiskService.RecoverHeaderJournal <- DiskService.ValidateExistingData <- DiskService..ctor <- LiteEngine.Open
 promo promotion-after-header-flush torn-1 [dataR/logR] ro=False dataChanged=False logChanged=False
     ref=pendingCollection=1#-750096045 rows=4#-1967822404 [value:4]
     got=FAIL NotSupportedException: probe: not writable
     L:SetLength(65536) from 81920 <- DiskService.RecoverHeaderJournal <- DiskService.ValidateExistingData <- DiskService..ctor <- LiteEngine.Open
 promo promotion-after-header-flush torn-1 [dataW/logR] ro=False dataChanged=False logChanged=False
     ref=pendingCollection=1#-750096045 rows=4#-1967822404 [value:4]
     got=FAIL NotSupportedException: probe: not writable
     L:SetLength(65536) from 81920 <- DiskService.RecoverHeaderJournal <- DiskService.ValidateExistingData <- DiskService..ctor <- LiteEngine.Open
 promo promotion-after-header-flush torn59 [dataR/logW] ro=False dataChanged=False logChanged=True
     ref=pendingCollection=1#-750096045 rows=8#-380430706 [value:8]
     got=pendingCollection=1#-750096045 rows=8#-380430706 [value:8]
     L:SetLength(114688) from 131072 <- DiskService.RecoverHeaderJournal <- DiskService.ValidateExistingData <- DiskService..ctor <- LiteEngine.Open
 promo promotion-after-header-flush torn59 [dataR/logR] ro=False dataChanged=False logChanged=False
     ref=pendingCollection=1#-750096045 rows=8#-380430706 [value:8]
     got=FAIL NotSupportedException: probe: not writable
     L:SetLength(114688) from 131072 <- DiskService.RecoverHeaderJournal <- DiskService.ValidateExistingData <- DiskService..ctor <- LiteEngine.Open
 promo promotion-after-header-flush torn59 [dataW/logR] ro=False dataChanged=False logChanged=False
     ref=pendingCollection=1#-750096045 rows=8#-380430706 [value:8]
     got=FAIL NotSupportedException: probe: not writable
     L:SetLength(114688) from 131072 <- DiskService.RecoverHeaderJournal <- DiskService.ValidateExistingData <- DiskService..ctor <- LiteEngine.Open
 promo wal-page-before-write torn59 [dataR/logW] ro=False dataChanged=False logChanged=True
     ref=pendingCollection=1#-750096045 rows=8#-380430706 [value:8]
     got=pendingCollection=1#-750096045 rows=8#-380430706 [value:8]
     L:SetLength(114688) from 131072 <- DiskService.RecoverHeaderJournal <- DiskService.ValidateExistingData <- DiskService..ctor <- LiteEngine.Open
 promo wal-page-before-write torn59 [dataR/logR] ro=False dataChanged=False logChanged=False
     ref=pendingCollection=1#-750096045 rows=8#-380430706 [value:8]
     got=FAIL NotSupportedException: probe: not writable
     L:SetLength(114688) from 131072 <- DiskService.RecoverHeaderJournal <- DiskService.ValidateExistingData <- DiskService..ctor <- LiteEngine.Open
 promo wal-page-before-write torn59 [dataW/logR] ro=False dataChanged=False logChanged=False
     ref=pendingCollection=1#-750096045 rows=8#-380430706 [value:8]
     got=FAIL NotSupportedException: probe: not writable
     L:SetLength(114688) from 131072 <- DiskService.RecoverHeaderJournal <- DiskService.ValidateExistingData <- DiskService..ctor <- LiteEngine.Open
 promo wal-page-after-write torn59 [dataR/logW] ro=False dataChanged=False logChanged=True
     ref=pendingCollection=1#-750096045 rows=8#-380430706 [value:8]
     got=pendingCollection=1#-750096045 rows=8#-380430706 [value:8]
     L:SetLength(114688) from 131072 <- DiskService.RecoverHeaderJournal <- DiskService.ValidateExistingData <- DiskService..ctor <- LiteEngine.Open
 promo wal-page-after-write torn59 [dataR/logR] ro=False dataChanged=False logChanged=False
     ref=pendingCollection=1#-750096045 rows=8#-380430706 [value:8]
     got=FAIL NotSupportedException: probe: not writable
     L:SetLength(114688) from 131072 <- DiskService.RecoverHeaderJournal <- DiskService.ValidateExistingData <- DiskService..ctor <- LiteEngine.Open
 promo wal-page-after-write torn59 [dataW/logR] ro=False dataChanged=False logChanged=False
     ref=pendingCollection=1#-750096045 rows=8#-380430706 [value:8]
     got=FAIL NotSupportedException: probe: not writable
     L:SetLength(114688) from 131072 <- DiskService.RecoverHeaderJournal <- DiskService.ValidateExistingData <- DiskService..ctor <- LiteEngine.Open
 promo wal-confirmation-before-write torn59 [dataR/logW] ro=False dataChanged=False logChanged=True
     ref=pendingCollection=1#-750096045 rows=8#-380430706 [value:8]
     got=pendingCollection=1#-750096045 rows=8#-380430706 [value:8]
     L:SetLength(114688) from 131072 <- DiskService.RecoverHeaderJournal <- DiskService.ValidateExistingData <- DiskService..ctor <- LiteEngine.Open
 promo wal-confirmation-before-write torn59 [dataR/logR] ro=False dataChanged=False logChanged=False
     ref=pendingCollection=1#-750096045 rows=8#-380430706 [value:8]
     got=FAIL NotSupportedException: probe: not writable
     L:SetLength(114688) from 131072 <- DiskService.RecoverHeaderJournal <- DiskService.ValidateExistingData <- DiskService..ctor <- LiteEngine.Open
 promo wal-confirmation-before-write torn59 [dataW/logR] ro=False dataChanged=False logChanged=False
     ref=pendingCollection=1#-750096045 rows=8#-380430706 [value:8]
     got=FAIL NotSupportedException: probe: not writable
     L:SetLength(114688) from 131072 <- DiskService.RecoverHeaderJournal <- DiskService.ValidateExistingData <- DiskService..ctor <- LiteEngine.Open
 promo wal-confirmation-after-write torn59 [dataR/logW] ro=False dataChanged=False logChanged=True
     ref=pendingCollection=1#-750096045 rows=8#-380430706 [value:8]
     got=pendingCollection=1#-750096045 rows=8#-380430706 [value:8]
     L:SetLength(114688) from 131072 <- DiskService.RecoverHeaderJournal <- DiskService.ValidateExistingData <- DiskService..ctor <- LiteEngine.Open
 promo wal-confirmation-after-write torn59 [dataR/logR] ro=False dataChanged=False logChanged=False
     ref=pendingCollection=1#-750096045 rows=8#-380430706 [value:8]
     got=FAIL NotSupportedException: probe: not writable
     L:SetLength(114688) from 131072 <- DiskService.RecoverHeaderJournal <- DiskService.ValidateExistingData <- DiskService..ctor <- LiteEngine.Open
 promo wal-confirmation-after-write torn59 [dataW/logR] ro=False dataChanged=False logChanged=False
     ref=pendingCollection=1#-750096045 rows=8#-380430706 [value:8]
     got=FAIL NotSupportedException: probe: not writable
     L:SetLength(114688) from 131072 <- DiskService.RecoverHeaderJournal <- DiskService.ValidateExistingData <- DiskService..ctor <- LiteEngine.Open
 promo wal-before-durable-flush torn59 [dataR/logW] ro=False dataChanged=False logChanged=True
     ref=pendingCollection=1#-750096045 rows=8#-380430706 [value:8]
     got=pendingCollection=1#-750096045 rows=8#-380430706 [value:8]
     L:SetLength(114688) from 131072 <- DiskService.RecoverHeaderJournal <- DiskService.ValidateExistingData <- DiskService..ctor <- LiteEngine.Open
 promo wal-before-durable-flush torn59 [dataR/logR] ro=False dataChanged=False logChanged=False
     ref=pendingCollection=1#-750096045 rows=8#-380430706 [value:8]
     got=FAIL NotSupportedException: probe: not writable
     L:SetLength(114688) from 131072 <- DiskService.RecoverHeaderJournal <- DiskService.ValidateExistingData <- DiskService..ctor <- LiteEngine.Open
 promo wal-before-durable-flush torn59 [dataW/logR] ro=False dataChanged=False logChanged=False
     ref=pendingCollection=1#-750096045 rows=8#-380430706 [value:8]
     got=FAIL NotSupportedException: probe: not writable
     L:SetLength(114688) from 131072 <- DiskService.RecoverHeaderJournal <- DiskService.ValidateExistingData <- DiskService..ctor <- LiteEngine.Open
 promo wal-after-durable-flush torn59 [dataR/logW] ro=False dataChanged=False logChanged=True
     ref=pendingCollection=1#-750096045 rows=8#-380430706 [value:8]
     got=pendingCollection=1#-750096045 rows=8#-380430706 [value:8]
     L:SetLength(114688) from 131072 <- DiskService.RecoverHeaderJournal <- DiskService.ValidateExistingData <- DiskService..ctor <- LiteEngine.Open
 promo wal-after-durable-flush torn59 [dataR/logR] ro=False dataChanged=False logChanged=False
     ref=pendingCollection=1#-750096045 rows=8#-380430706 [value:8]
     got=FAIL NotSupportedException: probe: not writable
     L:SetLength(114688) from 131072 <- DiskService.RecoverHeaderJournal <- DiskService.ValidateExistingData <- DiskService..ctor <- LiteEngine.Open
 promo wal-after-durable-flush torn59 [dataW/logR] ro=False dataChanged=False logChanged=False
     ref=pendingCollection=1#-750096045 rows=8#-380430706 [value:8]
     got=FAIL NotSupportedException: probe: not writable
     L:SetLength(114688) from 131072 <- DiskService.RecoverHeaderJournal <- DiskService.ValidateExistingData <- DiskService..ctor <- LiteEngine.Open
 promo checkpoint-before-page-write torn-1 [dataR/logW] ro=False dataChanged=False logChanged=True
     ref=pendingCollection=1#-750096045 rows=8#-380430706 [value:8]
     got=pendingCollection=1#-750096045 rows=8#-380430706 [value:8]
     L:SetLength(114688) from 131072 <- DiskService.RecoverHeaderJournal <- DiskService.ValidateExistingData <- DiskService..ctor <- LiteEngine.Open
 promo checkpoint-before-page-write torn-1 [dataR/logR] ro=False dataChanged=False logChanged=False
     ref=pendingCollection=1#-750096045 rows=8#-380430706 [value:8]
     got=FAIL NotSupportedException: probe: not writable
     L:SetLength(114688) from 131072 <- DiskService.RecoverHeaderJournal <- DiskService.ValidateExistingData <- DiskService..ctor <- LiteEngine.Open
 promo checkpoint-before-page-write torn-1 [dataW/logR] ro=False dataChanged=False logChanged=False
     ref=pendingCollection=1#-750096045 rows=8#-380430706 [value:8]
     got=FAIL NotSupportedException: probe: not writable
     L:SetLength(114688) from 131072 <- DiskService.RecoverHeaderJournal <- DiskService.ValidateExistingData <- DiskService..ctor <- LiteEngine.Open
 promo checkpoint-before-page-write torn59 [dataR/logW] ro=False dataChanged=False logChanged=True
     ref=pendingCollection=1#-750096045 rows=8#-380430706 [value:8]
     got=pendingCollection=1#-750096045 rows=8#-380430706 [value:8]
     L:SetLength(114688) from 131072 <- DiskService.RecoverHeaderJournal <- DiskService.ValidateExistingData <- DiskService..ctor <- LiteEngine.Open
 promo checkpoint-before-page-write torn59 [dataR/logR] ro=False dataChanged=False logChanged=False
     ref=pendingCollection=1#-750096045 rows=8#-380430706 [value:8]
     got=FAIL NotSupportedException: probe: not writable
     L:SetLength(114688) from 131072 <- DiskService.RecoverHeaderJournal <- DiskService.ValidateExistingData <- DiskService..ctor <- LiteEngine.Open
 promo checkpoint-before-page-write torn59 [dataW/logR] ro=False dataChanged=False logChanged=False
     ref=pendingCollection=1#-750096045 rows=8#-380430706 [value:8]
     got=FAIL NotSupportedException: probe: not writable
     L:SetLength(114688) from 131072 <- DiskService.RecoverHeaderJournal <- DiskService.ValidateExistingData <- DiskService..ctor <- LiteEngine.Open
 promo checkpoint-after-page-write torn-1 [dataR/logW] ro=False dataChanged=False logChanged=True
     ref=pendingCollection=1#-750096045 rows=8#-380430706 [value:8]
     got=pendingCollection=1#-750096045 rows=8#-380430706 [value:8]
     L:SetLength(114688) from 131072 <- DiskService.RecoverHeaderJournal <- DiskService.ValidateExistingData <- DiskService..ctor <- LiteEngine.Open
 promo checkpoint-after-page-write torn-1 [dataR/logR] ro=False dataChanged=False logChanged=False
     ref=pendingCollection=1#-750096045 rows=8#-380430706 [value:8]
     got=FAIL NotSupportedException: probe: not writable
     L:SetLength(114688) from 131072 <- DiskService.RecoverHeaderJournal <- DiskService.ValidateExistingData <- DiskService..ctor <- LiteEngine.Open
 promo checkpoint-after-page-write torn-1 [dataW/logR] ro=False dataChanged=False logChanged=False
     ref=pendingCollection=1#-750096045 rows=8#-380430706 [value:8]
     got=FAIL NotSupportedException: probe: not writable
     L:SetLength(114688) from 131072 <- DiskService.RecoverHeaderJournal <- DiskService.ValidateExistingData <- DiskService..ctor <- LiteEngine.Open
 promo checkpoint-after-page-write torn59 [dataR/logW] ro=False dataChanged=False logChanged=True
     ref=pendingCollection=1#-750096045 rows=8#-380430706 [value:8]
     got=pendingCollection=1#-750096045 rows=8#-380430706 [value:8]
     L:SetLength(114688) from 131072 <- DiskService.RecoverHeaderJournal <- DiskService.ValidateExistingData <- DiskService..ctor <- LiteEngine.Open
 promo checkpoint-after-page-write torn59 [dataR/logR] ro=False dataChanged=False logChanged=False
     ref=pendingCollection=1#-750096045 rows=8#-380430706 [value:8]
     got=FAIL NotSupportedException: probe: not writable
     L:SetLength(114688) from 131072 <- DiskService.RecoverHeaderJournal <- DiskService.ValidateExistingData <- DiskService..ctor <- LiteEngine.Open
 promo checkpoint-after-page-write torn59 [dataW/logR] ro=False dataChanged=False logChanged=False
     ref=pendingCollection=1#-750096045 rows=8#-380430706 [value:8]
     got=FAIL NotSupportedException: probe: not writable
     L:SetLength(114688) from 131072 <- DiskService.RecoverHeaderJournal <- DiskService.ValidateExistingData <- DiskService..ctor <- LiteEngine.Open
 promo checkpoint-before-data-flush torn-1 [dataR/logW] ro=False dataChanged=False logChanged=True
     ref=pendingCollection=1#-750096045 rows=8#-380430706 [value:8]
     got=pendingCollection=1#-750096045 rows=8#-380430706 [value:8]
     L:SetLength(114688) from 131072 <- DiskService.RecoverHeaderJournal <- DiskService.ValidateExistingData <- DiskService..ctor <- LiteEngine.Open
 promo checkpoint-before-data-flush torn-1 [dataR/logR] ro=False dataChanged=False logChanged=False
     ref=pendingCollection=1#-750096045 rows=8#-380430706 [value:8]
     got=FAIL NotSupportedException: probe: not writable
     L:SetLength(114688) from 131072 <- DiskService.RecoverHeaderJournal <- DiskService.ValidateExistingData <- DiskService..ctor <- LiteEngine.Open
 promo checkpoint-before-data-flush torn-1 [dataW/logR] ro=False dataChanged=False logChanged=False
     ref=pendingCollection=1#-750096045 rows=8#-380430706 [value:8]
     got=FAIL NotSupportedException: probe: not writable
     L:SetLength(114688) from 131072 <- DiskService.RecoverHeaderJournal <- DiskService.ValidateExistingData <- DiskService..ctor <- LiteEngine.Open
 promo checkpoint-before-data-flush torn59 [dataR/logW] ro=False dataChanged=False logChanged=False
     ref=pendingCollection=1#-750096045 rows=8#-380430706 [value:8]
     got=FAIL NotSupportedException: probe: not writable
     D:Write(8192)@0 <- DiskService.RecoverHeaderJournal <- DiskService.ValidateExistingData <- DiskService..ctor <- LiteEngine.Open
 promo checkpoint-before-data-flush torn59 [dataR/logR] ro=False dataChanged=False logChanged=False
     ref=pendingCollection=1#-750096045 rows=8#-380430706 [value:8]
     got=FAIL NotSupportedException: probe: not writable
     D:Write(8192)@0 <- DiskService.RecoverHeaderJournal <- DiskService.ValidateExistingData <- DiskService..ctor <- LiteEngine.Open
 promo checkpoint-before-data-flush torn59 [dataW/logR] ro=False dataChanged=True logChanged=False
     ref=pendingCollection=1#-750096045 rows=8#-380430706 [value:8]
     got=FAIL NotSupportedException: probe: not writable
     D:Write(8192)@0 <- DiskService.RecoverHeaderJournal <- DiskService.ValidateExistingData <- DiskService..ctor <- LiteEngine.Open
     L:SetLength(114688) from 131072 <- DiskService.RecoverHeaderJournal <- DiskService.ValidateExistingData <- DiskService..ctor <- LiteEngine.Open
 promo checkpoint-after-data-flush torn-1 [dataR/logW] ro=False dataChanged=False logChanged=True
     ref=pendingCollection=1#-750096045 rows=8#-380430706 [value:8]
     got=pendingCollection=1#-750096045 rows=8#-380430706 [value:8]
     L:SetLength(114688) from 131072 <- DiskService.RecoverHeaderJournal <- DiskService.ValidateExistingData <- DiskService..ctor <- LiteEngine.Open
 promo checkpoint-after-data-flush torn-1 [dataR/logR] ro=False dataChanged=False logChanged=False
     ref=pendingCollection=1#-750096045 rows=8#-380430706 [value:8]
     got=FAIL NotSupportedException: probe: not writable
     L:SetLength(114688) from 131072 <- DiskService.RecoverHeaderJournal <- DiskService.ValidateExistingData <- DiskService..ctor <- LiteEngine.Open
 promo checkpoint-after-data-flush torn-1 [dataW/logR] ro=False dataChanged=False logChanged=False
     ref=pendingCollection=1#-750096045 rows=8#-380430706 [value:8]
     got=FAIL NotSupportedException: probe: not writable
     L:SetLength(114688) from 131072 <- DiskService.RecoverHeaderJournal <- DiskService.ValidateExistingData <- DiskService..ctor <- LiteEngine.Open
 promo checkpoint-after-data-flush torn59 [dataR/logW] ro=False dataChanged=False logChanged=False
     ref=pendingCollection=1#-750096045 rows=8#-380430706 [value:8]
     got=FAIL NotSupportedException: probe: not writable
     D:Write(8192)@0 <- DiskService.RecoverHeaderJournal <- DiskService.ValidateExistingData <- DiskService..ctor <- LiteEngine.Open
 promo checkpoint-after-data-flush torn59 [dataR/logR] ro=False dataChanged=False logChanged=False
     ref=pendingCollection=1#-750096045 rows=8#-380430706 [value:8]
     got=FAIL NotSupportedException: probe: not writable
     D:Write(8192)@0 <- DiskService.RecoverHeaderJournal <- DiskService.ValidateExistingData <- DiskService..ctor <- LiteEngine.Open
 promo checkpoint-after-data-flush torn59 [dataW/logR] ro=False dataChanged=True logChanged=False
     ref=pendingCollection=1#-750096045 rows=8#-380430706 [value:8]
     got=FAIL NotSupportedException: probe: not writable
     D:Write(8192)@0 <- DiskService.RecoverHeaderJournal <- DiskService.ValidateExistingData <- DiskService..ctor <- LiteEngine.Open
     L:SetLength(114688) from 131072 <- DiskService.RecoverHeaderJournal <- DiskService.ValidateExistingData <- DiskService..ctor <- LiteEngine.Open
 promo promotion-before-journal-retire-flush torn-1 [dataR/logW] ro=False dataChanged=False logChanged=True
     ref=pendingCollection=1#-750096045 rows=4#-1967822404 [value:4]
     got=pendingCollection=1#-750096045 rows=4#-1967822404 [value:4]
     L:SetLength(65536) from 81920 <- DiskService.RecoverHeaderJournal <- DiskService.ValidateExistingData <- DiskService..ctor <- LiteEngine.Open
 promo promotion-before-journal-retire-flush torn-1 [dataR/logR] ro=False dataChanged=False logChanged=False
     ref=pendingCollection=1#-750096045 rows=4#-1967822404 [value:4]
     got=FAIL NotSupportedException: probe: not writable
     L:SetLength(65536) from 81920 <- DiskService.RecoverHeaderJournal <- DiskService.ValidateExistingData <- DiskService..ctor <- LiteEngine.Open
 promo promotion-before-journal-retire-flush torn-1 [dataW/logR] ro=False dataChanged=False logChanged=False
     ref=pendingCollection=1#-750096045 rows=4#-1967822404 [value:4]
     got=FAIL NotSupportedException: probe: not writable
     L:SetLength(65536) from 81920 <- DiskService.RecoverHeaderJournal <- DiskService.ValidateExistingData <- DiskService..ctor <- LiteEngine.Open
 promo promotion-before-journal-retire-flush torn59 [dataR/logW] ro=False dataChanged=False logChanged=True
     ref=pendingCollection=1#-750096045 rows=8#-380430706 [value:8]
     got=pendingCollection=1#-750096045 rows=8#-380430706 [value:8]
     L:SetLength(114688) from 131072 <- DiskService.RecoverHeaderJournal <- DiskService.ValidateExistingData <- DiskService..ctor <- LiteEngine.Open
 promo promotion-before-journal-retire-flush torn59 [dataR/logR] ro=False dataChanged=False logChanged=False
     ref=pendingCollection=1#-750096045 rows=8#-380430706 [value:8]
     got=FAIL NotSupportedException: probe: not writable
     L:SetLength(114688) from 131072 <- DiskService.RecoverHeaderJournal <- DiskService.ValidateExistingData <- DiskService..ctor <- LiteEngine.Open
 promo promotion-before-journal-retire-flush torn59 [dataW/logR] ro=False dataChanged=False logChanged=False
     ref=pendingCollection=1#-750096045 rows=8#-380430706 [value:8]
     got=FAIL NotSupportedException: probe: not writable
     L:SetLength(114688) from 131072 <- DiskService.RecoverHeaderJournal <- DiskService.ValidateExistingData <- DiskService..ctor <- LiteEngine.Open
 promo promotion-after-journal-retire-flush torn59 [dataR/logW] ro=False dataChanged=False logChanged=True
     ref=pendingCollection=1#-750096045 rows=8#-380430706 [value:8]
     got=pendingCollection=1#-750096045 rows=8#-380430706 [value:8]
     L:SetLength(114688) from 131072 <- DiskService.RecoverHeaderJournal <- DiskService.ValidateExistingData <- DiskService..ctor <- LiteEngine.Open
 promo promotion-after-journal-retire-flush torn59 [dataR/logR] ro=False dataChanged=False logChanged=False
     ref=pendingCollection=1#-750096045 rows=8#-380430706 [value:8]
     got=FAIL NotSupportedException: probe: not writable
     L:SetLength(114688) from 131072 <- DiskService.RecoverHeaderJournal <- DiskService.ValidateExistingData <- DiskService..ctor <- LiteEngine.Open
 promo promotion-after-journal-retire-flush torn59 [dataW/logR] ro=False dataChanged=False logChanged=False
     ref=pendingCollection=1#-750096045 rows=8#-380430706 [value:8]
     got=FAIL NotSupportedException: probe: not writable
     L:SetLength(114688) from 131072 <- DiskService.RecoverHeaderJournal <- DiskService.ValidateExistingData <- DiskService..ctor <- LiteEngine.Open
 mvcc promotion-after-journal-flush p-1 cFalse [dataR/logW] ro=False dataChanged=False logChanged=True
     ref=rows=8#1242171050 [value:8]untouched=1#434968407 
     got=rows=8#1242171050 [value:8]untouched=1#434968407 
     L:SetLength(376832) from 393216 <- DiskService.RecoverHeaderJournal <- DiskService.ValidateExistingData <- DiskService..ctor <- LiteEngine.Open
 mvcc promotion-after-journal-flush p-1 cFalse [dataR/logR] ro=False dataChanged=False logChanged=False
     ref=rows=8#1242171050 [value:8]untouched=1#434968407 
     got=FAIL NotSupportedException: probe: not writable
     L:SetLength(376832) from 393216 <- DiskService.RecoverHeaderJournal <- DiskService.ValidateExistingData <- DiskService..ctor <- LiteEngine.Open
 mvcc promotion-after-journal-flush p-1 cFalse [dataW/logR] ro=False dataChanged=False logChanged=False
     ref=rows=8#1242171050 [value:8]untouched=1#434968407 
     got=FAIL NotSupportedException: probe: not writable
     L:SetLength(376832) from 393216 <- DiskService.RecoverHeaderJournal <- DiskService.ValidateExistingData <- DiskService..ctor <- LiteEngine.Open
 mvcc promotion-before-header-write p-1 cFalse [dataR/logW] ro=False dataChanged=False logChanged=True
     ref=rows=8#1242171050 [value:8]untouched=1#434968407 
     got=rows=8#1242171050 [value:8]untouched=1#434968407 
     L:SetLength(376832) from 393216 <- DiskService.RecoverHeaderJournal <- DiskService.ValidateExistingData <- DiskService..ctor <- LiteEngine.Open
 mvcc promotion-before-header-write p-1 cFalse [dataR/logR] ro=False dataChanged=False logChanged=False
     ref=rows=8#1242171050 [value:8]untouched=1#434968407 
     got=FAIL NotSupportedException: probe: not writable
     L:SetLength(376832) from 393216 <- DiskService.RecoverHeaderJournal <- DiskService.ValidateExistingData <- DiskService..ctor <- LiteEngine.Open
 mvcc promotion-before-header-write p-1 cFalse [dataW/logR] ro=False dataChanged=False logChanged=False
     ref=rows=8#1242171050 [value:8]untouched=1#434968407 
     got=FAIL NotSupportedException: probe: not writable
     L:SetLength(376832) from 393216 <- DiskService.RecoverHeaderJournal <- DiskService.ValidateExistingData <- DiskService..ctor <- LiteEngine.Open
 mvcc promotion-after-header-write p-1 cFalse [dataR/logW] ro=False dataChanged=False logChanged=True
     ref=rows=8#1242171050 [value:8]untouched=1#434968407 
     got=rows=8#1242171050 [value:8]untouched=1#434968407 
     L:SetLength(376832) from 393216 <- DiskService.RecoverHeaderJournal <- DiskService.ValidateExistingData <- DiskService..ctor <- LiteEngine.Open
 mvcc promotion-after-header-write p-1 cFalse [dataR/logR] ro=False dataChanged=False logChanged=False
     ref=rows=8#1242171050 [value:8]untouched=1#434968407 
     got=FAIL NotSupportedException: probe: not writable
     L:SetLength(376832) from 393216 <- DiskService.RecoverHeaderJournal <- DiskService.ValidateExistingData <- DiskService..ctor <- LiteEngine.Open
 mvcc promotion-after-header-write p-1 cFalse [dataW/logR] ro=False dataChanged=False logChanged=False
     ref=rows=8#1242171050 [value:8]untouched=1#434968407 
     got=FAIL NotSupportedException: probe: not writable
     L:SetLength(376832) from 393216 <- DiskService.RecoverHeaderJournal <- DiskService.ValidateExistingData <- DiskService..ctor <- LiteEngine.Open
 mvcc promotion-after-header-flush p-1 cFalse [dataR/logW] ro=False dataChanged=False logChanged=True
     ref=rows=8#1242171050 [value:8]untouched=1#434968407 
     got=rows=8#1242171050 [value:8]untouched=1#434968407 
     L:SetLength(376832) from 393216 <- DiskService.RecoverHeaderJournal <- DiskService.ValidateExistingData <- DiskService..ctor <- LiteEngine.Open
 mvcc promotion-after-header-flush p-1 cFalse [dataR/logR] ro=False dataChanged=False logChanged=False
     ref=rows=8#1242171050 [value:8]untouched=1#434968407 
     got=FAIL NotSupportedException: probe: not writable
     L:SetLength(376832) from 393216 <- DiskService.RecoverHeaderJournal <- DiskService.ValidateExistingData <- DiskService..ctor <- LiteEngine.Open
 mvcc promotion-after-header-flush p-1 cFalse [dataW/logR] ro=False dataChanged=False logChanged=False
     ref=rows=8#1242171050 [value:8]untouched=1#434968407 
     got=FAIL NotSupportedException: probe: not writable
     L:SetLength(376832) from 393216 <- DiskService.RecoverHeaderJournal <- DiskService.ValidateExistingData <- DiskService..ctor <- LiteEngine.Open
 mvcc retirement-records-flushed p-1 cFalse [dataR/logW] ro=False dataChanged=False logChanged=True
     ref=rows=8#1242171050 [value:8]untouched=1#434968407 
     got=rows=8#1242171050 [value:8]untouched=1#434968407 
     L:SetLength(376832) from 379776 <- DiskService.SetLength <- DiskService.DiscardWalTail <- DiskService.FinishWalRecovery <- WalIndexService.RestoreIndex
     L:SetLength(376832) from 376832 <- WalPadding.Pad <- DiskService.SyncLogBarrier <- DiskService.DiscardWalTail <- DiskService.FinishWalRecovery
 mvcc retirement-records-flushed p-1 cFalse [dataR/logR] ro=False dataChanged=False logChanged=False
     ref=rows=8#1242171050 [value:8]untouched=1#434968407 
     got=FAIL NotSupportedException: probe: not writable
     L:SetLength(376832) from 379776 <- DiskService.SetLength <- DiskService.DiscardWalTail <- DiskService.FinishWalRecovery <- WalIndexService.RestoreIndex
 mvcc retirement-records-flushed p-1 cFalse [dataW/logR] ro=False dataChanged=False logChanged=False
     ref=rows=8#1242171050 [value:8]untouched=1#434968407 
     got=FAIL NotSupportedException: probe: not writable
     L:SetLength(376832) from 379776 <- DiskService.SetLength <- DiskService.DiscardWalTail <- DiskService.FinishWalRecovery <- WalIndexService.RestoreIndex
 mvcc retirement-before-header-write p-1 cFalse [dataR/logW] ro=False dataChanged=False logChanged=True
     ref=rows=8#1242171050 [value:8]untouched=1#434968407 
     got=rows=8#1242171050 [value:8]untouched=1#434968407 
     L:SetLength(385024) from 401408 <- DiskService.RecoverHeaderJournal <- DiskService.ValidateExistingData <- DiskService..ctor <- LiteEngine.Open
     L:SetLength(376832) from 385024 <- DiskService.SetLength <- DiskService.DiscardWalTail <- DiskService.FinishWalRecovery <- WalIndexService.RestoreIndex
     L:SetLength(376832) from 376832 <- WalPadding.Pad <- DiskService.SyncLogBarrier <- DiskService.DiscardWalTail <- DiskService.FinishWalRecovery
 mvcc retirement-before-header-write p-1 cFalse [dataR/logR] ro=False dataChanged=False logChanged=False
     ref=rows=8#1242171050 [value:8]untouched=1#434968407 
     got=FAIL NotSupportedException: probe: not writable
     L:SetLength(385024) from 401408 <- DiskService.RecoverHeaderJournal <- DiskService.ValidateExistingData <- DiskService..ctor <- LiteEngine.Open
 mvcc retirement-before-header-write p-1 cFalse [dataW/logR] ro=False dataChanged=False logChanged=False
     ref=rows=8#1242171050 [value:8]untouched=1#434968407 
     got=FAIL NotSupportedException: probe: not writable
     L:SetLength(385024) from 401408 <- DiskService.RecoverHeaderJournal <- DiskService.ValidateExistingData <- DiskService..ctor <- LiteEngine.Open
 mvcc retirement-after-header-write p-1 cFalse [dataR/logW] ro=False dataChanged=False logChanged=True
     ref=rows=8#1242171050 [value:8]untouched=1#434968407 
     got=rows=8#1242171050 [value:8]untouched=1#434968407 
     L:SetLength(385024) from 401408 <- DiskService.RecoverHeaderJournal <- DiskService.ValidateExistingData <- DiskService..ctor <- LiteEngine.Open
     L:SetLength(376832) from 385024 <- DiskService.SetLength <- DiskService.DiscardWalTail <- DiskService.FinishWalRecovery <- WalIndexService.RestoreIndex
     L:SetLength(376832) from 376832 <- WalPadding.Pad <- DiskService.SyncLogBarrier <- DiskService.DiscardWalTail <- DiskService.FinishWalRecovery
 mvcc retirement-after-header-write p-1 cFalse [dataR/logR] ro=False dataChanged=False logChanged=False
     ref=rows=8#1242171050 [value:8]untouched=1#434968407 
     got=FAIL NotSupportedException: probe: not writable
     L:SetLength(385024) from 401408 <- DiskService.RecoverHeaderJournal <- DiskService.ValidateExistingData <- DiskService..ctor <- LiteEngine.Open
 mvcc retirement-after-header-write p-1 cFalse [dataW/logR] ro=False dataChanged=False logChanged=False
     ref=rows=8#1242171050 [value:8]untouched=1#434968407 
     got=FAIL NotSupportedException: probe: not writable
     L:SetLength(385024) from 401408 <- DiskService.RecoverHeaderJournal <- DiskService.ValidateExistingData <- DiskService..ctor <- LiteEngine.Open
 mvcc retirement-header-flushed p-1 cFalse [dataR/logW] ro=False dataChanged=False logChanged=True
     ref=rows=8#1242171050 [value:8]untouched=1#434968407 
     got=rows=8#1242171050 [value:8]untouched=1#434968407 
     L:SetLength(385024) from 401408 <- DiskService.RecoverHeaderJournal <- DiskService.ValidateExistingData <- DiskService..ctor <- LiteEngine.Open
 mvcc retirement-header-flushed p-1 cFalse [dataR/logR] ro=False dataChanged=False logChanged=False
     ref=rows=8#1242171050 [value:8]untouched=1#434968407 
     got=FAIL NotSupportedException: probe: not writable
     L:SetLength(385024) from 401408 <- DiskService.RecoverHeaderJournal <- DiskService.ValidateExistingData <- DiskService..ctor <- LiteEngine.Open
 mvcc retirement-header-flushed p-1 cFalse [dataW/logR] ro=False dataChanged=False logChanged=False
     ref=rows=8#1242171050 [value:8]untouched=1#434968407 
     got=FAIL NotSupportedException: probe: not writable
     L:SetLength(385024) from 401408 <- DiskService.RecoverHeaderJournal <- DiskService.ValidateExistingData <- DiskService..ctor <- LiteEngine.Open
 mvcc retirement-before-journal-retire-flush p-1 cFalse [dataR/logW] ro=False dataChanged=False logChanged=True
     ref=rows=8#1242171050 [value:8]untouched=1#434968407 
     got=rows=8#1242171050 [value:8]untouched=1#434968407 
     L:SetLength(385024) from 401408 <- DiskService.RecoverHeaderJournal <- DiskService.ValidateExistingData <- DiskService..ctor <- LiteEngine.Open
 mvcc retirement-before-journal-retire-flush p-1 cFalse [dataR/logR] ro=False dataChanged=False logChanged=False
     ref=rows=8#1242171050 [value:8]untouched=1#434968407 
     got=FAIL NotSupportedException: probe: not writable
     L:SetLength(385024) from 401408 <- DiskService.RecoverHeaderJournal <- DiskService.ValidateExistingData <- DiskService..ctor <- LiteEngine.Open
 mvcc retirement-before-journal-retire-flush p-1 cFalse [dataW/logR] ro=False dataChanged=False logChanged=False
     ref=rows=8#1242171050 [value:8]untouched=1#434968407 
     got=FAIL NotSupportedException: probe: not writable
     L:SetLength(385024) from 401408 <- DiskService.RecoverHeaderJournal <- DiskService.ValidateExistingData <- DiskService..ctor <- LiteEngine.Open
 rooted checkpoint-before-page-write cut cFalse #1 [dataR/logW] ro=False dataChanged=False logChanged=True
     ref=rows=8#1242171050 [value:8]untouched=1#434968407 
     got=rows=8#1242171050 [value:8]untouched=1#434968407 
     L:SetLength(524288) from 540672 <- DiskService.RecoverHeaderJournal <- DiskService.ValidateExistingData <- DiskService..ctor <- LiteEngine.Open
 rooted checkpoint-before-page-write cut cFalse #1 [dataR/logR] ro=False dataChanged=False logChanged=False
     ref=rows=8#1242171050 [value:8]untouched=1#434968407 
     got=FAIL NotSupportedException: probe: not writable
     L:SetLength(524288) from 540672 <- DiskService.RecoverHeaderJournal <- DiskService.ValidateExistingData <- DiskService..ctor <- LiteEngine.Open
 rooted checkpoint-before-page-write cut cFalse #1 [dataW/logR] ro=False dataChanged=False logChanged=False
     ref=rows=8#1242171050 [value:8]untouched=1#434968407 
     got=FAIL NotSupportedException: probe: not writable
     L:SetLength(524288) from 540672 <- DiskService.RecoverHeaderJournal <- DiskService.ValidateExistingData <- DiskService..ctor <- LiteEngine.Open
 rooted checkpoint-after-page-write cut cFalse #1 [dataR/logW] ro=False dataChanged=False logChanged=True
     ref=rows=8#1242171050 [value:8]untouched=1#434968407 
     got=rows=8#1242171050 [value:8]untouched=1#434968407 
     L:SetLength(524288) from 540672 <- DiskService.RecoverHeaderJournal <- DiskService.ValidateExistingData <- DiskService..ctor <- LiteEngine.Open
 rooted checkpoint-after-page-write cut cFalse #1 [dataR/logR] ro=False dataChanged=False logChanged=False
     ref=rows=8#1242171050 [value:8]untouched=1#434968407 
     got=FAIL NotSupportedException: probe: not writable
     L:SetLength(524288) from 540672 <- DiskService.RecoverHeaderJournal <- DiskService.ValidateExistingData <- DiskService..ctor <- LiteEngine.Open
 rooted checkpoint-after-page-write cut cFalse #1 [dataW/logR] ro=False dataChanged=False logChanged=False
     ref=rows=8#1242171050 [value:8]untouched=1#434968407 
     got=FAIL NotSupportedException: probe: not writable
     L:SetLength(524288) from 540672 <- DiskService.RecoverHeaderJournal <- DiskService.ValidateExistingData <- DiskService..ctor <- LiteEngine.Open
 rooted checkpoint-before-data-flush cut cFalse #1 [dataR/logW] ro=False dataChanged=False logChanged=True
     ref=rows=8#1242171050 [value:8]untouched=1#434968407 
     got=rows=8#1242171050 [value:8]untouched=1#434968407 
     L:SetLength(524288) from 540672 <- DiskService.RecoverHeaderJournal <- DiskService.ValidateExistingData <- DiskService..ctor <- LiteEngine.Open
 rooted checkpoint-before-data-flush cut cFalse #1 [dataR/logR] ro=False dataChanged=False logChanged=False
     ref=rows=8#1242171050 [value:8]untouched=1#434968407 
     got=FAIL NotSupportedException: probe: not writable
     L:SetLength(524288) from 540672 <- DiskService.RecoverHeaderJournal <- DiskService.ValidateExistingData <- DiskService..ctor <- LiteEngine.Open
 rooted checkpoint-before-data-flush cut cFalse #1 [dataW/logR] ro=False dataChanged=False logChanged=False
     ref=rows=8#1242171050 [value:8]untouched=1#434968407 
     got=FAIL NotSupportedException: probe: not writable
     L:SetLength(524288) from 540672 <- DiskService.RecoverHeaderJournal <- DiskService.ValidateExistingData <- DiskService..ctor <- LiteEngine.Open
 rooted checkpoint-after-data-flush cut cFalse #1 [dataR/logW] ro=False dataChanged=False logChanged=True
     ref=rows=8#1242171050 [value:8]untouched=1#434968407 
     got=rows=8#1242171050 [value:8]untouched=1#434968407 
     L:SetLength(524288) from 540672 <- DiskService.RecoverHeaderJournal <- DiskService.ValidateExistingData <- DiskService..ctor <- LiteEngine.Open
 rooted checkpoint-after-data-flush cut cFalse #1 [dataR/logR] ro=False dataChanged=False logChanged=False
     ref=rows=8#1242171050 [value:8]untouched=1#434968407 
     got=FAIL NotSupportedException: probe: not writable
     L:SetLength(524288) from 540672 <- DiskService.RecoverHeaderJournal <- DiskService.ValidateExistingData <- DiskService..ctor <- LiteEngine.Open
 rooted checkpoint-after-data-flush cut cFalse #1 [dataW/logR] ro=False dataChanged=False logChanged=False
     ref=rows=8#1242171050 [value:8]untouched=1#434968407 
     got=FAIL NotSupportedException: probe: not writable
     L:SetLength(524288) from 540672 <- DiskService.RecoverHeaderJournal <- DiskService.ValidateExistingData <- DiskService..ctor <- LiteEngine.Open
 rooted before-reclaim cut cFalse #1 [dataR/logW] ro=False dataChanged=False logChanged=True
     ref=rows=8#1242171050 [value:8]untouched=1#434968407 
     got=rows=8#1242171050 [value:8]untouched=1#434968407 
     L:SetLength(524288) from 540672 <- DiskService.RecoverHeaderJournal <- DiskService.ValidateExistingData <- DiskService..ctor <- LiteEngine.Open
 rooted before-reclaim cut cFalse #1 [dataR/logR] ro=False dataChanged=False logChanged=False
     ref=rows=8#1242171050 [value:8]untouched=1#434968407 
     got=FAIL NotSupportedException: probe: not writable
     L:SetLength(524288) from 540672 <- DiskService.RecoverHeaderJournal <- DiskService.ValidateExistingData <- DiskService..ctor <- LiteEngine.Open
 rooted before-reclaim cut cFalse #1 [dataW/logR] ro=False dataChanged=False logChanged=False
     ref=rows=8#1242171050 [value:8]untouched=1#434968407 
     got=FAIL NotSupportedException: probe: not writable
     L:SetLength(524288) from 540672 <- DiskService.RecoverHeaderJournal <- DiskService.ValidateExistingData <- DiskService..ctor <- LiteEngine.Open
 rooted checkpoint-before-clear cut cFalse #1 [dataR/logW] ro=False dataChanged=False logChanged=True
     ref=rows=8#1242171050 [value:8]untouched=1#434968407 
     got=rows=8#1242171050 [value:8]untouched=1#434968407 
     L:SetLength(524288) from 540672 <- DiskService.RecoverHeaderJournal <- DiskService.ValidateExistingData <- DiskService..ctor <- LiteEngine.Open
     L:SetLength(0) from 524288 <- DiskService.SetLength <- DiskService.DiscardWalTail <- DiskService.FinishWalRecovery <- WalIndexService.RestoreIndex
     L:SetLength(0) from 0 <- WalPadding.Pad <- DiskService.SyncLogBarrier <- DiskService.DiscardWalTail <- DiskService.FinishWalRecovery
 rooted checkpoint-before-clear cut cFalse #1 [dataR/logR] ro=False dataChanged=False logChanged=False
     ref=rows=8#1242171050 [value:8]untouched=1#434968407 
     got=FAIL NotSupportedException: probe: not writable
     L:SetLength(524288) from 540672 <- DiskService.RecoverHeaderJournal <- DiskService.ValidateExistingData <- DiskService..ctor <- LiteEngine.Open
 rooted checkpoint-before-clear cut cFalse #1 [dataW/logR] ro=False dataChanged=False logChanged=False
     ref=rows=8#1242171050 [value:8]untouched=1#434968407 
     got=FAIL NotSupportedException: probe: not writable
     L:SetLength(524288) from 540672 <- DiskService.RecoverHeaderJournal <- DiskService.ValidateExistingData <- DiskService..ctor <- LiteEngine.Open
 rooted checkpoint-after-clear cut cFalse #1 [dataR/logW] ro=False dataChanged=False logChanged=True
     ref=rows=8#1242171050 [value:8]untouched=1#434968407 
     got=rows=8#1242171050 [value:8]untouched=1#434968407 
     L:SetLength(524288) from 540672 <- DiskService.RecoverHeaderJournal <- DiskService.ValidateExistingData <- DiskService..ctor <- LiteEngine.Open
     L:SetLength(0) from 524288 <- DiskService.SetLength <- DiskService.DiscardWalTail <- DiskService.FinishWalRecovery <- WalIndexService.RestoreIndex
     L:SetLength(0) from 0 <- WalPadding.Pad <- DiskService.SyncLogBarrier <- DiskService.DiscardWalTail <- DiskService.FinishWalRecovery
 rooted checkpoint-after-clear cut cFalse #1 [dataR/logR] ro=False dataChanged=False logChanged=False
     ref=rows=8#1242171050 [value:8]untouched=1#434968407 
     got=FAIL NotSupportedException: probe: not writable
     L:SetLength(524288) from 540672 <- DiskService.RecoverHeaderJournal <- DiskService.ValidateExistingData <- DiskService..ctor <- LiteEngine.Open
 rooted checkpoint-after-clear cut cFalse #1 [dataW/logR] ro=False dataChanged=False logChanged=False
     ref=rows=8#1242171050 [value:8]untouched=1#434968407 
     got=FAIL NotSupportedException: probe: not writable
     L:SetLength(524288) from 540672 <- DiskService.RecoverHeaderJournal <- DiskService.ValidateExistingData <- DiskService..ctor <- LiteEngine.Open
 rooted repeat-repair cFalse #1 [dataR/logW] ro=False dataChanged=False logChanged=False
     ref=rows=8#1242171050 [value:8]untouched=1#434968407 
     got=FAIL NotSupportedException: probe: not writable
     D:Write(8192)@0 <- DiskService.RecoverHeaderJournal <- DiskService.ValidateExistingData <- DiskService..ctor <- LiteEngine.Open
 rooted repeat-repair cFalse #1 [dataR/logR] ro=False dataChanged=False logChanged=False
     ref=rows=8#1242171050 [value:8]untouched=1#434968407 
     got=FAIL NotSupportedException: probe: not writable
     D:Write(8192)@0 <- DiskService.RecoverHeaderJournal <- DiskService.ValidateExistingData <- DiskService..ctor <- LiteEngine.Open
 rooted repeat-repair cFalse #1 [dataW/logR] ro=False dataChanged=True logChanged=False
     ref=rows=8#1242171050 [value:8]untouched=1#434968407 
     got=FAIL NotSupportedException: probe: not writable
     D:Write(8192)@0 <- DiskService.RecoverHeaderJournal <- DiskService.ValidateExistingData <- DiskService..ctor <- LiteEngine.Open
     L:SetLength(524288) from 540672 <- DiskService.RecoverHeaderJournal <- DiskService.ValidateExistingData <- DiskService..ctor <- LiteEngine.Open
 rooted repeat-repair cFalse #2 [dataR/logW] ro=False dataChanged=False logChanged=False
     ref=rows=8#1242171050 [value:8]untouched=1#434968407 
     got=FAIL NotSupportedException: probe: not writable
     D:Write(8192)@0 <- DiskService.RecoverHeaderJournal <- DiskService.ValidateExistingData <- DiskService..ctor <- LiteEngine.Open
 rooted repeat-repair cFalse #2 [dataR/logR] ro=False dataChanged=False logChanged=False
     ref=rows=8#1242171050 [value:8]untouched=1#434968407 
     got=FAIL NotSupportedException: probe: not writable
     D:Write(8192)@0 <- DiskService.RecoverHeaderJournal <- DiskService.ValidateExistingData <- DiskService..ctor <- LiteEngine.Open
 rooted repeat-repair cFalse #2 [dataW/logR] ro=False dataChanged=True logChanged=False
     ref=rows=8#1242171050 [value:8]untouched=1#434968407 
     got=FAIL NotSupportedException: probe: not writable
     D:Write(8192)@0 <- DiskService.RecoverHeaderJournal <- DiskService.ValidateExistingData <- DiskService..ctor <- LiteEngine.Open
     L:SetLength(524288) from 540672 <- DiskService.RecoverHeaderJournal <- DiskService.ValidateExistingData <- DiskService..ctor <- LiteEngine.Open
 rooted repeat-repair cFalse #3 [dataR/logW] ro=False dataChanged=False logChanged=False
     ref=rows=8#1242171050 [value:8]untouched=1#434968407 
     got=FAIL NotSupportedException: probe: not writable
     D:Write(8192)@0 <- DiskService.RecoverHeaderJournal <- DiskService.ValidateExistingData <- DiskService..ctor <- LiteEngine.Open
 rooted repeat-repair cFalse #3 [dataR/logR] ro=False dataChanged=False logChanged=False
     ref=rows=8#1242171050 [value:8]untouched=1#434968407 
     got=FAIL NotSupportedException: probe: not writable
     D:Write(8192)@0 <- DiskService.RecoverHeaderJournal <- DiskService.ValidateExistingData <- DiskService..ctor <- LiteEngine.Open
 rooted repeat-repair cFalse #3 [dataW/logR] ro=False dataChanged=True logChanged=False
     ref=rows=8#1242171050 [value:8]untouched=1#434968407 
     got=FAIL NotSupportedException: probe: not writable
     D:Write(8192)@0 <- DiskService.RecoverHeaderJournal <- DiskService.ValidateExistingData <- DiskService..ctor <- LiteEngine.Open
     L:SetLength(524288) from 540672 <- DiskService.RecoverHeaderJournal <- DiskService.ValidateExistingData <- DiskService..ctor <- LiteEngine.Open
 mvcc promotion-after-journal-flush p-1 cTrue [dataR/logW] ro=False dataChanged=False logChanged=True
     ref=rows=8#1242171050 [value:8]untouched=1#434968407 
     got=rows=8#1242171050 [value:8]untouched=1#434968407 
     L:SetLength(376832) from 393216 <- DiskService.RecoverHeaderJournal <- DiskService.ValidateExistingData <- DiskService..ctor <- LiteEngine.Open
 mvcc promotion-after-journal-flush p-1 cTrue [dataR/logR] ro=False dataChanged=False logChanged=False
     ref=rows=8#1242171050 [value:8]untouched=1#434968407 
     got=FAIL NotSupportedException: probe: not writable
     L:SetLength(376832) from 393216 <- DiskService.RecoverHeaderJournal <- DiskService.ValidateExistingData <- DiskService..ctor <- LiteEngine.Open
 mvcc promotion-after-journal-flush p-1 cTrue [dataW/logR] ro=False dataChanged=False logChanged=False
     ref=rows=8#1242171050 [value:8]untouched=1#434968407 
     got=FAIL NotSupportedException: probe: not writable
     L:SetLength(376832) from 393216 <- DiskService.RecoverHeaderJournal <- DiskService.ValidateExistingData <- DiskService..ctor <- LiteEngine.Open
 mvcc promotion-before-header-write p-1 cTrue [dataR/logW] ro=False dataChanged=False logChanged=True
     ref=rows=8#1242171050 [value:8]untouched=1#434968407 
     got=rows=8#1242171050 [value:8]untouched=1#434968407 
     L:SetLength(376832) from 393216 <- DiskService.RecoverHeaderJournal <- DiskService.ValidateExistingData <- DiskService..ctor <- LiteEngine.Open
 mvcc promotion-before-header-write p-1 cTrue [dataR/logR] ro=False dataChanged=False logChanged=False
     ref=rows=8#1242171050 [value:8]untouched=1#434968407 
     got=FAIL NotSupportedException: probe: not writable
     L:SetLength(376832) from 393216 <- DiskService.RecoverHeaderJournal <- DiskService.ValidateExistingData <- DiskService..ctor <- LiteEngine.Open
 mvcc promotion-before-header-write p-1 cTrue [dataW/logR] ro=False dataChanged=False logChanged=False
     ref=rows=8#1242171050 [value:8]untouched=1#434968407 
     got=FAIL NotSupportedException: probe: not writable
     L:SetLength(376832) from 393216 <- DiskService.RecoverHeaderJournal <- DiskService.ValidateExistingData <- DiskService..ctor <- LiteEngine.Open
 mvcc promotion-after-header-write p-1 cTrue [dataR/logW] ro=False dataChanged=False logChanged=True
     ref=rows=8#1242171050 [value:8]untouched=1#434968407 
     got=rows=8#1242171050 [value:8]untouched=1#434968407 
     L:SetLength(376832) from 393216 <- DiskService.RecoverHeaderJournal <- DiskService.ValidateExistingData <- DiskService..ctor <- LiteEngine.Open
 mvcc promotion-after-header-write p-1 cTrue [dataR/logR] ro=False dataChanged=False logChanged=False
     ref=rows=8#1242171050 [value:8]untouched=1#434968407 
     got=FAIL NotSupportedException: probe: not writable
     L:SetLength(376832) from 393216 <- DiskService.RecoverHeaderJournal <- DiskService.ValidateExistingData <- DiskService..ctor <- LiteEngine.Open
 mvcc promotion-after-header-write p-1 cTrue [dataW/logR] ro=False dataChanged=False logChanged=False
     ref=rows=8#1242171050 [value:8]untouched=1#434968407 
     got=FAIL NotSupportedException: probe: not writable
     L:SetLength(376832) from 393216 <- DiskService.RecoverHeaderJournal <- DiskService.ValidateExistingData <- DiskService..ctor <- LiteEngine.Open
 mvcc promotion-after-header-flush p-1 cTrue [dataR/logW] ro=False dataChanged=False logChanged=True
     ref=rows=8#1242171050 [value:8]untouched=1#434968407 
     got=rows=8#1242171050 [value:8]untouched=1#434968407 
     L:SetLength(376832) from 393216 <- DiskService.RecoverHeaderJournal <- DiskService.ValidateExistingData <- DiskService..ctor <- LiteEngine.Open
 mvcc promotion-after-header-flush p-1 cTrue [dataR/logR] ro=False dataChanged=False logChanged=False
     ref=rows=8#1242171050 [value:8]untouched=1#434968407 
     got=FAIL NotSupportedException: probe: not writable
     L:SetLength(376832) from 393216 <- DiskService.RecoverHeaderJournal <- DiskService.ValidateExistingData <- DiskService..ctor <- LiteEngine.Open
 mvcc promotion-after-header-flush p-1 cTrue [dataW/logR] ro=False dataChanged=False logChanged=False
     ref=rows=8#1242171050 [value:8]untouched=1#434968407 
     got=FAIL NotSupportedException: probe: not writable
     L:SetLength(376832) from 393216 <- DiskService.RecoverHeaderJournal <- DiskService.ValidateExistingData <- DiskService..ctor <- LiteEngine.Open
 mvcc retirement-records-flushed p-1 cTrue [dataR/logW] ro=False dataChanged=False logChanged=True
     ref=rows=8#1242171050 [value:8]untouched=1#434968407 
     got=rows=8#1242171050 [value:8]untouched=1#434968407 
     L:SetLength(376832) from 379776 <- DiskService.SetLength <- DiskService.DiscardWalTail <- DiskService.FinishWalRecovery <- WalIndexService.RestoreIndex
     L:SetLength(376832) from 376832 <- WalPadding.Pad <- DiskService.SyncLogBarrier <- DiskService.DiscardWalTail <- DiskService.FinishWalRecovery
 mvcc retirement-records-flushed p-1 cTrue [dataR/logR] ro=False dataChanged=False logChanged=False
     ref=rows=8#1242171050 [value:8]untouched=1#434968407 
     got=FAIL NotSupportedException: probe: not writable
     L:SetLength(376832) from 379776 <- DiskService.SetLength <- DiskService.DiscardWalTail <- DiskService.FinishWalRecovery <- WalIndexService.RestoreIndex
 mvcc retirement-records-flushed p-1 cTrue [dataW/logR] ro=False dataChanged=False logChanged=False
     ref=rows=8#1242171050 [value:8]untouched=1#434968407 
     got=FAIL NotSupportedException: probe: not writable
     L:SetLength(376832) from 379776 <- DiskService.SetLength <- DiskService.DiscardWalTail <- DiskService.FinishWalRecovery <- WalIndexService.RestoreIndex
 mvcc retirement-before-header-write p-1 cTrue [dataR/logW] ro=False dataChanged=False logChanged=True
     ref=rows=8#1242171050 [value:8]untouched=1#434968407 
     got=rows=8#1242171050 [value:8]untouched=1#434968407 
     L:SetLength(385024) from 401408 <- DiskService.RecoverHeaderJournal <- DiskService.ValidateExistingData <- DiskService..ctor <- LiteEngine.Open
     L:SetLength(376832) from 385024 <- DiskService.SetLength <- DiskService.DiscardWalTail <- DiskService.FinishWalRecovery <- WalIndexService.RestoreIndex
     L:SetLength(376832) from 376832 <- WalPadding.Pad <- DiskService.SyncLogBarrier <- DiskService.DiscardWalTail <- DiskService.FinishWalRecovery
 mvcc retirement-before-header-write p-1 cTrue [dataR/logR] ro=False dataChanged=False logChanged=False
     ref=rows=8#1242171050 [value:8]untouched=1#434968407 
     got=FAIL NotSupportedException: probe: not writable
     L:SetLength(385024) from 401408 <- DiskService.RecoverHeaderJournal <- DiskService.ValidateExistingData <- DiskService..ctor <- LiteEngine.Open
 mvcc retirement-before-header-write p-1 cTrue [dataW/logR] ro=False dataChanged=False logChanged=False
     ref=rows=8#1242171050 [value:8]untouched=1#434968407 
     got=FAIL NotSupportedException: probe: not writable
     L:SetLength(385024) from 401408 <- DiskService.RecoverHeaderJournal <- DiskService.ValidateExistingData <- DiskService..ctor <- LiteEngine.Open
 mvcc retirement-after-header-write p-1 cTrue [dataR/logW] ro=False dataChanged=False logChanged=True
     ref=rows=8#1242171050 [value:8]untouched=1#434968407 
     got=rows=8#1242171050 [value:8]untouched=1#434968407 
     L:SetLength(385024) from 401408 <- DiskService.RecoverHeaderJournal <- DiskService.ValidateExistingData <- DiskService..ctor <- LiteEngine.Open
     L:SetLength(376832) from 385024 <- DiskService.SetLength <- DiskService.DiscardWalTail <- DiskService.FinishWalRecovery <- WalIndexService.RestoreIndex
     L:SetLength(376832) from 376832 <- WalPadding.Pad <- DiskService.SyncLogBarrier <- DiskService.DiscardWalTail <- DiskService.FinishWalRecovery
 mvcc retirement-after-header-write p-1 cTrue [dataR/logR] ro=False dataChanged=False logChanged=False
     ref=rows=8#1242171050 [value:8]untouched=1#434968407 
     got=FAIL NotSupportedException: probe: not writable
     L:SetLength(385024) from 401408 <- DiskService.RecoverHeaderJournal <- DiskService.ValidateExistingData <- DiskService..ctor <- LiteEngine.Open
 mvcc retirement-after-header-write p-1 cTrue [dataW/logR] ro=False dataChanged=False logChanged=False
     ref=rows=8#1242171050 [value:8]untouched=1#434968407 
     got=FAIL NotSupportedException: probe: not writable
     L:SetLength(385024) from 401408 <- DiskService.RecoverHeaderJournal <- DiskService.ValidateExistingData <- DiskService..ctor <- LiteEngine.Open
 mvcc retirement-header-flushed p-1 cTrue [dataR/logW] ro=False dataChanged=False logChanged=True
     ref=rows=8#1242171050 [value:8]untouched=1#434968407 
     got=rows=8#1242171050 [value:8]untouched=1#434968407 
     L:SetLength(385024) from 401408 <- DiskService.RecoverHeaderJournal <- DiskService.ValidateExistingData <- DiskService..ctor <- LiteEngine.Open
 mvcc retirement-header-flushed p-1 cTrue [dataR/logR] ro=False dataChanged=False logChanged=False
     ref=rows=8#1242171050 [value:8]untouched=1#434968407 
     got=FAIL NotSupportedException: probe: not writable
     L:SetLength(385024) from 401408 <- DiskService.RecoverHeaderJournal <- DiskService.ValidateExistingData <- DiskService..ctor <- LiteEngine.Open
 mvcc retirement-header-flushed p-1 cTrue [dataW/logR] ro=False dataChanged=False logChanged=False
     ref=rows=8#1242171050 [value:8]untouched=1#434968407 
     got=FAIL NotSupportedException: probe: not writable
     L:SetLength(385024) from 401408 <- DiskService.RecoverHeaderJournal <- DiskService.ValidateExistingData <- DiskService..ctor <- LiteEngine.Open
 mvcc retirement-before-journal-retire-flush p-1 cTrue [dataR/logW] ro=False dataChanged=False logChanged=True
     ref=rows=8#1242171050 [value:8]untouched=1#434968407 
     got=rows=8#1242171050 [value:8]untouched=1#434968407 
     L:SetLength(385024) from 401408 <- DiskService.RecoverHeaderJournal <- DiskService.ValidateExistingData <- DiskService..ctor <- LiteEngine.Open
 mvcc retirement-before-journal-retire-flush p-1 cTrue [dataR/logR] ro=False dataChanged=False logChanged=False
     ref=rows=8#1242171050 [value:8]untouched=1#434968407 
     got=FAIL NotSupportedException: probe: not writable
     L:SetLength(385024) from 401408 <- DiskService.RecoverHeaderJournal <- DiskService.ValidateExistingData <- DiskService..ctor <- LiteEngine.Open
 mvcc retirement-before-journal-retire-flush p-1 cTrue [dataW/logR] ro=False dataChanged=False logChanged=False
     ref=rows=8#1242171050 [value:8]untouched=1#434968407 
     got=FAIL NotSupportedException: probe: not writable
     L:SetLength(385024) from 401408 <- DiskService.RecoverHeaderJournal <- DiskService.ValidateExistingData <- DiskService..ctor <- LiteEngine.Open
 rooted checkpoint-before-page-write cut cTrue #1 [dataR/logW] ro=False dataChanged=False logChanged=True
     ref=rows=8#1242171050 [value:8]untouched=1#434968407 
     got=rows=8#1242171050 [value:8]untouched=1#434968407 
     L:SetLength(524288) from 540672 <- DiskService.RecoverHeaderJournal <- DiskService.ValidateExistingData <- DiskService..ctor <- LiteEngine.Open
 rooted checkpoint-before-page-write cut cTrue #1 [dataR/logR] ro=False dataChanged=False logChanged=False
     ref=rows=8#1242171050 [value:8]untouched=1#434968407 
     got=FAIL NotSupportedException: probe: not writable
     L:SetLength(524288) from 540672 <- DiskService.RecoverHeaderJournal <- DiskService.ValidateExistingData <- DiskService..ctor <- LiteEngine.Open
 rooted checkpoint-before-page-write cut cTrue #1 [dataW/logR] ro=False dataChanged=False logChanged=False
     ref=rows=8#1242171050 [value:8]untouched=1#434968407 
     got=FAIL NotSupportedException: probe: not writable
     L:SetLength(524288) from 540672 <- DiskService.RecoverHeaderJournal <- DiskService.ValidateExistingData <- DiskService..ctor <- LiteEngine.Open
 rooted checkpoint-after-page-write cut cTrue #1 [dataR/logW] ro=False dataChanged=False logChanged=True
     ref=rows=8#1242171050 [value:8]untouched=1#434968407 
     got=rows=8#1242171050 [value:8]untouched=1#434968407 
     L:SetLength(524288) from 540672 <- DiskService.RecoverHeaderJournal <- DiskService.ValidateExistingData <- DiskService..ctor <- LiteEngine.Open
 rooted checkpoint-after-page-write cut cTrue #1 [dataR/logR] ro=False dataChanged=False logChanged=False
     ref=rows=8#1242171050 [value:8]untouched=1#434968407 
     got=FAIL NotSupportedException: probe: not writable
     L:SetLength(524288) from 540672 <- DiskService.RecoverHeaderJournal <- DiskService.ValidateExistingData <- DiskService..ctor <- LiteEngine.Open
 rooted checkpoint-after-page-write cut cTrue #1 [dataW/logR] ro=False dataChanged=False logChanged=False
     ref=rows=8#1242171050 [value:8]untouched=1#434968407 
     got=FAIL NotSupportedException: probe: not writable
     L:SetLength(524288) from 540672 <- DiskService.RecoverHeaderJournal <- DiskService.ValidateExistingData <- DiskService..ctor <- LiteEngine.Open
 rooted checkpoint-before-data-flush cut cTrue #1 [dataR/logW] ro=False dataChanged=False logChanged=True
     ref=rows=8#1242171050 [value:8]untouched=1#434968407 
     got=rows=8#1242171050 [value:8]untouched=1#434968407 
     L:SetLength(524288) from 540672 <- DiskService.RecoverHeaderJournal <- DiskService.ValidateExistingData <- DiskService..ctor <- LiteEngine.Open
 rooted checkpoint-before-data-flush cut cTrue #1 [dataR/logR] ro=False dataChanged=False logChanged=False
     ref=rows=8#1242171050 [value:8]untouched=1#434968407 
     got=FAIL NotSupportedException: probe: not writable
     L:SetLength(524288) from 540672 <- DiskService.RecoverHeaderJournal <- DiskService.ValidateExistingData <- DiskService..ctor <- LiteEngine.Open
 rooted checkpoint-before-data-flush cut cTrue #1 [dataW/logR] ro=False dataChanged=False logChanged=False
     ref=rows=8#1242171050 [value:8]untouched=1#434968407 
     got=FAIL NotSupportedException: probe: not writable
     L:SetLength(524288) from 540672 <- DiskService.RecoverHeaderJournal <- DiskService.ValidateExistingData <- DiskService..ctor <- LiteEngine.Open
 rooted checkpoint-after-data-flush cut cTrue #1 [dataR/logW] ro=False dataChanged=False logChanged=True
     ref=rows=8#1242171050 [value:8]untouched=1#434968407 
     got=rows=8#1242171050 [value:8]untouched=1#434968407 
     L:SetLength(524288) from 540672 <- DiskService.RecoverHeaderJournal <- DiskService.ValidateExistingData <- DiskService..ctor <- LiteEngine.Open
 rooted checkpoint-after-data-flush cut cTrue #1 [dataR/logR] ro=False dataChanged=False logChanged=False
     ref=rows=8#1242171050 [value:8]untouched=1#434968407 
     got=FAIL NotSupportedException: probe: not writable
     L:SetLength(524288) from 540672 <- DiskService.RecoverHeaderJournal <- DiskService.ValidateExistingData <- DiskService..ctor <- LiteEngine.Open
 rooted checkpoint-after-data-flush cut cTrue #1 [dataW/logR] ro=False dataChanged=False logChanged=False
     ref=rows=8#1242171050 [value:8]untouched=1#434968407 
     got=FAIL NotSupportedException: probe: not writable
     L:SetLength(524288) from 540672 <- DiskService.RecoverHeaderJournal <- DiskService.ValidateExistingData <- DiskService..ctor <- LiteEngine.Open
 rooted before-reclaim cut cTrue #1 [dataR/logW] ro=False dataChanged=False logChanged=True
     ref=rows=8#1242171050 [value:8]untouched=1#434968407 
     got=rows=8#1242171050 [value:8]untouched=1#434968407 
     L:SetLength(524288) from 540672 <- DiskService.RecoverHeaderJournal <- DiskService.ValidateExistingData <- DiskService..ctor <- LiteEngine.Open
 rooted before-reclaim cut cTrue #1 [dataR/logR] ro=False dataChanged=False logChanged=False
     ref=rows=8#1242171050 [value:8]untouched=1#434968407 
     got=FAIL NotSupportedException: probe: not writable
     L:SetLength(524288) from 540672 <- DiskService.RecoverHeaderJournal <- DiskService.ValidateExistingData <- DiskService..ctor <- LiteEngine.Open
 rooted before-reclaim cut cTrue #1 [dataW/logR] ro=False dataChanged=False logChanged=False
     ref=rows=8#1242171050 [value:8]untouched=1#434968407 
     got=FAIL NotSupportedException: probe: not writable
     L:SetLength(524288) from 540672 <- DiskService.RecoverHeaderJournal <- DiskService.ValidateExistingData <- DiskService..ctor <- LiteEngine.Open
 rooted checkpoint-before-clear cut cTrue #1 [dataR/logW] ro=False dataChanged=False logChanged=True
     ref=rows=8#1242171050 [value:8]untouched=1#434968407 
     got=rows=8#1242171050 [value:8]untouched=1#434968407 
     L:SetLength(524288) from 540672 <- DiskService.RecoverHeaderJournal <- DiskService.ValidateExistingData <- DiskService..ctor <- LiteEngine.Open
     L:SetLength(0) from 524288 <- DiskService.SetLength <- DiskService.DiscardWalTail <- DiskService.FinishWalRecovery <- WalIndexService.RestoreIndex
     L:SetLength(0) from 0 <- WalPadding.Pad <- DiskService.SyncLogBarrier <- DiskService.DiscardWalTail <- DiskService.FinishWalRecovery
 rooted checkpoint-before-clear cut cTrue #1 [dataR/logR] ro=False dataChanged=False logChanged=False
     ref=rows=8#1242171050 [value:8]untouched=1#434968407 
     got=FAIL NotSupportedException: probe: not writable
     L:SetLength(524288) from 540672 <- DiskService.RecoverHeaderJournal <- DiskService.ValidateExistingData <- DiskService..ctor <- LiteEngine.Open
 rooted checkpoint-before-clear cut cTrue #1 [dataW/logR] ro=False dataChanged=False logChanged=False
     ref=rows=8#1242171050 [value:8]untouched=1#434968407 
     got=FAIL NotSupportedException: probe: not writable
     L:SetLength(524288) from 540672 <- DiskService.RecoverHeaderJournal <- DiskService.ValidateExistingData <- DiskService..ctor <- LiteEngine.Open
 rooted checkpoint-after-clear cut cTrue #1 [dataR/logW] ro=False dataChanged=False logChanged=True
     ref=rows=8#1242171050 [value:8]untouched=1#434968407 
     got=rows=8#1242171050 [value:8]untouched=1#434968407 
     L:SetLength(524288) from 540672 <- DiskService.RecoverHeaderJournal <- DiskService.ValidateExistingData <- DiskService..ctor <- LiteEngine.Open
     L:SetLength(0) from 524288 <- DiskService.SetLength <- DiskService.DiscardWalTail <- DiskService.FinishWalRecovery <- WalIndexService.RestoreIndex
     L:SetLength(0) from 0 <- WalPadding.Pad <- DiskService.SyncLogBarrier <- DiskService.DiscardWalTail <- DiskService.FinishWalRecovery
 rooted checkpoint-after-clear cut cTrue #1 [dataR/logR] ro=False dataChanged=False logChanged=False
     ref=rows=8#1242171050 [value:8]untouched=1#434968407 
     got=FAIL NotSupportedException: probe: not writable
     L:SetLength(524288) from 540672 <- DiskService.RecoverHeaderJournal <- DiskService.ValidateExistingData <- DiskService..ctor <- LiteEngine.Open
 rooted checkpoint-after-clear cut cTrue #1 [dataW/logR] ro=False dataChanged=False logChanged=False
     ref=rows=8#1242171050 [value:8]untouched=1#434968407 
     got=FAIL NotSupportedException: probe: not writable
     L:SetLength(524288) from 540672 <- DiskService.RecoverHeaderJournal <- DiskService.ValidateExistingData <- DiskService..ctor <- LiteEngine.Open
 rooted repeat-repair cTrue #1 [dataR/logW] ro=False dataChanged=False logChanged=False
     ref=rows=8#1242171050 [value:8]untouched=1#434968407 
     got=FAIL NotSupportedException: probe: not writable
     D:Write(8192)@0 <- DiskService.RecoverHeaderJournal <- DiskService.ValidateExistingData <- DiskService..ctor <- LiteEngine.Open
 rooted repeat-repair cTrue #1 [dataR/logR] ro=False dataChanged=False logChanged=False
     ref=rows=8#1242171050 [value:8]untouched=1#434968407 
     got=FAIL NotSupportedException: probe: not writable
     D:Write(8192)@0 <- DiskService.RecoverHeaderJournal <- DiskService.ValidateExistingData <- DiskService..ctor <- LiteEngine.Open
 rooted repeat-repair cTrue #1 [dataW/logR] ro=False dataChanged=True logChanged=False
     ref=rows=8#1242171050 [value:8]untouched=1#434968407 
     got=FAIL NotSupportedException: probe: not writable
     D:Write(8192)@0 <- DiskService.RecoverHeaderJournal <- DiskService.ValidateExistingData <- DiskService..ctor <- LiteEngine.Open
     L:SetLength(524288) from 540672 <- DiskService.RecoverHeaderJournal <- DiskService.ValidateExistingData <- DiskService..ctor <- LiteEngine.Open
 rooted repeat-repair cTrue #2 [dataR/logW] ro=False dataChanged=False logChanged=False
     ref=rows=8#1242171050 [value:8]untouched=1#434968407 
     got=FAIL NotSupportedException: probe: not writable
     D:Write(8192)@0 <- DiskService.RecoverHeaderJournal <- DiskService.ValidateExistingData <- DiskService..ctor <- LiteEngine.Open
 rooted repeat-repair cTrue #2 [dataR/logR] ro=False dataChanged=False logChanged=False
     ref=rows=8#1242171050 [value:8]untouched=1#434968407 
     got=FAIL NotSupportedException: probe: not writable
     D:Write(8192)@0 <- DiskService.RecoverHeaderJournal <- DiskService.ValidateExistingData <- DiskService..ctor <- LiteEngine.Open
 rooted repeat-repair cTrue #2 [dataW/logR] ro=False dataChanged=True logChanged=False
     ref=rows=8#1242171050 [value:8]untouched=1#434968407 
     got=FAIL NotSupportedException: probe: not writable
     D:Write(8192)@0 <- DiskService.RecoverHeaderJournal <- DiskService.ValidateExistingData <- DiskService..ctor <- LiteEngine.Open
     L:SetLength(524288) from 540672 <- DiskService.RecoverHeaderJournal <- DiskService.ValidateExistingData <- DiskService..ctor <- LiteEngine.Open
 rooted repeat-repair cTrue #3 [dataR/logW] ro=False dataChanged=False logChanged=False
     ref=rows=8#1242171050 [value:8]untouched=1#434968407 
     got=FAIL NotSupportedException: probe: not writable
     D:Write(8192)@0 <- DiskService.RecoverHeaderJournal <- DiskService.ValidateExistingData <- DiskService..ctor <- LiteEngine.Open
 rooted repeat-repair cTrue #3 [dataR/logR] ro=False dataChanged=False logChanged=False
     ref=rows=8#1242171050 [value:8]untouched=1#434968407 
     got=FAIL NotSupportedException: probe: not writable
     D:Write(8192)@0 <- DiskService.RecoverHeaderJournal <- DiskService.ValidateExistingData <- DiskService..ctor <- LiteEngine.Open
 rooted repeat-repair cTrue #3 [dataW/logR] ro=False dataChanged=True logChanged=False
     ref=rows=8#1242171050 [value:8]untouched=1#434968407 
     got=FAIL NotSupportedException: probe: not writable
     D:Write(8192)@0 <- DiskService.RecoverHeaderJournal <- DiskService.ValidateExistingData <- DiskService..ctor <- LiteEngine.Open
     L:SetLength(524288) from 540672 <- DiskService.RecoverHeaderJournal <- DiskService.ValidateExistingData <- DiskService..ctor <- LiteEngine.Open
 current wal +100 garbage [dataR/logW] ro=False dataChanged=False logChanged=True
     ref=other=1#902029876 rows=70#-268249295 [value:70]
     got=other=1#902029876 rows=70#-268249295 [value:70]
     L:SetLength(147456) from 147556 <- DiskService.SetLength <- DiskService.DiscardWalTail <- DiskService.FinishWalRecovery <- WalIndexService.RestoreIndex
     L:SetLength(147456) from 147456 <- WalPadding.Pad <- DiskService.SyncLogBarrier <- DiskService.DiscardWalTail <- DiskService.FinishWalRecovery
 current wal +100 garbage [dataR/logR] ro=False dataChanged=False logChanged=False
     ref=other=1#902029876 rows=70#-268249295 [value:70]
     got=FAIL NotSupportedException: probe: not writable
     L:SetLength(147456) from 147556 <- DiskService.SetLength <- DiskService.DiscardWalTail <- DiskService.FinishWalRecovery <- WalIndexService.RestoreIndex
 current wal +100 garbage [dataW/logR] ro=False dataChanged=False logChanged=False
     ref=other=1#902029876 rows=70#-268249295 [value:70]
     got=FAIL NotSupportedException: probe: not writable
     L:SetLength(147456) from 147556 <- DiskService.SetLength <- DiskService.DiscardWalTail <- DiskService.FinishWalRecovery <- WalIndexService.RestoreIndex
 current wal +whole garbage frame [dataR/logW] ro=False dataChanged=False logChanged=True
     ref=other=1#902029876 rows=70#-268249295 [value:70]
     got=other=1#902029876 rows=70#-268249295 [value:70]
     L:SetLength(147456) from 155712 <- DiskService.SetLength <- DiskService.DiscardWalTail <- DiskService.FinishWalRecovery <- WalIndexService.RestoreIndex
     L:SetLength(147456) from 147456 <- WalPadding.Pad <- DiskService.SyncLogBarrier <- DiskService.DiscardWalTail <- DiskService.FinishWalRecovery
 current wal +whole garbage frame [dataR/logR] ro=False dataChanged=False logChanged=False
     ref=other=1#902029876 rows=70#-268249295 [value:70]
     got=FAIL NotSupportedException: probe: not writable
     L:SetLength(147456) from 155712 <- DiskService.SetLength <- DiskService.DiscardWalTail <- DiskService.FinishWalRecovery <- WalIndexService.RestoreIndex
 current wal +whole garbage frame [dataW/logR] ro=False dataChanged=False logChanged=False
     ref=other=1#902029876 rows=70#-268249295 [value:70]
     got=FAIL NotSupportedException: probe: not writable
     L:SetLength(147456) from 155712 <- DiskService.SetLength <- DiskService.DiscardWalTail <- DiskService.FinishWalRecovery <- WalIndexService.RestoreIndex
 current wal last frame corrupt [dataR/logW] ro=False dataChanged=False logChanged=True
     ref=rows=70#-268249295 [value:70]
     got=rows=70#-268249295 [value:70]
     L:SetLength(114688) from 147456 <- DiskService.SetLength <- DiskService.DiscardWalTail <- DiskService.FinishWalRecovery <- WalIndexService.RestoreIndex
     L:SetLength(114688) from 114688 <- WalPadding.Pad <- DiskService.SyncLogBarrier <- DiskService.DiscardWalTail <- DiskService.FinishWalRecovery
 current wal last frame corrupt [dataR/logR] ro=False dataChanged=False logChanged=False
     ref=rows=70#-268249295 [value:70]
     got=FAIL NotSupportedException: probe: not writable
     L:SetLength(114688) from 147456 <- DiskService.SetLength <- DiskService.DiscardWalTail <- DiskService.FinishWalRecovery <- WalIndexService.RestoreIndex
 current wal last frame corrupt [dataW/logR] ro=False dataChanged=False logChanged=False
     ref=rows=70#-268249295 [value:70]
     got=FAIL NotSupportedException: probe: not writable
     L:SetLength(114688) from 147456 <- DiskService.SetLength <- DiskService.DiscardWalTail <- DiskService.FinishWalRecovery <- WalIndexService.RestoreIndex
 current wal torn last frame [dataR/logW] ro=False dataChanged=False logChanged=True
     ref=other=1#902029876 rows=70#-268249295 [value:70]
     got=other=1#902029876 rows=70#-268249295 [value:70]
     L:SetLength(147456) from 142456 <- DiskService.SetLength <- DiskService.DiscardWalTail <- DiskService.FinishWalRecovery <- WalIndexService.RestoreIndex
     L:SetLength(147456) from 147456 <- WalPadding.Pad <- DiskService.SyncLogBarrier <- DiskService.DiscardWalTail <- DiskService.FinishWalRecovery
 current wal torn last frame [dataR/logR] ro=False dataChanged=False logChanged=False
     ref=other=1#902029876 rows=70#-268249295 [value:70]
     got=FAIL NotSupportedException: probe: not writable
     L:SetLength(147456) from 142456 <- DiskService.SetLength <- DiskService.DiscardWalTail <- DiskService.FinishWalRecovery <- WalIndexService.RestoreIndex
 current wal torn last frame [dataW/logR] ro=False dataChanged=False logChanged=False
     ref=other=1#902029876 rows=70#-268249295 [value:70]
     got=FAIL NotSupportedException: probe: not writable
     L:SetLength(147456) from 142456 <- DiskService.SetLength <- DiskService.DiscardWalTail <- DiskService.FinishWalRecovery <- WalIndexService.RestoreIndex
 v11 wal +100 garbage [dataR/logW] ro=False dataChanged=False logChanged=True
     ref=other=1#902029876 rows=70#-268249295 [value:70]
     got=other=1#902029876 rows=70#-268249295 [value:70]
     L:SetLength(147456) from 147556 <- DiskService.SetLength <- DiskService.DiscardWalTail <- DiskService.FinishWalRecovery <- WalIndexService.RestoreIndex
     L:SetLength(147456) from 147456 <- WalPadding.Pad <- DiskService.SyncLogBarrier <- DiskService.DiscardWalTail <- DiskService.FinishWalRecovery
 v11 wal +100 garbage [dataR/logR] ro=False dataChanged=False logChanged=False
     ref=other=1#902029876 rows=70#-268249295 [value:70]
     got=FAIL NotSupportedException: probe: not writable
     L:SetLength(147456) from 147556 <- DiskService.SetLength <- DiskService.DiscardWalTail <- DiskService.FinishWalRecovery <- WalIndexService.RestoreIndex
 v11 wal +100 garbage [dataW/logR] ro=False dataChanged=False logChanged=False
     ref=other=1#902029876 rows=70#-268249295 [value:70]
     got=FAIL NotSupportedException: probe: not writable
     L:SetLength(147456) from 147556 <- DiskService.SetLength <- DiskService.DiscardWalTail <- DiskService.FinishWalRecovery <- WalIndexService.RestoreIndex



Test Run Failed.
Total tests: 1
     Failed: 1
 Total time: 7.3998 Seconds
