Test run for __WORKSPACE__/artifacts_temp/integration/LiteDB.Tests/bin/Release/net10.0/LiteDB.Tests.dll (.NETCoreApp,Version=v10.0)
The following Tests are available:
    LiteDB.Internals.AesLifecycle_Tests.Constructor_LengthFailure_ClosesOwnedStream
    LiteDB.Internals.BufferLease_Tests.Reader_Failure_DoesNotLeakBuffers(operation: "number")
    LiteDB.Internals.BufferLease_Tests.Reader_Failure_DoesNotLeakBuffers(operation: "objectId")
    LiteDB.Internals.BufferLease_Tests.Reader_Failure_DoesNotLeakBuffers(operation: "string")
    LiteDB.Internals.BufferLease_Tests.Reader_Failure_DoesNotLeakBuffers(operation: "cstring")
    LiteDB.Internals.BufferLease_Tests.Writer_Failure_DoesNotLeakBuffers(operation: "number")
    LiteDB.Internals.BufferLease_Tests.Writer_Failure_DoesNotLeakBuffers(operation: "objectId")
    LiteDB.Internals.BufferLease_Tests.Writer_Failure_DoesNotLeakBuffers(operation: "string")
    LiteDB.Internals.BufferLease_Tests.Writer_Failure_DoesNotLeakBuffers(operation: "cstring")
    LiteDB.Internals.BufferLease_Tests.Constructor_Failure_DisposesBufferSource(writer: False)
    LiteDB.Internals.BufferLease_Tests.Constructor_Failure_DisposesBufferSource(writer: True)
    LiteDB.Internals.EncryptedWalCreationFailure_Tests.FailedPreambleBarrier_StopsWritesAndPreservesRecoverableSources(failAt: 1, unsupported: False)
    LiteDB.Internals.EncryptedWalCreationFailure_Tests.FailedPreambleBarrier_StopsWritesAndPreservesRecoverableSources(failAt: 2, unsupported: False)
    LiteDB.Internals.EncryptedWalCreationFailure_Tests.FailedPreambleBarrier_StopsWritesAndPreservesRecoverableSources(failAt: 3, unsupported: False)
    LiteDB.Internals.EncryptedWalCreationFailure_Tests.FailedPreambleBarrier_StopsWritesAndPreservesRecoverableSources(failAt: 1, unsupported: True)
    LiteDB.Internals.EncryptedWalCreationFailure_Tests.FailedPreambleBarrier_StopsWritesAndPreservesRecoverableSources(failAt: 2, unsupported: True)
    LiteDB.Internals.EncryptedWalCreationFailure_Tests.FailedPreambleBarrier_StopsWritesAndPreservesRecoverableSources(failAt: 3, unsupported: True)
    LiteDB.Internals.FrameFailure_Tests.WritableCopy_TestHookThrows_ReturnsFrameAndSourcePin
    LiteDB.Internals.FrameFailure_Tests.WritableCopy_FullCache_DoesNotEvictReadableSource
    LiteDB.Internals.FrameFailure_Tests.WritableCopy_Failure_ReturnsDestinationAndUnpinsSource
    LiteDB.Internals.FrameFailure_Tests.WritableCopy_FullCache_KeepsSourceUntilCopied
    LiteDB.Internals.FrameFailure_Tests.LogPublication_Failure_DiscardsUnpublishedFrame
    LiteDB.Internals.FrameFailure_Tests.ReadHook_Failure_ReleasesAcquiredFrame(writable: False)
    LiteDB.Internals.FrameFailure_Tests.ReadHook_Failure_ReleasesAcquiredFrame(writable: True)
    LiteDB.Internals.HeaderJournalFailure_Tests.FailedConversionBackupSync_CannotPublishAPartialLegacyTransaction(password: null)
    LiteDB.Internals.HeaderJournalFailure_Tests.FailedConversionBackupSync_CannotPublishAPartialLegacyTransaction(password: "secret")
    LiteDB.Internals.HeaderJournalFailure_Tests.DisposingAfterCheckpoint_DoesNotReextendTheTruncatedWal(password: null)
    LiteDB.Internals.HeaderJournalFailure_Tests.DisposingAfterCheckpoint_DoesNotReextendTheTruncatedWal(password: "secret")
    LiteDB.Internals.HeaderJournalFailure_Tests.JournalMustBeDurableBeforeCheckpointTouchesData(password: null, failure: "journal-write")
    LiteDB.Internals.HeaderJournalFailure_Tests.JournalMustBeDurableBeforeCheckpointTouchesData(password: "secret", failure: "journal-write")
    LiteDB.Internals.HeaderJournalFailure_Tests.JournalMustBeDurableBeforeCheckpointTouchesData(password: null, failure: "journal-partial")
    LiteDB.Internals.HeaderJournalFailure_Tests.JournalMustBeDurableBeforeCheckpointTouchesData(password: "secret", failure: "journal-partial")
    LiteDB.Internals.HeaderJournalFailure_Tests.JournalMustBeDurableBeforeCheckpointTouchesData(password: null, failure: "journal-sync")
    LiteDB.Internals.HeaderJournalFailure_Tests.JournalMustBeDurableBeforeCheckpointTouchesData(password: "secret", failure: "journal-sync")
    LiteDB.Internals.HeaderJournalFailure_Tests.FailedHeaderRepair_PreservesRecoveryJournalForAnotherOpen(password: null, failure: "header-write")
    LiteDB.Internals.HeaderJournalFailure_Tests.FailedHeaderRepair_PreservesRecoveryJournalForAnotherOpen(password: "secret", failure: "header-write")
    LiteDB.Internals.HeaderJournalFailure_Tests.FailedHeaderRepair_PreservesRecoveryJournalForAnotherOpen(password: null, failure: "header-sync")
    LiteDB.Internals.HeaderJournalFailure_Tests.FailedHeaderRepair_PreservesRecoveryJournalForAnotherOpen(password: "secret", failure: "header-sync")
    LiteDB.Internals.HeaderJournalFailure_Tests.RecoveryJournalSyncFailure_MustNotOverwriteTheDamagedPrimary(password: null)
    LiteDB.Internals.HeaderJournalFailure_Tests.RecoveryJournalSyncFailure_MustNotOverwriteTheDamagedPrimary(password: "secret")
    LiteDB.Internals.HeaderJournalFailure_Tests.RebuildReader_UsesJournalWithoutMutatingTheSources(password: null)
    LiteDB.Internals.HeaderJournalFailure_Tests.RebuildReader_UsesJournalWithoutMutatingTheSources(password: "secret")
    LiteDB.Internals.HeaderJournalFailure_Tests.CorruptedRecoveryCopy_CannotCertifyADamagedHeader(password: null)
    LiteDB.Internals.HeaderJournalFailure_Tests.CorruptedRecoveryCopy_CannotCertifyADamagedHeader(password: "secret")
    LiteDB.Internals.HeaderJournalFailure_Tests.InterruptedJournalRemoval_KeepsTheSyncedHeaderAndRedo(password: null, failure: "truncate-before")
    LiteDB.Internals.HeaderJournalFailure_Tests.InterruptedJournalRemoval_KeepsTheSyncedHeaderAndRedo(password: "secret", failure: "truncate-before")
    LiteDB.Internals.HeaderJournalFailure_Tests.InterruptedJournalRemoval_KeepsTheSyncedHeaderAndRedo(password: null, failure: "truncate-after")
    LiteDB.Internals.HeaderJournalFailure_Tests.InterruptedJournalRemoval_KeepsTheSyncedHeaderAndRedo(password: "secret", failure: "truncate-after")
    LiteDB.Internals.HeaderJournalFailure_Tests.FileBackedRecovery_PreservesReadOnlyImagesAndRepairsWritableOpens(password: null)
    LiteDB.Internals.HeaderJournalFailure_Tests.FileBackedRecovery_PreservesReadOnlyImagesAndRepairsWritableOpens(password: "secret")
    LiteDB.Internals.MemoryCacheWritableOwnership_Tests.Stale_shared_hint_cannot_pin_a_frame_transferred_to_a_writer
    LiteDB.Internals.MvccSharedLifecycle_Tests.SameSharedEngineSupportsOldAndNewReadersWithAutomaticCheckpoints(readOnly: False)
    LiteDB.Internals.MvccSharedLifecycle_Tests.SameSharedEngineSupportsOldAndNewReadersWithAutomaticCheckpoints(readOnly: True)
    LiteDB.Internals.MvccSharedLifecycle_Tests.ExplicitTransactionsAndRepeatedBeginBalanceMutexOwnership
    LiteDB.Internals.MvccSharedLifecycle_Tests.QueryConstructionFailureReleasesEngineMutexAndLease
    LiteDB.Internals.MvccSharedLifecycle_Tests.RebuildRejectsLiveReadersAndSucceedsAfterTheyClose
    LiteDB.Internals.MvccSharedLifecycle_Tests.TwoSortingReadersUseIndependentTemporaryStorage(password: null)
    LiteDB.Internals.MvccSharedLifecycle_Tests.TwoSortingReadersUseIndependentTemporaryStorage(password: "secret")
    LiteDB.Internals.MvccSharedProcess_Tests.ProcessesKeepDistinctSnapshots_AndBackfillStopsAtOldestLiveReader(password: null)
    LiteDB.Internals.MvccSharedProcess_Tests.ProcessesKeepDistinctSnapshots_AndBackfillStopsAtOldestLiveReader(password: "secret")
    LiteDB.Internals.MvccSharedProcess_Tests.KilledReaderReleasesLease_AndKilledWriterDoesNotPublishUncommittedFrames(password: null)
    LiteDB.Internals.MvccSharedProcess_Tests.KilledReaderReleasesLease_AndKilledWriterDoesNotPublishUncommittedFrames(password: "secret")
    LiteDB.Internals.MvccSharedProcess_Tests.ConcurrentWriterProcessesSerializeWALPublication
    LiteDB.Internals.MvccSharedProcess_Tests.KillingCheckpointerAtEveryPublicationBoundaryRecovers(password: null, stage: "data-page")
    LiteDB.Internals.MvccSharedProcess_Tests.KillingCheckpointerAtEveryPublicationBoundaryRecovers(password: null, stage: "data-flushed")
    LiteDB.Internals.MvccSharedProcess_Tests.KillingCheckpointerAtEveryPublicationBoundaryRecovers(password: null, stage: "before-reclaim")
    LiteDB.Internals.MvccSharedProcess_Tests.KillingCheckpointerAtEveryPublicationBoundaryRecovers(password: null, stage: "after-reclaim")
    LiteDB.Internals.MvccSharedProcess_Tests.KillingCheckpointerAtEveryPublicationBoundaryRecovers(password: "secret", stage: "data-page")
    LiteDB.Internals.MvccSharedProcess_Tests.KillingCheckpointerAtEveryPublicationBoundaryRecovers(password: "secret", stage: "data-flushed")
    LiteDB.Internals.MvccSharedProcess_Tests.KillingCheckpointerAtEveryPublicationBoundaryRecovers(password: "secret", stage: "before-reclaim")
    LiteDB.Internals.MvccSharedProcess_Tests.KillingCheckpointerAtEveryPublicationBoundaryRecovers(password: "secret", stage: "after-reclaim")
    LiteDB.Internals.MvccSharedProcess_Tests.KillingPartialCheckpointerDoesNotInvalidateAnotherProcessesReader(password: null)
    LiteDB.Internals.MvccSharedProcess_Tests.KillingPartialCheckpointerDoesNotInvalidateAnotherProcessesReader(password: "secret")
    LiteDB.Internals.MvccSharedRegistry_Tests.SmallResultCompletesWithoutLease_AndKeepsItsSnapshot
    LiteDB.Internals.MvccSharedRegistry_Tests.EmptyResultHasNoValues
    LiteDB.Internals.MvccSharedRegistry_Tests.FailureWhileBuffering_IsRaisedAfterTheRowsThatPrecededIt
    LiteDB.Internals.MvccSharedRegistry_Tests.LargeResultStreamsFromLeasedSnapshot_AndRegistryIsRemovedAfterwards
    LiteDB.Internals.MvccSharedRegistry_Tests.LargeResultWithReadTransform_ExecutesEachUserCallbackOnce
    LiteDB.Internals.MvccSharedRegistry_Tests.UnreadableRegistrySkipsCheckpointWhileExternalReaderIsLive
    LiteDB.Internals.MvccSharedRegistry_Tests.LeaseThatCannotBeProbed_CountsAsLiveInsteadOfFailingTheCheckpoint
    LiteDB.Internals.MvccSharedRegistry_Tests.ReadersOfOneConnectionAtDifferentVersionsEachKeepTheirFrames
    LiteDB.Internals.RecoveryMarker_Tests.MarkerWriteFailure_StillClosesOwnedResources
    LiteDB.Internals.SharedCommitFailure_Tests.SharedCommit_DeviceFailuresRecoverWholeTransactionsAndReleaseWriterOwnership(password: null, storage: Legacy, explicitTransaction: False, fault: "none")
    LiteDB.Internals.SharedCommitFailure_Tests.SharedCommit_DeviceFailuresRecoverWholeTransactionsAndReleaseWriterOwnership(password: null, storage: Legacy, explicitTransaction: False, fault: "lost")
    LiteDB.Internals.SharedCommitFailure_Tests.SharedCommit_DeviceFailuresRecoverWholeTransactionsAndReleaseWriterOwnership(password: null, storage: Legacy, explicitTransaction: False, fault: "torn")
    LiteDB.Internals.SharedCommitFailure_Tests.SharedCommit_DeviceFailuresRecoverWholeTransactionsAndReleaseWriterOwnership(password: null, storage: Legacy, explicitTransaction: False, fault: "after-sync")
    LiteDB.Internals.SharedCommitFailure_Tests.SharedCommit_DeviceFailuresRecoverWholeTransactionsAndReleaseWriterOwnership(password: null, storage: Legacy, explicitTransaction: True, fault: "none")
    LiteDB.Internals.SharedCommitFailure_Tests.SharedCommit_DeviceFailuresRecoverWholeTransactionsAndReleaseWriterOwnership(password: null, storage: Legacy, explicitTransaction: True, fault: "lost")
    LiteDB.Internals.SharedCommitFailure_Tests.SharedCommit_DeviceFailuresRecoverWholeTransactionsAndReleaseWriterOwnership(password: null, storage: Legacy, explicitTransaction: True, fault: "torn")
    LiteDB.Internals.SharedCommitFailure_Tests.SharedCommit_DeviceFailuresRecoverWholeTransactionsAndReleaseWriterOwnership(password: null, storage: Legacy, explicitTransaction: True, fault: "after-sync")
    LiteDB.Internals.SharedCommitFailure_Tests.SharedCommit_DeviceFailuresRecoverWholeTransactionsAndReleaseWriterOwnership(password: null, storage: Auto, explicitTransaction: False, fault: "none")
    LiteDB.Internals.SharedCommitFailure_Tests.SharedCommit_DeviceFailuresRecoverWholeTransactionsAndReleaseWriterOwnership(password: null, storage: Auto, explicitTransaction: False, fault: "lost")
    LiteDB.Internals.SharedCommitFailure_Tests.SharedCommit_DeviceFailuresRecoverWholeTransactionsAndReleaseWriterOwnership(password: null, storage: Auto, explicitTransaction: False, fault: "torn")
    LiteDB.Internals.SharedCommitFailure_Tests.SharedCommit_DeviceFailuresRecoverWholeTransactionsAndReleaseWriterOwnership(password: null, storage: Auto, explicitTransaction: False, fault: "after-sync")
    LiteDB.Internals.SharedCommitFailure_Tests.SharedCommit_DeviceFailuresRecoverWholeTransactionsAndReleaseWriterOwnership(password: null, storage: Auto, explicitTransaction: True, fault: "none")
    LiteDB.Internals.SharedCommitFailure_Tests.SharedCommit_DeviceFailuresRecoverWholeTransactionsAndReleaseWriterOwnership(password: null, storage: Auto, explicitTransaction: True, fault: "lost")
    LiteDB.Internals.SharedCommitFailure_Tests.SharedCommit_DeviceFailuresRecoverWholeTransactionsAndReleaseWriterOwnership(password: null, storage: Auto, explicitTransaction: True, fault: "torn")
    LiteDB.Internals.SharedCommitFailure_Tests.SharedCommit_DeviceFailuresRecoverWholeTransactionsAndReleaseWriterOwnership(password: null, storage: Auto, explicitTransaction: True, fault: "after-sync")
    LiteDB.Internals.SharedCommitFailure_Tests.SharedCommit_DeviceFailuresRecoverWholeTransactionsAndReleaseWriterOwnership(password: "secret", storage: Legacy, explicitTransaction: False, fault: "none")
    LiteDB.Internals.SharedCommitFailure_Tests.SharedCommit_DeviceFailuresRecoverWholeTransactionsAndReleaseWriterOwnership(password: "secret", storage: Legacy, explicitTransaction: False, fault: "lost")
    LiteDB.Internals.SharedCommitFailure_Tests.SharedCommit_DeviceFailuresRecoverWholeTransactionsAndReleaseWriterOwnership(password: "secret", storage: Legacy, explicitTransaction: False, fault: "torn")
    LiteDB.Internals.SharedCommitFailure_Tests.SharedCommit_DeviceFailuresRecoverWholeTransactionsAndReleaseWriterOwnership(password: "secret", storage: Legacy, explicitTransaction: False, fault: "after-sync")
    LiteDB.Internals.SharedCommitFailure_Tests.SharedCommit_DeviceFailuresRecoverWholeTransactionsAndReleaseWriterOwnership(password: "secret", storage: Legacy, explicitTransaction: True, fault: "none")
    LiteDB.Internals.SharedCommitFailure_Tests.SharedCommit_DeviceFailuresRecoverWholeTransactionsAndReleaseWriterOwnership(password: "secret", storage: Legacy, explicitTransaction: True, fault: "lost")
    LiteDB.Internals.SharedCommitFailure_Tests.SharedCommit_DeviceFailuresRecoverWholeTransactionsAndReleaseWriterOwnership(password: "secret", storage: Legacy, explicitTransaction: True, fault: "torn")
    LiteDB.Internals.SharedCommitFailure_Tests.SharedCommit_DeviceFailuresRecoverWholeTransactionsAndReleaseWriterOwnership(password: "secret", storage: Legacy, explicitTransaction: True, fault: "after-sync")
    LiteDB.Internals.SharedCommitFailure_Tests.SharedCommit_DeviceFailuresRecoverWholeTransactionsAndReleaseWriterOwnership(password: "secret", storage: Auto, explicitTransaction: False, fault: "none")
    LiteDB.Internals.SharedCommitFailure_Tests.SharedCommit_DeviceFailuresRecoverWholeTransactionsAndReleaseWriterOwnership(password: "secret", storage: Auto, explicitTransaction: False, fault: "lost")
    LiteDB.Internals.SharedCommitFailure_Tests.SharedCommit_DeviceFailuresRecoverWholeTransactionsAndReleaseWriterOwnership(password: "secret", storage: Auto, explicitTransaction: False, fault: "torn")
    LiteDB.Internals.SharedCommitFailure_Tests.SharedCommit_DeviceFailuresRecoverWholeTransactionsAndReleaseWriterOwnership(password: "secret", storage: Auto, explicitTransaction: False, fault: "after-sync")
    LiteDB.Internals.SharedCommitFailure_Tests.SharedCommit_DeviceFailuresRecoverWholeTransactionsAndReleaseWriterOwnership(password: "secret", storage: Auto, explicitTransaction: True, fault: "none")
    LiteDB.Internals.SharedCommitFailure_Tests.SharedCommit_DeviceFailuresRecoverWholeTransactionsAndReleaseWriterOwnership(password: "secret", storage: Auto, explicitTransaction: True, fault: "lost")
    LiteDB.Internals.SharedCommitFailure_Tests.SharedCommit_DeviceFailuresRecoverWholeTransactionsAndReleaseWriterOwnership(password: "secret", storage: Auto, explicitTransaction: True, fault: "torn")
    LiteDB.Internals.SharedCommitFailure_Tests.SharedCommit_DeviceFailuresRecoverWholeTransactionsAndReleaseWriterOwnership(password: "secret", storage: Auto, explicitTransaction: True, fault: "after-sync")
    LiteDB.Internals.SharedCoordinationUpgradeProcess_Tests.Repeated_death_during_upgrade_and_recovery_preserves_committed_data(suffix: "-shared-live", stage: "created", password: null)
    LiteDB.Internals.SharedCoordinationUpgradeProcess_Tests.Repeated_death_during_upgrade_and_recovery_preserves_committed_data(suffix: "-shared-live", stage: "written", password: null)
    LiteDB.Internals.SharedCoordinationUpgradeProcess_Tests.Repeated_death_during_upgrade_and_recovery_preserves_committed_data(suffix: "-shared-live", stage: "flushed", password: null)
    LiteDB.Internals.SharedCoordinationUpgradeProcess_Tests.Repeated_death_during_upgrade_and_recovery_preserves_committed_data(suffix: "-shared-live", stage: "published", password: null)
    LiteDB.Internals.SharedCoordinationUpgradeProcess_Tests.Repeated_death_during_upgrade_and_recovery_preserves_committed_data(suffix: "-shared-state", stage: "created", password: null)
    LiteDB.Internals.SharedCoordinationUpgradeProcess_Tests.Repeated_death_during_upgrade_and_recovery_preserves_committed_data(suffix: "-shared-state", stage: "written", password: null)
    LiteDB.Internals.SharedCoordinationUpgradeProcess_Tests.Repeated_death_during_upgrade_and_recovery_preserves_committed_data(suffix: "-shared-state", stage: "flushed", password: null)
    LiteDB.Internals.SharedCoordinationUpgradeProcess_Tests.Repeated_death_during_upgrade_and_recovery_preserves_committed_data(suffix: "-shared-state", stage: "published", password: null)
    LiteDB.Internals.SharedCoordinationUpgradeProcess_Tests.Repeated_death_during_upgrade_and_recovery_preserves_committed_data(suffix: "-shared-state", stage: "retired", password: null)
    LiteDB.Internals.SharedCoordinationUpgradeProcess_Tests.Repeated_death_during_upgrade_and_recovery_preserves_committed_data(suffix: "-shared-disabled", stage: "retired", password: null)
    LiteDB.Internals.SharedCoordinationUpgradeProcess_Tests.Repeated_death_during_upgrade_and_recovery_preserves_committed_data(suffix: "-shared-live", stage: "retired", password: null)
    LiteDB.Internals.SharedCoordinationUpgradeProcess_Tests.Repeated_death_during_upgrade_and_recovery_preserves_committed_data(suffix: "-shared-live", stage: "created", password: "secret")
    LiteDB.Internals.SharedCoordinationUpgradeProcess_Tests.Repeated_death_during_upgrade_and_recovery_preserves_committed_data(suffix: "-shared-live", stage: "written", password: "secret")
    LiteDB.Internals.SharedCoordinationUpgradeProcess_Tests.Repeated_death_during_upgrade_and_recovery_preserves_committed_data(suffix: "-shared-live", stage: "flushed", password: "secret")
    LiteDB.Internals.SharedCoordinationUpgradeProcess_Tests.Repeated_death_during_upgrade_and_recovery_preserves_committed_data(suffix: "-shared-live", stage: "published", password: "secret")
    LiteDB.Internals.SharedCoordinationUpgradeProcess_Tests.Repeated_death_during_upgrade_and_recovery_preserves_committed_data(suffix: "-shared-state", stage: "created", password: "secret")
    LiteDB.Internals.SharedCoordinationUpgradeProcess_Tests.Repeated_death_during_upgrade_and_recovery_preserves_committed_data(suffix: "-shared-state", stage: "written", password: "secret")
    LiteDB.Internals.SharedCoordinationUpgradeProcess_Tests.Repeated_death_during_upgrade_and_recovery_preserves_committed_data(suffix: "-shared-state", stage: "flushed", password: "secret")
    LiteDB.Internals.SharedCoordinationUpgradeProcess_Tests.Repeated_death_during_upgrade_and_recovery_preserves_committed_data(suffix: "-shared-state", stage: "published", password: "secret")
    LiteDB.Internals.SharedCoordinationUpgradeProcess_Tests.Repeated_death_during_upgrade_and_recovery_preserves_committed_data(suffix: "-shared-state", stage: "retired", password: "secret")
    LiteDB.Internals.SharedCoordinationUpgradeProcess_Tests.Repeated_death_during_upgrade_and_recovery_preserves_committed_data(suffix: "-shared-disabled", stage: "retired", password: "secret")
    LiteDB.Internals.SharedCoordinationUpgradeProcess_Tests.Repeated_death_during_upgrade_and_recovery_preserves_committed_data(suffix: "-shared-live", stage: "retired", password: "secret")
    LiteDB.Internals.SharedCoordinationUpgradeProcess_Tests.A_live_legacy_participant_blocks_upgrade_until_native_death(password: null)
    LiteDB.Internals.SharedCoordinationUpgradeProcess_Tests.A_live_legacy_participant_blocks_upgrade_until_native_death(password: "secret")
    LiteDB.Internals.SharedCoordinationUpgradeProcess_Tests.Newer_authority_falls_back_without_overwriting_its_files(password: null)
    LiteDB.Internals.SharedCoordinationUpgradeProcess_Tests.Newer_authority_falls_back_without_overwriting_its_files(password: "secret")
    LiteDB.Internals.SharedCoordinationUpgradeProcess_Tests.Cold_database_replacement_never_reuses_the_saved_authority(password: null)
    LiteDB.Internals.SharedCoordinationUpgradeProcess_Tests.Cold_database_replacement_never_reuses_the_saved_authority(password: "secret")
    LiteDB.Internals.SharedDurability_Tests.SharedCommit_HonorsDurabilitySettingAtConfirmation(password: null, durable: False, explicitTransaction: False)
    LiteDB.Internals.SharedDurability_Tests.SharedCommit_HonorsDurabilitySettingAtConfirmation(password: null, durable: False, explicitTransaction: True)
    LiteDB.Internals.SharedDurability_Tests.SharedCommit_HonorsDurabilitySettingAtConfirmation(password: null, durable: True, explicitTransaction: False)
    LiteDB.Internals.SharedDurability_Tests.SharedCommit_HonorsDurabilitySettingAtConfirmation(password: null, durable: True, explicitTransaction: True)
    LiteDB.Internals.SharedDurability_Tests.SharedCommit_HonorsDurabilitySettingAtConfirmation(password: "secret", durable: False, explicitTransaction: False)
    LiteDB.Internals.SharedDurability_Tests.SharedCommit_HonorsDurabilitySettingAtConfirmation(password: "secret", durable: False, explicitTransaction: True)
    LiteDB.Internals.SharedDurability_Tests.SharedCommit_HonorsDurabilitySettingAtConfirmation(password: "secret", durable: True, explicitTransaction: False)
    LiteDB.Internals.SharedDurability_Tests.SharedCommit_HonorsDurabilitySettingAtConfirmation(password: "secret", durable: True, explicitTransaction: True)
    LiteDB.Internals.SharedDurability_Tests.UnsupportedSync_RemainsVisibleAfterSharedEngineReopens(password: null)
    LiteDB.Internals.SharedDurability_Tests.UnsupportedSync_RemainsVisibleAfterSharedEngineReopens(password: "secret")
    LiteDB.Internals.SharedFileHandles_Tests.Ntfs_volumes_report_posix_delete_and_keep_the_cache
    LiteDB.Internals.SharedFileHandles_Tests.Volumes_without_posix_delete_open_files_per_operation
    LiteDB.Internals.SharedFileHandles_Tests.Operations_reuse_the_open_handles
    LiteDB.Internals.SharedFileHandles_Tests.Changes_by_another_connection_are_visible_after_its_checkpoint_replaced_the_wal(password: null)
    LiteDB.Internals.SharedFileHandles_Tests.Changes_by_another_connection_are_visible_after_its_checkpoint_replaced_the_wal(password: "secret")
    LiteDB.Internals.SharedFileHandles_Tests.Commits_and_checkpoints_by_other_processes_are_visible
    LiteDB.Internals.SharedFileHandles_Tests.A_killed_process_holding_cached_handles_does_not_block_its_peers
    LiteDB.Internals.SharedFileHandles_Tests.Rebuild_by_another_connection_replaces_the_files_behind_cached_handles
    LiteDB.Internals.SharedFileHandles_Tests.Direct_mode_is_refused_while_a_shared_connection_is_open
    LiteDB.Internals.SharedFollowupProcess_Tests.Killing_a_waiter_while_it_owns_the_turnstile_does_not_abandon_the_database
    LiteDB.Internals.SharedFollowupProcess_Tests.Killing_a_scoped_owner_recovers_acknowledged_data_and_admits_a_queued_process
    LiteDB.Internals.SharedFollowupProcess_Tests.A_pinned_write_loop_yields_to_another_process_before_its_hold_limit(password: null)
    LiteDB.Internals.SharedFollowupProcess_Tests.A_pinned_write_loop_yields_to_another_process_before_its_hold_limit(password: "secret")
    LiteDB.Internals.SharedFollowupProcess_Tests.Yield_oracle_rejects_native_wait_without_a_completed_write(password: null)
    LiteDB.Internals.SharedFollowupProcess_Tests.Yield_oracle_rejects_native_wait_without_a_completed_write(password: "secret")
    LiteDB.Internals.SharedMappedProcess_Tests.Death_during_control_creation_preserves_data_and_recovers_mapped_reads(suffix: "-shared-live", stage: "created", password: null)
    LiteDB.Internals.SharedMappedProcess_Tests.Death_during_control_creation_preserves_data_and_recovers_mapped_reads(suffix: "-shared-live", stage: "created", password: "secret")
    LiteDB.Internals.SharedMappedProcess_Tests.Death_during_control_creation_preserves_data_and_recovers_mapped_reads(suffix: "-shared-live", stage: "written", password: null)
    LiteDB.Internals.SharedMappedProcess_Tests.Death_during_control_creation_preserves_data_and_recovers_mapped_reads(suffix: "-shared-live", stage: "written", password: "secret")
    LiteDB.Internals.SharedMappedProcess_Tests.Death_during_control_creation_preserves_data_and_recovers_mapped_reads(suffix: "-shared-live", stage: "flushed", password: null)
    LiteDB.Internals.SharedMappedProcess_Tests.Death_during_control_creation_preserves_data_and_recovers_mapped_reads(suffix: "-shared-live", stage: "flushed", password: "secret")
    LiteDB.Internals.SharedMappedProcess_Tests.Death_during_control_creation_preserves_data_and_recovers_mapped_reads(suffix: "-shared-live", stage: "published", password: null)
    LiteDB.Internals.SharedMappedProcess_Tests.Death_during_control_creation_preserves_data_and_recovers_mapped_reads(suffix: "-shared-live", stage: "published", password: "secret")
    LiteDB.Internals.SharedMappedProcess_Tests.Death_during_control_creation_preserves_data_and_recovers_mapped_reads(suffix: "-shared-state", stage: "created", password: null)
    LiteDB.Internals.SharedMappedProcess_Tests.Death_during_control_creation_preserves_data_and_recovers_mapped_reads(suffix: "-shared-state", stage: "created", password: "secret")
    LiteDB.Internals.SharedMappedProcess_Tests.Death_during_control_creation_preserves_data_and_recovers_mapped_reads(suffix: "-shared-state", stage: "written", password: null)
    LiteDB.Internals.SharedMappedProcess_Tests.Death_during_control_creation_preserves_data_and_recovers_mapped_reads(suffix: "-shared-state", stage: "written", password: "secret")
    LiteDB.Internals.SharedMappedProcess_Tests.Death_during_control_creation_preserves_data_and_recovers_mapped_reads(suffix: "-shared-state", stage: "flushed", password: null)
    LiteDB.Internals.SharedMappedProcess_Tests.Death_during_control_creation_preserves_data_and_recovers_mapped_reads(suffix: "-shared-state", stage: "flushed", password: "secret")
    LiteDB.Internals.SharedMappedProcess_Tests.Death_during_control_creation_preserves_data_and_recovers_mapped_reads(suffix: "-shared-state", stage: "published", password: null)
    LiteDB.Internals.SharedMappedProcess_Tests.Death_during_control_creation_preserves_data_and_recovers_mapped_reads(suffix: "-shared-state", stage: "published", password: "secret")
    LiteDB.Internals.SharedMappedProcess_Tests.Death_during_control_creation_preserves_data_and_recovers_mapped_reads(suffix: "-shared-disabled", stage: "created", password: null)
    LiteDB.Internals.SharedMappedProcess_Tests.Death_during_control_creation_preserves_data_and_recovers_mapped_reads(suffix: "-shared-disabled", stage: "created", password: "secret")
    LiteDB.Internals.SharedMappedProcess_Tests.Death_during_control_creation_preserves_data_and_recovers_mapped_reads(suffix: "-shared-disabled", stage: "written", password: null)
    LiteDB.Internals.SharedMappedProcess_Tests.Death_during_control_creation_preserves_data_and_recovers_mapped_reads(suffix: "-shared-disabled", stage: "written", password: "secret")
    LiteDB.Internals.SharedMappedProcess_Tests.Death_during_control_creation_preserves_data_and_recovers_mapped_reads(suffix: "-shared-disabled", stage: "flushed", password: null)
    LiteDB.Internals.SharedMappedProcess_Tests.Death_during_control_creation_preserves_data_and_recovers_mapped_reads(suffix: "-shared-disabled", stage: "flushed", password: "secret")
    LiteDB.Internals.SharedMappedProcess_Tests.Death_during_control_creation_preserves_data_and_recovers_mapped_reads(suffix: "-shared-disabled", stage: "published", password: null)
    LiteDB.Internals.SharedMappedProcess_Tests.Death_during_control_creation_preserves_data_and_recovers_mapped_reads(suffix: "-shared-disabled", stage: "published", password: "secret")
    LiteDB.Internals.SharedMappedProcess_Tests.Checkpoint_and_reader_death_at_native_admission_boundaries(password: null, stage: "cached-status", kill: False)
    LiteDB.Internals.SharedMappedProcess_Tests.Checkpoint_and_reader_death_at_native_admission_boundaries(password: null, stage: "lease-published", kill: False)
    LiteDB.Internals.SharedMappedProcess_Tests.Checkpoint_and_reader_death_at_native_admission_boundaries(password: "secret", stage: "cached-status", kill: False)
    LiteDB.Internals.SharedMappedProcess_Tests.Checkpoint_and_reader_death_at_native_admission_boundaries(password: "secret", stage: "lease-published", kill: False)
    LiteDB.Internals.SharedMappedProcess_Tests.Checkpoint_and_reader_death_at_native_admission_boundaries(password: null, stage: "cached-status", kill: True)
    LiteDB.Internals.SharedMappedProcess_Tests.Checkpoint_and_reader_death_at_native_admission_boundaries(password: null, stage: "lease-published", kill: True)
    LiteDB.Internals.SharedMappedProcess_Tests.Death_during_partial_lease_or_writer_open_recovers_without_lost_data(mode: "mapped-slot-half", password: null)
    LiteDB.Internals.SharedMappedProcess_Tests.Death_during_partial_lease_or_writer_open_recovers_without_lost_data(mode: "mapped-opening", password: null)
    LiteDB.Internals.SharedMappedProcess_Tests.Death_during_partial_lease_or_writer_open_recovers_without_lost_data(mode: "mapped-recovering", password: null)
    LiteDB.Internals.SharedMappedProcess_Tests.Death_during_partial_lease_or_writer_open_recovers_without_lost_data(mode: "mapped-recovering", password: "secret")
    LiteDB.Internals.SharedPageReads_Tests.ReusedHint_ValidatesIdentityAfterPin_AndReturnsTemporaryPin
    LiteDB.Internals.SharedPageReads_Tests.ConcurrentSharing_WithEviction_PreservesBytesAndFrameAccounting
    LiteDB.Internals.SharedPageReads_Tests.HintCollision_DoesNotReturnAnotherPageOrOrigin
    LiteDB.Internals.SharedSafetyProcess_Tests.RelativeConnection_KeepsDatabaseAndLeaseIdentityAfterDirectoryChange(password: null, when: "before")
    LiteDB.Internals.SharedSafetyProcess_Tests.RelativeConnection_KeepsDatabaseAndLeaseIdentityAfterDirectoryChange(password: null, when: "after")
    LiteDB.Internals.SharedSafetyProcess_Tests.RelativeConnection_KeepsDatabaseAndLeaseIdentityAfterDirectoryChange(password: "secret", when: "before")
    LiteDB.Internals.SharedSafetyProcess_Tests.RelativeConnection_KeepsDatabaseAndLeaseIdentityAfterDirectoryChange(password: "secret", when: "after")
    LiteDB.Internals.SharedSlotGenerations_Tests.Three_generations_in_one_process_survive_reuse_and_oldest_reader_departure(password: null, kill: False)
    LiteDB.Internals.SharedSlotGenerations_Tests.Three_generations_in_one_process_survive_reuse_and_oldest_reader_departure(password: "secret", kill: False)
    LiteDB.Internals.SharedSlotGenerations_Tests.Three_generations_in_one_process_survive_reuse_and_oldest_reader_departure(password: null, kill: True)
    LiteDB.Internals.SharedSlotGenerations_Tests.Three_generations_in_one_process_survive_reuse_and_oldest_reader_departure(password: "secret", kill: True)
    LiteDB.Internals.SharedStorageProcess_Tests.KilledWriters_PreserveAcknowledgedPayloadsIndexesAndLiveSnapshot(password: null, storage: Legacy)
    LiteDB.Internals.SharedStorageProcess_Tests.KilledWriters_PreserveAcknowledgedPayloadsIndexesAndLiveSnapshot(password: "secret", storage: Legacy)
    LiteDB.Internals.SharedStorageProcess_Tests.KilledWriters_PreserveAcknowledgedPayloadsIndexesAndLiveSnapshot(password: null, storage: Auto)
    LiteDB.Internals.SharedStorageProcess_Tests.KilledWriters_PreserveAcknowledgedPayloadsIndexesAndLiveSnapshot(password: "secret", storage: Auto)
    LiteDB.Internals.SharedStorageProcess_Tests.DamagedWalTail_IsReportedWithoutPartialTransactionsAndReadOnlyMutation(password: null, storage: Legacy)
    LiteDB.Internals.SharedStorageProcess_Tests.DamagedWalTail_IsReportedWithoutPartialTransactionsAndReadOnlyMutation(password: "secret", storage: Legacy)
    LiteDB.Internals.SharedStorageProcess_Tests.DamagedWalTail_IsReportedWithoutPartialTransactionsAndReadOnlyMutation(password: null, storage: Auto)
    LiteDB.Internals.SharedStorageProcess_Tests.DamagedWalTail_IsReportedWithoutPartialTransactionsAndReadOnlyMutation(password: "secret", storage: Auto)
    LiteDB.Internals.SharedStorageProcess_Tests.DamagedDataPage_RejectsRepeatedSharedReadsAndPreservesEvidence(password: null, storage: Legacy)
    LiteDB.Internals.SharedStorageProcess_Tests.DamagedDataPage_RejectsRepeatedSharedReadsAndPreservesEvidence(password: "secret", storage: Legacy)
    LiteDB.Internals.SharedStorageProcess_Tests.DamagedDataPage_RejectsRepeatedSharedReadsAndPreservesEvidence(password: null, storage: Auto)
    LiteDB.Internals.SharedStorageProcess_Tests.DamagedDataPage_RejectsRepeatedSharedReadsAndPreservesEvidence(password: "secret", storage: Auto)
    LiteDB.Internals.SharedUnsyncableLog_Tests.Fresh_shared_engines_never_reuse_slots_cleared_on_a_log_that_cannot_sync
    LiteDB.Internals.StreamOwnership_Tests.HiddenFile_SetAttributesFailure_DisposesStream
    LiteDB.Internals.StreamOwnership_Tests.DiskServiceCtor_Failure_DisposesWrappers_ButNotCallerStreams
    LiteDB.Internals.StreamPoolLifecycle_Tests.Factory_IsSoleOwner_OfSharedBaseStream
    LiteDB.Internals.TransactionCleanupBoundary_Tests.RepeatedCleanupFailures_DoNotExhaustRegistrationOrRetainFrames(writable: False)
    LiteDB.Internals.TransactionCleanupBoundary_Tests.RepeatedCleanupFailures_DoNotExhaustRegistrationOrRetainFrames(writable: True)
    LiteDB.Internals.TransactionCleanup_Tests.AbandonedTransaction_OnExitedThread_IsCleanedByExplicitEngineClose
    LiteDB.Internals.TransactionCleanup_Tests.AbandonedEngine_WithDamagedTransaction_IsCollectibleWithoutFinalizerCleanup
    LiteDB.Internals.WalChecksumFailure_Tests.RebuildReader_UsesTheSameVerifiedCommittedPrefix(password: null)
    LiteDB.Internals.WalChecksumFailure_Tests.RebuildReader_UsesTheSameVerifiedCommittedPrefix(password: "secret")
    LiteDB.Internals.WalChecksumFailure_Tests.FailedGenerationPublication_StopsWrites_AndCanRecover(password: null, flush: False)
    LiteDB.Internals.WalChecksumFailure_Tests.FailedGenerationPublication_StopsWrites_AndCanRecover(password: null, flush: True)
    LiteDB.Internals.WalChecksumFailure_Tests.FailedGenerationPublication_StopsWrites_AndCanRecover(password: "secret", flush: False)
    LiteDB.Internals.WalChecksumFailure_Tests.FailedGenerationPublication_StopsWrites_AndCanRecover(password: "secret", flush: True)
    LiteDB.Internals.WalChecksumFailure_Tests.OperationalReadError_DoesNotTruncateTheWal
    LiteDB.Internals.WalChecksumFailure_Tests.ReadOnlyOpen_PreservesAPartialWalEvenWhenNoFrameCanBeRead
    LiteDB.Internals.WalFailureCleanup_Tests.FailedWrite_ReleasesAllFrames_AndPreservesCommittedData(password: null, failAt: 1, transactionPages: 1000)
    LiteDB.Internals.WalFailureCleanup_Tests.FailedWrite_ReleasesAllFrames_AndPreservesCommittedData(password: null, failAt: 3, transactionPages: 1000)
    LiteDB.Internals.WalFailureCleanup_Tests.FailedWrite_ReleasesAllFrames_AndPreservesCommittedData(password: null, failAt: 0, transactionPages: 1000)
    LiteDB.Internals.WalFailureCleanup_Tests.FailedWrite_ReleasesAllFrames_AndPreservesCommittedData(password: null, failAt: -1, transactionPages: 1000)
    LiteDB.Internals.WalFailureCleanup_Tests.FailedWrite_ReleasesAllFrames_AndPreservesCommittedData(password: null, failAt: 1, transactionPages: 4)
    LiteDB.Internals.WalFailureCleanup_Tests.FailedWrite_ReleasesAllFrames_AndPreservesCommittedData(password: null, failAt: 3, transactionPages: 4)
    LiteDB.Internals.WalFailureCleanup_Tests.FailedWrite_ReleasesAllFrames_AndPreservesCommittedData(password: "secret", failAt: 1, transactionPages: 1000)
    LiteDB.Internals.WalFailureCleanup_Tests.FailedWrite_ReleasesAllFrames_AndPreservesCommittedData(password: "secret", failAt: 3, transactionPages: 1000)
    LiteDB.Internals.WalFailureCleanup_Tests.FailedWrite_ReleasesAllFrames_AndPreservesCommittedData(password: "secret", failAt: 0, transactionPages: 1000)
    LiteDB.Internals.WalFailureCleanup_Tests.FailedWrite_ReleasesAllFrames_AndPreservesCommittedData(password: "secret", failAt: -1, transactionPages: 1000)
    LiteDB.Internals.WalFailureCleanup_Tests.FailedWrite_ReleasesAllFrames_AndPreservesCommittedData(password: "secret", failAt: 1, transactionPages: 4)
    LiteDB.Internals.WalFailureCleanup_Tests.FailedWrite_ReleasesAllFrames_AndPreservesCommittedData(password: "secret", failAt: 3, transactionPages: 4)
    LiteDB.Internals.WalFailureCleanup_Tests.Dispose_WithOneStaleLease_ReleasesOtherWritableFrames
    LiteDB.Internals.WalRecoveryReport_Tests.SharedReopen_PreservesTheLastRecoveryReport(password: null, corrupt: False)
    LiteDB.Internals.WalRecoveryReport_Tests.SharedReopen_PreservesTheLastRecoveryReport(password: "secret", corrupt: False)
    LiteDB.Internals.WalRecoveryReport_Tests.SharedReopen_PreservesTheLastRecoveryReport(password: null, corrupt: True)
    LiteDB.Internals.WalRecoveryReport_Tests.SharedReopen_PreservesTheLastRecoveryReport(password: "secret", corrupt: True)
    LiteDB.Tests.Mapper.LinqBindingEvaluator_Tests.Cached_method_and_member_failures_match_uncached_exception_chains(mode: 0)
    LiteDB.Tests.Mapper.LinqBindingEvaluator_Tests.Cached_method_and_member_failures_match_uncached_exception_chains(mode: 1)
    LiteDB.Tests.Mapper.LinqBindingEvaluator_Tests.Cached_method_and_member_failures_match_uncached_exception_chains(mode: 2)
    LiteDB.Tests.Mapper.LinqBindingEvaluator_Tests.Cached_method_and_member_failures_match_uncached_exception_chains(mode: 3)
    LiteDB.Tests.Mapper.LinqCacheRebinding_Tests.Capture_failures_have_the_same_exception_type_on_cold_and_warm_paths
    LiteDB.Tests.Mapper.StructuredExpression_Tests.Direct_and_parsed_expressions_execute_identically_without_shared_compilation_cache
    LiteDB.Tests.QueryTest.BooleanPredicateOptimization_Tests.Boolean_identity_comparisons_expose_shared_index_predicates(predicate: "(Score = 3) = true", expected: [3])
    LiteDB.Tests.QueryTest.BooleanPredicateOptimization_Tests.Boolean_identity_comparisons_expose_shared_index_predicates(predicate: "true = (Score = 3)", expected: [3])
    LiteDB.Tests.QueryTest.BooleanPredicateOptimization_Tests.Boolean_identity_comparisons_expose_shared_index_predicates(predicate: "(Score = 3) != false", expected: [3])
    LiteDB.Tests.QueryTest.BooleanPredicateOptimization_Tests.Boolean_identity_comparisons_expose_shared_index_predicates(predicate: "false != (Score = 3)", expected: [3])
    LiteDB.Tests.QueryTest.BooleanPredicateOptimization_Tests.Boolean_identity_comparisons_expose_shared_index_predicates(predicate: "(((Score = 3) = true) = true)", expected: [3])
    LiteDB.Tests.QueryTest.BooleanPredicateOptimization_Tests.Boolean_identity_comparisons_expose_shared_index_predicates(predicate: "(Score = 3 OR Score = 7) = true", expected: [3, 7])
    LiteDB.Tests.QueryTest.BooleanPredicateOptimization_Tests.Boolean_identity_comparisons_expose_shared_index_predicates(predicate: "(Score BETWEEN 1 AND 9) = true AND Score > 7", expected: [8, 9])
    LiteDB.Tests.QueryTest.BooleanPredicateOptimization_Tests.Boolean_identity_comparisons_expose_shared_index_predicates(predicate: "([1,3,5,7,9] ANY = Score) = true AND Score >= 7", expected: [7, 9])
    LiteDB.Tests.QueryTest.CommonDisjunctionOptimization_Tests.Ordinary_linq_uses_the_shared_leading_index_guard
    LiteDB.Tests.QueryTest.CommonDisjunctionOptimization_Tests.Shared_sql_guards_keep_the_original_disjunction_filter(predicate: "(City = 'even' AND Score < 4) OR (City = 'even' AN"···)
    LiteDB.Tests.QueryTest.CommonDisjunctionOptimization_Tests.Shared_sql_guards_keep_the_original_disjunction_filter(predicate: "('even' = City AND Score < 4) OR ('even' = City AN"···)
    LiteDB.Tests.QueryTest.CommonDisjunctionOptimization_Tests.Shared_sql_guards_keep_the_original_disjunction_filter(predicate: "(City = 'even' AND Score = 2) OR (City = 'even' AN"···)
    LiteDB.Tests.QueryTest.DisjunctionAnalysis_Tests.Competing_equality_union_and_shared_guard_costs_keep_their_candidates(predicate: "Name = 'row' AND (Code = 1 OR Code = 2)", expectedIndex: "code", count: 2)
    LiteDB.Tests.QueryTest.DisjunctionAnalysis_Tests.Competing_equality_union_and_shared_guard_costs_keep_their_candidates(predicate: "Name = 'row' AND ((Code = 1 AND Score >= 0) OR (Co"···, expectedIndex: "code", count: 1)
    LiteDB.Tests.QueryTest.DisjunctionAnalysis_Tests.Competing_equality_union_and_shared_guard_costs_keep_their_candidates(predicate: "_id = 1 AND ((Score >= 1 AND (Score < 5 OR Score >"···, expectedIndex: "_id", count: 1)
    LiteDB.Tests.QueryTest.IncludedBooleanPipeline_Tests.Shared_guard_values_use_the_current_collation(collation: "en-US/None", expectedIndex: "_id")
    LiteDB.Tests.QueryTest.IncludedBooleanPipeline_Tests.Shared_guard_values_use_the_current_collation(collation: "en-US/IgnoreCase", expectedIndex: "label")
    LiteDB.Tests.QueryTest.Int32IdAssertions_Tests.MembershipAndMultiplicityFailures_AgreeWithOriginalAssertion(damage: "missing")
    LiteDB.Tests.QueryTest.Int32IdAssertions_Tests.MembershipAndMultiplicityFailures_AgreeWithOriginalAssertion(damage: "extra")
    LiteDB.Tests.QueryTest.Int32IdAssertions_Tests.MembershipAndMultiplicityFailures_AgreeWithOriginalAssertion(damage: "duplicate-and-drop")
    LiteDB.Tests.QueryTest.Int32IdAssertions_Tests.MembershipAndMultiplicityFailures_AgreeWithOriginalAssertion(damage: "wrong-member")
    LiteDB.Tests.QueryTest.PredicateSimplification_Tests.Sql_constant_guards_simplify_shared_ir(predicate: "(1 = 0 OR Score = 3) AND (2 = 2)", count: 1)
    LiteDB.Tests.QueryTest.PredicateSimplification_Tests.Sql_constant_guards_simplify_shared_ir(predicate: "(1 = 1 AND Score = 3) OR (2 = 3)", count: 1)
    LiteDB.Tests.QueryTest.PredicateSimplification_Tests.Sql_constant_guards_simplify_shared_ir(predicate: "(1 = 0 OR Score = 3) OR Score = 7", count: 2)
    LiteDB.Tests.QueryTest.PredicateSimplification_Tests.Sql_constant_guards_simplify_shared_ir(predicate: "(1 = 0 OR Score = 3) OR (Name = 'x' AND 2 = 2)", count: 1)
    LiteDB.Tests.QueryTest.QueryAggregateExpressions_Tests.Shared_templates_match_the_previous_canonical_aggregate_expressions
    LiteDB.Tests.QueryTest.QueryAggregateExpressions_Tests.Shared_templates_do_not_share_collections_or_current_values
    LiteDB.Tests.QueryTest.SharedQueryIr_Tests.Sql_and_linq_have_identical_results_and_complete_execution_plans
    LiteDB.Tests.QueryTest.SharedQueryIr_Tests.Expression_indexes_match_sql_and_linq_in_both_creation_directions
    LiteDB.Tests.QueryTest.SharedQueryIr_Tests.Rebinding_uses_live_index_metadata_and_does_not_store_a_physical_plan
    LiteDB.Tests.QueryTest.SharedQueryIr_Tests.Contains_normalization_is_shared_and_does_not_parse_generated_text
    LiteDB.Tests.Issues.FuzzingContract_Tests.Failure_after_password_rebuild_install_restores_the_original_data_and_wal_pair
    LiteDB.Tests.Issues.Issue1344SharedReader_Tests.Delete_preserves_the_shared_engine_borrowed_from_a_reader(existingFile: False)
    LiteDB.Tests.Issues.Issue1344SharedReader_Tests.Delete_preserves_the_shared_engine_borrowed_from_a_reader(existingFile: True)
    LiteDB.Tests.Issues.Issue1344SharedReader_Tests.Borrowed_transaction_transfers_engine_ownership_when_reader_closes_first(rollback: False)
    LiteDB.Tests.Issues.Issue1344SharedReader_Tests.Borrowed_transaction_transfers_engine_ownership_when_reader_closes_first(rollback: True)
    LiteDB.Tests.Issues.Issue1940_RecoverySafety_Tests.Healing_must_not_commit_pages_from_an_abandoned_WAL_transaction
    LiteDB.Tests.Issues.Issue2357InvalidTime_Tests.On_failure_rolls_back_the_batch_and_the_database_remains_usable
    LiteDB.Tests.Issues.Issue2357InvalidTime_Tests.Shared_connection_honours_the_switch
    LiteDB.Tests.Issues.Issue2806CallerTransaction_Tests.Source_failure_inside_a_caller_transaction_undoes_only_the_upload(connection: Direct, replacesFile: True)
    LiteDB.Tests.Issues.Issue2806CallerTransaction_Tests.Source_failure_inside_a_caller_transaction_undoes_only_the_upload(connection: Shared, replacesFile: True)
    LiteDB.Tests.Issues.Issue2806CallerTransaction_Tests.Source_failure_inside_a_caller_transaction_undoes_only_the_upload(connection: Direct, replacesFile: False)
    LiteDB.Tests.Issues.Issue2806EngineFailure_Tests.Engine_failure_inside_a_caller_transaction_leaves_no_chunks_to_commit(replacesFile: False)
    LiteDB.Tests.Issues.Issue2806EngineFailure_Tests.Engine_failure_inside_a_caller_transaction_leaves_no_chunks_to_commit(replacesFile: True)
    LiteDB.Tests.Issues.Issue2806UndoFailure_Tests.Rollback_failure_of_an_upload_owned_transaction_is_reported_with_the_upload_error
    LiteDB.Tests.Issues.Issue2806UndoFailure_Tests.Failure_to_undo_an_upload_inside_a_caller_transaction_says_the_transaction_is_gone
    LiteDB.Tests.Issues.Issue2814Admission_Tests.Checkpoint_request_waits_for_existing_readers_instead_of_skipping
    LiteDB.Tests.Issues.Issue2814Admission_Tests.Current_thread_transaction_cannot_upgrade_and_nonwaiting_call_still_skips_readers
    LiteDB.Tests.Issues.Issue2814Admission_Tests.Other_thread_reader_times_out_and_restores_reader_admission
    LiteDB.Tests.Issues.Issue2814Backoff_Tests.Commits_under_a_long_lived_reader_do_not_each_wait_for_checkpoint_admission
    LiteDB.Tests.Issues.Issue2814TransactionIds_Tests.Waiting_transaction_reserves_its_ID_only_after_checkpoint_admission
    LiteDB.Tests.Issues.Issue2814TransactionIds_Tests.Construction_failure_releases_the_admitted_read_lease
    LiteDB.Tests.Issues.Issue2821_Tests.Closed_instance_explains_recovery_after_a_transient_disk_full_failure
    LiteDB.Tests.Issues.Issue2822SharedCleanupRace_Tests.Completion_waits_for_cleanup_that_already_claimed_the_exited_owner(rollback: False)
    LiteDB.Tests.Issues.Issue2822SharedCleanupRace_Tests.Completion_waits_for_cleanup_that_already_claimed_the_exited_owner(rollback: True)
    LiteDB.Tests.Issues.Issue2822SharedCompletion_Tests.Ordinary_shared_reader_does_not_look_like_an_explicit_transaction(separateInstance: False)
    LiteDB.Tests.Issues.Issue2822SharedCompletion_Tests.Ordinary_shared_reader_does_not_look_like_an_explicit_transaction(separateInstance: True)
    LiteDB.Tests.Issues.Issue2822SharedCompletion_Tests.Joining_an_auto_transaction_does_not_require_an_extra_completion(rollback: False)
    LiteDB.Tests.Issues.Issue2822SharedCompletion_Tests.Joining_an_auto_transaction_does_not_require_an_extra_completion(rollback: True)
    LiteDB.Tests.Issues.Issue2822SharedCompletion_Tests.Ordinary_open_rejects_an_abandoned_local_transaction(begin: False)
    LiteDB.Tests.Issues.Issue2822SharedCompletion_Tests.Ordinary_open_rejects_an_abandoned_local_transaction(begin: True)
    LiteDB.Tests.Issues.Issue2822SharedCompletion_Tests.Abandoned_explicit_owner_is_rejected_and_can_be_disposed_normally(rollback: False, consumeSignal: False)
    LiteDB.Tests.Issues.Issue2822SharedCompletion_Tests.Abandoned_explicit_owner_is_rejected_and_can_be_disposed_normally(rollback: True, consumeSignal: False)
    LiteDB.Tests.Issues.Issue2822SharedCompletion_Tests.Abandoned_explicit_owner_is_rejected_and_can_be_disposed_normally(rollback: False, consumeSignal: True)
    LiteDB.Tests.Issues.Issue2822SharedCompletion_Tests.Abandoned_explicit_owner_is_rejected_and_can_be_disposed_normally(rollback: True, consumeSignal: True)
    LiteDB.Tests.Issues.Issue2848_Tests.Non_io_completion_failure_tells_other_threads_to_dispose_and_reopen(phase: "commit")
    LiteDB.Tests.Issues.Issue2848_Tests.Non_io_completion_failure_tells_other_threads_to_dispose_and_reopen(phase: "rollback")
    LiteDB.Tests.Issues.Issue2848_Tests.Completion_failure_caused_by_disposing_the_engine_still_reports_a_disposed_engine
    LiteDB.Tests.Issues.Issue2870_Tests.FileReaderV8_preserves_the_original_stream_failure_frame
    LiteDB.Tests.Issues.Issue2894Messages_Tests.Nested_serialization_failure_is_one_sentence_with_the_member_path_and_the_original_error
    LiteDB.Tests.Issues.Issue2894Messages_Tests.Deserialization_failure_names_the_member_and_the_stored_type
    LiteDB.Tests.Issues.Issue2894_Tests.Stream_member_failure_names_the_entity_and_member
    LiteDB.Tests.Issues.Issue2894_Tests.Nested_getter_failure_preserves_member_chain_and_original_exception
    LiteDB.Tests.Issues.Issue2894_Tests.Mapping_initialization_failure_preserves_original_exception_and_literal_braces
    LiteDB.Tests.Issues.Issue2894_Tests.Custom_member_serializer_failure_is_contextual_and_keeps_original_error_code
    LiteDB.Tests.Issues.Issue2968_Tests.Open_retries_a_transient_sharing_failure_after_mutex_owner_death
    LiteDB.Tests.Issues.Issue2968_Tests.Ordinary_open_failure_is_not_retried
    LiteDB.Tests.Issues.Issue2968_Tests.Abandoned_owner_does_not_retry_an_unrelated_io_failure
    LiteDB.Tests.Issues.Issue2979_Tests.Repeated_recovery_failures_block_shared_reuse_and_fresh_opens(recoveryFailure: "before-source-retraction", encrypted: False)
    LiteDB.Tests.Issues.Issue2979_Tests.Repeated_recovery_failures_block_shared_reuse_and_fresh_opens(recoveryFailure: "before-source-retraction", encrypted: True)
    LiteDB.Tests.Issues.Issue2979_Tests.Repeated_recovery_failures_block_shared_reuse_and_fresh_opens(recoveryFailure: "before-candidate-republish", encrypted: False)
    LiteDB.Tests.Issues.Issue2979_Tests.Repeated_recovery_failures_block_shared_reuse_and_fresh_opens(recoveryFailure: "before-candidate-republish", encrypted: True)
    LiteDB.Tests.Issues.Issue3005_AbandonedOrphan_Tests.Orphaned_engine_is_discarded_without_checkpointing_a_stale_view(password: null, readerHeldThroughout: False)
    LiteDB.Tests.Issues.Issue3005_AbandonedOrphan_Tests.Orphaned_engine_is_discarded_without_checkpointing_a_stale_view(password: "secret", readerHeldThroughout: False)
    LiteDB.Tests.Issues.Issue3005_AbandonedOrphan_Tests.Orphaned_engine_is_discarded_without_checkpointing_a_stale_view(password: null, readerHeldThroughout: True)
    LiteDB.Tests.Issues.Issue3005_AbandonedOrphan_Tests.Orphaned_engine_is_discarded_without_checkpointing_a_stale_view(password: "secret", readerHeldThroughout: True)
    LiteDB.Tests.Internals.CollationFingerprintCache_Tests.Warm_shared_connection_revalidates_a_changed_header_without_mutation(readOnly: False)
    LiteDB.Tests.Internals.CollationFingerprintCache_Tests.Warm_shared_connection_revalidates_a_changed_header_without_mutation(readOnly: True)
    LiteDB.Tests.Internals.NativeAdmissionCrash_Tests.Death_during_handoff_releases_native_locks_and_preserves_recoverable_data(stage: "before-recovery-marker", password: null, fallback: False)
    LiteDB.Tests.Internals.NativeAdmissionCrash_Tests.Death_during_handoff_releases_native_locks_and_preserves_recoverable_data(stage: "after-source-backup", password: "secret", fallback: True)
    LiteDB.Tests.Internals.NativeAdmissionCrash_Tests.Death_during_handoff_releases_native_locks_and_preserves_recoverable_data(stage: "after-log-backup", password: "secret", fallback: True)
    LiteDB.Tests.Internals.NativeAdmissionCrash_Tests.Death_during_handoff_releases_native_locks_and_preserves_recoverable_data(stage: "before-recovery-marker-flush", password: "secret", fallback: True)
    LiteDB.Tests.Internals.NativeAdmissionCrash_Tests.Death_during_handoff_releases_native_locks_and_preserves_recoverable_data(stage: "before-recovery-marker", password: "secret", fallback: True)
    LiteDB.Tests.Internals.NativeAdmissionCrash_Tests.Death_during_handoff_releases_native_locks_and_preserves_recoverable_data(stage: "before-recovery-marker-delete", password: null, fallback: True)
    LiteDB.Tests.Internals.NativeAdmissionCrash_Tests.Death_during_handoff_releases_native_locks_and_preserves_recoverable_data(stage: "after-temp-install", password: null, fallback: True)
    LiteDB.Tests.Internals.NativeAdmissionCrash_Tests.Death_during_handoff_releases_native_locks_and_preserves_recoverable_data(stage: "after-source-backup", password: null, fallback: True)
    LiteDB.Tests.Internals.NativeAdmissionCrash_Tests.Death_during_handoff_releases_native_locks_and_preserves_recoverable_data(stage: "after-log-backup", password: null, fallback: True)
    LiteDB.Tests.Internals.NativeAdmissionCrash_Tests.Death_during_handoff_releases_native_locks_and_preserves_recoverable_data(stage: "before-recovery-marker-flush", password: null, fallback: True)
    LiteDB.Tests.Internals.NativeAdmissionCrash_Tests.Death_during_handoff_releases_native_locks_and_preserves_recoverable_data(stage: "before-recovery-marker", password: null, fallback: True)
    LiteDB.Tests.Internals.NativeAdmissionCrash_Tests.Death_during_handoff_releases_native_locks_and_preserves_recoverable_data(stage: "before-recovery-marker-delete", password: "secret", fallback: False)
    LiteDB.Tests.Internals.NativeAdmissionCrash_Tests.Death_during_handoff_releases_native_locks_and_preserves_recoverable_data(stage: "after-temp-install", password: "secret", fallback: False)
    LiteDB.Tests.Internals.NativeAdmissionCrash_Tests.Death_during_handoff_releases_native_locks_and_preserves_recoverable_data(stage: "after-source-backup", password: "secret", fallback: False)
    LiteDB.Tests.Internals.NativeAdmissionCrash_Tests.Death_during_handoff_releases_native_locks_and_preserves_recoverable_data(stage: "after-log-backup", password: "secret", fallback: False)
    LiteDB.Tests.Internals.NativeAdmissionCrash_Tests.Death_during_handoff_releases_native_locks_and_preserves_recoverable_data(stage: "before-recovery-marker-flush", password: "secret", fallback: False)
    LiteDB.Tests.Internals.NativeAdmissionCrash_Tests.Death_during_handoff_releases_native_locks_and_preserves_recoverable_data(stage: "before-recovery-marker", password: "secret", fallback: False)
    LiteDB.Tests.Internals.NativeAdmissionCrash_Tests.Death_during_handoff_releases_native_locks_and_preserves_recoverable_data(stage: "before-recovery-marker-delete", password: null, fallback: False)
    LiteDB.Tests.Internals.NativeAdmissionCrash_Tests.Death_during_handoff_releases_native_locks_and_preserves_recoverable_data(stage: "after-temp-install", password: null, fallback: False)
    LiteDB.Tests.Internals.NativeAdmissionCrash_Tests.Death_during_handoff_releases_native_locks_and_preserves_recoverable_data(stage: "after-source-backup", password: null, fallback: False)
    LiteDB.Tests.Internals.NativeAdmissionCrash_Tests.Death_during_handoff_releases_native_locks_and_preserves_recoverable_data(stage: "after-log-backup", password: null, fallback: False)
    LiteDB.Tests.Internals.NativeAdmissionCrash_Tests.Death_during_handoff_releases_native_locks_and_preserves_recoverable_data(stage: "before-recovery-marker-flush", password: null, fallback: False)
    LiteDB.Tests.Internals.NativeAdmissionCrash_Tests.Death_during_handoff_releases_native_locks_and_preserves_recoverable_data(stage: "after-temp-install", password: "secret", fallback: True)
    LiteDB.Tests.Internals.NativeAdmissionCrash_Tests.Death_during_handoff_releases_native_locks_and_preserves_recoverable_data(stage: "before-recovery-marker-delete", password: "secret", fallback: True)
    LiteDB.Tests.Internals.NativeAdmissionDirectPoolProcess_Tests.Final_database_and_reader_release_admits_other_processes(fallback: False)
    LiteDB.Tests.Internals.NativeAdmissionDirectPoolProcess_Tests.Final_database_and_reader_release_admits_other_processes(fallback: True)
    LiteDB.Tests.Internals.NativeAdmissionDirectPoolProcess_Tests.Killed_process_releases_pooled_engine_and_preserves_both_owners_commits
    LiteDB.Tests.Internals.NativeAdmissionFallbackProcess_Tests.Host_authority_enforces_cross_process_families_and_releases_after_death(owner: "direct", contender: "direct", compatible: False)
    LiteDB.Tests.Internals.NativeAdmissionFallbackProcess_Tests.Host_authority_enforces_cross_process_families_and_releases_after_death(owner: "direct", contender: "shared", compatible: False)
    LiteDB.Tests.Internals.NativeAdmissionFallbackProcess_Tests.Host_authority_enforces_cross_process_families_and_releases_after_death(owner: "shared", contender: "direct", compatible: False)
    LiteDB.Tests.Internals.NativeAdmissionFallbackProcess_Tests.Host_authority_enforces_cross_process_families_and_releases_after_death(owner: "direct", contender: "direct-readonly", compatible: False)
    LiteDB.Tests.Internals.NativeAdmissionFallbackProcess_Tests.Host_authority_enforces_cross_process_families_and_releases_after_death(owner: "direct-readonly", contender: "direct", compatible: False)
    LiteDB.Tests.Internals.NativeAdmissionFallbackProcess_Tests.Host_authority_enforces_cross_process_families_and_releases_after_death(owner: "direct-readonly", contender: "shared", compatible: False)
    LiteDB.Tests.Internals.NativeAdmissionFallbackProcess_Tests.Host_authority_enforces_cross_process_families_and_releases_after_death(owner: "shared", contender: "direct-readonly", compatible: False)
    LiteDB.Tests.Internals.NativeAdmissionFallbackProcess_Tests.Host_authority_enforces_cross_process_families_and_releases_after_death(owner: "shared", contender: "shared-sha1", compatible: False)
    LiteDB.Tests.Internals.NativeAdmissionFallbackProcess_Tests.Host_authority_enforces_cross_process_families_and_releases_after_death(owner: "shared-sha1", contender: "shared", compatible: False)
    LiteDB.Tests.Internals.NativeAdmissionFallbackProcess_Tests.Host_authority_enforces_cross_process_families_and_releases_after_death(owner: "shared", contender: "shared", compatible: True)
    LiteDB.Tests.Internals.NativeAdmissionFallbackProcess_Tests.Host_authority_enforces_cross_process_families_and_releases_after_death(owner: "shared-readonly", contender: "shared", compatible: True)
    LiteDB.Tests.Internals.NativeAdmissionFallbackProcess_Tests.Host_authority_enforces_cross_process_families_and_releases_after_death(owner: "direct-readonly", contender: "direct-readonly", compatible: True)
    LiteDB.Tests.Internals.NativeAdmissionFallbackProcess_Tests.Fallback_streaming_reader_prevents_another_process_from_writing_or_checkpointing
    LiteDB.Tests.Internals.NativeAdmissionFallbackProcess_Tests.Fallback_replacement_never_publishes_an_unlocked_authority(stage: "before-log-backup")
    LiteDB.Tests.Internals.NativeAdmissionFallbackProcess_Tests.Fallback_replacement_never_publishes_an_unlocked_authority(stage: "after-source-backup")
    LiteDB.Tests.Internals.NativeAdmissionFallbackProcess_Tests.Fallback_replacement_never_publishes_an_unlocked_authority(stage: "after-temp-install")
    LiteDB.Tests.Internals.NativeAdmissionFallbackProcess_Tests.Remote_idle_shared_owner_blocks_fallback_replacement_before_marker
    LiteDB.Tests.Internals.NativeAdmissionHandoffProof_Tests.Both_inodes_are_locked_through_publication_and_only_the_live_inode_remains_owned(stage: "before-recovery-marker", shared: False, password: null)
    LiteDB.Tests.Internals.NativeAdmissionHandoffProof_Tests.Both_inodes_are_locked_through_publication_and_only_the_live_inode_remains_owned(stage: "before-recovery-marker", shared: False, password: "secret")
    LiteDB.Tests.Internals.NativeAdmissionHandoffProof_Tests.Both_inodes_are_locked_through_publication_and_only_the_live_inode_remains_owned(stage: "before-recovery-marker", shared: True, password: null)
    LiteDB.Tests.Internals.NativeAdmissionHandoffProof_Tests.Both_inodes_are_locked_through_publication_and_only_the_live_inode_remains_owned(stage: "before-recovery-marker", shared: True, password: "secret")
    LiteDB.Tests.Internals.NativeAdmissionHandoffProof_Tests.Both_inodes_are_locked_through_publication_and_only_the_live_inode_remains_owned(stage: "after-source-backup", shared: False, password: null)
    LiteDB.Tests.Internals.NativeAdmissionHandoffProof_Tests.Both_inodes_are_locked_through_publication_and_only_the_live_inode_remains_owned(stage: "after-source-backup", shared: False, password: "secret")
    LiteDB.Tests.Internals.NativeAdmissionHandoffProof_Tests.Both_inodes_are_locked_through_publication_and_only_the_live_inode_remains_owned(stage: "after-source-backup", shared: True, password: null)
    LiteDB.Tests.Internals.NativeAdmissionHandoffProof_Tests.Both_inodes_are_locked_through_publication_and_only_the_live_inode_remains_owned(stage: "after-source-backup", shared: True, password: "secret")
    LiteDB.Tests.Internals.NativeAdmissionHandoffProof_Tests.Both_inodes_are_locked_through_publication_and_only_the_live_inode_remains_owned(stage: "after-temp-install", shared: False, password: null)
    LiteDB.Tests.Internals.NativeAdmissionHandoffProof_Tests.Both_inodes_are_locked_through_publication_and_only_the_live_inode_remains_owned(stage: "after-temp-install", shared: False, password: "secret")
    LiteDB.Tests.Internals.NativeAdmissionHandoffProof_Tests.Both_inodes_are_locked_through_publication_and_only_the_live_inode_remains_owned(stage: "after-temp-install", shared: True, password: null)
    LiteDB.Tests.Internals.NativeAdmissionHandoffProof_Tests.Both_inodes_are_locked_through_publication_and_only_the_live_inode_remains_owned(stage: "after-temp-install", shared: True, password: "secret")
    LiteDB.Tests.Internals.NativeAdmissionHandoffProof_Tests.Both_inodes_are_locked_through_publication_and_only_the_live_inode_remains_owned(stage: "before-recovery-marker-delete", shared: False, password: null)
    LiteDB.Tests.Internals.NativeAdmissionHandoffProof_Tests.Both_inodes_are_locked_through_publication_and_only_the_live_inode_remains_owned(stage: "before-recovery-marker-delete", shared: False, password: "secret")
    LiteDB.Tests.Internals.NativeAdmissionHandoffProof_Tests.Both_inodes_are_locked_through_publication_and_only_the_live_inode_remains_owned(stage: "before-recovery-marker-delete", shared: True, password: null)
    LiteDB.Tests.Internals.NativeAdmissionHandoffProof_Tests.Both_inodes_are_locked_through_publication_and_only_the_live_inode_remains_owned(stage: "before-recovery-marker-delete", shared: True, password: "secret")
    LiteDB.Tests.Internals.NativeAdmissionProcess_Tests.Storage_streams_preserve_native_admission_and_family_compatibility(shared: False)
    LiteDB.Tests.Internals.NativeAdmissionProcess_Tests.Storage_streams_preserve_native_admission_and_family_compatibility(shared: True)
    LiteDB.Tests.Internals.NativeAdmissionProcess_Tests.Incompatible_processes_cannot_mutate_storage_and_owner_death_releases_admission(owner: "direct", contender: "direct")
    LiteDB.Tests.Internals.NativeAdmissionProcess_Tests.Incompatible_processes_cannot_mutate_storage_and_owner_death_releases_admission(owner: "direct", contender: "shared")
    LiteDB.Tests.Internals.NativeAdmissionProcess_Tests.Incompatible_processes_cannot_mutate_storage_and_owner_death_releases_admission(owner: "shared", contender: "direct")
    LiteDB.Tests.Internals.NativeAdmissionProcess_Tests.Incompatible_processes_cannot_mutate_storage_and_owner_death_releases_admission(owner: "direct", contender: "direct-readonly")
    LiteDB.Tests.Internals.NativeAdmissionProcess_Tests.Incompatible_processes_cannot_mutate_storage_and_owner_death_releases_admission(owner: "direct-readonly", contender: "direct")
    LiteDB.Tests.Internals.NativeAdmissionProcess_Tests.Incompatible_processes_cannot_mutate_storage_and_owner_death_releases_admission(owner: "shared-readonly", contender: "direct")
    LiteDB.Tests.Internals.NativeAdmissionProcess_Tests.Incompatible_processes_cannot_mutate_storage_and_owner_death_releases_admission(owner: "direct-readonly", contender: "shared")
    LiteDB.Tests.Internals.NativeAdmissionProcess_Tests.Many_shared_processes_coexist_until_the_last_native_lease_ends
    LiteDB.Tests.Internals.NativeAdmissionProcess_Tests.Remaining_local_reference_excludes_other_processes_after_engine_disposal
    LiteDB.Tests.Internals.NativeAdmissionProcess_Tests.Replacement_never_exposes_an_unlocked_live_file(stage: "before-log-backup")
    LiteDB.Tests.Internals.NativeAdmissionProcess_Tests.Replacement_never_exposes_an_unlocked_live_file(stage: "after-source-backup")
    LiteDB.Tests.Internals.NativeAdmissionProcess_Tests.Replacement_never_exposes_an_unlocked_live_file(stage: "after-temp-install")
    LiteDB.Tests.Internals.NativeAdmissionProcess_Tests.Shared_replacement_requires_remote_idle_connections_to_close(password: null)
    LiteDB.Tests.Internals.NativeAdmissionProcess_Tests.Shared_replacement_requires_remote_idle_connections_to_close(password: "secret")
    LiteDB.Tests.Internals.TransactionCompletion_Tests.Later_concurrent_failures_preserve_the_first_fatal_cause
    LiteDB.Tests.Internals.TransactionCompletion_Tests.Non_io_completion_failure_closes_engine_and_releases_transactions(phase: "commit")
    LiteDB.Tests.Internals.TransactionCompletion_Tests.Non_io_completion_failure_closes_engine_and_releases_transactions(phase: "rollback")
    LiteDB.Tests.Internals.TransactionCompletion_Tests.Non_io_completion_failure_closes_engine_and_releases_transactions(phase: "automatic rollback")
    LiteDB.Tests.Internals.TransactionHandleProcess_Tests.First_shared_handle_preserves_caller_culture_and_existing_persisted_collation
    LiteDB.Tests.Internals.TransactionHandleProcess_Tests.Session_close_progresses_while_callers_exhaust_the_thread_pool(shared: False, active: False)
    LiteDB.Tests.Internals.TransactionHandleProcess_Tests.Session_close_progresses_while_callers_exhaust_the_thread_pool(shared: False, active: True)
    LiteDB.Tests.Internals.TransactionHandleProcess_Tests.Session_close_progresses_while_callers_exhaust_the_thread_pool(shared: True, active: False)
    LiteDB.Tests.Internals.TransactionHandleProcess_Tests.Session_close_progresses_while_callers_exhaust_the_thread_pool(shared: True, active: True)
    LiteDB.Tests.Internals.TransactionHandleProcess_Tests.Process_death_releases_handle_ownership_without_committing_partial_wal(shared: False, password: null)
    LiteDB.Tests.Internals.TransactionHandleProcess_Tests.Process_death_releases_handle_ownership_without_committing_partial_wal(shared: False, password: "secret")
    LiteDB.Tests.Internals.TransactionHandleProcess_Tests.Process_death_releases_handle_ownership_without_committing_partial_wal(shared: True, password: null)
    LiteDB.Tests.Internals.TransactionHandleProcess_Tests.Process_death_releases_handle_ownership_without_committing_partial_wal(shared: True, password: "secret")
    LiteDB.Tests.Internals.TransactionHandleProcess_Tests.Process_death_during_reused_shared_handle_preserves_committed_model(password: null)
    LiteDB.Tests.Internals.TransactionHandleProcess_Tests.Process_death_during_reused_shared_handle_preserves_committed_model(password: "secret")
    LiteDB.Tests.Internals.TransactionHandleProcess_Tests.Acknowledged_shared_commit_survives_death_before_session_checkpoint(password: null)
    LiteDB.Tests.Internals.TransactionHandleProcess_Tests.Acknowledged_shared_commit_survives_death_before_session_checkpoint(password: "secret")
    LiteDB.Tests.Internals.TransactionHandleProcess_Tests.Independent_process_waits_for_shared_handle_then_acquires_before_handle_disposal(password: null)
    LiteDB.Tests.Internals.TransactionHandleProcess_Tests.Independent_process_waits_for_shared_handle_then_acquires_before_handle_disposal(password: "secret")
    LiteDB.Tests.Internals.TransactionHandleProcess_Tests.Bounded_begin_preserves_remote_owner_and_retries_after_release(cancel: False)
    LiteDB.Tests.Internals.TransactionHandleProcess_Tests.Bounded_begin_preserves_remote_owner_and_retries_after_release(cancel: True)
    LiteDB.Tests.Expressions.ExpressionParameterLifetime_Tests.Rebinding_nested_expressions_releases_the_original_parameter_document(source: "ARRAY(MAP([1,2] => @ + @delta))")
    LiteDB.Tests.Expressions.ExpressionParameterLifetime_Tests.Rebinding_nested_expressions_releases_the_original_parameter_document(source: "ARRAY(FILTER([1,2,3] => @ > @delta))")
    LiteDB.Tests.Expressions.ExpressionParameterLifetime_Tests.Rebinding_nested_expressions_releases_the_original_parameter_document(source: "ARRAY(SORT([2,1] => @ + @delta))")
    LiteDB.Tests.Expressions.ExpressionParameterLifetime_Tests.Rebinding_nested_expressions_releases_the_original_parameter_document(source: "Values[@index]")
    LiteDB.Tests.Expressions.ExpressionParameterLifetime_Tests.Rebinding_nested_expressions_releases_the_original_parameter_document(source: "ARRAY(Values[@ > @delta])")
    LiteDB.Tests.Expressions.ExpressionParameterLifetime_Tests.Rebinding_nested_expressions_releases_the_original_parameter_document(source: "ARRAY(MAP([[1,2],[3,4]] => ARRAY(MAP(@ => @ + @del"···)
    LiteDB.Tests.Expressions.ExpressionParameterLifetime_Tests.Automatic_linq_templates_release_the_first_serialized_array
    LiteDB.Tests.Expressions.ExpressionParameterLifetime_Tests.Explicitly_null_parameter_documents_keep_their_error_behavior(source: "MAP([1] => @missing)")
    LiteDB.Tests.Expressions.ExpressionParameterLifetime_Tests.Explicitly_null_parameter_documents_keep_their_error_behavior(source: "FILTER([1] => @missing)")
    LiteDB.Tests.Expressions.ExpressionParameterLifetime_Tests.Explicitly_null_parameter_documents_keep_their_error_behavior(source: "SORT([1] => @missing)")
    LiteDB.Tests.Expressions.ExpressionParameterLifetime_Tests.Explicitly_null_parameter_documents_keep_their_error_behavior(source: "Values[@missing]")
    LiteDB.Tests.Expressions.ExpressionParameterLifetime_Tests.Explicitly_null_parameter_documents_keep_their_error_behavior(source: "ARRAY(Values[@ > @missing])")
    LiteDB.Tests.Expressions.ParsedExpressionCache_Tests.Admission_copies_recurring_templates_before_callers_can_mutate_them
    LiteDB.Tests.Expressions.SharedFactory_Tests.Integer_literals_preserve_expression_syntax_instead_of_extended_json(source: "9223372036854775807")
    LiteDB.Tests.Expressions.SharedFactory_Tests.Integer_literals_preserve_expression_syntax_instead_of_extended_json(source: "-9223372036854775808")
    LiteDB.Tests.Expressions.SharedFactory_Tests.Integer_literals_preserve_expression_syntax_instead_of_extended_json(source: "2147483648")
    LiteDB.Tests.Expressions.SharedFactory_Tests.Persisted_index_path_spelling_is_preserved(source: "$.items[01]")
    LiteDB.Tests.Expressions.SharedFactory_Tests.Persisted_index_path_spelling_is_preserved(source: "$.items[-0]")
    LiteDB.Tests.Expressions.SharedFactory_Tests.Persisted_index_path_spelling_is_preserved(source: "$.items[-01]")
    LiteDB.Tests.Expressions.SharedFactory_Tests.Parsed_nested_functions_and_path_filters_accept_independent_bindings
    LiteDB.Tests.Engine.CheckpointDataWriteFailure_Tests.Control_HookSeesEveryBackfilledDataPage(password: null)
    LiteDB.Tests.Engine.CheckpointDataWriteFailure_Tests.Control_HookSeesEveryBackfilledDataPage(password: "secret")
    LiteDB.Tests.Engine.CheckpointDataWriteFailure_Tests.FailedDataPageWrite_StopsTheEngine_AndTheWalRecoversEveryCommit(password: null, failingWrite: 1)
    LiteDB.Tests.Engine.CheckpointDataWriteFailure_Tests.FailedDataPageWrite_StopsTheEngine_AndTheWalRecoversEveryCommit(password: null, failingWrite: 5)
    LiteDB.Tests.Engine.CheckpointDataWriteFailure_Tests.FailedDataPageWrite_StopsTheEngine_AndTheWalRecoversEveryCommit(password: "secret", failingWrite: 1)
    LiteDB.Tests.Engine.CheckpointDataWriteFailure_Tests.FailedDataPageWrite_StopsTheEngine_AndTheWalRecoversEveryCommit(password: "secret", failingWrite: 5)
    LiteDB.Tests.Engine.CheckpointDataWriteFailure_Tests.FailedCloseCheckpoint_LeavesTheWalToRecoverEveryCommit(password: null)
    LiteDB.Tests.Engine.CheckpointDataWriteFailure_Tests.FailedCloseCheckpoint_LeavesTheWalToRecoverEveryCommit(password: "secret")
    LiteDB.Tests.Engine.CompactStorageAdmission_Tests.Updating_one_off_shapes_does_not_create_catalogs
    LiteDB.Tests.Engine.CompactStorageAdmission_Tests.Oversized_logical_bson_remains_invalid_even_with_compact_enabled
    LiteDB.Tests.Engine.CompactStorageAdmission_Tests.Malformed_unicode_is_rejected_just_as_in_public_bson
    LiteDB.Tests.Engine.CompactStorageFault_Tests.Failure_at_each_wal_page_boundary_never_publishes_partial_documents_or_schemas(password: null)
    LiteDB.Tests.Engine.CompactStorageFault_Tests.Failure_at_each_wal_page_boundary_never_publishes_partial_documents_or_schemas(password: "password")
    LiteDB.Tests.Engine.CompactStorageSnapshot_Tests.Shared_connections_read_compact_data_and_can_keep_writing_legacy_documents
    LiteDB.Tests.Engine.CoordinatorPlatform_Tests.A_pipe_failure_during_stop_ends_the_accept_loop
    LiteDB.Tests.Engine.CoordinatorSafety_Tests.A_takeover_without_an_abandoned_mutex_never_serves_the_dead_coordinators_snapshot
    LiteDB.Tests.Engine.CrossProcess_Shared_Tests.StalledWorker_TimesOutBeforeCompletion_AndDefersFileCleanup
    LiteDB.Tests.Engine.CrossProcess_Shared_Tests.StalledWorker_RetainsOriginalFilesAndReportsLastProgress
    LiteDB.Tests.Engine.CrossProcess_Shared_Tests.FailedDiagnosticWrite_StillCancelsAndDefersFileCleanup
    LiteDB.Tests.Engine.CrossProcess_Shared_Tests.CrossProcess_Shared_MultipleProcesses_CanAccessSameDatabase
    LiteDB.Tests.Engine.CrossProcess_Shared_Tests.CrossProcess_Shared_ConcurrentWrites_InsertDocuments
    LiteDB.Tests.Engine.CrossProcess_Shared_Tests_Oracle.CompleteRowsAndActualSecondaryIndex_Pass
    LiteDB.Tests.Engine.CrossProcess_Shared_Tests_Oracle.MissingSecondaryIndex_CannotPassByScanning
    LiteDB.Tests.Engine.CrossProcess_Shared_Tests_Oracle.SameCounts_DoNotHideDamagedRows(damage: "duplicate-ordinal", diagnostic: "*every ordinal exactly once*")
    LiteDB.Tests.Engine.CrossProcess_Shared_Tests_Oracle.SameCounts_DoNotHideDamagedRows(damage: "payload", diagnostic: "*payload differs*")
    LiteDB.Tests.Engine.CrossProcess_Shared_Tests_Oracle.SameCounts_DoNotHideDamagedRows(damage: "duplicate-id", diagnostic: "*IDs must be unique*")
    LiteDB.Tests.Engine.CrossProcess_Shared_Tests_Oracle.SameCounts_DoNotHideDamagedRows(damage: "ordinal-type", diagnostic: "*must be Int32*")
    LiteDB.Tests.Engine.CrossProcess_Shared_Tests_Oracle.SameCounts_DoNotHideDamagedRows(damage: "timestamp-type", diagnostic: "*BSON DateTime type*")
    LiteDB.Tests.Engine.CrossProcess_Shared_Tests_Oracle.SameCounts_DoNotHideDamagedRows(damage: "timestamp-value", diagnostic: "*outside the worker run*")
    LiteDB.Tests.Engine.CrossProcess_Shared_Tests_Oracle.SameCounts_DoNotHideDamagedRows(damage: "extra-field", diagnostic: "*field shape differs*")
    LiteDB.Tests.Engine.CrossProcess_Shared_Tests_Oracle.SameIndexCounts_DoNotHideWrongMembershipOrDuplicates(duplicate: False)
    LiteDB.Tests.Engine.CrossProcess_Shared_Tests_Oracle.SameIndexCounts_DoNotHideWrongMembershipOrDuplicates(duplicate: True)
    LiteDB.Tests.Engine.CrossProcess_Shared_Tests_Oracle.IndexPayloadDamage_IsRejectedEvenWhenIdsAndCountsMatch
    LiteDB.Tests.Engine.CrossProcess_Shared_Tests_Watchdog.NoCompletedProgress_ExpiresIncludingSchedulingAndDisposal(stage: "queued", completed: 0)
    LiteDB.Tests.Engine.CrossProcess_Shared_Tests_Watchdog.NoCompletedProgress_ExpiresIncludingSchedulingAndDisposal(stage: "inserting", completed: 0)
    LiteDB.Tests.Engine.CrossProcess_Shared_Tests_Watchdog.NoCompletedProgress_ExpiresIncludingSchedulingAndDisposal(stage: "disposing connection", completed: 20)
    LiteDB.Tests.Engine.CrossProcess_Shared_Tests_Watchdog.OnlyThisWorkersIncreasingCompletedCount_ExtendsDeadline
    LiteDB.Tests.Engine.CrossProcess_Shared_Tests_Watchdog.SlowSuccessfulWorker_CanExceedAggregateDeadlineWhileCompletingInserts
    LiteDB.Tests.Engine.CrossProcess_Shared_Tests_Watchdog.ProgressOrCompletionAtTimerWakeup_IsRechecked(complete: False)
    LiteDB.Tests.Engine.CrossProcess_Shared_Tests_Watchdog.ProgressOrCompletionAtTimerWakeup_IsRechecked(complete: True)
    LiteDB.Tests.Engine.CrossProcess_Shared_Tests_Watchdog.TimerWakeup_UsesRemainingBudgetSinceLastCompletedInsert
    LiteDB.Tests.Engine.CrossProcess_Shared_Tests_Watchdog.TaskFinishingDuringExpiredIdleRead_IsObserved(fault: False)
    LiteDB.Tests.Engine.CrossProcess_Shared_Tests_Watchdog.TaskFinishingDuringExpiredIdleRead_IsObserved(fault: True)
    LiteDB.Tests.Engine.CrossProcess_Shared_Tests_Watchdog.FaultWhileWaiting_PropagatesOriginalException
    LiteDB.Tests.Engine.CrossProcess_Shared_Tests_Watchdog.CancelledTask_PreservesCancellation(alreadyCancelled: False)
    LiteDB.Tests.Engine.CrossProcess_Shared_Tests_Watchdog.CancelledTask_PreservesCancellation(alreadyCancelled: True)
    LiteDB.Tests.Engine.CrossProcess_Shared_Tests_Watchdog.AlreadyCompletedWorker_DoesNotWaitOrReadProgress
    LiteDB.Tests.Engine.DirectModeAdmission_Tests.Connection_string_shared_diagnostics_do_not_open_storage
    LiteDB.Tests.Engine.DirectModeAdmission_Tests.Missing_directory_retains_ordinary_path_exception
    LiteDB.Tests.Engine.DirectModeAdmission_Tests.Existing_read_only_guard_and_participation_files_still_exclude_conflicting_connections
    LiteDB.Tests.Engine.DirectModeAdmission_Tests.Orphan_authority_error_names_file_and_offline_recovery_preserves_data
    LiteDB.Tests.Engine.DirectModeAdmission_Tests.Read_only_connection_works_in_non_writable_directory_without_creating_guard
    LiteDB.Tests.Engine.Issue2881_VectorPromotionFailure_Tests.Failed_header_write_or_flush_prevents_checksum_conversion(failFlush: False)
    LiteDB.Tests.Engine.Issue2881_VectorPromotionFailure_Tests.Failed_header_write_or_flush_prevents_checksum_conversion(failFlush: True)
    LiteDB.Tests.Engine.Issue2881_VectorPromotion_Tests.Shared_connections_observe_the_promoted_version(password: null)
    LiteDB.Tests.Engine.Issue2881_VectorPromotion_Tests.Shared_connections_observe_the_promoted_version(password: "promotion-password")
    LiteDB.Tests.Engine.MemoryLifecycle_Tests.CollectionCreation_Failure_DiscardsUnregisteredSnapshotPages
    LiteDB.Tests.Engine.MemoryLifecycle_Tests.PageConstruction_Failure_ReturnsUntrackedBuffer(writable: False)
    LiteDB.Tests.Engine.MemoryLifecycle_Tests.PageConstruction_Failure_ReturnsUntrackedBuffer(writable: True)
    LiteDB.Tests.Engine.MemoryLifecycle_Tests.FirstResult_TransformFailure_ReleasesTransaction
    LiteDB.Tests.Engine.NativeAdmissionAliases_Tests.Windows_paths_beyond_MAX_PATH_preserve_admission_and_read_only_access(shared: False)
    LiteDB.Tests.Engine.NativeAdmissionAliases_Tests.Windows_paths_beyond_MAX_PATH_preserve_admission_and_read_only_access(shared: True)
    LiteDB.Tests.Engine.NativeAdmissionAliases_Tests.Overlong_native_paths_preserve_the_path_length_diagnostic
    LiteDB.Tests.Engine.NativeAdmissionAliases_Tests.Canonical_path_aliases_cannot_bypass_a_direct_owner
    LiteDB.Tests.Engine.NativeAdmissionAliases_Tests.Symlink_aliases_bind_storage_and_admission_to_the_target(directoryLink: False)
    LiteDB.Tests.Engine.NativeAdmissionAliases_Tests.Symlink_aliases_bind_storage_and_admission_to_the_target(directoryLink: True)
    LiteDB.Tests.Engine.NativeAdmissionAliases_Tests.Directory_alias_preserves_maximum_length_read_only_filenames
    LiteDB.Tests.Engine.NativeAdmissionAliases_Tests.Hard_links_are_rejected_before_a_second_WAL_can_be_selected
    LiteDB.Tests.Engine.NativeAdmissionAliases_Tests.Normalizing_an_old_file_alias_never_discards_its_WAL_or_recovery_marker
    LiteDB.Tests.Engine.NativeAdmissionAliases_Tests.Read_only_file_and_directory_need_no_writable_admission_storage(shared: False)
    LiteDB.Tests.Engine.NativeAdmissionAliases_Tests.Read_only_file_and_directory_need_no_writable_admission_storage(shared: True)
    LiteDB.Tests.Engine.NativeAdmissionAliases_Tests.A_dangling_symlink_cannot_create_a_target_guarded_by_a_rebuild_marker
    LiteDB.Tests.Engine.NativeAdmissionDirectCase_Tests.Distinct_case_sensitive_files_keep_independent_engines_and_committed_indexes
    LiteDB.Tests.Engine.NativeAdmissionDirectCase_Tests.Windows_case_insensitive_aliases_use_stored_spelling_and_share_the_engine
    LiteDB.Tests.Engine.NativeAdmissionDirectCase_Tests.Case_only_file_symlink_cannot_abandon_a_separate_committed_WAL
    LiteDB.Tests.Engine.NativeAdmissionDirectContextLifetime_Tests.Rebuild_waits_for_transactions_in_every_context
    LiteDB.Tests.Engine.NativeAdmissionDirectContextLifetime_Tests.Checkpoint_from_another_context_preserves_the_live_transactions_wal
    LiteDB.Tests.Engine.NativeAdmissionDirectContextLifetime_Tests.Abandoned_explicit_context_is_rolled_back_by_the_next_live_owner_operation
    LiteDB.Tests.Engine.NativeAdmissionDirectContextLifetime_Tests.Concurrent_siblings_drain_multiple_abandoned_transactions_without_losing_commits
    LiteDB.Tests.Engine.NativeAdmissionDirectContextLifetime_Tests.Foreign_reader_disposal_preserves_each_contexts_transaction(closeOwner: False)
    LiteDB.Tests.Engine.NativeAdmissionDirectContextLifetime_Tests.Foreign_reader_disposal_preserves_each_contexts_transaction(closeOwner: True)
    LiteDB.Tests.Engine.NativeAdmissionDirectContextLifetime_Tests.Foreign_context_disposal_wakes_a_sibling_already_waiting_for_its_collection
    LiteDB.Tests.Engine.NativeAdmissionDirectContextLifetime_Tests.Failed_context_rollback_stops_all_contexts_and_preserves_committed_state
    LiteDB.Tests.Engine.NativeAdmissionDirectContext_Tests.Read_only_context_rejects_writes_without_stopping_its_writable_host(operation: "insert")
    LiteDB.Tests.Engine.NativeAdmissionDirectContext_Tests.Read_only_context_rejects_writes_without_stopping_its_writable_host(operation: "update")
    LiteDB.Tests.Engine.NativeAdmissionDirectContext_Tests.Read_only_context_rejects_writes_without_stopping_its_writable_host(operation: "upsert")
    LiteDB.Tests.Engine.NativeAdmissionDirectContext_Tests.Read_only_context_rejects_writes_without_stopping_its_writable_host(operation: "delete")
    LiteDB.Tests.Engine.NativeAdmissionDirectContext_Tests.Read_only_context_rejects_writes_without_stopping_its_writable_host(operation: "drop")
    LiteDB.Tests.Engine.NativeAdmissionDirectContext_Tests.Read_only_context_rejects_writes_without_stopping_its_writable_host(operation: "rename")
    LiteDB.Tests.Engine.NativeAdmissionDirectContext_Tests.Read_only_context_rejects_writes_without_stopping_its_writable_host(operation: "index")
    LiteDB.Tests.Engine.NativeAdmissionDirectContext_Tests.Read_only_context_rejects_writes_without_stopping_its_writable_host(operation: "begin")
    LiteDB.Tests.Engine.NativeAdmissionDirectContext_Tests.Read_only_context_rejects_writes_without_stopping_its_writable_host(operation: "pragma")
    LiteDB.Tests.Engine.NativeAdmissionDirectContext_Tests.Read_only_context_rejects_writes_without_stopping_its_writable_host(operation: "rebuild")
    LiteDB.Tests.Engine.NativeAdmissionDirectContext_Tests.Read_only_context_rejects_writes_without_stopping_its_writable_host(operation: "for-update")
    LiteDB.Tests.Engine.NativeAdmissionDirectContext_Tests.Read_only_context_rejects_writes_without_stopping_its_writable_host(operation: "into")
    LiteDB.Tests.Engine.NativeAdmissionDirectContext_Tests.Read_only_context_rejects_writes_without_stopping_its_writable_host(operation: "nested-sql")
    LiteDB.Tests.Engine.NativeAdmissionDirectContext_Tests.Invalid_context_page_limit_is_rejected_on_creation_and_attachment(limit: 0)
    LiteDB.Tests.Engine.NativeAdmissionDirectContext_Tests.Invalid_context_page_limit_is_rejected_on_creation_and_attachment(limit: -1)
    LiteDB.Tests.Engine.NativeAdmissionDirectContext_Tests.Read_only_existing_index_does_not_checkpoint_a_writable_hosts_eligible_wal
    LiteDB.Tests.Engine.NativeAdmissionDirectContext_Tests.Foreign_context_disposal_rolls_back_only_its_work_and_releases_collection_locks
    LiteDB.Tests.Engine.NativeAdmissionDirectContext_Tests.Per_context_page_limits_and_invalid_time_policy_coexist
    LiteDB.Tests.Engine.NativeAdmissionDirectContext_Tests.Lazy_transforms_keep_their_context_across_interleaving_and_nested_callbacks
    LiteDB.Tests.Engine.NativeAdmissionDirectPoolFailure_Tests.Failed_write_stops_all_pooled_owners_and_reopen_preserves_committed_state
    LiteDB.Tests.Engine.NativeAdmissionDirectPoolFailure_Tests.Failed_replacement_cannot_resurrect_a_stopped_pooled_engine(stage: "before-log-backup")
    LiteDB.Tests.Engine.NativeAdmissionDirectPoolFailure_Tests.Failed_replacement_cannot_resurrect_a_stopped_pooled_engine(stage: "after-source-backup")
    LiteDB.Tests.Engine.NativeAdmissionDirectPoolFailure_Tests.Failed_replacement_cannot_resurrect_a_stopped_pooled_engine(stage: "after-temp-install")
    LiteDB.Tests.Engine.NativeAdmissionDirectPoolFailure_Tests.Read_transform_can_wait_for_foreign_reader_disposal_without_releasing_its_active_call
    LiteDB.Tests.Engine.NativeAdmissionDirectPoolFinalizer_Tests.Abandoned_owner_does_not_close_a_retained_owner
    LiteDB.Tests.Engine.NativeAdmissionDirectPoolFinalizer_Tests.Weak_registry_does_not_root_engine_callback_database_cycles
    LiteDB.Tests.Engine.NativeAdmissionDirectPoolFinalizer_Tests.Live_collection_retains_engine_after_database_object_is_collected
    LiteDB.Tests.Engine.NativeAdmissionDirectPoolSettings_Tests.Incompatible_settings_preserve_the_live_owner_and_database_bytes(setting: "durability")
    LiteDB.Tests.Engine.NativeAdmissionDirectPoolSettings_Tests.Incompatible_settings_preserve_the_live_owner_and_database_bytes(setting: "fallback")
    LiteDB.Tests.Engine.NativeAdmissionDirectPoolSettings_Tests.Incompatible_settings_preserve_the_live_owner_and_database_bytes(setting: "compact")
    LiteDB.Tests.Engine.NativeAdmissionDirectPoolSettings_Tests.Incompatible_settings_preserve_the_live_owner_and_database_bytes(setting: "legacy")
    LiteDB.Tests.Engine.NativeAdmissionDirectPoolSettings_Tests.Incompatible_settings_preserve_the_live_owner_and_database_bytes(setting: "upgrade")
    LiteDB.Tests.Engine.NativeAdmissionDirectPoolSettings_Tests.Incompatible_settings_preserve_the_live_owner_and_database_bytes(setting: "rebuild")
    LiteDB.Tests.Engine.NativeAdmissionDirectPoolSettings_Tests.Incompatible_settings_preserve_the_live_owner_and_database_bytes(setting: "cache")
    LiteDB.Tests.Engine.NativeAdmissionDirectPoolSettings_Tests.Incompatible_settings_preserve_the_live_owner_and_database_bytes(setting: "migration-limit")
    LiteDB.Tests.Engine.NativeAdmissionDirectPoolSettings_Tests.Incompatible_settings_preserve_the_live_owner_and_database_bytes(setting: "collation")
    LiteDB.Tests.Engine.NativeAdmissionDirectPoolSettings_Tests.Password_mismatch_cannot_attach_and_null_is_distinct_from_empty(password: null, rejectedPassword: "")
    LiteDB.Tests.Engine.NativeAdmissionDirectPoolSettings_Tests.Password_mismatch_cannot_attach_and_null_is_distinct_from_empty(password: "", rejectedPassword: null)
    LiteDB.Tests.Engine.NativeAdmissionDirectPoolSettings_Tests.Password_mismatch_cannot_attach_and_null_is_distinct_from_empty(password: "secret", rejectedPassword: "wrong")
    LiteDB.Tests.Engine.NativeAdmissionDirectPoolSettings_Tests.Read_only_owners_share_engine_but_cannot_admit_a_writable_owner
    LiteDB.Tests.Engine.NativeAdmissionDirectPoolSettings_Tests.Rebuild_authenticates_new_owners_against_the_live_password(password: "new-password")
    LiteDB.Tests.Engine.NativeAdmissionDirectPoolSettings_Tests.Rebuild_authenticates_new_owners_against_the_live_password(password: "")
    LiteDB.Tests.Engine.NativeAdmissionDirectPoolSettings_Tests.Rebuild_authenticates_new_owners_against_the_live_password(password: null)
    LiteDB.Tests.Engine.NativeAdmissionDirectPoolSettings_Tests.Same_thread_connections_own_independent_transactions_and_write_locks
    LiteDB.Tests.Engine.NativeAdmissionDirectPoolSettings_Tests.Foreign_thread_completion_preserves_the_owners_explicit_transaction
    LiteDB.Tests.Engine.NativeAdmissionDirectPoolSettings_Tests.Mapper_state_is_per_database_while_engine_pragmas_are_shared
    LiteDB.Tests.Engine.NativeAdmissionDirectPool_Tests.Owners_share_actual_engine_and_only_final_owner_releases_storage
    LiteDB.Tests.Engine.NativeAdmissionDirectPool_Tests.Concurrent_first_opens_share_engine_and_all_acknowledged_writes_survive
    LiteDB.Tests.Engine.NativeAdmissionDirectPool_Tests.Reentrant_last_owner_disposal_is_rejected_before_affecting_the_session
    LiteDB.Tests.Engine.NativeAdmissionDirectPool_Tests.Final_close_reservation_prevents_reopening_during_stream_cleanup
    LiteDB.Tests.Engine.NativeAdmissionDirectPool_Tests.Failed_first_open_does_not_strand_a_pool_reservation
    LiteDB.Tests.Engine.NativeAdmissionDirectPool_Tests.Memory_databases_remain_independent
    LiteDB.Tests.Engine.NativeAdmissionFallback_Tests.Option_parses_alone_roundtrips_and_qualified_volume_stays_native
    LiteDB.Tests.Engine.NativeAdmissionFallback_Tests.Opt_in_changes_lock_authority_and_preserves_commits_rollback_indexes_and_stale_files(shared: False)
    LiteDB.Tests.Engine.NativeAdmissionFallback_Tests.Opt_in_changes_lock_authority_and_preserves_commits_rollback_indexes_and_stale_files(shared: True)
    LiteDB.Tests.Engine.NativeAdmissionFallback_Tests.Shared_replacement_transfers_local_read_only_first_admission_and_password(readOnly: False)
    LiteDB.Tests.Engine.NativeAdmissionFallback_Tests.Shared_replacement_transfers_local_read_only_first_admission_and_password(readOnly: True)
    LiteDB.Tests.Engine.NativeAdmissionFallback_Tests.Wrong_password_opens_release_host_authority_and_allow_retry(shared: False)
    LiteDB.Tests.Engine.NativeAdmissionFallback_Tests.Wrong_password_opens_release_host_authority_and_allow_retry(shared: True)
    LiteDB.Tests.Engine.NativeAdmissionFallback_Tests.Reentrant_read_transform_cannot_write_before_streaming_snapshot_publication
    LiteDB.Tests.Engine.NativeAdmissionFallback_Tests.Shared_streaming_snapshot_blocks_recursive_mutation_and_can_close_on_another_thread
    LiteDB.Tests.Engine.NativeAdmissionFinalizer_Tests.Abandoned_admission_outlives_ordinary_buffer_finalizers(reverseAllocation: False)
    LiteDB.Tests.Engine.NativeAdmissionFinalizer_Tests.Abandoned_admission_outlives_ordinary_buffer_finalizers(reverseAllocation: True)
    LiteDB.Tests.Engine.NativeAdmissionGraphFinalizer_Tests.Abandoned_exhausted_reader_and_engine_retain_native_exclusion_and_committed_state(shared: False, youngFirst: False, fallback: False)
    LiteDB.Tests.Engine.NativeAdmissionGraphFinalizer_Tests.Abandoned_exhausted_reader_and_engine_retain_native_exclusion_and_committed_state(shared: False, youngFirst: True, fallback: False)
    LiteDB.Tests.Engine.NativeAdmissionGraphFinalizer_Tests.Abandoned_exhausted_reader_and_engine_retain_native_exclusion_and_committed_state(shared: True, youngFirst: False, fallback: False)
    LiteDB.Tests.Engine.NativeAdmissionGraphFinalizer_Tests.Abandoned_exhausted_reader_and_engine_retain_native_exclusion_and_committed_state(shared: True, youngFirst: True, fallback: False)
    LiteDB.Tests.Engine.NativeAdmissionGraphFinalizer_Tests.Abandoned_exhausted_reader_and_engine_retain_native_exclusion_and_committed_state(shared: False, youngFirst: False, fallback: True)
    LiteDB.Tests.Engine.NativeAdmissionGraphFinalizer_Tests.Abandoned_exhausted_reader_and_engine_retain_native_exclusion_and_committed_state(shared: False, youngFirst: True, fallback: True)
    LiteDB.Tests.Engine.NativeAdmissionIsolation_Tests.Identity_wait_delays_unrelated_admission_and_release_but_both_resume
    LiteDB.Tests.Engine.NativeAdmissionNamespaceSecurity_Tests.Unix_writable_nonsticky_ancestor_cannot_split_authority
    LiteDB.Tests.Engine.NativeAdmissionNamespaceSecurity_Tests.Darwin_extended_acl_is_refused_and_empty_acl_is_accepted
    LiteDB.Tests.Engine.NativeAdmissionNamespaceSecurity_Tests.Windows_ancestor_delete_grant_cannot_split_authority
    LiteDB.Tests.Engine.NativeAdmissionNamespaceSecurity_Tests.Windows_private_directory_reopens_but_inherited_acl_is_not_repaired
    LiteDB.Tests.Engine.NativeAdmissionOwnershipProof_Tests.Last_release_overlapping_reference_publication_preserves_exact_native_ownership(shared: False, failPublication: False)
    LiteDB.Tests.Engine.NativeAdmissionOwnershipProof_Tests.Last_release_overlapping_reference_publication_preserves_exact_native_ownership(shared: False, failPublication: True)
    LiteDB.Tests.Engine.NativeAdmissionOwnershipProof_Tests.Last_release_overlapping_reference_publication_preserves_exact_native_ownership(shared: True, failPublication: False)
    LiteDB.Tests.Engine.NativeAdmissionOwnershipProof_Tests.Last_release_overlapping_reference_publication_preserves_exact_native_ownership(shared: True, failPublication: True)
    LiteDB.Tests.Engine.NativeAdmissionPathProof_Tests.Racing_different_fingerprints_cannot_both_be_admitted
    LiteDB.Tests.Engine.NativeAdmissionPathProof_Tests.Fingerprint_range_endpoints_allow_matching_owners_and_reject_every_different_domain(lastByte: False)
    LiteDB.Tests.Engine.NativeAdmissionPathProof_Tests.Fingerprint_range_endpoints_allow_matching_owners_and_reject_every_different_domain(lastByte: True)
    LiteDB.Tests.Engine.NativeAdmissionReplacement_Tests.Local_connections_follow_replacement_even_when_the_first_admission_was_read_only(readOnly: False)
    LiteDB.Tests.Engine.NativeAdmissionReplacement_Tests.Local_connections_follow_replacement_even_when_the_first_admission_was_read_only(readOnly: True)
    LiteDB.Tests.Engine.NativeAdmissionReplacement_Tests.Failed_downgrade_retains_exclusion_and_faults_cached_admission(installationFails: False, fallback: False)
    LiteDB.Tests.Engine.NativeAdmissionReplacement_Tests.Failed_downgrade_retains_exclusion_and_faults_cached_admission(installationFails: True, fallback: False)
    LiteDB.Tests.Engine.NativeAdmissionReplacement_Tests.Failed_downgrade_retains_exclusion_and_faults_cached_admission(installationFails: False, fallback: True)
    LiteDB.Tests.Engine.NativeAdmissionReplacement_Tests.Failed_downgrade_retains_exclusion_and_faults_cached_admission(installationFails: True, fallback: True)
    LiteDB.Tests.Engine.NativeAdmissionReplacement_Tests.An_opener_that_checked_before_replacement_cannot_create_in_the_rename_gap
    LiteDB.Tests.Engine.NativeAdmissionWindowsPermissions_Tests.Read_only_admission_works_with_file_and_directory_write_access_denied(shared: False)
    LiteDB.Tests.Engine.NativeAdmissionWindowsPermissions_Tests.Read_only_admission_works_with_file_and_directory_write_access_denied(shared: True)
    LiteDB.Tests.Engine.NativeAdmission_Tests.Compatible_references_share_one_handle_and_final_release_can_change_threads(shared: False)
    LiteDB.Tests.Engine.NativeAdmission_Tests.Compatible_references_share_one_handle_and_final_release_can_change_threads(shared: True)
    LiteDB.Tests.Engine.NativeAdmission_Tests.Independent_direct_writers_remain_incompatible_before_mutation
    LiteDB.Tests.Engine.NativeAdmission_Tests.Read_only_direct_objects_share_admission_and_leave_bytes_unchanged
    LiteDB.Tests.Engine.NativeAdmission_Tests.Unsupported_locking_fails_before_existing_database_or_WAL_mutation(shared: False)
    LiteDB.Tests.Engine.NativeAdmission_Tests.Unsupported_locking_fails_before_existing_database_or_WAL_mutation(shared: True)
    LiteDB.Tests.Engine.NativeAdmission_Tests.Forgotten_references_do_not_strand_the_registry
    LiteDB.Tests.Engine.NativeAdmission_Tests.Failure_publishing_a_reference_unwinds_without_releasing_a_live_owner(existingOwner: False)
    LiteDB.Tests.Engine.NativeAdmission_Tests.Failure_publishing_a_reference_unwinds_without_releasing_a_live_owner(existingOwner: True)
    LiteDB.Tests.Engine.NativeAdmission_Tests.Forgotten_database_and_engine_release_process_admission(shared: False)
    LiteDB.Tests.Engine.NativeAdmission_Tests.Forgotten_database_and_engine_release_process_admission(shared: True)
    LiteDB.Tests.Engine.PageBufferAbandonment_Tests.Live_cache_and_standalone_frames_keep_strict_leak_diagnostic
    LiteDB.Tests.Engine.PageBufferAbandonment_Tests.Abandoned_dirty_legacy_Direct_graph_preserves_committed_state(promote: False)
    LiteDB.Tests.Engine.PageBufferAbandonment_Tests.Abandoned_dirty_legacy_Direct_graph_preserves_committed_state(promote: True)
    LiteDB.Tests.Engine.RebuildRecoveryMarker_Tests.Marker_creation_failure_does_not_move_the_original_files(conflictingMarker: False)
    LiteDB.Tests.Engine.RebuildRecoveryMarker_Tests.Marker_creation_failure_does_not_move_the_original_files(conflictingMarker: True)
    LiteDB.Tests.Engine.RebuildRecoveryMarker_Tests.Marker_flush_failure_leaves_the_original_pair_untouched_and_access_blocked
    LiteDB.Tests.Engine.Rebuild_InstallRollback_Tests.Shared_handle_adopts_the_collation_of_a_republished_replacement
    LiteDB.Tests.Engine.Rebuild_InstallRollback_Tests.Shared_handle_keeps_its_settings_when_the_original_pair_is_restored
    LiteDB.Tests.Engine.SharedAdmissionLifetime_Tests.Protected_connection_retains_admission_between_operations_and_until_last_reader(password: null)
    LiteDB.Tests.Engine.SharedAdmissionLifetime_Tests.Protected_connection_retains_admission_between_operations_and_until_last_reader(password: "secret")
    LiteDB.Tests.Engine.SharedAdmissionLifetime_Tests.Open_retains_admission_when_a_callback_disposes_the_connection(password: null)
    LiteDB.Tests.Engine.SharedAdmissionLifetime_Tests.Open_retains_admission_when_a_callback_disposes_the_connection(password: "secret")
    LiteDB.Tests.Engine.SharedAdmissionLifetime_Tests.Failed_inner_opens_release_their_references_and_connection_disposal_releases_admission
    LiteDB.Tests.Engine.SharedCachedIdleTimer_Tests.Timer_visit_during_streaming_keeps_the_snapshot_and_cleanup_remains_bounded
    LiteDB.Tests.Engine.SharedCallbackClose_Tests.Refused_raw_callback_close_keeps_native_ownership_until_operation_returns(password: null, path: 0)
    LiteDB.Tests.Engine.SharedCallbackClose_Tests.Refused_raw_callback_close_keeps_native_ownership_until_operation_returns(password: null, path: 1)
    LiteDB.Tests.Engine.SharedCallbackClose_Tests.Refused_raw_callback_close_keeps_native_ownership_until_operation_returns(password: null, path: 2)
    LiteDB.Tests.Engine.SharedCallbackClose_Tests.Refused_raw_callback_close_keeps_native_ownership_until_operation_returns(password: "secret", path: 0)
    LiteDB.Tests.Engine.SharedCallbackClose_Tests.Refused_raw_callback_close_keeps_native_ownership_until_operation_returns(password: "secret", path: 1)
    LiteDB.Tests.Engine.SharedCallbackClose_Tests.Refused_raw_callback_close_keeps_native_ownership_until_operation_returns(password: "secret", path: 2)
    LiteDB.Tests.Engine.SharedCheckpointRationing_Tests.Writes_while_iterating_ration_partial_checkpoints(password: null)
    LiteDB.Tests.Engine.SharedCheckpointRationing_Tests.Writes_while_iterating_ration_partial_checkpoints(password: "secret")
    LiteDB.Tests.Engine.SharedCheckpointRationing_Tests.Closes_under_another_instance_lease_ration_partial_checkpoints(password: null)
    LiteDB.Tests.Engine.SharedCheckpointRationing_Tests.Closes_under_another_instance_lease_ration_partial_checkpoints(password: "secret")
    LiteDB.Tests.Engine.SharedCleanupFailure_Tests.Timer_cleanup_errors_do_not_escape_or_leave_a_reusable_snapshot
    LiteDB.Tests.Engine.SharedCleanupFailure_Tests.Page_finalization_contains_managed_disposal_errors_and_releases_participation
    LiteDB.Tests.Engine.SharedCleanupFailure_Tests.Failed_open_publication_closes_the_engine_and_preserves_the_original_error(recovering: False)
    LiteDB.Tests.Engine.SharedCleanupFailure_Tests.Failed_open_publication_closes_the_engine_and_preserves_the_original_error(recovering: True)
    LiteDB.Tests.Engine.SharedCoordinatedLifecycle_Tests.Unavailable_new_authority_or_long_control_names_keep_existing_database_operations(longName: False)
    LiteDB.Tests.Engine.SharedCoordinatedLifecycle_Tests.Unavailable_new_authority_or_long_control_names_keep_existing_database_operations(longName: True)
    LiteDB.Tests.Engine.SharedCoordinatedLifecycle_Tests.One_shot_read_does_not_create_coordination_files
    LiteDB.Tests.Engine.SharedCoordinatedLifecycle_Tests.Rebuild_orders_its_lease_scan_with_mapped_admission(interleaving: "cached-status")
    LiteDB.Tests.Engine.SharedCoordinatedLifecycle_Tests.Rebuild_orders_its_lease_scan_with_mapped_admission(interleaving: "lease-published")
    LiteDB.Tests.Engine.SharedCoordinatedLifecycle_Tests.Idle_snapshot_expires_without_checkpointing_or_retaining_a_lease
    LiteDB.Tests.Engine.SharedCoordinatedLifecycle_Tests.Unknown_mapping_falls_back_without_altering_foreign_bytes
    LiteDB.Tests.Engine.SharedCoordinatedReads_Tests.Checkpoint_between_status_read_and_lease_publication_requires_revalidation(unsafeSkip: False)
    LiteDB.Tests.Engine.SharedCoordinatedReads_Tests.Checkpoint_between_status_read_and_lease_publication_requires_revalidation(unsafeSkip: True)
    LiteDB.Tests.Engine.SharedCoordinatedReads_Tests.Repeated_reads_use_protected_cache_and_a_peer_commit_invalidates_it
    LiteDB.Tests.Engine.SharedCoordinatedReads_Tests.Revocation_preserves_open_snapshot_and_routes_new_queries_through_mutex
    LiteDB.Tests.Engine.SharedCoordinatedReads_Tests.Alternating_writes_do_not_retain_idle_snapshot_handles_but_read_streaks_do
    LiteDB.Tests.Engine.SharedCoordinatedReads_Tests.Warm_point_read_finishes_while_another_thread_owns_the_database_mutex
    LiteDB.Tests.Engine.SharedCoordinatedResources_Tests.Failed_unchanged_open_preserves_storage_and_the_next_open_publishes_the_commit
    LiteDB.Tests.Engine.SharedCoordinatedResources_Tests.Completed_spilling_sort_releases_its_cached_engine_while_connection_remains_alive
    LiteDB.Tests.Engine.SharedCoordinatedResources_Tests.First_read_skips_authority_attachment_but_a_later_write_still_joins_it
    LiteDB.Tests.Engine.SharedCoordinationAbiRegression_Tests.A_live_mapping_rejects_an_unsupported_protocol_header
    LiteDB.Tests.Engine.SharedCoordinationAbiRegression_Tests.An_unsupported_protocol_is_preserved_after_the_last_participant_closes
    LiteDB.Tests.Engine.SharedCoordinationArchitecture_Tests.Protected_fallback_reads_do_not_revoke_peers_but_a_later_write_does
    LiteDB.Tests.Engine.SharedCoordinationArchitecture_Tests.Unqualified_architecture_revokes_admission_and_preserves_an_active_cached_reader
    LiteDB.Tests.Engine.SharedCoordinationFile_Tests.Failed_creation_publishes_only_complete_bytes_and_removes_its_temporary_file(failureStage: "created")
    LiteDB.Tests.Engine.SharedCoordinationFile_Tests.Failed_creation_publishes_only_complete_bytes_and_removes_its_temporary_file(failureStage: "written")
    LiteDB.Tests.Engine.SharedCoordinationFile_Tests.Failed_creation_publishes_only_complete_bytes_and_removes_its_temporary_file(failureStage: "flushed")
    LiteDB.Tests.Engine.SharedCoordinationFile_Tests.Failed_creation_publishes_only_complete_bytes_and_removes_its_temporary_file(failureStage: "published")
    LiteDB.Tests.Engine.SharedCoordinationFile_Tests.Publication_never_replaces_an_existing_unknown_destination
    LiteDB.Tests.Engine.SharedCoordinationFile_Tests.Publication_fits_the_existing_Windows_control_name_budget
    LiteDB.Tests.Engine.SharedCoordinationPage_Tests.First_participant_retires_stale_owned_control_after_all_previous_handles_close
    LiteDB.Tests.Engine.SharedCoordinationPage_Tests.Forgotten_mapping_releases_pointer_and_participation_handle_on_collection
    LiteDB.Tests.Engine.SharedCoordinationPage_Tests.Releasing_one_view_preserves_published_state_for_a_live_peer(explicitlyDispose: False)
    LiteDB.Tests.Engine.SharedCoordinationPage_Tests.Releasing_one_view_preserves_published_state_for_a_live_peer(explicitlyDispose: True)
    LiteDB.Tests.Engine.SharedCoordinationPage_Tests.Steady_epoch_publication_allocates_no_managed_objects
    LiteDB.Tests.Engine.SharedCoordinationPage_Tests.Epoch_allocation_measurement_detects_per_publication_allocations
    LiteDB.Tests.Engine.SharedCoordinationPage_Tests.Revocation_probe_distinguishes_missing_present_and_unresolvable_paths
    LiteDB.Tests.Engine.SharedCoordinationPage_Tests.New_participant_requires_a_protected_open_and_observes_every_published_fence
    LiteDB.Tests.Engine.SharedCoordinationPage_Tests.Revocation_reaches_all_existing_mappings_and_cannot_retire_a_live_authority
    LiteDB.Tests.Engine.SharedCoordinationPage_Tests.Unknown_control_bytes_are_rejected_without_truncation_or_repair(length: 0)
    LiteDB.Tests.Engine.SharedCoordinationPage_Tests.Unknown_control_bytes_are_rejected_without_truncation_or_repair(length: 3)
    LiteDB.Tests.Engine.SharedCoordinationPage_Tests.Unknown_control_bytes_are_rejected_without_truncation_or_repair(length: 4096)
    LiteDB.Tests.Engine.SharedCoordinationPage_Tests.Repeated_structural_publication_never_exposes_an_intermediate_version
    LiteDB.Tests.Engine.SharedCoordinationPolicy_Tests.Transient_windows_attachment_failure_retries_before_sticky_fallback
    LiteDB.Tests.Engine.SharedCoordinationPolicy_Tests.Environment_opt_out_in_a_native_writer_revokes_live_peers(password: null)
    LiteDB.Tests.Engine.SharedCoordinationPolicy_Tests.Environment_opt_out_in_a_native_writer_revokes_live_peers(password: "secret")
    LiteDB.Tests.Engine.SharedCoordinationPolicy_Tests.Opt_out_preserves_reads_and_revokes_live_mapped_peers_before_writing
    LiteDB.Tests.Engine.SharedCoordinationPolicy_Tests.Unix_file_locking_switch_refuses_participation_before_creating_files
    LiteDB.Tests.Engine.SharedCoordinationPolicy_Tests.A_native_process_with_disabled_file_locking_cannot_retire_a_live_authority(password: null, conflictingSwitch: False)
    LiteDB.Tests.Engine.SharedCoordinationPolicy_Tests.A_native_process_with_disabled_file_locking_cannot_retire_a_live_authority(password: "secret", conflictingSwitch: False)
    LiteDB.Tests.Engine.SharedCoordinationPolicy_Tests.A_native_process_with_disabled_file_locking_cannot_retire_a_live_authority(password: null, conflictingSwitch: True)
    LiteDB.Tests.Engine.SharedCoordinationPolicy_Tests.A_native_process_with_disabled_file_locking_cannot_retire_a_live_authority(password: "secret", conflictingSwitch: True)
    LiteDB.Tests.Engine.SharedCoordinationProtocol_Tests.Case_alias_attaches_to_one_authority_on_case_insensitive_filesystems
    LiteDB.Tests.Engine.SharedCoordinationProtocol_Tests.Binding_case_rules_match_supported_platform_namespaces
    LiteDB.Tests.Engine.SharedCoordinationProtocol_Tests.Supported_protocol_attaches_to_the_same_live_authority
    LiteDB.Tests.Engine.SharedCoordinationProtocol_Tests.Unknown_optional_nonsemantic_capabilities_allow_attachment
    LiteDB.Tests.Engine.SharedCoordinationProtocol_Tests.Unknown_or_mismatched_headers_preserve_the_entire_authority(live: False, field: "magic")
    LiteDB.Tests.Engine.SharedCoordinationProtocol_Tests.Unknown_or_mismatched_headers_preserve_the_entire_authority(live: False, field: "newer")
    LiteDB.Tests.Engine.SharedCoordinationProtocol_Tests.Unknown_or_mismatched_headers_preserve_the_entire_authority(live: False, field: "unknown-older")
    LiteDB.Tests.Engine.SharedCoordinationProtocol_Tests.Unknown_or_mismatched_headers_preserve_the_entire_authority(live: False, field: "header-size")
    LiteDB.Tests.Engine.SharedCoordinationProtocol_Tests.Unknown_or_mismatched_headers_preserve_the_entire_authority(live: False, field: "layout-size")
    LiteDB.Tests.Engine.SharedCoordinationProtocol_Tests.Unknown_or_mismatched_headers_preserve_the_entire_authority(live: False, field: "required-capabilities")
    LiteDB.Tests.Engine.SharedCoordinationProtocol_Tests.Unknown_or_mismatched_headers_preserve_the_entire_authority(live: False, field: "reserved")
    LiteDB.Tests.Engine.SharedCoordinationProtocol_Tests.Unknown_or_mismatched_headers_preserve_the_entire_authority(live: False, field: "database")
    LiteDB.Tests.Engine.SharedCoordinationProtocol_Tests.Unknown_or_mismatched_headers_preserve_the_entire_authority(live: False, field: "authority")
    LiteDB.Tests.Engine.SharedCoordinationProtocol_Tests.Unknown_or_mismatched_headers_preserve_the_entire_authority(live: False, field: "zero-authority")
    LiteDB.Tests.Engine.SharedCoordinationProtocol_Tests.Unknown_or_mismatched_headers_preserve_the_entire_authority(live: False, field: "truncated")
    LiteDB.Tests.Engine.SharedCoordinationProtocol_Tests.Unknown_or_mismatched_headers_preserve_the_entire_authority(live: True, field: "magic")
    LiteDB.Tests.Engine.SharedCoordinationProtocol_Tests.Unknown_or_mismatched_headers_preserve_the_entire_authority(live: True, field: "newer")
    LiteDB.Tests.Engine.SharedCoordinationProtocol_Tests.Unknown_or_mismatched_headers_preserve_the_entire_authority(live: True, field: "unknown-older")
    LiteDB.Tests.Engine.SharedCoordinationProtocol_Tests.Unknown_or_mismatched_headers_preserve_the_entire_authority(live: True, field: "header-size")
    LiteDB.Tests.Engine.SharedCoordinationProtocol_Tests.Unknown_or_mismatched_headers_preserve_the_entire_authority(live: True, field: "layout-size")
    LiteDB.Tests.Engine.SharedCoordinationProtocol_Tests.Unknown_or_mismatched_headers_preserve_the_entire_authority(live: True, field: "required-capabilities")
    LiteDB.Tests.Engine.SharedCoordinationProtocol_Tests.Unknown_or_mismatched_headers_preserve_the_entire_authority(live: True, field: "reserved")
    LiteDB.Tests.Engine.SharedCoordinationProtocol_Tests.Unknown_or_mismatched_headers_preserve_the_entire_authority(live: True, field: "database")
    LiteDB.Tests.Engine.SharedCoordinationProtocol_Tests.Unknown_or_mismatched_headers_preserve_the_entire_authority(live: True, field: "authority")
    LiteDB.Tests.Engine.SharedCoordinationProtocol_Tests.Unknown_or_mismatched_headers_preserve_the_entire_authority(live: True, field: "zero-authority")
    LiteDB.Tests.Engine.SharedCoordinationProtocol_Tests.Unknown_or_mismatched_headers_preserve_the_entire_authority(live: True, field: "truncated")
    LiteDB.Tests.Engine.SharedCoordinationProtocol_Tests.A_copied_pair_cannot_attach_to_another_database_path
    LiteDB.Tests.Engine.SharedCoordinationProtocol_Tests.A_stale_page_cannot_join_a_new_authority_at_the_same_path
    LiteDB.Tests.Engine.SharedCoordinationProtocol_Tests.An_orphan_page_cannot_manufacture_a_participation_proof
    LiteDB.Tests.Engine.SharedCoordinationProtocol_Tests.An_unknown_revocation_marker_prevents_partial_retirement
    LiteDB.Tests.Engine.SharedCoordinationProtocol_Tests.Recognized_legacy_protocol_retires_only_after_all_live_users_are_gone
    LiteDB.Tests.Engine.SharedCoordinationProtocol_Tests.Extensions_to_the_unversioned_prototype_are_not_recognized_for_retirement
    LiteDB.Tests.Engine.SharedCoordinationProtocol_Tests.Failed_retirement_is_repeatable_without_partial_authority_admission(suffix: "-shared-state")
    LiteDB.Tests.Engine.SharedCoordinationProtocol_Tests.Failed_retirement_is_repeatable_without_partial_authority_admission(suffix: "-shared-disabled")
    LiteDB.Tests.Engine.SharedCoordinationProtocol_Tests.Failed_retirement_is_repeatable_without_partial_authority_admission(suffix: "-shared-live")
    LiteDB.Tests.Engine.SharedCoordinationPublication_Tests.Append_commit_changes_only_the_visible_version
    LiteDB.Tests.Engine.SharedCoordinationPublication_Tests.Version_reset_still_invalidates_old_snapshots
    LiteDB.Tests.Engine.SharedCoordinationPublication_Tests.Protected_open_finishes_its_structural_scope_and_establishes_trust_once
    LiteDB.Tests.Engine.SharedCoordinationPublication_Tests.Interrupted_sequence_requires_recovery_even_for_an_unchanged_version
    LiteDB.Tests.Engine.SharedCoordinationPublication_Tests.Unchanged_commit_after_disposal_does_not_access_the_released_pointer
    LiteDB.Tests.Engine.SharedCoordinationPublication_Tests.Interrupted_publisher_requires_a_protected_open_before_readmission(tornSequence: False)
    LiteDB.Tests.Engine.SharedCoordinationPublication_Tests.Interrupted_publisher_requires_a_protected_open_before_readmission(tornSequence: True)
    LiteDB.Tests.Engine.SharedCoordinationPublication_Tests.Completing_an_older_request_cannot_clear_a_newer_same_tick_hint
    LiteDB.Tests.Engine.SharedCoordinationPublication_Tests.Hint_deadlines_remain_bounded_across_tick_wrap
    LiteDB.Tests.Engine.SharedCoordinationPublication_Tests.Writer_hint_expires_without_changing_storage_authority
    LiteDB.Tests.Engine.SharedCoordinationTemporaryFiles_Tests.Cleanup_removes_only_attributed_recognizable_orphans(empty: False)
    LiteDB.Tests.Engine.SharedCoordinationTemporaryFiles_Tests.Cleanup_removes_only_attributed_recognizable_orphans(empty: True)
    LiteDB.Tests.Engine.SharedCoordinationTemporaryFiles_Tests.Cleanup_cannot_remove_a_live_publisher_even_at_the_rename_boundary(boundary: "created")
    LiteDB.Tests.Engine.SharedCoordinationTemporaryFiles_Tests.Cleanup_cannot_remove_a_live_publisher_even_at_the_rename_boundary(boundary: "written")
    LiteDB.Tests.Engine.SharedCoordinationTemporaryFiles_Tests.Cleanup_cannot_remove_a_live_publisher_even_at_the_rename_boundary(boundary: "flushed")
    LiteDB.Tests.Engine.SharedCoordinationTemporaryFiles_Tests.Cleanup_cannot_remove_a_live_publisher_even_at_the_rename_boundary(boundary: "publishing")
    LiteDB.Tests.Engine.SharedCoordinationTemporaryFiles_Tests.Windows_sharing_violations_retry_boundedly_without_changing_publication(permanent: False)
    LiteDB.Tests.Engine.SharedCoordinationTemporaryFiles_Tests.Windows_sharing_violations_retry_boundedly_without_changing_publication(permanent: True)
    LiteDB.Tests.Engine.SharedDataReaderDispose_Tests.Concurrent_disposal_ends_the_ownership_once
    LiteDB.Tests.Engine.SharedDisposalFailure_Tests.Pin_close_failure_finishes_connection_cleanup_and_preserves_leased_reader(password: null, failures: 0)
    LiteDB.Tests.Engine.SharedDisposalFailure_Tests.Pin_close_failure_finishes_connection_cleanup_and_preserves_leased_reader(password: null, failures: 1)
    LiteDB.Tests.Engine.SharedDisposalFailure_Tests.Pin_close_failure_finishes_connection_cleanup_and_preserves_leased_reader(password: null, failures: 2)
    LiteDB.Tests.Engine.SharedDisposalFailure_Tests.Pin_close_failure_finishes_connection_cleanup_and_preserves_leased_reader(password: "secret", failures: 0)
    LiteDB.Tests.Engine.SharedDisposalFailure_Tests.Pin_close_failure_finishes_connection_cleanup_and_preserves_leased_reader(password: "secret", failures: 1)
    LiteDB.Tests.Engine.SharedDisposalFailure_Tests.Pin_close_failure_finishes_connection_cleanup_and_preserves_leased_reader(password: "secret", failures: 2)
    LiteDB.Tests.Engine.SharedDisposalFailure_Tests.Pin_close_failure_finishes_connection_cleanup_and_preserves_leased_reader(password: null, failures: 3)
    LiteDB.Tests.Engine.SharedDisposalFailure_Tests.Pin_close_failure_finishes_connection_cleanup_and_preserves_leased_reader(password: "secret", failures: 3)
    LiteDB.Tests.Engine.SharedFinalCheckpointContract_Tests.Parent_final_checkpoint_remains_best_effort_and_failed_attempt_keeps_committed_wal(password: null, fail: False)
    LiteDB.Tests.Engine.SharedFinalCheckpointContract_Tests.Parent_final_checkpoint_remains_best_effort_and_failed_attempt_keeps_committed_wal(password: null, fail: True)
    LiteDB.Tests.Engine.SharedFinalCheckpointContract_Tests.Parent_final_checkpoint_remains_best_effort_and_failed_attempt_keeps_committed_wal(password: "secret", fail: False)
    LiteDB.Tests.Engine.SharedFinalCheckpointContract_Tests.Parent_final_checkpoint_remains_best_effort_and_failed_attempt_keeps_committed_wal(password: "secret", fail: True)
    LiteDB.Tests.Engine.SharedFinalClose_Tests.A_writer_closing_while_a_read_only_connection_owns_the_mutex_still_checkpoints
    LiteDB.Tests.Engine.SharedLateReaderClose_Tests.Late_reader_self_close_preserves_unleased_protection_or_leased_independence(password: null, leased: False)
    LiteDB.Tests.Engine.SharedLateReaderClose_Tests.Late_reader_self_close_preserves_unleased_protection_or_leased_independence(password: "secret", leased: False)
    LiteDB.Tests.Engine.SharedLateReaderClose_Tests.Late_reader_self_close_preserves_unleased_protection_or_leased_independence(password: null, leased: True)
    LiteDB.Tests.Engine.SharedLateReaderClose_Tests.Late_reader_self_close_preserves_unleased_protection_or_leased_independence(password: "secret", leased: True)
    LiteDB.Tests.Engine.SharedLateReaderClose_Tests.Late_reader_callback_can_reenter_after_foreign_close_starts_draining(password: null, snapshot: False)
    LiteDB.Tests.Engine.SharedLateReaderClose_Tests.Late_reader_callback_can_reenter_after_foreign_close_starts_draining(password: "secret", snapshot: False)
    LiteDB.Tests.Engine.SharedLateReaderClose_Tests.Late_reader_callback_can_reenter_after_foreign_close_starts_draining(password: null, snapshot: True)
    LiteDB.Tests.Engine.SharedLateReaderClose_Tests.Late_reader_callback_can_reenter_after_foreign_close_starts_draining(password: "secret", snapshot: True)
    LiteDB.Tests.Engine.SharedLateReaderClose_Tests.Owner_exit_during_transferred_reader_callback_preserves_recovery(password: null, pin: False)
    LiteDB.Tests.Engine.SharedLateReaderClose_Tests.Owner_exit_during_transferred_reader_callback_preserves_recovery(password: "secret", pin: False)
    LiteDB.Tests.Engine.SharedLateReaderClose_Tests.Owner_exit_during_transferred_reader_callback_preserves_recovery(password: null, pin: True)
    LiteDB.Tests.Engine.SharedLateReaderClose_Tests.Owner_exit_during_transferred_reader_callback_preserves_recovery(password: "secret", pin: True)
    LiteDB.Tests.Engine.SharedLateReaderClose_Tests.raw_rollback_after_dispose_remains_a_noop
    LiteDB.Tests.Engine.SharedLateReaderClose_Tests.own_pin_callback_can_reenter_shared_pragma
    LiteDB.Tests.Engine.SharedLateReaderClose_Tests.Last_reader_close_fences_fresh_operation_until_core_retired
    LiteDB.Tests.Engine.SharedLateReaderClose_Tests.Reader_self_dispose_refusal_keeps_snapshot_ownership_until_facade_cleanup(password: null)
    LiteDB.Tests.Engine.SharedLateReaderClose_Tests.Reader_self_dispose_refusal_keeps_snapshot_ownership_until_facade_cleanup(password: "secret")
    LiteDB.Tests.Engine.SharedLazyCheckpoint_Tests.Operations_below_the_threshold_leave_the_wal_and_dispose_checkpoints_it(password: null)
    LiteDB.Tests.Engine.SharedLazyCheckpoint_Tests.Operations_below_the_threshold_leave_the_wal_and_dispose_checkpoints_it(password: "secret")
    LiteDB.Tests.Engine.SharedLazyCheckpoint_Tests.A_wal_past_the_threshold_is_checkpointed_by_the_next_close(password: null)
    LiteDB.Tests.Engine.SharedLazyCheckpoint_Tests.A_wal_past_the_threshold_is_checkpointed_by_the_next_close(password: "secret")
    LiteDB.Tests.Engine.SharedLazyCheckpoint_Tests.A_smaller_checkpoint_pragma_still_bounds_the_wal
    LiteDB.Tests.Engine.SharedLazyCheckpoint_Tests.A_disabled_checkpoint_pragma_disables_close_checkpoints_as_before
    LiteDB.Tests.Engine.SharedLazyCheckpoint_Tests.Explicit_checkpoint_is_not_deferred
    LiteDB.Tests.Engine.SharedLazyCheckpoint_Tests.Two_connections_leave_no_wal_once_both_closed(firstClosesFirst: False)
    LiteDB.Tests.Engine.SharedLazyCheckpoint_Tests.Two_connections_leave_no_wal_once_both_closed(firstClosesFirst: True)
    LiteDB.Tests.Engine.SharedLazyCheckpoint_Tests.A_read_only_connection_neither_checkpoints_nor_removes_the_wal
    LiteDB.Tests.Engine.SharedLazyCheckpoint_Tests.A_crash_image_of_the_lazy_wal_recovers_every_operation(password: null)
    LiteDB.Tests.Engine.SharedLazyCheckpoint_Tests.A_crash_image_of_the_lazy_wal_recovers_every_operation(password: "secret")
    LiteDB.Tests.Engine.SharedLeasedReaderDispose_Tests.Leased_snapshot_disposal_refuses_callback_before_mutation_and_can_retry(password: null, queryCore: False, selfDispose: True)
    LiteDB.Tests.Engine.SharedLeasedReaderDispose_Tests.Leased_snapshot_disposal_refuses_callback_before_mutation_and_can_retry(password: "secret", queryCore: False, selfDispose: True)
    LiteDB.Tests.Engine.SharedLeasedReaderDispose_Tests.Leased_snapshot_disposal_refuses_callback_before_mutation_and_can_retry(password: null, queryCore: True, selfDispose: True)
    LiteDB.Tests.Engine.SharedLeasedReaderDispose_Tests.Leased_snapshot_disposal_refuses_callback_before_mutation_and_can_retry(password: "secret", queryCore: True, selfDispose: True)
    LiteDB.Tests.Engine.SharedLeasedReaderDispose_Tests.Leased_snapshot_disposal_refuses_callback_before_mutation_and_can_retry(password: null, queryCore: False, selfDispose: False)
    LiteDB.Tests.Engine.SharedLeasedReaderDispose_Tests.Leased_snapshot_disposal_refuses_callback_before_mutation_and_can_retry(password: "secret", queryCore: False, selfDispose: False)
    LiteDB.Tests.Engine.SharedLeasedReaderDispose_Tests.Leased_snapshot_disposal_refuses_callback_before_mutation_and_can_retry(password: null, queryCore: True, selfDispose: False)
    LiteDB.Tests.Engine.SharedLeasedReaderDispose_Tests.Leased_snapshot_disposal_refuses_callback_before_mutation_and_can_retry(password: "secret", queryCore: True, selfDispose: False)
    LiteDB.Tests.Engine.SharedModeAdmissionReview_Tests.Repeated_read_only_queries_do_not_initialize_or_replace_mode_identity(mismatched: False)
    LiteDB.Tests.Engine.SharedModeAdmissionReview_Tests.Repeated_read_only_queries_do_not_initialize_or_replace_mode_identity(mismatched: True)
    LiteDB.Tests.Engine.SharedModeAdmissionReview_Tests.Obsolete_guard_directory_does_not_block_native_admission
    LiteDB.Tests.Engine.SharedModeAdmissionReview_Tests.Direct_requires_file_locking_even_without_shared_artifacts
    LiteDB.Tests.Engine.SharedModeAdmissionReview_Tests.Read_only_mapped_attachment_holds_admission_until_connection_disposal
    LiteDB.Tests.Engine.SharedModeAdmissionReview_Tests.Rebuild_candidates_do_not_leave_mode_sidecars(fail: False)
    LiteDB.Tests.Engine.SharedModeAdmissionReview_Tests.Rebuild_candidates_do_not_leave_mode_sidecars(fail: True)
    LiteDB.Tests.Engine.SharedModeDiagnostics_Tests.Diagnostics_observe_cache_leases_pressure_revocation_and_recreation
    LiteDB.Tests.Engine.SharedModeDiagnostics_Tests.Direct_and_different_mutex_writers_cannot_mutate_a_mapped_snapshot(password: null)
    LiteDB.Tests.Engine.SharedModeDiagnostics_Tests.Direct_and_different_mutex_writers_cannot_mutate_a_mapped_snapshot(password: "secret")
    LiteDB.Tests.Engine.SharedModeDiagnostics_Tests.Direct_first_blocks_shared_then_process_death_releases_admission
    LiteDB.Tests.Engine.SharedModeDiagnostics_Tests.Equivalent_mutex_names_share_admission_and_diagnostics_are_process_local
    LiteDB.Tests.Engine.SharedModeDiagnostics_Tests.Failed_open_and_rebuild_release_guard_and_idle_identity_can_change
    LiteDB.Tests.Engine.SharedModeDiagnostics_Tests.Protected_read_only_fallback_needs_no_mode_file_and_preserves_storage
    LiteDB.Tests.Engine.SharedModeDiagnostics_Tests.Repeated_fallback_has_stable_reason_without_stack_traces
    LiteDB.Tests.Engine.SharedModeFirstRead_Tests.First_streaming_read_on_writable_connection_keeps_direct_writers_out(identity: "absent", password: null)
    LiteDB.Tests.Engine.SharedModeFirstRead_Tests.First_streaming_read_on_writable_connection_keeps_direct_writers_out(identity: "empty", password: null)
    LiteDB.Tests.Engine.SharedModeFirstRead_Tests.First_streaming_read_on_writable_connection_keeps_direct_writers_out(identity: "mismatched", password: null)
    LiteDB.Tests.Engine.SharedModeFirstRead_Tests.First_streaming_read_on_writable_connection_keeps_direct_writers_out(identity: "absent", password: "secret")
    LiteDB.Tests.Engine.SharedModeFirstRead_Tests.First_streaming_read_on_writable_connection_keeps_direct_writers_out(identity: "empty", password: "secret")
    LiteDB.Tests.Engine.SharedModeFirstRead_Tests.First_streaming_read_on_writable_connection_keeps_direct_writers_out(identity: "mismatched", password: "secret")
    LiteDB.Tests.Engine.SharedModeFirstRead_Tests.First_streaming_read_on_writable_connection_keeps_direct_writers_out(identity: "absent-disposed", password: null)
    LiteDB.Tests.Engine.SharedModeFirstRead_Tests.First_streaming_read_on_writable_connection_keeps_direct_writers_out(identity: "absent-disposed", password: "secret")
    LiteDB.Tests.Engine.SharedModeFirstRead_Tests.Rejected_mutex_identity_does_not_revoke_peer_or_make_retry_sticky(readOnly: False, disabled: False)
    LiteDB.Tests.Engine.SharedModeFirstRead_Tests.Rejected_mutex_identity_does_not_revoke_peer_or_make_retry_sticky(readOnly: True, disabled: False)
    LiteDB.Tests.Engine.SharedModeFirstRead_Tests.Rejected_mutex_identity_does_not_revoke_peer_or_make_retry_sticky(readOnly: False, disabled: True)
    LiteDB.Tests.Engine.SharedModeFirstRead_Tests.Rejected_mutex_identity_does_not_revoke_peer_or_make_retry_sticky(readOnly: True, disabled: True)
    LiteDB.Tests.Engine.SharedModeGuardFailure_Tests.Interrupted_native_lock_acquisition_is_repeatable(stage: "mode-locking")
    LiteDB.Tests.Engine.SharedModeGuardFailure_Tests.Interrupted_native_lock_acquisition_is_repeatable(stage: "mode-locked")
    LiteDB.Tests.Engine.SharedModeGuardFailure_Tests.Native_lock_failure_does_not_mutate_data_or_leak_admission
    LiteDB.Tests.Engine.SharedModeGuardFailure_Tests.Read_only_mapping_initialization_failure_retains_protected_reads
    LiteDB.Tests.Engine.SharedModeGuardFailure_Tests.Readers_outliving_connection_keep_direct_writers_out
    LiteDB.Tests.Engine.SharedModeGuardFailure_Tests.Rebuild_holds_admission_through_install_and_releases_it_after_failure(fail: False)
    LiteDB.Tests.Engine.SharedModeGuardFailure_Tests.Rebuild_holds_admission_through_install_and_releases_it_after_failure(fail: True)
    LiteDB.Tests.Engine.SharedModeGuardFailure_Tests.Obsolete_admission_file_is_ignored_and_preserved
    LiteDB.Tests.Engine.SharedModeGuardFailure_Tests.Existing_pre_guard_participant_blocks_direct_without_touching_authority
    LiteDB.Tests.Engine.SharedModeRetry_Tests.Wrapped_native_errors_preserve_retry_classification_and_bound(code: -2147024864, retryable: True)
    LiteDB.Tests.Engine.SharedModeRetry_Tests.Wrapped_native_errors_preserve_retry_classification_and_bound(code: -2147024863, retryable: True)
    LiteDB.Tests.Engine.SharedModeRetry_Tests.Wrapped_native_errors_preserve_retry_classification_and_bound(code: -2147024891, retryable: False)
    LiteDB.Tests.Engine.SharedModeRetry_Tests.Wrapped_native_errors_preserve_retry_classification_and_bound(code: -2147024816, retryable: False)
    LiteDB.Tests.Engine.SharedModeRetry_Tests.Wrapped_native_errors_preserve_retry_classification_and_bound(code: -2146232800, retryable: False)
    LiteDB.Tests.Engine.SharedModeRetry_Tests.Transient_guard_failure_retries_attachment_without_mutating_database
    LiteDB.Tests.Engine.SharedModeRetry_Tests.Unsupported_control_names_report_missing_admission_without_read_only_claim(readOnly: False)
    LiteDB.Tests.Engine.SharedModeRetry_Tests.Unsupported_control_names_report_missing_admission_without_read_only_claim(readOnly: True)
    LiteDB.Tests.Engine.SharedMutexOwnerExit_Tests.A_release_racing_the_exited_owner_cleanup_ends_the_ownership_once
    LiteDB.Tests.Engine.SharedMutexOwnerScoped_Tests.A_scoped_ownership_holds_the_mutex_on_its_thread_without_a_holder
    LiteDB.Tests.Engine.SharedMutexOwnerScoped_Tests.ReleaseAll_during_a_scoped_ownership_leaves_the_release_to_its_thread
    LiteDB.Tests.Engine.SharedMutexOwnerScoped_Tests.Ending_a_scoped_ownership_on_another_thread_fails_and_keeps_it
    LiteDB.Tests.Engine.SharedMutexOwnerScoped_Tests.A_nested_fresh_ownership_on_a_thread_that_owns_one_directly_uses_the_holder
    LiteDB.Tests.Engine.SharedMutexOwnerScoped_Tests.A_scoped_owner_thread_that_died_is_recovered_as_abandoned
    LiteDB.Tests.Engine.SharedMutexOwnerScoped_Tests.Cleanup_of_an_acquisition_ended_by_disposal_cannot_release_a_new_owner
    LiteDB.Tests.Engine.SharedMutexOwnership_Tests.Unleased_reader_disposed_on_another_thread_releases_the_mutex
    LiteDB.Tests.Engine.SharedMutexOwnership_Tests.Unleased_reader_disposed_after_an_await_releases_the_mutex
    LiteDB.Tests.Engine.SharedMutexOwnership_Tests.Dispose_on_another_thread_with_an_open_unleased_reader_releases_the_mutex
    LiteDB.Tests.Engine.SharedMutexOwnership_Tests.Unleased_reader_owner_that_exits_does_not_keep_the_mutex
    LiteDB.Tests.Engine.SharedMutexOwnership_Tests.Transaction_owner_that_exits_lets_other_connections_write_and_is_reported
    LiteDB.Tests.Engine.SharedMutexOwnership_Tests.Transaction_completed_on_another_thread_stays_with_its_owner
    LiteDB.Tests.Engine.SharedMutexOwnership_Tests.Other_process_waits_only_while_an_unleased_reader_is_open
    LiteDB.Tests.Engine.SharedMutexOwnership_Tests.Reader_disposed_on_another_thread_cannot_close_the_engine_under_a_starting_operation
    LiteDB.Tests.Engine.SharedMutexOwnership_Tests.Reader_disposed_on_another_thread_cannot_close_the_engine_under_a_starting_read
    LiteDB.Tests.Engine.SharedMutexOwnerWakeup_Tests.A_command_taken_before_its_signal_does_not_leave_the_holder_spinning
    LiteDB.Tests.Engine.SharedOpeningMutation_Tests.Startup_mutations_have_a_fence_and_a_clean_open_has_none(password: null, state: "clean")
    LiteDB.Tests.Engine.SharedOpeningMutation_Tests.Startup_mutations_have_a_fence_and_a_clean_open_has_none(password: "secret", state: "clean")
    LiteDB.Tests.Engine.SharedOpeningMutation_Tests.Startup_mutations_have_a_fence_and_a_clean_open_has_none(password: null, state: "new")
    LiteDB.Tests.Engine.SharedOpeningMutation_Tests.Startup_mutations_have_a_fence_and_a_clean_open_has_none(password: "secret", state: "new")
    LiteDB.Tests.Engine.SharedOpeningMutation_Tests.Startup_mutations_have_a_fence_and_a_clean_open_has_none(password: null, state: "legacy")
    LiteDB.Tests.Engine.SharedOpeningMutation_Tests.Startup_mutations_have_a_fence_and_a_clean_open_has_none(password: "secret", state: "legacy")
    LiteDB.Tests.Engine.SharedOpeningMutation_Tests.Startup_mutations_have_a_fence_and_a_clean_open_has_none(password: null, state: "data-tail")
    LiteDB.Tests.Engine.SharedOpeningMutation_Tests.Startup_mutations_have_a_fence_and_a_clean_open_has_none(password: "secret", state: "data-tail")
    LiteDB.Tests.Engine.SharedOpeningMutation_Tests.Startup_mutations_have_a_fence_and_a_clean_open_has_none(password: null, state: "wal-tail")
    LiteDB.Tests.Engine.SharedOpeningMutation_Tests.Startup_mutations_have_a_fence_and_a_clean_open_has_none(password: "secret", state: "wal-tail")
    LiteDB.Tests.Engine.SharedOpeningMutation_Tests.Automatic_rebuild_fences_admission_before_the_external_lease_scan(password: null)
    LiteDB.Tests.Engine.SharedOpeningMutation_Tests.Automatic_rebuild_fences_admission_before_the_external_lease_scan(password: "secret")
    LiteDB.Tests.Engine.SharedOpeningMutation_Tests.Repeated_torn_header_repairs_remain_fenced_and_preserve_recovery_evidence(password: null)
    LiteDB.Tests.Engine.SharedOpeningMutation_Tests.Repeated_torn_header_repairs_remain_fenced_and_preserve_recovery_evidence(password: "secret")
    LiteDB.Tests.Engine.SharedOrdinaryOpen_Tests.Warm_reader_runs_during_real_writable_open_and_observes_commit_or_rollback(password: null, rollback: False)
    LiteDB.Tests.Engine.SharedOrdinaryOpen_Tests.Warm_reader_runs_during_real_writable_open_and_observes_commit_or_rollback(password: "secret", rollback: False)
    LiteDB.Tests.Engine.SharedOrdinaryOpen_Tests.Warm_reader_runs_during_real_writable_open_and_observes_commit_or_rollback(password: null, rollback: True)
    LiteDB.Tests.Engine.SharedOrdinaryOpen_Tests.Warm_reader_runs_during_real_writable_open_and_observes_commit_or_rollback(password: "secret", rollback: True)
    LiteDB.Tests.Engine.SharedPendingRelease_Tests.Final_close_waits_for_its_own_release_before_checkpointing
    LiteDB.Tests.Engine.SharedPendingRelease_Tests.A_disposed_connection_holds_no_mutex_for_the_next_final_close(firstClosesFirst: False)
    LiteDB.Tests.Engine.SharedPendingRelease_Tests.A_disposed_connection_holds_no_mutex_for_the_next_final_close(firstClosesFirst: True)
    LiteDB.Tests.Engine.SharedPendingRelease_Tests.Dispose_returns_only_after_the_mutex_is_released
    LiteDB.Tests.Engine.SharedPendingRelease_Tests.Last_reader_defers_cleanup_while_another_connections_release_is_pending
    LiteDB.Tests.Engine.SharedPinFairness_Probe.Waiter_wait_under_a_pinned_write_loop(waiter: "thread")
    LiteDB.Tests.Engine.SharedPinFairness_Probe.Waiter_wait_under_a_pinned_write_loop(waiter: "instance")
    LiteDB.Tests.Engine.SharedPinFairness_Probe.Waiter_wait_under_a_pinned_write_loop(waiter: "none")
    LiteDB.Tests.Engine.SharedPinFairness_Probe.Waiter_wait_under_a_pinned_write_loop(waiter: "plain")
    LiteDB.Tests.Engine.SharedPinFairness_Probe.Waiter_wait_under_a_pinned_write_loop(waiter: "plain-instance")
    LiteDB.Tests.Engine.SharedPinProgress_Tests.Progress_oracle_rejects_a_writer_blocked_by_a_held_pin(password: null)
    LiteDB.Tests.Engine.SharedPinProgress_Tests.Progress_oracle_rejects_a_writer_blocked_by_a_held_pin(password: "secret")
    LiteDB.Tests.Engine.SharedReaderFreeSlots_Tests.Churn_reuses_only_released_slots_and_preserves_every_live_version
    LiteDB.Tests.Engine.SharedReaderFreeSlots_Tests.Failed_release_is_never_reused_even_when_the_write_completed(bytes: 0)
    LiteDB.Tests.Engine.SharedReaderFreeSlots_Tests.Failed_release_is_never_reused_even_when_the_write_completed(bytes: 4)
    LiteDB.Tests.Engine.SharedReaderFreeSlots_Tests.Failed_release_is_never_reused_even_when_the_write_completed(bytes: 8)
    LiteDB.Tests.Engine.SharedReaderFreeSlots_Tests.Capacity_rejection_and_failed_republication_preserve_the_free_slot
    LiteDB.Tests.Engine.SharedReaderModel_Tests.InterleavedSharedInstances_ReadersMatchModel(seed: 11, password: null)
    LiteDB.Tests.Engine.SharedReaderModel_Tests.InterleavedSharedInstances_ReadersMatchModel(seed: 12, password: "secret")
    LiteDB.Tests.Engine.SharedReaderPin_Tests.Reader_disposed_off_the_pinning_thread_ends_the_pin_while_its_owner_idles
    LiteDB.Tests.Engine.SharedReaderPin_Tests.Dispose_on_another_thread_ends_the_pin_without_throwing
    LiteDB.Tests.Engine.SharedReaderPin_Tests.Pinning_thread_that_exits_without_disposing_its_reader_releases_the_mutex
    LiteDB.Tests.Engine.SharedReaderPin_Tests.Idle_pin_expires_for_a_live_owner_that_keeps_its_reader_open
    LiteDB.Tests.Engine.SharedReaderPin_Tests.Another_thread_of_the_same_instance_ends_an_idle_pin
    LiteDB.Tests.Engine.SharedReaderPin_Tests.Tight_write_loop_lets_another_thread_of_the_same_instance_in
    LiteDB.Tests.Engine.SharedReaderPin_Tests.Pin_owner_hands_off_to_each_repeated_waiter
    LiteDB.Tests.Engine.SharedReaderPin_Tests.Reader_disposed_after_an_await_ends_the_pin
    LiteDB.Tests.Engine.SharedReaderPin_Tests.Nested_readers_share_one_pin_until_the_last_is_disposed
    LiteDB.Tests.Engine.SharedReaderPin_Tests.Failed_write_inside_the_iteration_keeps_the_pin_balanced
    LiteDB.Tests.Engine.SharedReaderPin_Tests.Write_query_reader_under_a_pin_can_be_disposed_on_another_thread
    LiteDB.Tests.Engine.SharedReaderPin_Tests.Pinned_transaction_rejects_completion_from_another_thread
    LiteDB.Tests.Engine.SharedReaderPin_Tests.Another_process_waits_only_while_the_pin_is_in_use
    LiteDB.Tests.Engine.SharedReaderRegistrationFailure_Tests.Failed_append_preserves_all_published_versions_and_file_length(header: False, bytes: 0)
    LiteDB.Tests.Engine.SharedReaderRegistrationFailure_Tests.Failed_append_preserves_all_published_versions_and_file_length(header: False, bytes: 1)
    LiteDB.Tests.Engine.SharedReaderRegistrationFailure_Tests.Failed_append_preserves_all_published_versions_and_file_length(header: False, bytes: 4)
    LiteDB.Tests.Engine.SharedReaderRegistrationFailure_Tests.Failed_append_preserves_all_published_versions_and_file_length(header: False, bytes: 7)
    LiteDB.Tests.Engine.SharedReaderRegistrationFailure_Tests.Failed_append_preserves_all_published_versions_and_file_length(header: False, bytes: 8)
    LiteDB.Tests.Engine.SharedReaderRegistrationFailure_Tests.Failed_append_preserves_all_published_versions_and_file_length(header: True, bytes: 0)
    LiteDB.Tests.Engine.SharedReaderRegistrationFailure_Tests.Failed_append_preserves_all_published_versions_and_file_length(header: True, bytes: 1)
    LiteDB.Tests.Engine.SharedReaderRegistrationFailure_Tests.Failed_append_preserves_all_published_versions_and_file_length(header: True, bytes: 4)
    LiteDB.Tests.Engine.SharedReaderRegistrationFailure_Tests.Failed_append_preserves_all_published_versions_and_file_length(header: True, bytes: 7)
    LiteDB.Tests.Engine.SharedReaderRegistrationFailure_Tests.Failed_append_preserves_all_published_versions_and_file_length(header: True, bytes: 8)
    LiteDB.Tests.Engine.SharedReaderRegistrationFailure_Tests.Failed_reuse_clears_only_the_unpublished_free_slot(bytes: 1)
    LiteDB.Tests.Engine.SharedReaderRegistrationFailure_Tests.Failed_reuse_clears_only_the_unpublished_free_slot(bytes: 4)
    LiteDB.Tests.Engine.SharedReaderRegistrationFailure_Tests.Failed_reuse_clears_only_the_unpublished_free_slot(bytes: 7)
    LiteDB.Tests.Engine.SharedReaderRegistrationFailure_Tests.Failed_rollback_retains_unknown_content_and_the_original_error(header: False)
    LiteDB.Tests.Engine.SharedReaderRegistrationFailure_Tests.Failed_rollback_retains_unknown_content_and_the_original_error(header: True)
    LiteDB.Tests.Engine.SharedReaderRegistrationFailure_Tests.Failed_header_restore_remains_unknown_until_a_successful_registration
    LiteDB.Tests.Engine.SharedReaderRetirement_Tests.Last_other_leased_reader_cleanup_does_not_join_forced_pin_draining_this_callback(password: null, failClose: False)
    LiteDB.Tests.Engine.SharedReaderRetirement_Tests.Last_other_leased_reader_cleanup_does_not_join_forced_pin_draining_this_callback(password: "secret", failClose: False)
    LiteDB.Tests.Engine.SharedReaderRetirement_Tests.Last_other_leased_reader_cleanup_does_not_join_forced_pin_draining_this_callback(password: null, failClose: True)
    LiteDB.Tests.Engine.SharedReaderRetirement_Tests.Last_other_leased_reader_cleanup_does_not_join_forced_pin_draining_this_callback(password: "secret", failClose: True)
    LiteDB.Tests.Engine.SharedReaderRetirement_Tests.Last_other_leased_reader_cleanup_does_not_join_exited_owner_draining_this_callback(password: null)
    LiteDB.Tests.Engine.SharedReaderRetirement_Tests.Last_other_leased_reader_cleanup_does_not_join_exited_owner_draining_this_callback(password: "secret")
    LiteDB.Tests.Engine.SharedReaderRetirement_Tests.Independent_last_leased_reader_disposal_still_joins_pin_cleanup(password: null)
    LiteDB.Tests.Engine.SharedReaderRetirement_Tests.Independent_last_leased_reader_disposal_still_joins_pin_cleanup(password: "secret")
    LiteDB.Tests.Engine.SharedReaderSlots_Tests.Whole_slot_truncation_and_empty_content_remain_unknown(length: 16)
    LiteDB.Tests.Engine.SharedReaderSlots_Tests.Whole_slot_truncation_and_empty_content_remain_unknown(length: 8)
    LiteDB.Tests.Engine.SharedReaderSlots_Tests.Whole_slot_truncation_and_empty_content_remain_unknown(length: 0)
    LiteDB.Tests.Engine.SharedReaderSlots_Tests.Partial_registration_and_release_never_hide_another_live_version(bytes: 0)
    LiteDB.Tests.Engine.SharedReaderSlots_Tests.Partial_registration_and_release_never_hide_another_live_version(bytes: 1)
    LiteDB.Tests.Engine.SharedReaderSlots_Tests.Partial_registration_and_release_never_hide_another_live_version(bytes: 4)
    LiteDB.Tests.Engine.SharedReaderSlots_Tests.Partial_registration_and_release_never_hide_another_live_version(bytes: 7)
    LiteDB.Tests.Engine.SharedReaderSlots_Tests.Failed_append_header_restores_the_published_readers_without_another_registration
    LiteDB.Tests.Engine.SharedReaderSlots_Tests.Legacy_and_slot_leases_are_combined_and_unrelated_files_survive_cleanup
    LiteDB.Tests.Engine.SharedReaderWrites_Tests.Updates_while_iterating_reuse_one_engine_and_leave_no_wal(password: null)
    LiteDB.Tests.Engine.SharedReaderWrites_Tests.Updates_while_iterating_reuse_one_engine_and_leave_no_wal(password: "secret")
    LiteDB.Tests.Engine.SharedReaderWrites_Tests.Last_reader_disposal_checkpoints_writes_made_by_another_instance(password: null)
    LiteDB.Tests.Engine.SharedReaderWrites_Tests.Last_reader_disposal_checkpoints_writes_made_by_another_instance(password: "secret")
    LiteDB.Tests.Engine.SharedReaderWrites_Tests.Reader_disposed_on_another_thread_releases_the_pin
    LiteDB.Tests.Engine.SharedReaderWrites_Tests.Explicit_transaction_inside_iteration_balances_the_pin(rollback: False)
    LiteDB.Tests.Engine.SharedReaderWrites_Tests.Explicit_transaction_inside_iteration_balances_the_pin(rollback: True)
    LiteDB.Tests.Engine.SharedReaderWrites_Tests.Unusable_lease_registry_streams_under_the_mutex
    LiteDB.Tests.Engine.SharedReaderWrites_Tests.Read_only_connection_reads_a_large_result_in_a_read_only_directory
    LiteDB.Tests.Engine.SharedReadPacer_Tests.A_long_read_cannot_schedule_an_unbounded_pause
    LiteDB.Tests.Engine.SharedReadPacer_Tests.Writer_departure_clears_pending_work_instead_of_delaying_idle_readers
    LiteDB.Tests.Engine.SharedReadPacer_Tests.Coarse_timer_delays_are_credited_but_a_suspension_cannot_disable_future_pacing
    LiteDB.Tests.Engine.SharedReadPath_Tests.Auto_rebuild_waits_for_a_live_snapshot_reader_and_runs_once_it_closed
    LiteDB.Tests.Engine.SharedReadPath_Tests.A_result_at_the_value_budget_is_buffered_and_one_past_it_streams_from_the_same_snapshot(count: 100, leased: False)
    LiteDB.Tests.Engine.SharedReadPath_Tests.A_result_at_the_value_budget_is_buffered_and_one_past_it_streams_from_the_same_snapshot(count: 101, leased: True)
    LiteDB.Tests.Engine.SharedReadPath_Tests.A_result_crossing_the_byte_budget_streams_and_one_just_below_it_is_buffered
    LiteDB.Tests.Engine.SharedReadPath_Tests.A_streamed_prefix_matches_a_direct_reader_before_and_after_the_first_read
    LiteDB.Tests.Engine.SharedReadPath_Tests.A_legacy_file_read_first_is_migrated_by_the_writable_open
    LiteDB.Tests.Engine.SharedReadPath_Tests.A_lease_is_live_for_another_registry_while_held_and_leaves_no_file_behind
    LiteDB.Tests.Engine.SharedReadPath_Tests.A_registry_disposed_under_a_live_reader_keeps_its_lease_until_the_reader_ends
    LiteDB.Tests.Engine.SharedReadPath_Tests.A_dead_slot_lease_and_orphaned_content_are_removed_by_the_scan
    LiteDB.Tests.Engine.SharedReadPath_Tests.A_slot_file_with_a_torn_or_malformed_slot_makes_the_scan_fail_closed(content: [5, 0, 0, 0, 0, ···])
    LiteDB.Tests.Engine.SharedReadPath_Tests.A_slot_file_with_a_torn_or_malformed_slot_makes_the_scan_fail_closed(content: [5, 0, 0, 0, 250, ···])
    LiteDB.Tests.Engine.SharedReadPath_Tests.A_slot_file_with_a_torn_or_malformed_slot_makes_the_scan_fail_closed(content: [255, 255, 255, 255, 0, ···])
    LiteDB.Tests.Engine.SharedReadPath_Tests.A_held_slot_lease_without_its_content_makes_the_scan_fail_closed
    LiteDB.Tests.Engine.SharedReadPath_Tests.A_first_read_creates_a_missing_database
    LiteDB.Tests.Engine.SharedScopedCalls_Tests.A_reader_opened_by_a_lazy_write_can_outlive_the_call_and_close_off_thread
    LiteDB.Tests.Engine.SharedScopedCalls_Tests.Failed_lease_after_a_successful_probe_retries_before_execution_and_preserves_off_thread_disposal
    LiteDB.Tests.Engine.SharedScopedCalls_Tests.Failed_registration_followed_only_by_small_reads_does_not_disable_checkpoints
    LiteDB.Tests.Engine.SharedScopedCalls_Tests.A_read_transform_may_open_a_reader_that_is_disposed_off_thread
    LiteDB.Tests.Engine.SharedTeardownOverlap_Tests.A_waiter_admitted_during_Dispose_neither_runs_on_a_closing_engine_nor_leaks_one
    LiteDB.Tests.Engine.SharedTeardownOverlap_Tests.Dispose_racing_tight_loops_of_the_connection_leaks_no_engine_or_page
    LiteDB.Tests.Engine.SharedWalBatchPublication_Tests.Every_batch_announces_before_overwrite_and_only_exclusive_installers_coalesce(batch: False, fail: False)
    LiteDB.Tests.Engine.SharedWalBatchPublication_Tests.Every_batch_announces_before_overwrite_and_only_exclusive_installers_coalesce(batch: True, fail: False)
    LiteDB.Tests.Engine.SharedWalBatchPublication_Tests.Every_batch_announces_before_overwrite_and_only_exclusive_installers_coalesce(batch: False, fail: True)
    LiteDB.Tests.Engine.SharedWalBatchPublication_Tests.Every_batch_announces_before_overwrite_and_only_exclusive_installers_coalesce(batch: True, fail: True)
    LiteDB.Tests.Engine.SharedWalReusePublication_Tests.Safepoint_prefix_rewrites_publish_reuse_before_the_disk_write
    LiteDB.Tests.Engine.SharedWorkerDumpArguments_Tests.CaptureCommand_AllowsOptionTextInsideQuotedPath(arguments: "-accepteula -ma -r -at 5 6448 \"C:\\Temp\\dump-644"···)
    LiteDB.Tests.Engine.SharedWorkerDumpArguments_Tests.CaptureCommand_AllowsOptionTextInsideQuotedPath(arguments: "-accepteula -ma -r -at 5 6448 \"C:\\Temp\\director"···)
    LiteDB.Tests.Engine.SharedWorkerDumpArguments_Tests.CaptureCommand_AllowsOptionTextInsideQuotedPath(arguments: "-accepteula -ma -r -at 5 6448 \"__WORKSPACE__/temporary/directory -64"···)
    LiteDB.Tests.Engine.SharedWorkerDumpArguments_Tests.CaptureCommand_RejectsExtraOptionsAndWrongTarget(arguments: "-accepteula -ma -r -at 5 -64 6448 \"C:\\Temp\\dire"···)
    LiteDB.Tests.Engine.SharedWorkerDumpArguments_Tests.CaptureCommand_RejectsExtraOptionsAndWrongTarget(arguments: "-accepteula -ma -r -at 5 6448 -64 \"C:\\Temp\\dire"···)
    LiteDB.Tests.Engine.SharedWorkerDumpArguments_Tests.CaptureCommand_RejectsExtraOptionsAndWrongTarget(arguments: "-accepteula -ma -r -at 5 6448 \"C:\\Temp\\director"···)
    LiteDB.Tests.Engine.SharedWorkerDumpArguments_Tests.CaptureCommand_RejectsExtraOptionsAndWrongTarget(arguments: "-64 -accepteula -ma -r -at 5 6448 \"C:\\Temp\\dump"···)
    LiteDB.Tests.Engine.SharedWorkerDumpArguments_Tests.CaptureCommand_RejectsExtraOptionsAndWrongTarget(arguments: "-accepteula -ma -r -at 5 6449 \"C:\\Temp\\dump-644"···)
    LiteDB.Tests.Engine.SharedWorkerDump_Tests.ToolExit_RequiresCompleteMatchingDump(exitCode: 0, fixture: "complete", expected: True)
    LiteDB.Tests.Engine.SharedWorkerDump_Tests.ToolExit_RequiresCompleteMatchingDump(exitCode: 1, fixture: "complete", expected: True)
    LiteDB.Tests.Engine.SharedWorkerDump_Tests.ToolExit_RequiresCompleteMatchingDump(exitCode: 7, fixture: "complete", expected: False)
    LiteDB.Tests.Engine.SharedWorkerDump_Tests.ToolExit_RequiresCompleteMatchingDump(exitCode: 0, fixture: "missing", expected: False)
    LiteDB.Tests.Engine.SharedWorkerDump_Tests.ToolExit_RequiresCompleteMatchingDump(exitCode: 1, fixture: "missing", expected: False)
    LiteDB.Tests.Engine.SharedWorkerDump_Tests.ToolExit_RequiresCompleteMatchingDump(exitCode: 1, fixture: "truncated", expected: False)
    LiteDB.Tests.Engine.SharedWorkerDump_Tests.ToolExit_RequiresCompleteMatchingDump(exitCode: 1, fixture: "no-threads", expected: False)
    LiteDB.Tests.Engine.SharedWorkerDump_Tests.ToolExit_RequiresCompleteMatchingDump(exitCode: 1, fixture: "no-modules", expected: False)
    LiteDB.Tests.Engine.SharedWorkerDump_Tests.ToolExit_RequiresCompleteMatchingDump(exitCode: 1, fixture: "no-memory", expected: False)
    LiteDB.Tests.Engine.SharedWorkerDump_Tests.ToolExit_RequiresCompleteMatchingDump(exitCode: 1, fixture: "wrong-pid", expected: False)
    LiteDB.Tests.Engine.SharedWorkerDump_Tests.ToolExit_RequiresCompleteMatchingDump(exitCode: 1, fixture: "wrong-architecture", expected: False)
    LiteDB.Tests.Engine.SharedWorkerDump_Tests.ToolExit_RequiresCompleteMatchingDump(exitCode: 1, fixture: "bad-context", expected: False)
    LiteDB.Tests.Engine.SharedWorkerDump_Tests.ToolExit_RequiresCompleteMatchingDump(exitCode: 1, fixture: "bad-directory", expected: False)
    LiteDB.Tests.Engine.SharedWorkerDump_Tests.ConcurrentTimeouts_WaitForOneCaptureBeforeReturningToCancellation
    LiteDB.Tests.Engine.SharedWorkerDump_Tests.FailedCapture_DoesNotReplaceWorkerTimeoutEvidence
    LiteDB.Tests.Engine.SharedWorkerDump_Tests.ExpectedTempVolume_AcceptsSameDriveAndRejectsWorkspaceDrive
    LiteDB.Tests.Engine.SharedWorkerDump_Tests.MissingTool_IsReportedWithoutThrowingOrCreatingAFalseDump
    LiteDB.Tests.Engine.SharedWorkerDump_Tests.FailedToolExit_IsReportedAndDoesNotCertifyCapture
    LiteDB.Tests.Engine.SharedWorkerDump_Tests.StalledTool_UsesBoundedCancellationAndLeavesTesthostAlive
    LiteDB.Tests.Engine.SharedWorkerDump_Tests.ConfiguredWindowsCapture_ProducesAnActualDumpBeforeTimeoutReturns
    LiteDB.Tests.Engine.SharedWorkerDumpSmoke_Tests.Smoke_AllThreeInvalidAttemptsFailAndRetainEveryPayloadAndReport
    LiteDB.Tests.Engine.SharedWorkerDumpSmoke_Tests.Smoke_InvalidThenValidUsesFreshCaptureAndRetainsFirstAttempt
    LiteDB.Tests.Engine.SharedWorkerDumpSmoke_Tests.Smoke_FirstValidStopsImmediatelyAndDeletesOnlyValidatedDump
    LiteDB.Tests.Engine.SharedWorkerDumpSmoke_Tests.Smoke_NeedsMatchingStructureAndAnExplicitValidatedReport(fixture: "wrong-pid", reportValid: True)
    LiteDB.Tests.Engine.SharedWorkerDumpSmoke_Tests.Smoke_NeedsMatchingStructureAndAnExplicitValidatedReport(fixture: "wrong-architecture", reportValid: True)
    LiteDB.Tests.Engine.SharedWorkerDumpSmoke_Tests.Smoke_NeedsMatchingStructureAndAnExplicitValidatedReport(fixture: "truncated", reportValid: True)
    LiteDB.Tests.Engine.SharedWorkerDumpSmoke_Tests.Smoke_NeedsMatchingStructureAndAnExplicitValidatedReport(fixture: "missing", reportValid: True)
    LiteDB.Tests.Engine.SharedWorkerDumpSmoke_Tests.Smoke_NeedsMatchingStructureAndAnExplicitValidatedReport(fixture: "complete", reportValid: False)
    LiteDB.Tests.Engine.SharedWorkerDumpSmoke_Tests.Smoke_UnexpectedFactoryFailurePropagatesWithoutRetry
    LiteDB.Tests.Engine.SharedWriterHintCompletion_Tests.Commit_or_rollback_ends_its_hint_after_engine_close(password: null, rollback: False)
    LiteDB.Tests.Engine.SharedWriterHintCompletion_Tests.Commit_or_rollback_ends_its_hint_after_engine_close(password: null, rollback: True)
    LiteDB.Tests.Engine.SharedWriterHintCompletion_Tests.Commit_or_rollback_ends_its_hint_after_engine_close(password: "secret", rollback: False)
    LiteDB.Tests.Engine.SharedWriterHintCompletion_Tests.Commit_or_rollback_ends_its_hint_after_engine_close(password: "secret", rollback: True)
    LiteDB.Tests.Engine.SharedWriterHintCompletion_Tests.Failed_open_clears_its_request_and_preserves_committed_rows
    LiteDB.Tests.Engine.SharedWriterIntent_Tests.Pragma_and_transaction_start_keep_the_cache_without_requesting_writer_pressure(transaction: False)
    LiteDB.Tests.Engine.SharedWriterIntent_Tests.Pragma_and_transaction_start_keep_the_cache_without_requesting_writer_pressure(transaction: True)
    LiteDB.Tests.Engine.SharedWriterIntent_Tests.A_fresh_connection_announces_before_writable_open_and_clears_on_close(fail: False)
    LiteDB.Tests.Engine.SharedWriterIntent_Tests.A_fresh_connection_announces_before_writable_open_and_clears_on_close(fail: True)
    LiteDB.Tests.Engine.SharedWriterPressure_Tests.Dispose_finishes_while_a_reader_is_paused_before_admission(password: null)
    LiteDB.Tests.Engine.SharedWriterPressure_Tests.Dispose_finishes_while_a_reader_is_paused_before_admission(password: "secret")
    LiteDB.Tests.Engine.SharedWriterPressure_Tests.Measured_streaming_reader_preserves_old_rows_and_releases_its_lease_on_another_thread(password: null)
    LiteDB.Tests.Engine.SharedWriterPressure_Tests.Measured_streaming_reader_preserves_old_rows_and_releases_its_lease_on_another_thread(password: "secret")
    LiteDB.Tests.Engine.SharedWriterPressure_Tests.Scheduling_precedes_leases_but_an_admitted_reader_keeps_its_generation(password: null, beforeAdmission: False)
    LiteDB.Tests.Engine.SharedWriterPressure_Tests.Scheduling_precedes_leases_but_an_admitted_reader_keeps_its_generation(password: "secret", beforeAdmission: False)
    LiteDB.Tests.Engine.SharedWriterPressure_Tests.Scheduling_precedes_leases_but_an_admitted_reader_keeps_its_generation(password: null, beforeAdmission: True)
    LiteDB.Tests.Engine.SharedWriterPressure_Tests.Scheduling_precedes_leases_but_an_admitted_reader_keeps_its_generation(password: "secret", beforeAdmission: True)
    LiteDB.Tests.Engine.SortDiskCleanup_Tests.Failed_alias_admission_cannot_delete_live_owners_sort_file(encrypted: False)
    LiteDB.Tests.Engine.SortDiskCleanup_Tests.Failed_alias_admission_cannot_delete_live_owners_sort_file(encrypted: True)
    LiteDB.Tests.Engine.TransactionHandleAbandonment_Tests.Completed_handle_does_not_root_abandoned_session_and_active_handle(shared: False, promote: False)
    LiteDB.Tests.Engine.TransactionHandleAbandonment_Tests.Completed_handle_does_not_root_abandoned_session_and_active_handle(shared: False, promote: True)
    LiteDB.Tests.Engine.TransactionHandleAbandonment_Tests.Completed_handle_does_not_root_abandoned_session_and_active_handle(shared: True, promote: False)
    LiteDB.Tests.Engine.TransactionHandleAbandonment_Tests.Completed_handle_does_not_root_abandoned_session_and_active_handle(shared: True, promote: True)
    LiteDB.Tests.Engine.TransactionHandleAdmissionLifetime_Tests.Caller_cancellation_and_session_close_drain_pending_begin_without_touching_peer(cancelFirst: False)
    LiteDB.Tests.Engine.TransactionHandleAdmissionLifetime_Tests.Caller_cancellation_and_session_close_drain_pending_begin_without_touching_peer(cancelFirst: True)
    LiteDB.Tests.Engine.TransactionHandleAdmissionLifetime_Tests.Admission_cancellation_remains_primary_when_stream_cleanup_also_fails
    LiteDB.Tests.Engine.TransactionHandleAdmissionLifetime_Tests.Admission_does_not_root_abandoned_handle_through_callback_or_execution_context(asyncLocal: False)
    LiteDB.Tests.Engine.TransactionHandleAdmissionLifetime_Tests.Admission_does_not_root_abandoned_handle_through_callback_or_execution_context(asyncLocal: True)
    LiteDB.Tests.Engine.TransactionHandleAdmission_Tests.Invalid_and_precanceled_options_do_not_admit_and_zero_attempts_without_waiting
    LiteDB.Tests.Engine.TransactionHandleAdmission_Tests.Local_wait_cancellation_preserves_owner_and_allows_retry
    LiteDB.Tests.Engine.TransactionHandleAdmission_Tests.Native_wait_timeout_or_cancellation_preserves_independent_legacy_owner(cancel: False)
    LiteDB.Tests.Engine.TransactionHandleAdmission_Tests.Native_wait_timeout_or_cancellation_preserves_independent_legacy_owner(cancel: True)
    LiteDB.Tests.Engine.TransactionHandleAdmission_Tests.Both_shared_waits_spend_one_deadline
    LiteDB.Tests.Engine.TransactionHandleAdmission_Tests.Cancellation_after_acquisition_releases_ownership_before_reporting_failure(at: "local-acquired")
    LiteDB.Tests.Engine.TransactionHandleAdmission_Tests.Cancellation_after_acquisition_releases_ownership_before_reporting_failure(at: "native-acquired")
    LiteDB.Tests.Engine.TransactionHandleAdmission_Tests.Cancellation_after_acquisition_releases_ownership_before_reporting_failure(at: "storage-opened")
    LiteDB.Tests.Engine.TransactionHandleAdmission_Tests.Cancellation_after_return_does_not_cancel_transaction_or_commit(shared: False)
    LiteDB.Tests.Engine.TransactionHandleAdmission_Tests.Cancellation_after_return_does_not_cancel_transaction_or_commit(shared: True)
    LiteDB.Tests.Engine.TransactionHandleBinding_Tests.Mapper_reentry_cannot_complete_or_escape_the_enclosing_operation(shared: False)
    LiteDB.Tests.Engine.TransactionHandleBinding_Tests.Mapper_reentry_cannot_complete_or_escape_the_enclosing_operation(shared: True)
    LiteDB.Tests.Engine.TransactionHandleBinding_Tests.Mapping_is_inside_the_same_handle_overlap_guard
    LiteDB.Tests.Engine.TransactionHandleBinding_Tests.Bound_indexes_queries_and_deferred_objects_preserve_their_owner(shared: False)
    LiteDB.Tests.Engine.TransactionHandleBinding_Tests.Bound_indexes_queries_and_deferred_objects_preserve_their_owner(shared: True)
    LiteDB.Tests.Engine.TransactionHandleBinding_Tests.Unsupported_external_query_output_does_not_abort_prior_writes
    LiteDB.Tests.Engine.TransactionHandleBinding_Tests.Read_only_handles_query_and_complete_without_granting_writes(shared: False)
    LiteDB.Tests.Engine.TransactionHandleBinding_Tests.Read_only_handles_query_and_complete_without_granting_writes(shared: True)
    LiteDB.Tests.Engine.TransactionHandleBoundDisposeRace_Tests.Disposal_between_child_capture_and_admission_does_not_abort_writes(shared: False, enumerator: False, password: null)
    LiteDB.Tests.Engine.TransactionHandleBoundDisposeRace_Tests.Disposal_between_child_capture_and_admission_does_not_abort_writes(shared: False, enumerator: True, password: null)
    LiteDB.Tests.Engine.TransactionHandleBoundDisposeRace_Tests.Disposal_between_child_capture_and_admission_does_not_abort_writes(shared: True, enumerator: False, password: null)
    LiteDB.Tests.Engine.TransactionHandleBoundDisposeRace_Tests.Disposal_between_child_capture_and_admission_does_not_abort_writes(shared: True, enumerator: True, password: null)
    LiteDB.Tests.Engine.TransactionHandleBoundDisposeRace_Tests.Disposal_between_child_capture_and_admission_does_not_abort_writes(shared: False, enumerator: False, password: "secret")
    LiteDB.Tests.Engine.TransactionHandleBoundDisposeRace_Tests.Disposal_between_child_capture_and_admission_does_not_abort_writes(shared: False, enumerator: True, password: "secret")
    LiteDB.Tests.Engine.TransactionHandleBoundDisposeRace_Tests.Disposal_between_child_capture_and_admission_does_not_abort_writes(shared: True, enumerator: False, password: "secret")
    LiteDB.Tests.Engine.TransactionHandleBoundDisposeRace_Tests.Disposal_between_child_capture_and_admission_does_not_abort_writes(shared: True, enumerator: True, password: "secret")
    LiteDB.Tests.Engine.TransactionHandleBoundDisposeRace_Tests.Actual_reader_operation_and_disposal_failures_still_abort(shared: False, disposal: False)
    LiteDB.Tests.Engine.TransactionHandleBoundDisposeRace_Tests.Actual_reader_operation_and_disposal_failures_still_abort(shared: False, disposal: True)
    LiteDB.Tests.Engine.TransactionHandleBoundDisposeRace_Tests.Actual_reader_operation_and_disposal_failures_still_abort(shared: True, disposal: False)
    LiteDB.Tests.Engine.TransactionHandleBoundDisposeRace_Tests.Actual_reader_operation_and_disposal_failures_still_abort(shared: True, disposal: True)
    LiteDB.Tests.Engine.TransactionHandleCallbackHandoff_Tests.Public_admission_handoff_preserves_current_callback_marker(shared: False, password: null)
    LiteDB.Tests.Engine.TransactionHandleCallbackHandoff_Tests.Public_admission_handoff_preserves_current_callback_marker(shared: False, password: "secret")
    LiteDB.Tests.Engine.TransactionHandleCallbackHandoff_Tests.Public_admission_handoff_preserves_current_callback_marker(shared: True, password: null)
    LiteDB.Tests.Engine.TransactionHandleCallbackHandoff_Tests.Public_admission_handoff_preserves_current_callback_marker(shared: True, password: "secret")
    LiteDB.Tests.Engine.TransactionHandleCallbackLock_Tests.Same_collection_callback_refuses_self_wait_without_enlisting_independent_work(password: null, handoff: False)
    LiteDB.Tests.Engine.TransactionHandleCallbackLock_Tests.Same_collection_callback_refuses_self_wait_without_enlisting_independent_work(password: "secret", handoff: False)
    LiteDB.Tests.Engine.TransactionHandleCallbackLock_Tests.Same_collection_callback_refuses_self_wait_without_enlisting_independent_work(password: null, handoff: True)
    LiteDB.Tests.Engine.TransactionHandleCallbackLock_Tests.Same_collection_callback_refuses_self_wait_without_enlisting_independent_work(password: "secret", handoff: True)
    LiteDB.Tests.Engine.TransactionHandleCallbackLock_Tests.Original_thread_may_wait_for_idle_handle_completed_by_another_thread(password: null)
    LiteDB.Tests.Engine.TransactionHandleCallbackLock_Tests.Original_thread_may_wait_for_idle_handle_completed_by_another_thread(password: "secret")
    LiteDB.Tests.Engine.TransactionHandleCallbackLock_Tests.Repeated_public_handoff_restores_binding_before_admitting_next_callback
    LiteDB.Tests.Engine.TransactionHandleCallbackScopeRetention_Tests.Idle_caller_thread_does_not_root_completed_application_graph(password: null, fail: False)
    LiteDB.Tests.Engine.TransactionHandleCallbackScopeRetention_Tests.Idle_caller_thread_does_not_root_completed_application_graph(password: null, fail: True)
    LiteDB.Tests.Engine.TransactionHandleCallbackScopeRetention_Tests.Idle_caller_thread_does_not_root_completed_application_graph(password: "secret", fail: False)
    LiteDB.Tests.Engine.TransactionHandleCallbackScopeRetention_Tests.Idle_caller_thread_does_not_root_completed_application_graph(password: "secret", fail: True)
    LiteDB.Tests.Engine.TransactionHandleChildCloseRace_Tests.Admitted_child_call_finishes_when_disposal_hands_cleanup_to_session(shared: False, enumerator: False, password: null)
    LiteDB.Tests.Engine.TransactionHandleChildCloseRace_Tests.Admitted_child_call_finishes_when_disposal_hands_cleanup_to_session(shared: False, enumerator: True, password: null)
    LiteDB.Tests.Engine.TransactionHandleChildCloseRace_Tests.Admitted_child_call_finishes_when_disposal_hands_cleanup_to_session(shared: True, enumerator: False, password: null)
    LiteDB.Tests.Engine.TransactionHandleChildCloseRace_Tests.Admitted_child_call_finishes_when_disposal_hands_cleanup_to_session(shared: True, enumerator: True, password: null)
    LiteDB.Tests.Engine.TransactionHandleChildCloseRace_Tests.Admitted_child_call_finishes_when_disposal_hands_cleanup_to_session(shared: False, enumerator: False, password: "secret")
    LiteDB.Tests.Engine.TransactionHandleChildCloseRace_Tests.Admitted_child_call_finishes_when_disposal_hands_cleanup_to_session(shared: False, enumerator: True, password: "secret")
    LiteDB.Tests.Engine.TransactionHandleChildCloseRace_Tests.Admitted_child_call_finishes_when_disposal_hands_cleanup_to_session(shared: True, enumerator: False, password: "secret")
    LiteDB.Tests.Engine.TransactionHandleChildCloseRace_Tests.Admitted_child_call_finishes_when_disposal_hands_cleanup_to_session(shared: True, enumerator: True, password: "secret")
    LiteDB.Tests.Engine.TransactionHandleChildLifetime_Tests.Failed_reused_open_or_core_close_discards_child_and_preserves_committed_data(password: null, failOpen: False)
    LiteDB.Tests.Engine.TransactionHandleChildLifetime_Tests.Failed_reused_open_or_core_close_discards_child_and_preserves_committed_data(password: null, failOpen: True)
    LiteDB.Tests.Engine.TransactionHandleChildLifetime_Tests.Failed_reused_open_or_core_close_discards_child_and_preserves_committed_data(password: "secret", failOpen: False)
    LiteDB.Tests.Engine.TransactionHandleChildLifetime_Tests.Failed_reused_open_or_core_close_discards_child_and_preserves_committed_data(password: "secret", failOpen: True)
    LiteDB.Tests.Engine.TransactionHandleChildLifetime_Tests.Reused_wrapper_after_failed_wal_write_reopens_without_unconfirmed_rows(password: null)
    LiteDB.Tests.Engine.TransactionHandleChildLifetime_Tests.Reused_wrapper_after_failed_wal_write_reopens_without_unconfirmed_rows(password: "secret")
    LiteDB.Tests.Engine.TransactionHandleChildLifetime_Tests.Retained_completed_handle_and_idle_worker_do_not_root_cached_or_abandoned_session(abandonActive: False)
    LiteDB.Tests.Engine.TransactionHandleChildLifetime_Tests.Retained_completed_handle_and_idle_worker_do_not_root_cached_or_abandoned_session(abandonActive: True)
    LiteDB.Tests.Engine.TransactionHandleChildReadPolicy_Tests.Replacing_callers_settings_delegate_does_not_change_constructed_shared_connection(initial: False, replacement: True)
    LiteDB.Tests.Engine.TransactionHandleChildReadPolicy_Tests.Replacing_callers_settings_delegate_does_not_change_constructed_shared_connection(initial: True, replacement: False)
    LiteDB.Tests.Engine.TransactionHandleChildReadPolicy_Tests.Replacing_callers_settings_delegate_does_not_change_constructed_shared_connection(initial: True, replacement: True)
    LiteDB.Tests.Engine.TransactionHandleChildReadPolicy_Tests.Reused_wrapper_observes_changes_to_the_original_delegate_target
    LiteDB.Tests.Engine.TransactionHandleChildReuse_Tests.Reused_holder_and_wrapper_release_writer_and_refresh_after_external_commit(password: null)
    LiteDB.Tests.Engine.TransactionHandleChildReuse_Tests.Reused_holder_and_wrapper_release_writer_and_refresh_after_external_commit(password: "secret")
    LiteDB.Tests.Engine.TransactionHandleChildReuse_Tests.Cached_wrapper_native_wait_timeout_or_cancellation_allows_retry(password: null, cancel: False)
    LiteDB.Tests.Engine.TransactionHandleChildReuse_Tests.Cached_wrapper_native_wait_timeout_or_cancellation_allows_retry(password: null, cancel: True)
    LiteDB.Tests.Engine.TransactionHandleChildReuse_Tests.Cached_wrapper_native_wait_timeout_or_cancellation_allows_retry(password: "secret", cancel: False)
    LiteDB.Tests.Engine.TransactionHandleChildReuse_Tests.Cached_wrapper_native_wait_timeout_or_cancellation_allows_retry(password: "secret", cancel: True)
    LiteDB.Tests.Engine.TransactionHandleChildReuse_Tests.Handle_only_facade_preserves_direct_process_admission_between_handles(password: null)
    LiteDB.Tests.Engine.TransactionHandleChildReuse_Tests.Handle_only_facade_preserves_direct_process_admission_between_handles(password: "secret")
    LiteDB.Tests.Engine.TransactionHandleChildRuntime_Tests.Reused_holder_and_wrapper_refresh_after_independent_thread_writer_on_every_runtime(password: null)
    LiteDB.Tests.Engine.TransactionHandleChildRuntime_Tests.Reused_holder_and_wrapper_refresh_after_independent_thread_writer_on_every_runtime(password: "secret")
    LiteDB.Tests.Engine.TransactionHandleChildSettings_Tests.Rebuild_invalidates_cached_child_when_password_or_collation_changes(before: null, after: "new-secret", changeCollation: False)
    LiteDB.Tests.Engine.TransactionHandleChildSettings_Tests.Rebuild_invalidates_cached_child_when_password_or_collation_changes(before: "old-secret", after: "new-secret", changeCollation: False)
    LiteDB.Tests.Engine.TransactionHandleChildSettings_Tests.Rebuild_invalidates_cached_child_when_password_or_collation_changes(before: "old-secret", after: null, changeCollation: False)
    LiteDB.Tests.Engine.TransactionHandleChildSettings_Tests.Rebuild_invalidates_cached_child_when_password_or_collation_changes(before: null, after: null, changeCollation: True)
    LiteDB.Tests.Engine.TransactionHandleChildSettings_Tests.Changed_serialized_collation_policy_is_not_hidden_by_cached_wrapper
    LiteDB.Tests.Engine.TransactionHandleCleanupScheduler_Tests.Reused_worker_restores_caller_and_suppressed_contexts
    LiteDB.Tests.Engine.TransactionHandleCleanupScheduler_Tests.Busy_cleanup_workers_do_not_limit_another_session
    LiteDB.Tests.Engine.TransactionHandleCleanupScheduler_Tests.Completed_callback_graph_is_collectible_while_its_worker_is_still_idle
    LiteDB.Tests.Engine.TransactionHandleCleanupScheduler_Tests.Dispatch_after_expiry_removal_runs_once_on_another_worker
    LiteDB.Tests.Engine.TransactionHandleCleanupScheduler_Tests.Reused_cleanup_preserves_committed_data_and_rolls_back_each_idle_handle(shared: False)
    LiteDB.Tests.Engine.TransactionHandleCleanupScheduler_Tests.Reused_cleanup_preserves_committed_data_and_rolls_back_each_idle_handle(shared: True)
    LiteDB.Tests.Engine.TransactionHandleCloseCleanup_Tests.Concurrent_retries_dispatch_and_release_exactly_once
    LiteDB.Tests.Engine.TransactionHandleCloseCleanup_Tests.Idle_final_release_is_bounded_and_does_not_block_other_sessions
    LiteDB.Tests.Engine.TransactionHandleCloseCleanup_Tests.Failed_cleanup_dispatch_retains_ownership_and_retry_completes
    LiteDB.Tests.Engine.TransactionHandleCloseCleanup_Tests.Close_deadline_also_covers_idle_rollback_and_cleanup_reentry_is_rejected
    LiteDB.Tests.Engine.TransactionHandleCloseCleanup_Tests.Deferred_fatal_close_preserves_outer_maintenance_ownership
    LiteDB.Tests.Engine.TransactionHandleCommitPrecondition_Tests.Open_cursor_commit_refusal_keeps_handle_active_and_completion_releases_locks(shared: False, rollback: False)
    LiteDB.Tests.Engine.TransactionHandleCommitPrecondition_Tests.Open_cursor_commit_refusal_keeps_handle_active_and_completion_releases_locks(shared: False, rollback: True)
    LiteDB.Tests.Engine.TransactionHandleCommitPrecondition_Tests.Open_cursor_commit_refusal_keeps_handle_active_and_completion_releases_locks(shared: True, rollback: False)
    LiteDB.Tests.Engine.TransactionHandleCommitPrecondition_Tests.Open_cursor_commit_refusal_keeps_handle_active_and_completion_releases_locks(shared: True, rollback: True)
    LiteDB.Tests.Engine.TransactionHandleContext_Tests.Windows_impersonation_is_refused_before_handle_acquisition(occupied: False)
    LiteDB.Tests.Engine.TransactionHandleContext_Tests.Windows_impersonation_is_refused_before_handle_acquisition(occupied: True)
    LiteDB.Tests.Engine.TransactionHandleDisposeSafety_Tests.Disposed_bound_objects_refuse_use_without_aborting_prior_writes(shared: False)
    LiteDB.Tests.Engine.TransactionHandleDisposeSafety_Tests.Disposed_bound_objects_refuse_use_without_aborting_prior_writes(shared: True)
    LiteDB.Tests.Engine.TransactionHandleDisposeSafety_Tests.Disposal_after_close_admission_is_revoked_does_not_mask_user_exception(shared: False)
    LiteDB.Tests.Engine.TransactionHandleDisposeSafety_Tests.Disposal_after_close_admission_is_revoked_does_not_mask_user_exception(shared: True)
    LiteDB.Tests.Engine.TransactionHandleDisposeSafety_Tests.Disposal_while_close_worker_rolls_back_is_idempotent(shared: False)
    LiteDB.Tests.Engine.TransactionHandleDisposeSafety_Tests.Disposal_while_close_worker_rolls_back_is_idempotent(shared: True)
    LiteDB.Tests.Engine.TransactionHandleDisposeSafety_Tests.Disposing_healthy_handle_after_peer_fatal_failure_does_not_repeat_peer_error(password: null)
    LiteDB.Tests.Engine.TransactionHandleDisposeSafety_Tests.Disposing_healthy_handle_after_peer_fatal_failure_does_not_repeat_peer_error(password: "secret")
    LiteDB.Tests.Engine.TransactionHandleDisposeSafety_Tests.Reentrant_disposal_is_rejected_without_waiting_or_aborting(shared: False)
    LiteDB.Tests.Engine.TransactionHandleDisposeSafety_Tests.Reentrant_disposal_is_rejected_without_waiting_or_aborting(shared: True)
    LiteDB.Tests.Engine.TransactionHandleDisposeSafety_Tests.Deferred_fatal_teardown_does_not_repeat_peer_error_on_healthy_disposal(password: null, cleanupOrder: 0)
    LiteDB.Tests.Engine.TransactionHandleDisposeSafety_Tests.Deferred_fatal_teardown_does_not_repeat_peer_error_on_healthy_disposal(password: "secret", cleanupOrder: 0)
    LiteDB.Tests.Engine.TransactionHandleDisposeSafety_Tests.Deferred_fatal_teardown_does_not_repeat_peer_error_on_healthy_disposal(password: null, cleanupOrder: 1)
    LiteDB.Tests.Engine.TransactionHandleDisposeSafety_Tests.Deferred_fatal_teardown_does_not_repeat_peer_error_on_healthy_disposal(password: "secret", cleanupOrder: 1)
    LiteDB.Tests.Engine.TransactionHandleDisposeSafety_Tests.Deferred_fatal_teardown_does_not_repeat_peer_error_on_healthy_disposal(password: null, cleanupOrder: 2)
    LiteDB.Tests.Engine.TransactionHandleDisposeSafety_Tests.Deferred_fatal_teardown_does_not_repeat_peer_error_on_healthy_disposal(password: "secret", cleanupOrder: 2)
    LiteDB.Tests.Engine.TransactionHandleFailure_Tests.Failed_wal_publication_never_reports_commit_or_disposal_as_rollback(shared: False, encrypted: False)
    LiteDB.Tests.Engine.TransactionHandleFailure_Tests.Failed_wal_publication_never_reports_commit_or_disposal_as_rollback(shared: False, encrypted: True)
    LiteDB.Tests.Engine.TransactionHandleFailure_Tests.Failed_wal_publication_never_reports_commit_or_disposal_as_rollback(shared: True, encrypted: False)
    LiteDB.Tests.Engine.TransactionHandleFailure_Tests.Failed_wal_publication_never_reports_commit_or_disposal_as_rollback(shared: True, encrypted: True)
    LiteDB.Tests.Engine.TransactionHandleFailure_Tests.Committed_outcome_survives_post_commit_cleanup_failure(shared: False)
    LiteDB.Tests.Engine.TransactionHandleFailure_Tests.Committed_outcome_survives_post_commit_cleanup_failure(shared: True)
    LiteDB.Tests.Engine.TransactionHandleFailure_Tests.Failed_durable_flush_is_indeterminate_and_recovery_keeps_acknowledged_data(password: null)
    LiteDB.Tests.Engine.TransactionHandleFailure_Tests.Failed_durable_flush_is_indeterminate_and_recovery_keeps_acknowledged_data(password: "secret")
    LiteDB.Tests.Engine.TransactionHandleFailure_Tests.Rejected_reentrant_core_disposal_does_not_dispose_legacy_slots
    LiteDB.Tests.Engine.TransactionHandleFailure_Tests.Statement_error_survives_rollback_cleanup_failure(shared: False)
    LiteDB.Tests.Engine.TransactionHandleFailure_Tests.Statement_error_survives_rollback_cleanup_failure(shared: True)
    LiteDB.Tests.Engine.TransactionHandleFatalCleanupRace_Tests.Cleanup_discriminates_published_peer_failure_from_its_own_failure(peer: False, invalidData: False, distinctFailure: False)
    LiteDB.Tests.Engine.TransactionHandleFatalCleanupRace_Tests.Cleanup_discriminates_published_peer_failure_from_its_own_failure(peer: False, invalidData: True, distinctFailure: False)
    LiteDB.Tests.Engine.TransactionHandleFatalCleanupRace_Tests.Cleanup_discriminates_published_peer_failure_from_its_own_failure(peer: True, invalidData: False, distinctFailure: False)
    LiteDB.Tests.Engine.TransactionHandleFatalCleanupRace_Tests.Cleanup_discriminates_published_peer_failure_from_its_own_failure(peer: True, invalidData: True, distinctFailure: False)
    LiteDB.Tests.Engine.TransactionHandleFatalCleanupRace_Tests.Cleanup_discriminates_published_peer_failure_from_its_own_failure(peer: False, invalidData: False, distinctFailure: True)
    LiteDB.Tests.Engine.TransactionHandleFatalCleanupRace_Tests.Cleanup_discriminates_published_peer_failure_from_its_own_failure(peer: False, invalidData: True, distinctFailure: True)
    LiteDB.Tests.Engine.TransactionHandleFeatureCoverage_Tests.Independent_direct_handles_overlap_and_preserve_each_others_commit_and_rollback
    LiteDB.Tests.Engine.TransactionHandleFeatureCoverage_Tests.Writable_handle_rejects_drop_and_rename_without_losing_prior_writes(shared: False)
    LiteDB.Tests.Engine.TransactionHandleFeatureCoverage_Tests.Writable_handle_rejects_drop_and_rename_without_losing_prior_writes(shared: True)
    LiteDB.Tests.Engine.TransactionHandleFeatureCoverage_Tests.Handle_metadata_queries_read_existing_collections_and_bound_uncommitted_indexes(shared: False)
    LiteDB.Tests.Engine.TransactionHandleFeatureCoverage_Tests.Handle_metadata_queries_read_existing_collections_and_bound_uncommitted_indexes(shared: True)
    LiteDB.Tests.Engine.TransactionHandleFeatureCoverage_Tests.Custom_engine_rejection_leaves_legacy_and_ordinary_operations_usable
    LiteDB.Tests.Engine.TransactionHandleFeatureCoverage_Tests.Shared_legacy_owner_rejects_same_thread_handle_without_aborting_legacy_transaction
    LiteDB.Tests.Engine.TransactionHandleHolderScheduler_Tests.Reused_worker_restores_caller_and_suppressed_contexts
    LiteDB.Tests.Engine.TransactionHandleHolderScheduler_Tests.Busy_cleanup_workers_do_not_limit_another_session
    LiteDB.Tests.Engine.TransactionHandleHolderScheduler_Tests.Completed_callback_graph_is_collectible_while_its_worker_is_still_idle
    LiteDB.Tests.Engine.TransactionHandleHolderScheduler_Tests.Dispatch_after_expiry_removal_runs_once_on_another_worker
    LiteDB.Tests.Engine.TransactionHandleInclude_Tests.Include_vector_scores_and_Into_keep_exact_handle_binding(shared: False)
    LiteDB.Tests.Engine.TransactionHandleInclude_Tests.Include_vector_scores_and_Into_keep_exact_handle_binding(shared: True)
    LiteDB.Tests.Engine.TransactionHandleLateCallbackClose_Tests.Late_callback_close_refuses_only_a_self_dependent_drain(mode: 0, password: null)
    LiteDB.Tests.Engine.TransactionHandleLateCallbackClose_Tests.Late_callback_close_refuses_only_a_self_dependent_drain(mode: 0, password: "secret")
    LiteDB.Tests.Engine.TransactionHandleLateCallbackClose_Tests.Late_callback_close_refuses_only_a_self_dependent_drain(mode: 1, password: null)
    LiteDB.Tests.Engine.TransactionHandleLateCallbackClose_Tests.Late_callback_close_refuses_only_a_self_dependent_drain(mode: 1, password: "secret")
    LiteDB.Tests.Engine.TransactionHandleLateCallbackClose_Tests.Late_callback_close_refuses_only_a_self_dependent_drain(mode: 2, password: null)
    LiteDB.Tests.Engine.TransactionHandleLateCallbackClose_Tests.Late_callback_close_refuses_only_a_self_dependent_drain(mode: 2, password: "secret")
    LiteDB.Tests.Engine.TransactionHandleLateCallbackClose_Tests.Late_callback_close_refuses_only_a_self_dependent_drain(mode: 3, password: null)
    LiteDB.Tests.Engine.TransactionHandleLateCallbackClose_Tests.Late_callback_close_refuses_only_a_self_dependent_drain(mode: 3, password: "secret")
    LiteDB.Tests.Engine.TransactionHandleLateCallbackClose_Tests.Late_callback_close_refuses_only_a_self_dependent_drain(mode: 4, password: null)
    LiteDB.Tests.Engine.TransactionHandleLateCallbackClose_Tests.Late_callback_close_refuses_only_a_self_dependent_drain(mode: 4, password: "secret")
    LiteDB.Tests.Engine.TransactionHandleLateCallbackClose_Tests.Late_callback_close_refuses_only_a_self_dependent_drain(mode: 5, password: null)
    LiteDB.Tests.Engine.TransactionHandleLateCallbackClose_Tests.Late_callback_close_refuses_only_a_self_dependent_drain(mode: 5, password: "secret")
    LiteDB.Tests.Engine.TransactionHandleLateCallbackClose_Tests.Cross_thread_close_drains_late_callback_without_refusing_it(mode: 0, password: null)
    LiteDB.Tests.Engine.TransactionHandleLateCallbackClose_Tests.Cross_thread_close_drains_late_callback_without_refusing_it(mode: 0, password: "secret")
    LiteDB.Tests.Engine.TransactionHandleLateCallbackClose_Tests.Cross_thread_close_drains_late_callback_without_refusing_it(mode: 4, password: null)
    LiteDB.Tests.Engine.TransactionHandleLateCallbackClose_Tests.Cross_thread_close_drains_late_callback_without_refusing_it(mode: 4, password: "secret")
    LiteDB.Tests.Engine.TransactionHandleLateCallbackClose_Tests.Cross_thread_close_drains_late_callback_without_refusing_it(mode: 5, password: null)
    LiteDB.Tests.Engine.TransactionHandleLateCallbackClose_Tests.Cross_thread_close_drains_late_callback_without_refusing_it(mode: 5, password: "secret")
    LiteDB.Tests.Engine.TransactionHandleLifetime_Tests.Completed_and_failed_handles_release_ownership_without_disposal(shared: False)
    LiteDB.Tests.Engine.TransactionHandleLifetime_Tests.Completed_and_failed_handles_release_ownership_without_disposal(shared: True)
    LiteDB.Tests.Engine.TransactionHandleLifetime_Tests.Close_timeout_retains_work_then_cleans_up_without_a_retry(shared: False)
    LiteDB.Tests.Engine.TransactionHandleLifetime_Tests.Close_timeout_retains_work_then_cleans_up_without_a_retry(shared: True)
    LiteDB.Tests.Engine.TransactionHandleLifetime_Tests.Closing_shared_session_cancels_pending_begins_and_settles_idle_owner
    LiteDB.Tests.Engine.TransactionHandleLifetime_Tests.Closing_pending_shared_begin_preserves_an_independent_legacy_owner
    LiteDB.Tests.Engine.TransactionHandleMaintenanceProgress_Tests.Waiting_maintenance_holds_new_operations_but_allows_nested_completion
    LiteDB.Tests.Engine.TransactionHandleMaintenanceProgress_Tests.Close_waiter_does_not_interrupt_the_current_maintenance_generation
    LiteDB.Tests.Engine.TransactionHandleMaintenanceProgress_Tests.Maintenance_timeout_removes_pending_admission_and_reader_can_retry
    LiteDB.Tests.Engine.TransactionHandleMaintenanceProgress_Tests.Rebuild_drains_existing_transaction_or_foreign_cursor_before_new_work(cursor: False)
    LiteDB.Tests.Engine.TransactionHandleMaintenanceProgress_Tests.Rebuild_drains_existing_transaction_or_foreign_cursor_before_new_work(cursor: True)
    LiteDB.Tests.Engine.TransactionHandleMaintenanceProgress_Tests.Maintenance_progresses_under_sustained_ordinary_reads(close: False)
    LiteDB.Tests.Engine.TransactionHandleMaintenanceProgress_Tests.Maintenance_progresses_under_sustained_ordinary_reads(close: True)
    LiteDB.Tests.Engine.TransactionHandleMaintenanceProgress_Tests.Raw_close_interrupts_collection_waiter_and_cold_reopen_keeps_only_committed_rows
    LiteDB.Tests.Engine.TransactionHandleModel_Tests.Seeded_handoffs_match_committed_model_after_each_cold_reopen(shared: False, seed: 1323064)
    LiteDB.Tests.Engine.TransactionHandleModel_Tests.Seeded_handoffs_match_committed_model_after_each_cold_reopen(shared: False, seed: 30673041)
    LiteDB.Tests.Engine.TransactionHandleModel_Tests.Seeded_handoffs_match_committed_model_after_each_cold_reopen(shared: True, seed: 1323064)
    LiteDB.Tests.Engine.TransactionHandleModel_Tests.Seeded_handoffs_match_committed_model_after_each_cold_reopen(shared: True, seed: 30673041)
    LiteDB.Tests.Engine.TransactionHandleModel_Tests.Same_thread_independent_handles_cannot_recurse_into_the_same_collection_write_lock
    LiteDB.Tests.Engine.TransactionHandleModel_Tests.Read_only_handle_on_writable_host_preserves_peer_policy
    LiteDB.Tests.Engine.TransactionHandleOrdinaryCallbackBegin_Tests.Pinned_input_without_holds_refuses_handle_before_admission(password: null, peerFacade: False)
    LiteDB.Tests.Engine.TransactionHandleOrdinaryCallbackBegin_Tests.Pinned_input_without_holds_refuses_handle_before_admission(password: "secret", peerFacade: False)
    LiteDB.Tests.Engine.TransactionHandleOrdinaryCallbackBegin_Tests.Pinned_input_without_holds_refuses_handle_before_admission(password: null, peerFacade: True)
    LiteDB.Tests.Engine.TransactionHandleOrdinaryCallbackBegin_Tests.Pinned_input_without_holds_refuses_handle_before_admission(password: "secret", peerFacade: True)
    LiteDB.Tests.Engine.TransactionHandleOrdinaryCallbackBegin_Tests.Transferred_mutex_reader_refuses_handle_before_admission(password: null, lockingQuery: False, peerFacade: False)
    LiteDB.Tests.Engine.TransactionHandleOrdinaryCallbackBegin_Tests.Transferred_mutex_reader_refuses_handle_before_admission(password: "secret", lockingQuery: False, peerFacade: False)
    LiteDB.Tests.Engine.TransactionHandleOrdinaryCallbackBegin_Tests.Transferred_mutex_reader_refuses_handle_before_admission(password: null, lockingQuery: True, peerFacade: False)
    LiteDB.Tests.Engine.TransactionHandleOrdinaryCallbackBegin_Tests.Transferred_mutex_reader_refuses_handle_before_admission(password: "secret", lockingQuery: True, peerFacade: False)
    LiteDB.Tests.Engine.TransactionHandleOrdinaryCallbackBegin_Tests.Transferred_mutex_reader_refuses_handle_before_admission(password: null, lockingQuery: False, peerFacade: True)
    LiteDB.Tests.Engine.TransactionHandleOrdinaryCallbackBegin_Tests.Transferred_mutex_reader_refuses_handle_before_admission(password: "secret", lockingQuery: False, peerFacade: True)
    LiteDB.Tests.Engine.TransactionHandleOrdinaryCallbackBegin_Tests.Transferred_mutex_reader_refuses_handle_before_admission(password: null, lockingQuery: True, peerFacade: True)
    LiteDB.Tests.Engine.TransactionHandleOrdinaryCallbackBegin_Tests.Transferred_mutex_reader_refuses_handle_before_admission(password: "secret", lockingQuery: True, peerFacade: True)
    LiteDB.Tests.Engine.TransactionHandleOrdinaryCallbackBegin_Tests.Independent_leased_reader_callback_can_begin_handle(password: null, transferred: False)
    LiteDB.Tests.Engine.TransactionHandleOrdinaryCallbackBegin_Tests.Independent_leased_reader_callback_can_begin_handle(password: "secret", transferred: False)
    LiteDB.Tests.Engine.TransactionHandleOrdinaryCallbackBegin_Tests.Independent_leased_reader_callback_can_begin_handle(password: null, transferred: True)
    LiteDB.Tests.Engine.TransactionHandleOrdinaryCallbackBegin_Tests.Independent_leased_reader_callback_can_begin_handle(password: "secret", transferred: True)
    LiteDB.Tests.Engine.TransactionHandleOrdinaryCallbackControl_Tests.Nested_other_database_calls_restore_outer_ownership_after_exception(password: null)
    LiteDB.Tests.Engine.TransactionHandleOrdinaryCallbackControl_Tests.Nested_other_database_calls_restore_outer_ownership_after_exception(password: "secret")
    LiteDB.Tests.Engine.TransactionHandleOrdinaryCallbackControl_Tests.Initial_query_callback_refuses_peer_before_snapshot_publication(password: null)
    LiteDB.Tests.Engine.TransactionHandleOrdinaryCallbackControl_Tests.Initial_query_callback_refuses_peer_before_snapshot_publication(password: "secret")
    LiteDB.Tests.Engine.TransactionHandleOrdinaryCallbackControl_Tests.Throwing_transferred_reader_callback_restores_scope_and_releases_owner(password: null)
    LiteDB.Tests.Engine.TransactionHandleOrdinaryCallbackControl_Tests.Throwing_transferred_reader_callback_restores_scope_and_releases_owner(password: "secret")
    LiteDB.Tests.Engine.TransactionHandlePostedRelease_Tests.Zero_timeout_refuses_posted_legacy_release_while_bounded_retry_waits_for_it
    LiteDB.Tests.Engine.TransactionHandleRawCloseDependency_Tests.Close_wakes_fresh_work_already_waiting_behind_rebuild
    LiteDB.Tests.Engine.TransactionHandleRawCloseDependency_Tests.Raw_close_rejects_fresh_callback_dependency_before_draining_callback
    LiteDB.Tests.Engine.TransactionHandleRawEngine_Tests.Uncaught_raw_reentry_aborts_statement_and_cannot_escape_to_autocommit
    LiteDB.Tests.Engine.TransactionHandleRawEngine_Tests.Raw_engine_reentry_from_mapping_or_bulk_input_cannot_complete_the_handle(bulk: False)
    LiteDB.Tests.Engine.TransactionHandleRawEngine_Tests.Raw_engine_reentry_from_mapping_or_bulk_input_cannot_complete_the_handle(bulk: True)
    LiteDB.Tests.Engine.TransactionHandleReaderOperation_Tests.Source_advancement_retains_operation_through_second_row_transform
    LiteDB.Tests.Engine.TransactionHandleSettingsLifetime_Tests.Shared_holder_does_not_root_application_fields_in_settings_or_collation(customSettings: False)
    LiteDB.Tests.Engine.TransactionHandleSettingsLifetime_Tests.Shared_holder_does_not_root_application_fields_in_settings_or_collation(customSettings: True)
    LiteDB.Tests.Engine.TransactionHandleSettingsLifetime_Tests.Derived_settings_snapshot_preserves_explicit_and_profile_transaction_limits(explicitLimit: False)
    LiteDB.Tests.Engine.TransactionHandleSettingsLifetime_Tests.Derived_settings_snapshot_preserves_explicit_and_profile_transaction_limits(explicitLimit: True)
    LiteDB.Tests.Engine.TransactionHandleSharedAdmission_Tests.Closing_cancels_waiting_shared_call_before_draining_legacy_owner(password: null, pinned: False)
    LiteDB.Tests.Engine.TransactionHandleSharedAdmission_Tests.Closing_cancels_waiting_shared_call_before_draining_legacy_owner(password: "secret", pinned: False)
    LiteDB.Tests.Engine.TransactionHandleSharedAdmission_Tests.Closing_cancels_waiting_shared_call_before_draining_legacy_owner(password: null, pinned: True)
    LiteDB.Tests.Engine.TransactionHandleSharedAdmission_Tests.Closing_cancels_waiting_shared_call_before_draining_legacy_owner(password: "secret", pinned: True)
    LiteDB.Tests.Engine.TransactionHandleSharedAdmission_Tests.Closing_cancels_native_wait_without_releasing_another_facades_owner(legacyWaiter: False)
    LiteDB.Tests.Engine.TransactionHandleSharedAdmission_Tests.Closing_cancels_native_wait_without_releasing_another_facades_owner(legacyWaiter: True)
    LiteDB.Tests.Engine.TransactionHandleSharedCallbackBegin_Tests.Callback_begin_refuses_same_namespace_before_local_admission(password: null, peerFacade: False)
    LiteDB.Tests.Engine.TransactionHandleSharedCallbackBegin_Tests.Callback_begin_refuses_same_namespace_before_local_admission(password: "secret", peerFacade: False)
    LiteDB.Tests.Engine.TransactionHandleSharedCallbackBegin_Tests.Callback_begin_refuses_same_namespace_before_local_admission(password: null, peerFacade: True)
    LiteDB.Tests.Engine.TransactionHandleSharedCallbackBegin_Tests.Callback_begin_refuses_same_namespace_before_local_admission(password: "secret", peerFacade: True)
    LiteDB.Tests.Engine.TransactionHandleSharedCallbackControl_Tests.Coordinated_same_database_read_stays_independent_inside_shared_callback(password: null)
    LiteDB.Tests.Engine.TransactionHandleSharedCallbackControl_Tests.Coordinated_same_database_read_stays_independent_inside_shared_callback(password: "secret")
    LiteDB.Tests.Engine.TransactionHandleSharedCallbackControl_Tests.Uncaught_callback_refusal_rolls_back_and_releases_execution_dependency(password: null)
    LiteDB.Tests.Engine.TransactionHandleSharedCallbackControl_Tests.Uncaught_callback_refusal_rolls_back_and_releases_execution_dependency(password: "secret")
    LiteDB.Tests.Engine.TransactionHandleSharedCallbackControl_Tests.Nested_other_database_handle_keeps_outer_dependency_and_restores_it(password: null, otherShared: False)
    LiteDB.Tests.Engine.TransactionHandleSharedCallbackControl_Tests.Nested_other_database_handle_keeps_outer_dependency_and_restores_it(password: "secret", otherShared: False)
    LiteDB.Tests.Engine.TransactionHandleSharedCallbackControl_Tests.Nested_other_database_handle_keeps_outer_dependency_and_restores_it(password: null, otherShared: True)
    LiteDB.Tests.Engine.TransactionHandleSharedCallbackControl_Tests.Nested_other_database_handle_keeps_outer_dependency_and_restores_it(password: "secret", otherShared: True)
    LiteDB.Tests.Engine.TransactionHandleSharedCallbackControl_Tests.Ordinary_other_database_callback_cannot_erase_enclosing_shared_dependency(password: null)
    LiteDB.Tests.Engine.TransactionHandleSharedCallbackControl_Tests.Ordinary_other_database_callback_cannot_erase_enclosing_shared_dependency(password: "secret")
    LiteDB.Tests.Engine.TransactionHandleSharedCallbackControl_Tests.Ordinary_wait_for_idle_handle_can_finish_after_cross_thread_completion(password: null)
    LiteDB.Tests.Engine.TransactionHandleSharedCallbackControl_Tests.Ordinary_wait_for_idle_handle_can_finish_after_cross_thread_completion(password: "secret")
    LiteDB.Tests.Engine.TransactionHandleSharedCallbackControl_Tests.Ordinary_admission_cancellation_does_not_release_an_idle_handle(password: null)
    LiteDB.Tests.Engine.TransactionHandleSharedCallbackControl_Tests.Ordinary_admission_cancellation_does_not_release_an_idle_handle(password: "secret")
    LiteDB.Tests.Engine.TransactionHandleSharedCallback_Tests.Input_callback_refuses_same_namespace_before_native_wait(password: null, write: False, peerFacade: False)
    LiteDB.Tests.Engine.TransactionHandleSharedCallback_Tests.Input_callback_refuses_same_namespace_before_native_wait(password: "secret", write: False, peerFacade: False)
    LiteDB.Tests.Engine.TransactionHandleSharedCallback_Tests.Input_callback_refuses_same_namespace_before_native_wait(password: null, write: True, peerFacade: False)
    LiteDB.Tests.Engine.TransactionHandleSharedCallback_Tests.Input_callback_refuses_same_namespace_before_native_wait(password: "secret", write: True, peerFacade: False)
    LiteDB.Tests.Engine.TransactionHandleSharedCallback_Tests.Input_callback_refuses_same_namespace_before_native_wait(password: null, write: False, peerFacade: True)
    LiteDB.Tests.Engine.TransactionHandleSharedCallback_Tests.Input_callback_refuses_same_namespace_before_native_wait(password: "secret", write: False, peerFacade: True)
    LiteDB.Tests.Engine.TransactionHandleSharedCallback_Tests.Input_callback_refuses_same_namespace_before_native_wait(password: null, write: True, peerFacade: True)
    LiteDB.Tests.Engine.TransactionHandleSharedCallback_Tests.Input_callback_refuses_same_namespace_before_native_wait(password: "secret", write: True, peerFacade: True)
    LiteDB.Tests.Engine.TransactionHandleSharedCallback_Tests.Late_reader_callback_refuses_native_wait_after_handoff(password: null, write: False)
    LiteDB.Tests.Engine.TransactionHandleSharedCallback_Tests.Late_reader_callback_refuses_native_wait_after_handoff(password: "secret", write: False)
    LiteDB.Tests.Engine.TransactionHandleSharedCallback_Tests.Late_reader_callback_refuses_native_wait_after_handoff(password: null, write: True)
    LiteDB.Tests.Engine.TransactionHandleSharedCallback_Tests.Late_reader_callback_refuses_native_wait_after_handoff(password: "secret", write: True)
    LiteDB.Tests.Engine.TransactionHandleSharedCleanup_Tests.Holder_stream_callback_rejects_indirect_session_close(parentClose: False)
    LiteDB.Tests.Engine.TransactionHandleSharedCleanup_Tests.Holder_stream_callback_rejects_indirect_session_close(parentClose: True)
    LiteDB.Tests.Engine.TransactionHandleSharedCleanup_Tests.Shared_caller_stream_handle_rejects_before_stream_access(property: "DataStream")
    LiteDB.Tests.Engine.TransactionHandleSharedCleanup_Tests.Shared_caller_stream_handle_rejects_before_stream_access(property: "LogStream")
    LiteDB.Tests.Engine.TransactionHandleSharedCleanup_Tests.Shared_caller_stream_handle_rejects_before_stream_access(property: "TempStream")
    LiteDB.Tests.Engine.TransactionHandleSharedCleanup_Tests.Fatal_cleanup_preserves_primary_and_adds_secondary_failure
    LiteDB.Tests.Engine.TransactionHandleSharedNested_Tests.Handle_begin_rejects_callers_locking_reader_or_pinned_legacy_transaction(legacy: False)
    LiteDB.Tests.Engine.TransactionHandleSharedNested_Tests.Handle_begin_rejects_callers_locking_reader_or_pinned_legacy_transaction(legacy: True)
    LiteDB.Tests.Engine.TransactionHandleSharedPinCallback_Tests.Leased_anchor_does_not_allow_handle_callback_to_start_a_self_dependent_pin(password: null, commit: False, facade: False)
    LiteDB.Tests.Engine.TransactionHandleSharedPinCallback_Tests.Leased_anchor_does_not_allow_handle_callback_to_start_a_self_dependent_pin(password: "secret", commit: False, facade: False)
    LiteDB.Tests.Engine.TransactionHandleSharedPinCallback_Tests.Leased_anchor_does_not_allow_handle_callback_to_start_a_self_dependent_pin(password: null, commit: True, facade: False)
    LiteDB.Tests.Engine.TransactionHandleSharedPinCallback_Tests.Leased_anchor_does_not_allow_handle_callback_to_start_a_self_dependent_pin(password: "secret", commit: True, facade: False)
    LiteDB.Tests.Engine.TransactionHandleSharedPinCallback_Tests.Leased_anchor_does_not_allow_handle_callback_to_start_a_self_dependent_pin(password: null, commit: False, facade: True)
    LiteDB.Tests.Engine.TransactionHandleSharedPinCallback_Tests.Leased_anchor_does_not_allow_handle_callback_to_start_a_self_dependent_pin(password: "secret", commit: False, facade: True)
    LiteDB.Tests.Engine.TransactionHandleSharedPinCallback_Tests.Leased_anchor_does_not_allow_handle_callback_to_start_a_self_dependent_pin(password: null, commit: True, facade: True)
    LiteDB.Tests.Engine.TransactionHandleSharedPinCallback_Tests.Leased_anchor_does_not_allow_handle_callback_to_start_a_self_dependent_pin(password: "secret", commit: True, facade: True)
    LiteDB.Tests.Engine.TransactionHandleSharedPinCallback_Tests.Ordinary_write_with_leased_anchor_still_starts_and_releases_a_pin(password: null)
    LiteDB.Tests.Engine.TransactionHandleSharedPinCallback_Tests.Ordinary_write_with_leased_anchor_still_starts_and_releases_a_pin(password: "secret")
    LiteDB.Tests.Engine.TransactionHandleSharedPinCallback_Tests.Handle_callback_can_start_an_independent_other_database_pin(password: null)
    LiteDB.Tests.Engine.TransactionHandleSharedPinCallback_Tests.Handle_callback_can_start_an_independent_other_database_pin(password: "secret")
    LiteDB.Tests.Engine.TransactionHandleSharedPinCallback_Tests.Leased_anchor_pin_start_may_wait_for_an_idle_handle_completed_elsewhere(password: null)
    LiteDB.Tests.Engine.TransactionHandleSharedPinCallback_Tests.Leased_anchor_pin_start_may_wait_for_an_idle_handle_completed_elsewhere(password: "secret")
    LiteDB.Tests.Engine.TransactionHandleSharedPinCancellation_Tests.Closing_cancels_pin_acquisition_without_releasing_another_facades_owner(encrypted: False)
    LiteDB.Tests.Engine.TransactionHandleSharedPinCancellation_Tests.Closing_cancels_pin_acquisition_without_releasing_another_facades_owner(encrypted: True)
    LiteDB.Tests.Engine.TransactionHandleSharedPolicy_Tests.Shared_private_storage_cannot_claim_persistent_handle_commits(filename: ":memory:")
    LiteDB.Tests.Engine.TransactionHandleSharedPolicy_Tests.Shared_private_storage_cannot_claim_persistent_handle_commits(filename: ":temp:")
    LiteDB.Tests.Engine.TransactionHandleSharedPolicy_Tests.Handle_degradation_survives_reopen_without_suppressing_later_device_sync(password: null)
    LiteDB.Tests.Engine.TransactionHandleSharedPolicy_Tests.Handle_degradation_survives_reopen_without_suppressing_later_device_sync(password: "secret")
    LiteDB.Tests.Engine.TransactionHandleSharedPolicy_Tests.Callback_enabled_handles_use_one_lifetime_holder_without_lingering_mutex_helpers
    LiteDB.Tests.Engine.TransactionHandleTurnstileCancellation_Tests.Cancellation_releases_only_the_waiters_turn(holdTurn: False)
    LiteDB.Tests.Engine.TransactionHandleTurnstileCancellation_Tests.Cancellation_releases_only_the_waiters_turn(holdTurn: True)
    LiteDB.Tests.Engine.TransactionHandleTurnstileCancellation_Tests.Abandoned_ownership_retains_the_existing_contract(abandonTurn: False)
    LiteDB.Tests.Engine.TransactionHandleTurnstileCancellation_Tests.Abandoned_ownership_retains_the_existing_contract(abandonTurn: True)
    LiteDB.Tests.Engine.TransactionHandleTurnstileCancellation_Tests.Contended_wait_preserves_release_and_abandonment(holdTurn: False, abandon: False)
    LiteDB.Tests.Engine.TransactionHandleTurnstileCancellation_Tests.Contended_wait_preserves_release_and_abandonment(holdTurn: False, abandon: True)
    LiteDB.Tests.Engine.TransactionHandleTurnstileCancellation_Tests.Contended_wait_preserves_release_and_abandonment(holdTurn: True, abandon: False)
    LiteDB.Tests.Engine.TransactionHandleTurnstileCancellation_Tests.Contended_wait_preserves_release_and_abandonment(holdTurn: True, abandon: True)
    LiteDB.Tests.Engine.TransactionHandleTurnstileCancellation_Tests.Already_cancelled_wait_never_acquires_an_available_mutex
    LiteDB.Tests.Engine.TransactionHandle_Tests.Creator_retirement_and_sequential_handoff_preserve_commit_and_rollback(shared: False, encrypted: False)
    LiteDB.Tests.Engine.TransactionHandle_Tests.Creator_retirement_and_sequential_handoff_preserve_commit_and_rollback(shared: False, encrypted: True)
    LiteDB.Tests.Engine.TransactionHandle_Tests.Creator_retirement_and_sequential_handoff_preserve_commit_and_rollback(shared: True, encrypted: False)
    LiteDB.Tests.Engine.TransactionHandle_Tests.Creator_retirement_and_sequential_handoff_preserve_commit_and_rollback(shared: True, encrypted: True)
    LiteDB.Tests.Engine.TransactionHandle_Tests.Handles_and_ordinary_calls_do_not_enlist_in_each_other
    LiteDB.Tests.Engine.TransactionHandle_Tests.Unbound_calls_inside_bound_input_do_not_join_and_statement_failure_is_terminal
    LiteDB.Tests.Engine.TransactionHandle_Tests.Cursors_block_commit_and_bound_queries_never_escape_after_completion(shared: False)
    LiteDB.Tests.Engine.TransactionHandle_Tests.Cursors_block_commit_and_bound_queries_never_escape_after_completion(shared: True)
    LiteDB.Tests.Engine.TransactionHandle_Tests.Overlap_is_rejected_without_aborting_active_work_and_close_drains_it
