2026-09-30T11:00:52.4257970Z Current runner version: '2.337.0'
2026-09-30T11:00:52.4333370Z ##[group]Runner Image Provisioner
2026-09-30T11:00:52.4335940Z Hosted Compute Agent
2026-09-30T11:00:52.4337630Z Version: 20260819.586
2026-09-30T11:00:52.4339480Z Commit: 3cc4a88dfa507ef76119ad1bb3eccc6378bb2b76
2026-09-30T11:00:52.4341690Z Build Date: 2026-08-18T23:20:18Z
2026-09-30T11:00:52.4343680Z Worker ID: {8cd26240-6e47-4b9d-95f9-d0146400c70e}
2026-09-30T11:00:52.4345820Z Azure Region: westus
2026-09-30T11:00:52.4347990Z ##[endgroup]
2026-09-30T11:00:52.4353200Z ##[group]Operating System
2026-09-30T11:00:52.4355100Z macOS
2026-09-30T11:00:52.4356820Z 15.7.9
2026-09-30T11:00:52.4358390Z 24G830
2026-09-30T11:00:52.4360160Z ##[endgroup]
2026-09-30T11:00:52.4361910Z ##[group]Runner Image
2026-09-30T11:00:52.4363670Z Image: macos-15
2026-09-30T11:00:52.4365320Z Version: 20260824.0482.1
2026-09-30T11:00:52.4369390Z Included Software: https://github.com/actions/runner-images/blob/macos-15/20260824.0482/images/macos/macos-15-Readme.md
2026-09-30T11:00:52.4374490Z Image Release: https://github.com/actions/runner-images/releases/tag/macos-15%2F20260824.0482
2026-09-30T11:00:52.4377680Z ##[endgroup]
2026-09-30T11:00:52.4386570Z ##[group]GITHUB_TOKEN Permissions
2026-09-30T11:00:52.4394170Z Actions: write
2026-09-30T11:00:52.4396120Z ArtifactMetadata: write
2026-09-30T11:00:52.4398120Z Attestations: write
2026-09-30T11:00:52.4400190Z Checks: write
2026-09-30T11:00:52.4401980Z CodeQuality: write
2026-09-30T11:00:52.4403850Z Contents: write
2026-09-30T11:00:52.4406380Z CopilotRequests: write
2026-09-30T11:00:52.4408400Z Deployments: write
2026-09-30T11:00:52.4410400Z Discussions: write
2026-09-30T11:00:52.4412300Z Drives: write
2026-09-30T11:00:52.4413620Z Issues: write
2026-09-30T11:00:52.4415380Z Metadata: read
2026-09-30T11:00:52.4417320Z Models: read
2026-09-30T11:00:52.4418470Z Packages: write
2026-09-30T11:00:52.4419570Z Pages: write
2026-09-30T11:00:52.4420620Z PullRequests: write
2026-09-30T11:00:52.4422300Z RepositoryProjects: write
2026-09-30T11:00:52.4423710Z SecurityEvents: write
2026-09-30T11:00:52.4425690Z Statuses: write
2026-09-30T11:00:52.4426980Z VulnerabilityAlerts: read
2026-09-30T11:00:52.4428560Z ##[endgroup]
2026-09-30T11:00:52.4436680Z Secret source: Actions
2026-09-30T11:00:52.4438580Z Cache mode: write
2026-09-30T11:00:52.4440000Z Prepare workflow directory
2026-09-30T11:00:52.6532890Z Prepare all required actions
2026-09-30T11:00:52.6802160Z Getting action download info
2026-09-30T11:00:53.1332010Z Download action repository 'actions/checkout@v4' (SHA:11d5960a326750d5838078e36cf38b85af677262)
2026-09-30T11:00:53.5371680Z Download action repository 'actions/setup-dotnet@v4' (SHA:67a3573c9a986a3f9c594539f4ab511d57bb3ce9)
2026-09-30T11:00:54.2006070Z Download action repository 'actions/upload-artifact@v4' (SHA:ea165f8d65b6e75b540449e92b4886f43607fa02)
2026-09-30T11:00:54.6992850Z Uses: JKamsker/LiteDB/.github/workflows/_reusable-ci.yml@refs/pull/133/merge (3f614aa69b15771ed1a63b8b8796172fae8b6648)
2026-09-30T11:00:54.7003580Z ##[group] Inputs
2026-09-30T11:00:54.7004700Z   tier: full
2026-09-30T11:00:54.7010410Z   sdk-matrix: [
  { "display": ".NET 8", "runtimeMajor": 8,  "sdk": "8.0.x",           "framework": "net8.0", "includePrerelease": false, "msbuildProps": "" },
  { "display": ".NET 9", "runtimeMajor": 9,  "sdk": "9.0.x\n8.0.x",    "framework": "net8.0", "includePrerelease": true,  "msbuildProps": "" },
  { "display": ".NET 10", "runtimeMajor": 10, "sdk": "10.0.x",          "framework": "net10.0", "includePrerelease": false, "msbuildProps": "" }
]

2026-09-30T11:00:54.7016280Z ##[endgroup]
2026-09-30T11:00:54.7017710Z Complete job name: build-and-test / Native admission (macOS Intel - net10.0)
2026-09-30T11:00:55.0539920Z ##[group]Run actions/checkout@v4
2026-09-30T11:00:55.0542010Z with:
2026-09-30T11:00:55.0542950Z   repository: JKamsker/LiteDB
2026-09-30T11:00:55.0552470Z   token: ***
2026-09-30T11:00:55.0553400Z   ssh-strict: true
2026-09-30T11:00:55.0554450Z   ssh-user: git
2026-09-30T11:00:55.0555460Z   persist-credentials: true
2026-09-30T11:00:55.0557890Z   clean: true
2026-09-30T11:00:55.0558870Z   sparse-checkout-cone-mode: true
2026-09-30T11:00:55.0559990Z   fetch-depth: 1
2026-09-30T11:00:55.0560950Z   fetch-tags: false
2026-09-30T11:00:55.0561890Z   show-progress: true
2026-09-30T11:00:55.0562820Z   lfs: false
2026-09-30T11:00:55.0563690Z   submodules: false
2026-09-30T11:00:55.0564660Z   set-safe-directory: true
2026-09-30T11:00:55.0565740Z   allow-unsafe-pr-checkout: false
2026-09-30T11:00:55.0567980Z env:
2026-09-30T11:00:55.0569720Z   LITEDB_RETAINED_FIXTURES: __CI_WORKSPACE__/LiteDB.Tests/TestResults/retained-fixtures
2026-09-30T11:00:55.0571770Z ##[endgroup]
2026-09-30T11:00:55.6596960Z Syncing repository: JKamsker/LiteDB
2026-09-30T11:00:55.6603650Z ##[group]Getting Git version info
2026-09-30T11:00:55.6606230Z Working directory is '__CI_HOME__/work/LiteDB/LiteDB'
2026-09-30T11:00:55.6609970Z [command]/usr/local/bin/git version
2026-09-30T11:00:55.7915680Z git version 2.55.0
2026-09-30T11:00:55.9886540Z ##[endgroup]
2026-09-30T11:00:56.0022130Z Copying '__CI_HOME__/.gitconfig' to '__CI_HOME__/work/_temp/03b96516-e0da-4d99-8d65-0a6f9c460422/.gitconfig'
2026-09-30T11:00:56.0122320Z Temporarily overriding HOME='__CI_HOME__/work/_temp/03b96516-e0da-4d99-8d65-0a6f9c460422' before making global git config changes
2026-09-30T11:00:56.0147760Z Adding repository directory to the temporary git global config as a safe directory
2026-09-30T11:00:56.0227510Z [command]/usr/local/bin/git config --global --add safe.directory __CI_WORKSPACE__
2026-09-30T11:00:56.0444480Z Deleting the contents of '__CI_HOME__/work/LiteDB/LiteDB'
2026-09-30T11:00:56.0480270Z ##[group]Initializing the repository
2026-09-30T11:00:56.0482600Z [command]/usr/local/bin/git init __CI_WORKSPACE__
2026-09-30T11:00:56.0517600Z hint: Using 'master' as the name for the initial branch. This default branch name
2026-09-30T11:00:56.0549420Z hint: will change to "main" in Git 3.0. To configure the initial branch name
2026-09-30T11:00:56.0587070Z hint: to use in all of your new repositories, which will suppress this warning,
2026-09-30T11:00:56.0623140Z hint: call:
2026-09-30T11:00:56.0652380Z hint:
2026-09-30T11:00:56.1265760Z hint: 	git config --global init.defaultBranch <name>
2026-09-30T11:00:56.1312410Z hint:
2026-09-30T11:00:56.1390500Z hint: Names commonly chosen instead of 'master' are 'main', 'trunk' and
2026-09-30T11:00:56.1555400Z hint: 'development'. The just-created branch can be renamed via this command:
2026-09-30T11:00:56.1585830Z hint:
2026-09-30T11:00:56.1658990Z hint: 	git branch -m <name>
2026-09-30T11:00:56.1692680Z hint:
2026-09-30T11:00:56.1705730Z hint: Disable this message with "git config set advice.defaultBranchName false"
2026-09-30T11:00:56.1741390Z Initialized empty Git repository in __CI_WORKSPACE__/.git/
2026-09-30T11:00:56.1797060Z [command]/usr/local/bin/git remote add origin https://github.com/JKamsker/LiteDB
2026-09-30T11:00:56.1907090Z ##[endgroup]
2026-09-30T11:00:56.2166200Z ##[group]Disabling automatic garbage collection
2026-09-30T11:00:56.2284800Z [command]/usr/local/bin/git config --local gc.auto 0
2026-09-30T11:00:56.2513940Z ##[endgroup]
2026-09-30T11:00:56.2546960Z ##[group]Setting up auth
2026-09-30T11:00:56.2589700Z [command]/usr/local/bin/git config --local --name-only --get-regexp core\.sshCommand
2026-09-30T11:00:56.2716740Z [command]/usr/local/bin/git submodule foreach --recursive sh -c "git config --local --name-only --get-regexp 'core\.sshCommand' && git config --local --unset-all 'core.sshCommand' || :"
2026-09-30T11:00:56.2806550Z [command]/usr/local/bin/git config --local --name-only --get-regexp http\.https\:\/\/github\.com\/\.extraheader
2026-09-30T11:00:56.2936350Z [command]/usr/local/bin/git submodule foreach --recursive sh -c "git config --local --name-only --get-regexp 'http\.https\:\/\/github\.com\/\.extraheader' && git config --local --unset-all 'http.https://github.com/.extraheader' || :"
2026-09-30T11:00:56.4885640Z [command]/usr/local/bin/git config --local --name-only --get-regexp ^includeIf\.gitdir:
2026-09-30T11:00:56.5132470Z [command]/usr/local/bin/git submodule foreach --recursive git config --local --show-origin --name-only --get-regexp remote.origin.url
2026-09-30T11:00:56.7754260Z [command]/usr/local/bin/git config --local http.https://github.com/.extraheader AUTHORIZATION: basic ***
2026-09-30T11:00:56.8094460Z ##[endgroup]
2026-09-30T11:00:56.8209740Z ##[group]Fetching the repository
2026-09-30T11:00:56.8255650Z [command]/usr/local/bin/git -c protocol.version=2 fetch --no-tags --prune --no-recurse-submodules --depth=1 origin +3f614aa69b15771ed1a63b8b8796172fae8b6648:refs/remotes/pull/133/merge
2026-09-30T11:00:58.3898490Z From https://github.com/JKamsker/LiteDB
2026-09-30T11:00:58.4017350Z  * [new ref]         3f614aa69b15771ed1a63b8b8796172fae8b6648 -> pull/133/merge
2026-09-30T11:00:58.4554350Z ##[endgroup]
2026-09-30T11:00:58.4772670Z ##[group]Determining the checkout info
2026-09-30T11:00:58.4931440Z ##[endgroup]
2026-09-30T11:00:58.5047580Z [command]/usr/local/bin/git sparse-checkout disable
2026-09-30T11:00:58.5653810Z [command]/usr/local/bin/git config --local --unset-all extensions.worktreeConfig
2026-09-30T11:00:58.6512160Z ##[group]Checking out the ref
2026-09-30T11:00:58.6603370Z [command]/usr/local/bin/git checkout --progress --force refs/remotes/pull/133/merge
2026-09-30T11:00:59.5682780Z Updating files:  50% (981/1929)
2026-09-30T11:00:59.5774890Z Updating files:  51% (984/1929)
2026-09-30T11:00:59.6862980Z Updating files:  52% (1004/1929)
2026-09-30T11:00:59.7256480Z Updating files:  53% (1023/1929)
2026-09-30T11:00:59.8024500Z Updating files:  54% (1042/1929)
2026-09-30T11:00:59.9038120Z Updating files:  55% (1061/1929)
2026-09-30T11:00:59.9787170Z Updating files:  56% (1081/1929)
2026-09-30T11:00:59.9867380Z Updating files:  57% (1100/1929)
2026-09-30T11:01:00.0051540Z Updating files:  58% (1119/1929)
2026-09-30T11:01:00.0208780Z Updating files:  59% (1139/1929)
2026-09-30T11:01:00.0228950Z Updating files:  60% (1158/1929)
2026-09-30T11:01:00.0310330Z Updating files:  61% (1177/1929)
2026-09-30T11:01:00.0386370Z Updating files:  62% (1196/1929)
2026-09-30T11:01:00.0412230Z Updating files:  63% (1216/1929)
2026-09-30T11:01:00.0449320Z Updating files:  64% (1235/1929)
2026-09-30T11:01:00.0498150Z Updating files:  65% (1254/1929)
2026-09-30T11:01:00.0548640Z Updating files:  66% (1274/1929)
2026-09-30T11:01:00.0569120Z Updating files:  67% (1293/1929)
2026-09-30T11:01:00.0604080Z Updating files:  68% (1312/1929)
2026-09-30T11:01:00.0639440Z Updating files:  69% (1332/1929)
2026-09-30T11:01:00.0716410Z Updating files:  70% (1351/1929)
2026-09-30T11:01:00.0759850Z Updating files:  71% (1370/1929)
2026-09-30T11:01:00.0820400Z Updating files:  72% (1389/1929)
2026-09-30T11:01:00.0858910Z Updating files:  73% (1409/1929)
2026-09-30T11:01:00.0862630Z Updating files:  74% (1428/1929)
2026-09-30T11:01:00.1484400Z Updating files:  75% (1447/1929)
2026-09-30T11:01:00.1609120Z Updating files:  76% (1467/1929)
2026-09-30T11:01:00.1646360Z Updating files:  77% (1486/1929)
2026-09-30T11:01:00.1739620Z Updating files:  78% (1505/1929)
2026-09-30T11:01:00.1784070Z Updating files:  79% (1524/1929)
2026-09-30T11:01:00.1822410Z Updating files:  80% (1544/1929)
2026-09-30T11:01:00.1881110Z Updating files:  81% (1563/1929)
2026-09-30T11:01:00.1958480Z Updating files:  82% (1582/1929)
2026-09-30T11:01:00.2033080Z Updating files:  83% (1602/1929)
2026-09-30T11:01:00.2071100Z Updating files:  84% (1621/1929)
2026-09-30T11:01:00.2106870Z Updating files:  85% (1640/1929)
2026-09-30T11:01:00.2114750Z Updating files:  86% (1659/1929)
2026-09-30T11:01:00.2120600Z Updating files:  87% (1679/1929)
2026-09-30T11:01:00.2129080Z Updating files:  88% (1698/1929)
2026-09-30T11:01:00.2133510Z Updating files:  89% (1717/1929)
2026-09-30T11:01:00.2137610Z Updating files:  90% (1737/1929)
2026-09-30T11:01:00.2141500Z Updating files:  91% (1756/1929)
2026-09-30T11:01:00.2145960Z Updating files:  92% (1775/1929)
2026-09-30T11:01:00.2150420Z Updating files:  93% (1794/1929)
2026-09-30T11:01:00.2156440Z Updating files:  94% (1814/1929)
2026-09-30T11:01:00.2159760Z Updating files:  95% (1833/1929)
2026-09-30T11:01:00.2162710Z Updating files:  96% (1852/1929)
2026-09-30T11:01:00.2165980Z Updating files:  97% (1872/1929)
2026-09-30T11:01:00.2169170Z Updating files:  98% (1891/1929)
2026-09-30T11:01:00.2172070Z Updating files:  99% (1910/1929)
2026-09-30T11:01:00.2174970Z Updating files: 100% (1929/1929)
2026-09-30T11:01:00.2177880Z Updating files: 100% (1929/1929), done.
2026-09-30T11:01:00.2183780Z HEAD is now at 3f614aa Merge e821ae7479dcb83570031180b0c0e3f4fd167793 into 5dd942a7367c361fadd600be4ce10aace2768b27
2026-09-30T11:01:00.2195250Z ##[endgroup]
2026-09-30T11:01:00.2201040Z [command]/usr/local/bin/git log -1 --format=%H
2026-09-30T11:01:00.2204510Z 3f614aa69b15771ed1a63b8b8796172fae8b6648
2026-09-30T11:01:00.2894920Z ##[group]Run actions/setup-dotnet@v4
2026-09-30T11:01:00.2897900Z with:
2026-09-30T11:01:00.2900000Z   dotnet-version: 10.0.x
8.0.x

2026-09-30T11:01:00.2902690Z   cache: false
2026-09-30T11:01:00.2904770Z env:
2026-09-30T11:01:00.2909170Z   LITEDB_RETAINED_FIXTURES: __CI_WORKSPACE__/LiteDB.Tests/TestResults/retained-fixtures
2026-09-30T11:01:00.2914620Z ##[endgroup]
2026-09-30T11:01:00.9831890Z (node:3110) [DEP0040] DeprecationWarning: The `punycode` module is deprecated. Please use a userland alternative instead.
2026-09-30T11:01:00.9875890Z (Use `node --trace-deprecation ...` to show where the warning was created)
2026-09-30T11:01:01.0448540Z [command]__CI_HOME__/work/_actions/actions/setup-dotnet/v4/externals/install-dotnet.sh --skip-non-versioned-files --runtime dotnet --channel LTS
2026-09-30T11:01:02.2146300Z dotnet-install: Attempting to download using aka.ms link https://builds.dotnet.microsoft.com/dotnet/Runtime/10.0.12/dotnet-runtime-10.0.12-osx-x64.tar.gz
2026-09-30T11:01:03.3371210Z dotnet-install: Remote file https://builds.dotnet.microsoft.com/dotnet/Runtime/10.0.12/dotnet-runtime-10.0.12-osx-x64.tar.gz size is 35596837 bytes.
2026-09-30T11:01:03.3390480Z dotnet-install: Extracting archive from https://builds.dotnet.microsoft.com/dotnet/Runtime/10.0.12/dotnet-runtime-10.0.12-osx-x64.tar.gz
2026-09-30T11:01:06.0705310Z dotnet-install: Downloaded file size is 35596837 bytes.
2026-09-30T11:01:06.0741800Z dotnet-install: The remote and local file sizes are equal.
2026-09-30T11:01:06.1604820Z dotnet-install: Installed version is 10.0.12
2026-09-30T11:01:06.2056080Z dotnet-install: Adding to current process PATH: `__CI_HOME__/.dotnet`. Note: This change will be visible only when sourcing script.
2026-09-30T11:01:06.2072100Z dotnet-install: Note that the script does not resolve dependencies during installation.
2026-09-30T11:01:06.2105120Z dotnet-install: To check the list of dependencies, go to https://learn.microsoft.com/dotnet/core/install, select your operating system and check the "Dependencies" section.
2026-09-30T11:01:06.2122660Z dotnet-install: Installation finished successfully.
2026-09-30T11:01:06.2135110Z [command]__CI_HOME__/work/_actions/actions/setup-dotnet/v4/externals/install-dotnet.sh --skip-non-versioned-files --channel 10.0
2026-09-30T11:01:07.5025580Z dotnet-install: Attempting to download using aka.ms link https://builds.dotnet.microsoft.com/dotnet/Sdk/10.0.401/dotnet-sdk-10.0.401-osx-x64.tar.gz
2026-09-30T11:01:13.6871190Z dotnet-install: Remote file https://builds.dotnet.microsoft.com/dotnet/Sdk/10.0.401/dotnet-sdk-10.0.401-osx-x64.tar.gz size is 238641497 bytes.
2026-09-30T11:01:13.6950820Z dotnet-install: Extracting archive from https://builds.dotnet.microsoft.com/dotnet/Sdk/10.0.401/dotnet-sdk-10.0.401-osx-x64.tar.gz
2026-09-30T11:01:44.7861170Z dotnet-install: Downloaded file size is 238641497 bytes.
2026-09-30T11:01:44.7864560Z dotnet-install: The remote and local file sizes are equal.
2026-09-30T11:01:46.9586570Z dotnet-install: Installed version is 10.0.401
2026-09-30T11:01:47.1845550Z dotnet-install: Adding to current process PATH: `__CI_HOME__/.dotnet`. Note: This change will be visible only when sourcing script.
2026-09-30T11:01:47.2854380Z dotnet-install: Note that the script does not resolve dependencies during installation.
2026-09-30T11:01:47.3947040Z dotnet-install: To check the list of dependencies, go to https://learn.microsoft.com/dotnet/core/install, select your operating system and check the "Dependencies" section.
2026-09-30T11:01:47.5001490Z dotnet-install: Installation finished successfully.
2026-09-30T11:01:47.6007490Z [command]__CI_HOME__/work/_actions/actions/setup-dotnet/v4/externals/install-dotnet.sh --skip-non-versioned-files --runtime dotnet --channel LTS
2026-09-30T11:01:49.0129320Z dotnet-install: .NET Core Runtime with version '10.0.12' is already installed.
2026-09-30T11:01:49.1142420Z [command]__CI_HOME__/work/_actions/actions/setup-dotnet/v4/externals/install-dotnet.sh --skip-non-versioned-files --channel 8.0
2026-09-30T11:01:50.8361690Z dotnet-install: Attempting to download using aka.ms link https://builds.dotnet.microsoft.com/dotnet/Sdk/8.0.425/dotnet-sdk-8.0.425-osx-x64.tar.gz
2026-09-30T11:01:58.4794000Z dotnet-install: Remote file https://builds.dotnet.microsoft.com/dotnet/Sdk/8.0.425/dotnet-sdk-8.0.425-osx-x64.tar.gz size is 215008279 bytes.
2026-09-30T11:01:58.5794240Z dotnet-install: Extracting archive from https://builds.dotnet.microsoft.com/dotnet/Sdk/8.0.425/dotnet-sdk-8.0.425-osx-x64.tar.gz
2026-09-30T11:02:47.3766680Z dotnet-install: Downloaded file size is 215008279 bytes.
2026-09-30T11:02:47.4284940Z dotnet-install: The remote and local file sizes are equal.
2026-09-30T11:02:49.4890600Z dotnet-install: Installed version is 8.0.425
2026-09-30T11:02:49.5329310Z dotnet-install: Adding to current process PATH: `__CI_HOME__/.dotnet`. Note: This change will be visible only when sourcing script.
2026-09-30T11:02:49.5418960Z dotnet-install: Note that the script does not resolve dependencies during installation.
2026-09-30T11:02:49.5506290Z dotnet-install: To check the list of dependencies, go to https://learn.microsoft.com/dotnet/core/install, select your operating system and check the "Dependencies" section.
2026-09-30T11:02:49.5629410Z dotnet-install: Installation finished successfully.
2026-09-30T11:02:50.1879640Z ##[group]Run dotnet build LiteDB.Tests/LiteDB.Tests.csproj -c Release -f net10.0 -p:TestingEnabled=true
2026-09-30T11:02:50.1882140Z [36;1mdotnet build LiteDB.Tests/LiteDB.Tests.csproj -c Release -f net10.0 -p:TestingEnabled=true[0m
2026-09-30T11:02:50.2249550Z shell: /bin/bash -e {0}
2026-09-30T11:02:50.2267330Z env:
2026-09-30T11:02:50.2271470Z   LITEDB_RETAINED_FIXTURES: __CI_WORKSPACE__/LiteDB.Tests/TestResults/retained-fixtures
2026-09-30T11:02:50.2276320Z   DOTNET_ROOT: __CI_HOME__/.dotnet
2026-09-30T11:02:50.2278310Z ##[endgroup]
2026-09-30T11:02:57.1013360Z   Determining projects to restore...
2026-09-30T11:03:04.6129920Z __CI_WORKSPACE__/LiteDB/LiteDB.csproj : warning NU1510: PackageReference System.ComponentModel.TypeConverter will not be pruned. This package is automatically available and does not need to be referenced explicitly. Remove the PackageReference item. [__CI_WORKSPACE__/LiteDB.Tests/LiteDB.Tests.csproj]
2026-09-30T11:03:05.4001870Z   Restored __CI_WORKSPACE__/LiteDB.Tests.SharedMutexHarness/SharedMutexHarness.csproj (in 710 ms).
2026-09-30T11:03:08.6848930Z   Restored __CI_WORKSPACE__/LiteDB/LiteDB.csproj (in 3.84 sec).
2026-09-30T11:03:15.2312290Z   Restored __CI_WORKSPACE__/LiteDB.Tests/LiteDB.Tests.csproj (in 10.67 sec).
2026-09-30T11:03:20.2914680Z __CI_WORKSPACE__/LiteDB/LiteDB.csproj : warning NU1510: PackageReference System.ComponentModel.TypeConverter will not be pruned. This package is automatically available and does not need to be referenced explicitly. Remove the PackageReference item. [TargetFramework=net10.0]
2026-09-30T11:03:48.6439840Z ##[warning]__CI_WORKSPACE__/LiteDB/Client/Mapper/BsonMapper.Deserialize.cs(27,39): warning CS8632: The annotation for nullable reference types should only be used in code within a '#nullable' annotations context. [__CI_WORKSPACE__/LiteDB/LiteDB.csproj::TargetFramework=net10.0]
2026-09-30T11:03:48.6493570Z ##[warning]__CI_WORKSPACE__/LiteDB/Engine/FileReader/Legacy/AesEncryption.cs(21,23): warning SYSLIB0060: 'Rfc2898DeriveBytes.Rfc2898DeriveBytes(string, byte[])' is obsolete: 'The constructors on Rfc2898DeriveBytes are obsolete. Use the static Pbkdf2 method instead.' (https://aka.ms/dotnet-warnings/SYSLIB0060) [__CI_WORKSPACE__/LiteDB/LiteDB.csproj::TargetFramework=net10.0]
2026-09-30T11:03:48.7424530Z ##[warning]__CI_WORKSPACE__/LiteDB/Engine/Disk/Streams/AesStream.cs(97,27): warning SYSLIB0060: 'Rfc2898DeriveBytes.Rfc2898DeriveBytes(string, byte[])' is obsolete: 'The constructors on Rfc2898DeriveBytes are obsolete. Use the static Pbkdf2 method instead.' (https://aka.ms/dotnet-warnings/SYSLIB0060) [__CI_WORKSPACE__/LiteDB/LiteDB.csproj::TargetFramework=net10.0]
2026-09-30T11:03:48.7782920Z ##[warning]__CI_WORKSPACE__/LiteDB/Engine/FileReader/FileReaderV8.cs(23,29): warning CS0649: Field 'FileReaderV8.PageInfo.PageType' is never assigned to, and will always have its default value [__CI_WORKSPACE__/LiteDB/LiteDB.csproj::TargetFramework=net10.0]
2026-09-30T11:03:48.7840100Z ##[warning]__CI_WORKSPACE__/LiteDB/Engine/LiteEngine.cs(229,37): warning CS1734: XML comment on 'LiteEngine.InvalidDatafileState' has a paramref tag for 'checkpoint', but there is no parameter by that name [__CI_WORKSPACE__/LiteDB/LiteDB.csproj::TargetFramework=net10.0]
2026-09-30T11:03:48.7898880Z ##[warning]__CI_WORKSPACE__/LiteDB/Engine/LiteEngine.cs(232,42): warning CS1734: XML comment on 'LiteEngine.InvalidDatafileState' has a paramref tag for 'final', but there is no parameter by that name [__CI_WORKSPACE__/LiteDB/LiteDB.csproj::TargetFramework=net10.0]
2026-09-30T11:03:48.7977080Z ##[warning]__CI_WORKSPACE__/LiteDB/Client/Coordinated/CoordinatorClient.Snapshots.cs(376,42): warning CS1573: Parameter 'engine' has no matching param tag in the XML comment for 'CoordinatorClient.Snapshot.Snapshot(LiteEngine, IDisposable, int, CoordinatorStatus)' (but other parameters do) [__CI_WORKSPACE__/LiteDB/LiteDB.csproj::TargetFramework=net10.0]
2026-09-30T11:03:48.8002870Z ##[warning]__CI_WORKSPACE__/LiteDB/Client/Coordinated/CoordinatorClient.Snapshots.cs(376,62): warning CS1573: Parameter 'lease' has no matching param tag in the XML comment for 'CoordinatorClient.Snapshot.Snapshot(LiteEngine, IDisposable, int, CoordinatorStatus)' (but other parameters do) [__CI_WORKSPACE__/LiteDB/LiteDB.csproj::TargetFramework=net10.0]
2026-09-30T11:03:48.8068520Z ##[warning]__CI_WORKSPACE__/LiteDB/Client/Coordinated/CoordinatorClient.Snapshots.cs(376,73): warning CS1573: Parameter 'version' has no matching param tag in the XML comment for 'CoordinatorClient.Snapshot.Snapshot(LiteEngine, IDisposable, int, CoordinatorStatus)' (but other parameters do) [__CI_WORKSPACE__/LiteDB/LiteDB.csproj::TargetFramework=net10.0]
2026-09-30T11:03:48.8113710Z ##[warning]__CI_WORKSPACE__/LiteDB/Client/Coordinated/CoordinatorStatusPage.cs(138,24): warning CA1416: This call site is reachable on all platforms. 'File.GetUnixFileMode(string)' is unsupported on: 'windows'. (https://learn.microsoft.com/dotnet/fundamentals/code-analysis/quality-rules/ca1416) [__CI_WORKSPACE__/LiteDB/LiteDB.csproj::TargetFramework=net10.0]
2026-09-30T11:03:48.8175050Z ##[warning]__CI_WORKSPACE__/LiteDB/Client/Coordinated/CoordinatorStatusPage.cs(133,17): warning CA1416: This call site is reachable on all platforms. 'Directory.CreateDirectory(string, UnixFileMode)' is unsupported on: 'windows'. (https://learn.microsoft.com/dotnet/fundamentals/code-analysis/quality-rules/ca1416) [__CI_WORKSPACE__/LiteDB/LiteDB.csproj::TargetFramework=net10.0]
2026-09-30T11:03:48.8558700Z ##[warning]__CI_WORKSPACE__/LiteDB/Client/Coordinated/CoordinatorStatusPage.cs(145,51): warning CA1416: This call site is reachable on all platforms. 'File.SetUnixFileMode(string, UnixFileMode)' is unsupported on: 'windows'. (https://learn.microsoft.com/dotnet/fundamentals/code-analysis/quality-rules/ca1416) [__CI_WORKSPACE__/LiteDB/LiteDB.csproj::TargetFramework=net10.0]
2026-09-30T11:03:48.8662620Z ##[warning]__CI_WORKSPACE__/LiteDB/Client/Coordinated/CoordinatorStatusPage.cs(170,27): warning CA1416: This call site is reachable on all platforms. 'FileStreamOptions.UnixCreateMode.set' is unsupported on: 'windows'. (https://learn.microsoft.com/dotnet/fundamentals/code-analysis/quality-rules/ca1416) [__CI_WORKSPACE__/LiteDB/LiteDB.csproj::TargetFramework=net10.0]
2026-09-30T11:03:48.8743830Z ##[warning]__CI_WORKSPACE__/LiteDB/Client/Coordinated/CoordinatorStatusPage.cs(115,57): warning CA1416: This call site is reachable on all platforms. 'File.GetUnixFileMode(string)' is unsupported on: 'windows'. (https://learn.microsoft.com/dotnet/fundamentals/code-analysis/quality-rules/ca1416) [__CI_WORKSPACE__/LiteDB/LiteDB.csproj::TargetFramework=net10.0]
2026-09-30T11:03:48.8827290Z ##[warning]__CI_WORKSPACE__/LiteDB/Engine/Sort/SortContainer.cs(141,21): warning CA2022: Avoid inexact read with 'System.IO.Stream.Read(byte[], int, int)' (https://learn.microsoft.com/dotnet/fundamentals/code-analysis/quality-rules/ca2022) [__CI_WORKSPACE__/LiteDB/LiteDB.csproj::TargetFramework=net10.0]
2026-09-30T11:03:48.9822900Z   LiteDB -> __CI_WORKSPACE__/LiteDB/bin/Release/net10.0/LiteDB.dll
2026-09-30T11:03:51.3605740Z __CI_WORKSPACE__/LiteDB/LiteDB.csproj : warning NU1510: PackageReference System.ComponentModel.TypeConverter will not be pruned. This package is automatically available and does not need to be referenced explicitly. Remove the PackageReference item. [TargetFramework=net8.0]
2026-09-30T11:04:11.5402640Z ##[warning]__CI_WORKSPACE__/LiteDB/Client/Mapper/BsonMapper.Deserialize.cs(27,39): warning CS8632: The annotation for nullable reference types should only be used in code within a '#nullable' annotations context. [__CI_WORKSPACE__/LiteDB/LiteDB.csproj::TargetFramework=net8.0]
2026-09-30T11:04:11.5437400Z ##[warning]__CI_WORKSPACE__/LiteDB/Engine/Disk/Streams/AesStream.cs(97,27): warning SYSLIB0041: 'Rfc2898DeriveBytes.Rfc2898DeriveBytes(string, byte[])' is obsolete: 'The default hash algorithm and iteration counts in Rfc2898DeriveBytes constructors are outdated and insecure. Use a constructor that accepts the hash algorithm and the number of iterations.' (https://aka.ms/dotnet-warnings/SYSLIB0041) [__CI_WORKSPACE__/LiteDB/LiteDB.csproj::TargetFramework=net8.0]
2026-09-30T11:04:11.5473870Z ##[warning]__CI_WORKSPACE__/LiteDB/Engine/FileReader/Legacy/AesEncryption.cs(21,23): warning SYSLIB0041: 'Rfc2898DeriveBytes.Rfc2898DeriveBytes(string, byte[])' is obsolete: 'The default hash algorithm and iteration counts in Rfc2898DeriveBytes constructors are outdated and insecure. Use a constructor that accepts the hash algorithm and the number of iterations.' (https://aka.ms/dotnet-warnings/SYSLIB0041) [__CI_WORKSPACE__/LiteDB/LiteDB.csproj::TargetFramework=net8.0]
2026-09-30T11:04:11.5508300Z ##[warning]__CI_WORKSPACE__/LiteDB/Engine/FileReader/FileReaderV8.cs(23,29): warning CS0649: Field 'FileReaderV8.PageInfo.PageType' is never assigned to, and will always have its default value [__CI_WORKSPACE__/LiteDB/LiteDB.csproj::TargetFramework=net8.0]
2026-09-30T11:04:11.5531080Z ##[warning]__CI_WORKSPACE__/LiteDB/Engine/LiteEngine.cs(229,37): warning CS1734: XML comment on 'LiteEngine.InvalidDatafileState' has a paramref tag for 'checkpoint', but there is no parameter by that name [__CI_WORKSPACE__/LiteDB/LiteDB.csproj::TargetFramework=net8.0]
2026-09-30T11:04:11.5557670Z ##[warning]__CI_WORKSPACE__/LiteDB/Engine/LiteEngine.cs(232,42): warning CS1734: XML comment on 'LiteEngine.InvalidDatafileState' has a paramref tag for 'final', but there is no parameter by that name [__CI_WORKSPACE__/LiteDB/LiteDB.csproj::TargetFramework=net8.0]
2026-09-30T11:04:11.5579340Z ##[warning]__CI_WORKSPACE__/LiteDB/Client/Coordinated/CoordinatorClient.Snapshots.cs(376,42): warning CS1573: Parameter 'engine' has no matching param tag in the XML comment for 'CoordinatorClient.Snapshot.Snapshot(LiteEngine, IDisposable, int, CoordinatorStatus)' (but other parameters do) [__CI_WORKSPACE__/LiteDB/LiteDB.csproj::TargetFramework=net8.0]
2026-09-30T11:04:11.5609320Z ##[warning]__CI_WORKSPACE__/LiteDB/Client/Coordinated/CoordinatorClient.Snapshots.cs(376,62): warning CS1573: Parameter 'lease' has no matching param tag in the XML comment for 'CoordinatorClient.Snapshot.Snapshot(LiteEngine, IDisposable, int, CoordinatorStatus)' (but other parameters do) [__CI_WORKSPACE__/LiteDB/LiteDB.csproj::TargetFramework=net8.0]
2026-09-30T11:04:11.5633790Z ##[warning]__CI_WORKSPACE__/LiteDB/Client/Coordinated/CoordinatorClient.Snapshots.cs(376,73): warning CS1573: Parameter 'version' has no matching param tag in the XML comment for 'CoordinatorClient.Snapshot.Snapshot(LiteEngine, IDisposable, int, CoordinatorStatus)' (but other parameters do) [__CI_WORKSPACE__/LiteDB/LiteDB.csproj::TargetFramework=net8.0]
2026-09-30T11:04:11.5652420Z ##[warning]__CI_WORKSPACE__/LiteDB/Client/Coordinated/CoordinatorStatusPage.cs(115,57): warning CA1416: This call site is reachable on all platforms. 'File.GetUnixFileMode(string)' is unsupported on: 'windows'. (https://learn.microsoft.com/dotnet/fundamentals/code-analysis/quality-rules/ca1416) [__CI_WORKSPACE__/LiteDB/LiteDB.csproj::TargetFramework=net8.0]
2026-09-30T11:04:11.5676100Z ##[warning]__CI_WORKSPACE__/LiteDB/Client/Coordinated/CoordinatorStatusPage.cs(145,51): warning CA1416: This call site is reachable on all platforms. 'File.SetUnixFileMode(string, UnixFileMode)' is unsupported on: 'windows'. (https://learn.microsoft.com/dotnet/fundamentals/code-analysis/quality-rules/ca1416) [__CI_WORKSPACE__/LiteDB/LiteDB.csproj::TargetFramework=net8.0]
2026-09-30T11:04:11.5696670Z ##[warning]__CI_WORKSPACE__/LiteDB/Client/Coordinated/CoordinatorStatusPage.cs(133,17): warning CA1416: This call site is reachable on all platforms. 'Directory.CreateDirectory(string, UnixFileMode)' is unsupported on: 'windows'. (https://learn.microsoft.com/dotnet/fundamentals/code-analysis/quality-rules/ca1416) [__CI_WORKSPACE__/LiteDB/LiteDB.csproj::TargetFramework=net8.0]
2026-09-30T11:04:11.5717310Z ##[warning]__CI_WORKSPACE__/LiteDB/Client/Coordinated/CoordinatorStatusPage.cs(138,24): warning CA1416: This call site is reachable on all platforms. 'File.GetUnixFileMode(string)' is unsupported on: 'windows'. (https://learn.microsoft.com/dotnet/fundamentals/code-analysis/quality-rules/ca1416) [__CI_WORKSPACE__/LiteDB/LiteDB.csproj::TargetFramework=net8.0]
2026-09-30T11:04:11.5739220Z ##[warning]__CI_WORKSPACE__/LiteDB/Client/Coordinated/CoordinatorStatusPage.cs(170,27): warning CA1416: This call site is reachable on all platforms. 'FileStreamOptions.UnixCreateMode.set' is unsupported on: 'windows'. (https://learn.microsoft.com/dotnet/fundamentals/code-analysis/quality-rules/ca1416) [__CI_WORKSPACE__/LiteDB/LiteDB.csproj::TargetFramework=net8.0]
2026-09-30T11:04:11.6315790Z   LiteDB -> __CI_WORKSPACE__/LiteDB/bin/Release/net8.0/LiteDB.dll
2026-09-30T11:04:14.9982170Z ##[warning]__CI_WORKSPACE__/LiteDB.Tests.SharedMutexHarness/SharedStorageHarness.cs(34,17): warning CS0618: 'LiteDatabase.BeginTrans()' is obsolete: 'Use BeginTransaction() and Commit/Rollback on the returned handle. This legacy API is thread-bound and must not cross await.' [__CI_WORKSPACE__/LiteDB.Tests.SharedMutexHarness/SharedMutexHarness.csproj]
2026-09-30T11:04:15.0701680Z ##[warning]__CI_WORKSPACE__/LiteDB.Tests.SharedMutexHarness/SharedStorageHarness.cs(36,55): warning CS0618: 'LiteDatabase.Commit()' is obsolete: 'Use BeginTransaction() and Commit/Rollback on the returned handle. This legacy API is thread-bound and must not cross await.' [__CI_WORKSPACE__/LiteDB.Tests.SharedMutexHarness/SharedMutexHarness.csproj]
2026-09-30T11:04:15.0770740Z ##[warning]__CI_WORKSPACE__/LiteDB.Tests.SharedMutexHarness/SharedMappedHarness.cs(40,13): warning CS0618: 'LiteDatabase.BeginTrans()' is obsolete: 'Use BeginTransaction() and Commit/Rollback on the returned handle. This legacy API is thread-bound and must not cross await.' [__CI_WORKSPACE__/LiteDB.Tests.SharedMutexHarness/SharedMutexHarness.csproj]
2026-09-30T11:04:15.0863710Z ##[warning]__CI_WORKSPACE__/LiteDB.Tests.SharedMutexHarness/CoordinatorHarness.cs(35,9): warning CS0618: 'LiteDatabase.BeginTrans()' is obsolete: 'Use BeginTransaction() and Commit/Rollback on the returned handle. This legacy API is thread-bound and must not cross await.' [__CI_WORKSPACE__/LiteDB.Tests.SharedMutexHarness/SharedMutexHarness.csproj]
2026-09-30T11:04:15.0980280Z ##[warning]__CI_WORKSPACE__/LiteDB.Tests.SharedMutexHarness/CoordinatorHarness.cs(39,9): warning CS0618: 'LiteDatabase.Rollback()' is obsolete: 'Use BeginTransaction() and Commit/Rollback on the returned handle. This legacy API is thread-bound and must not cross await.' [__CI_WORKSPACE__/LiteDB.Tests.SharedMutexHarness/SharedMutexHarness.csproj]
2026-09-30T11:04:15.1067650Z ##[warning]__CI_WORKSPACE__/LiteDB.Tests.SharedMutexHarness/MvccHarness.cs(65,17): warning CS0618: 'LiteDatabase.BeginTrans()' is obsolete: 'Use BeginTransaction() and Commit/Rollback on the returned handle. This legacy API is thread-bound and must not cross await.' [__CI_WORKSPACE__/LiteDB.Tests.SharedMutexHarness/SharedMutexHarness.csproj]
2026-09-30T11:04:15.1084260Z ##[warning]__CI_WORKSPACE__/LiteDB.Tests.SharedMutexHarness/MvccHarness.cs(85,17): warning CS0618: 'LiteDatabase.BeginTrans()' is obsolete: 'Use BeginTransaction() and Commit/Rollback on the returned handle. This legacy API is thread-bound and must not cross await.' [__CI_WORKSPACE__/LiteDB.Tests.SharedMutexHarness/SharedMutexHarness.csproj]
2026-09-30T11:04:15.6840690Z   SharedMutexHarness -> __CI_WORKSPACE__/LiteDB.Tests.SharedMutexHarness/bin/Release/net8.0/SharedMutexHarness.dll
2026-09-30T11:05:12.2795330Z ##[warning]__CI_WORKSPACE__/LiteDB.Tests/Issues/Issue2265_Tests.cs(38,20): warning CS8632: The annotation for nullable reference types should only be used in code within a '#nullable' annotations context. [__CI_WORKSPACE__/LiteDB.Tests/LiteDB.Tests.csproj::TargetFramework=net10.0]
2026-09-30T11:05:12.2819390Z ##[warning]__CI_WORKSPACE__/LiteDB.Tests/Issues/Issue1829Invocation_Tests.cs(91,58): warning CS1718: Comparison made to same variable; did you mean to compare something else? [__CI_WORKSPACE__/LiteDB.Tests/LiteDB.Tests.csproj::TargetFramework=net10.0]
2026-09-30T11:05:12.2885130Z ##[warning]__CI_WORKSPACE__/LiteDB.Tests/Issues/Issue1829Invocation_Tests.cs(105,57): warning CS1718: Comparison made to same variable; did you mean to compare something else? [__CI_WORKSPACE__/LiteDB.Tests/LiteDB.Tests.csproj::TargetFramework=net10.0]
2026-09-30T11:05:12.2913540Z ##[warning]__CI_WORKSPACE__/LiteDB.Tests/Internals/Aes_Tests.cs(54,17): warning CA2022: Avoid inexact read with 'LiteDB.Engine.AesStream.Read(byte[], int, int)' (https://learn.microsoft.com/dotnet/fundamentals/code-analysis/quality-rules/ca2022) [__CI_WORKSPACE__/LiteDB.Tests/LiteDB.Tests.csproj::TargetFramework=net10.0]
2026-09-30T11:05:12.2944220Z ##[warning]__CI_WORKSPACE__/LiteDB.Tests/Internals/Aes_Tests.cs(57,17): warning CA2022: Avoid inexact read with 'LiteDB.Engine.AesStream.Read(byte[], int, int)' (https://learn.microsoft.com/dotnet/fundamentals/code-analysis/quality-rules/ca2022) [__CI_WORKSPACE__/LiteDB.Tests/LiteDB.Tests.csproj::TargetFramework=net10.0]
2026-09-30T11:05:12.2995240Z ##[warning]__CI_WORKSPACE__/LiteDB.Tests/Internals/Aes_Tests.cs(60,17): warning CA2022: Avoid inexact read with 'LiteDB.Engine.AesStream.Read(byte[], int, int)' (https://learn.microsoft.com/dotnet/fundamentals/code-analysis/quality-rules/ca2022) [__CI_WORKSPACE__/LiteDB.Tests/LiteDB.Tests.csproj::TargetFramework=net10.0]
2026-09-30T11:05:12.3034080Z ##[warning]__CI_WORKSPACE__/LiteDB.Tests/Internals/CacheAsync_Tests.cs(86,18): warning xUnit1031: Test methods should not use blocking task operations, as they can cause deadlocks. Use an async test method and await instead. (https://xunit.net/xunit.analyzers/rules/xUnit1031) [__CI_WORKSPACE__/LiteDB.Tests/LiteDB.Tests.csproj::TargetFramework=net10.0]
2026-09-30T11:05:12.3360240Z ##[warning]__CI_WORKSPACE__/LiteDB.Tests/Internals/Aes_Tests.cs(140,21): warning CA2022: Avoid inexact read with 'System.Security.Cryptography.CryptoStream.Read(byte[], int, int)' (https://learn.microsoft.com/dotnet/fundamentals/code-analysis/quality-rules/ca2022) [__CI_WORKSPACE__/LiteDB.Tests/LiteDB.Tests.csproj::TargetFramework=net10.0]
2026-09-30T11:05:12.3441250Z ##[warning]__CI_WORKSPACE__/LiteDB.Tests/Internals/TransactionHandleProcess_Tests.cs(22,13): warning xUnit2013: Do not use Assert.Equal() to check for collection size. Use Assert.Single instead. (https://xunit.net/xunit.analyzers/rules/xUnit2013) [__CI_WORKSPACE__/LiteDB.Tests/LiteDB.Tests.csproj::TargetFramework=net10.0]
2026-09-30T11:05:12.3531040Z ##[warning]__CI_WORKSPACE__/LiteDB.Tests/Engine/TransactionHandle_Tests.cs(146,32): warning xUnit1031: Test methods should not use blocking task operations, as they can cause deadlocks. Use an async test method and await instead. (https://xunit.net/xunit.analyzers/rules/xUnit1031) [__CI_WORKSPACE__/LiteDB.Tests/LiteDB.Tests.csproj::TargetFramework=net10.0]
2026-09-30T11:05:12.3568640Z ##[warning]__CI_WORKSPACE__/LiteDB.Tests/Engine/TransactionHandleSharedAdmission_Tests.cs(48,34): warning xUnit1031: Test methods should not use blocking task operations, as they can cause deadlocks. Use an async test method and await instead. (https://xunit.net/xunit.analyzers/rules/xUnit1031) [__CI_WORKSPACE__/LiteDB.Tests/LiteDB.Tests.csproj::TargetFramework=net10.0]
2026-09-30T11:05:12.3678560Z ##[warning]__CI_WORKSPACE__/LiteDB.Tests/Engine/TransactionHandleSharedAdmission_Tests.cs(49,64): warning xUnit1031: Test methods should not use blocking task operations, as they can cause deadlocks. Use an async test method and await instead. (https://xunit.net/xunit.analyzers/rules/xUnit1031) [__CI_WORKSPACE__/LiteDB.Tests/LiteDB.Tests.csproj::TargetFramework=net10.0]
2026-09-30T11:05:12.3695590Z ##[warning]__CI_WORKSPACE__/LiteDB.Tests/Engine/TransactionHandleSharedAdmission_Tests.cs(54,22): warning xUnit1031: Test methods should not use blocking task operations, as they can cause deadlocks. Use an async test method and await instead. (https://xunit.net/xunit.analyzers/rules/xUnit1031) [__CI_WORKSPACE__/LiteDB.Tests/LiteDB.Tests.csproj::TargetFramework=net10.0]
2026-09-30T11:05:12.3726230Z ##[warning]__CI_WORKSPACE__/LiteDB.Tests/Engine/TransactionHandleSharedAdmission_Tests.cs(91,34): warning xUnit1031: Test methods should not use blocking task operations, as they can cause deadlocks. Use an async test method and await instead. (https://xunit.net/xunit.analyzers/rules/xUnit1031) [__CI_WORKSPACE__/LiteDB.Tests/LiteDB.Tests.csproj::TargetFramework=net10.0]
2026-09-30T11:05:12.3760230Z ##[warning]__CI_WORKSPACE__/LiteDB.Tests/Engine/TransactionHandleSharedAdmission_Tests.cs(92,64): warning xUnit1031: Test methods should not use blocking task operations, as they can cause deadlocks. Use an async test method and await instead. (https://xunit.net/xunit.analyzers/rules/xUnit1031) [__CI_WORKSPACE__/LiteDB.Tests/LiteDB.Tests.csproj::TargetFramework=net10.0]
2026-09-30T11:05:12.3813840Z ##[warning]__CI_WORKSPACE__/LiteDB.Tests/Engine/TransactionHandleRawCloseDependency_Tests.cs(33,35): warning xUnit1031: Test methods should not use blocking task operations, as they can cause deadlocks. Use an async test method and await instead. (https://xunit.net/xunit.analyzers/rules/xUnit1031) [__CI_WORKSPACE__/LiteDB.Tests/LiteDB.Tests.csproj::TargetFramework=net10.0]
2026-09-30T11:05:12.3854120Z ##[warning]__CI_WORKSPACE__/LiteDB.Tests/Engine/TransactionHandleSharedPinCancellation_Tests.cs(56,38): warning xUnit1031: Test methods should not use blocking task operations, as they can cause deadlocks. Use an async test method and await instead. (https://xunit.net/xunit.analyzers/rules/xUnit1031) [__CI_WORKSPACE__/LiteDB.Tests/LiteDB.Tests.csproj::TargetFramework=net10.0]
2026-09-30T11:05:12.3891410Z ##[warning]__CI_WORKSPACE__/LiteDB.Tests/Engine/TransactionHandleSharedPinCancellation_Tests.cs(57,68): warning xUnit1031: Test methods should not use blocking task operations, as they can cause deadlocks. Use an async test method and await instead. (https://xunit.net/xunit.analyzers/rules/xUnit1031) [__CI_WORKSPACE__/LiteDB.Tests/LiteDB.Tests.csproj::TargetFramework=net10.0]
2026-09-30T11:05:12.3927970Z ##[warning]__CI_WORKSPACE__/LiteDB.Tests/Engine/TransactionHandleSharedPinCancellation_Tests.cs(66,38): warning xUnit1031: Test methods should not use blocking task operations, as they can cause deadlocks. Use an async test method and await instead. (https://xunit.net/xunit.analyzers/rules/xUnit1031) [__CI_WORKSPACE__/LiteDB.Tests/LiteDB.Tests.csproj::TargetFramework=net10.0]
2026-09-30T11:05:12.3962210Z ##[warning]__CI_WORKSPACE__/LiteDB.Tests/Engine/TransactionHandleMaintenanceProgress_Tests.cs(111,41): warning xUnit1031: Test methods should not use blocking task operations, as they can cause deadlocks. Use an async test method and await instead. (https://xunit.net/xunit.analyzers/rules/xUnit1031) [__CI_WORKSPACE__/LiteDB.Tests/LiteDB.Tests.csproj::TargetFramework=net10.0]
2026-09-30T11:05:12.3993550Z ##[warning]__CI_WORKSPACE__/LiteDB.Tests/Engine/TransactionHandleMaintenanceProgress_Tests.cs(81,32): warning xUnit1031: Test methods should not use blocking task operations, as they can cause deadlocks. Use an async test method and await instead. (https://xunit.net/xunit.analyzers/rules/xUnit1031) [__CI_WORKSPACE__/LiteDB.Tests/LiteDB.Tests.csproj::TargetFramework=net10.0]
2026-09-30T11:05:12.4023100Z ##[warning]__CI_WORKSPACE__/LiteDB.Tests/Engine/TransactionHandleMaintenanceProgress_Tests.cs(157,41): warning xUnit1031: Test methods should not use blocking task operations, as they can cause deadlocks. Use an async test method and await instead. (https://xunit.net/xunit.analyzers/rules/xUnit1031) [__CI_WORKSPACE__/LiteDB.Tests/LiteDB.Tests.csproj::TargetFramework=net10.0]
2026-09-30T11:05:12.4052290Z ##[warning]__CI_WORKSPACE__/LiteDB.Tests/Engine/TransactionHandleContext_Tests.cs(24,46): warning CA1416: This call site is reachable on all platforms. 'WindowsIdentity.GetCurrent(bool)' is only supported on: 'windows'. (https://learn.microsoft.com/dotnet/fundamentals/code-analysis/quality-rules/ca1416) [__CI_WORKSPACE__/LiteDB.Tests/LiteDB.Tests.csproj::TargetFramework=net10.0]
2026-09-30T11:05:12.4079920Z ##[warning]__CI_WORKSPACE__/LiteDB.Tests/Engine/TransactionHandleDisposeSafety_Tests.cs(250,55): warning xUnit1031: Test methods should not use blocking task operations, as they can cause deadlocks. Use an async test method and await instead. (https://xunit.net/xunit.analyzers/rules/xUnit1031) [__CI_WORKSPACE__/LiteDB.Tests/LiteDB.Tests.csproj::TargetFramework=net10.0]
2026-09-30T11:05:12.4128300Z ##[warning]__CI_WORKSPACE__/LiteDB.Tests/Engine/TransactionHandleMaintenanceProgress_Tests.cs(190,31): warning xUnit1031: Test methods should not use blocking task operations, as they can cause deadlocks. Use an async test method and await instead. (https://xunit.net/xunit.analyzers/rules/xUnit1031) [__CI_WORKSPACE__/LiteDB.Tests/LiteDB.Tests.csproj::TargetFramework=net10.0]
2026-09-30T11:05:12.4196250Z ##[warning]__CI_WORKSPACE__/LiteDB.Tests/Engine/SharedReadPath_Tests.cs(43,13): warning CA2022: Avoid inexact read with 'System.IO.FileStream.Read(byte[], int, int)' (https://learn.microsoft.com/dotnet/fundamentals/code-analysis/quality-rules/ca2022) [__CI_WORKSPACE__/LiteDB.Tests/LiteDB.Tests.csproj::TargetFramework=net10.0]
2026-09-30T11:05:12.4223360Z ##[warning]__CI_WORKSPACE__/LiteDB.Tests/Engine/TransactionHandleAdmission_Tests.cs(83,37): warning xUnit1031: Test methods should not use blocking task operations, as they can cause deadlocks. Use an async test method and await instead. (https://xunit.net/xunit.analyzers/rules/xUnit1031) [__CI_WORKSPACE__/LiteDB.Tests/LiteDB.Tests.csproj::TargetFramework=net10.0]
2026-09-30T11:05:12.4262010Z ##[warning]__CI_WORKSPACE__/LiteDB.Tests/Engine/TransactionHandleAdmission_Tests.cs(84,112): warning xUnit1031: Test methods should not use blocking task operations, as they can cause deadlocks. Use an async test method and await instead. (https://xunit.net/xunit.analyzers/rules/xUnit1031) [__CI_WORKSPACE__/LiteDB.Tests/LiteDB.Tests.csproj::TargetFramework=net10.0]
2026-09-30T11:05:12.4281570Z ##[warning]__CI_WORKSPACE__/LiteDB.Tests/Engine/TransactionHandleAdmission_Tests.cs(85,62): warning xUnit1031: Test methods should not use blocking task operations, as they can cause deadlocks. Use an async test method and await instead. (https://xunit.net/xunit.analyzers/rules/xUnit1031) [__CI_WORKSPACE__/LiteDB.Tests/LiteDB.Tests.csproj::TargetFramework=net10.0]
2026-09-30T11:05:12.4303330Z ##[warning]__CI_WORKSPACE__/LiteDB.Tests/Engine/TransactionHandleAdmission_Tests.cs(130,37): warning xUnit1031: Test methods should not use blocking task operations, as they can cause deadlocks. Use an async test method and await instead. (https://xunit.net/xunit.analyzers/rules/xUnit1031) [__CI_WORKSPACE__/LiteDB.Tests/LiteDB.Tests.csproj::TargetFramework=net10.0]
2026-09-30T11:05:12.4320820Z ##[warning]__CI_WORKSPACE__/LiteDB.Tests/Engine/TransactionHandleAdmission_Tests.cs(131,57): warning xUnit1031: Test methods should not use blocking task operations, as they can cause deadlocks. Use an async test method and await instead. (https://xunit.net/xunit.analyzers/rules/xUnit1031) [__CI_WORKSPACE__/LiteDB.Tests/LiteDB.Tests.csproj::TargetFramework=net10.0]
2026-09-30T11:05:12.4332560Z ##[warning]__CI_WORKSPACE__/LiteDB.Tests/Engine/SharedDisposalFailure_Tests.cs(71,35): warning xUnit1031: Test methods should not use blocking task operations, as they can cause deadlocks. Use an async test method and await instead. (https://xunit.net/xunit.analyzers/rules/xUnit1031) [__CI_WORKSPACE__/LiteDB.Tests/LiteDB.Tests.csproj::TargetFramework=net10.0]
2026-09-30T11:05:12.4346260Z ##[warning]__CI_WORKSPACE__/LiteDB.Tests/Engine/SharedDisposalFailure_Tests.cs(72,54): warning xUnit1031: Test methods should not use blocking task operations, as they can cause deadlocks. Use an async test method and await instead. (https://xunit.net/xunit.analyzers/rules/xUnit1031) [__CI_WORKSPACE__/LiteDB.Tests/LiteDB.Tests.csproj::TargetFramework=net10.0]
2026-09-30T11:05:12.4361270Z ##[warning]__CI_WORKSPACE__/LiteDB.Tests/Engine/SharedDisposalFailure_Tests.cs(73,49): warning xUnit1031: Test methods should not use blocking task operations, as they can cause deadlocks. Use an async test method and await instead. (https://xunit.net/xunit.analyzers/rules/xUnit1031) [__CI_WORKSPACE__/LiteDB.Tests/LiteDB.Tests.csproj::TargetFramework=net10.0]
2026-09-30T11:05:12.4386280Z ##[warning]__CI_WORKSPACE__/LiteDB.Tests/Engine/SharedDisposalFailure_Tests.cs(93,37): warning xUnit1031: Test methods should not use blocking task operations, as they can cause deadlocks. Use an async test method and await instead. (https://xunit.net/xunit.analyzers/rules/xUnit1031) [__CI_WORKSPACE__/LiteDB.Tests/LiteDB.Tests.csproj::TargetFramework=net10.0]
2026-09-30T11:05:12.4475070Z ##[warning]__CI_WORKSPACE__/LiteDB.Tests/Engine/SharedDisposalFailure_Tests.cs(117,23): warning xUnit1031: Test methods should not use blocking task operations, as they can cause deadlocks. Use an async test method and await instead. (https://xunit.net/xunit.analyzers/rules/xUnit1031) [__CI_WORKSPACE__/LiteDB.Tests/LiteDB.Tests.csproj::TargetFramework=net10.0]
2026-09-30T11:05:12.4489480Z ##[warning]__CI_WORKSPACE__/LiteDB.Tests/Engine/NativeAdmissionDirectPoolFinalizer_Tests.cs(74,13): warning xUnit2013: Do not use Assert.Equal() to check for collection size. Use Assert.Single instead. (https://xunit.net/xunit.analyzers/rules/xUnit2013) [__CI_WORKSPACE__/LiteDB.Tests/LiteDB.Tests.csproj::TargetFramework=net10.0]
2026-09-30T11:05:12.4517510Z ##[warning]__CI_WORKSPACE__/LiteDB.Tests/Engine/NativeAdmissionIsolation_Tests.cs(56,25): warning xUnit1031: Test methods should not use blocking task operations, as they can cause deadlocks. Use an async test method and await instead. (https://xunit.net/xunit.analyzers/rules/xUnit1031) [__CI_WORKSPACE__/LiteDB.Tests/LiteDB.Tests.csproj::TargetFramework=net10.0]
2026-09-30T11:05:12.4764780Z ##[warning]__CI_WORKSPACE__/LiteDB.Tests/Engine/NativeAdmissionIsolation_Tests.cs(65,22): warning xUnit1031: Test methods should not use blocking task operations, as they can cause deadlocks. Use an async test method and await instead. (https://xunit.net/xunit.analyzers/rules/xUnit1031) [__CI_WORKSPACE__/LiteDB.Tests/LiteDB.Tests.csproj::TargetFramework=net10.0]
2026-09-30T11:05:12.4993160Z ##[warning]__CI_WORKSPACE__/LiteDB.Tests/Engine/NativeAdmissionDirectContext_Tests.cs(140,38): warning xUnit1031: Test methods should not use blocking task operations, as they can cause deadlocks. Use an async test method and await instead. (https://xunit.net/xunit.analyzers/rules/xUnit1031) [__CI_WORKSPACE__/LiteDB.Tests/LiteDB.Tests.csproj::TargetFramework=net10.0]
2026-09-30T11:05:12.5020510Z ##[warning]__CI_WORKSPACE__/LiteDB.Tests/Engine/NativeAdmissionDirectContextLifetime_Tests.cs(151,37): warning xUnit1031: Test methods should not use blocking task operations, as they can cause deadlocks. Use an async test method and await instead. (https://xunit.net/xunit.analyzers/rules/xUnit1031) [__CI_WORKSPACE__/LiteDB.Tests/LiteDB.Tests.csproj::TargetFramework=net10.0]
2026-09-30T11:05:12.5044060Z ##[warning]__CI_WORKSPACE__/LiteDB.Tests/Engine/Issue2881_VectorPromotion_Tests.cs(147,13): warning CA2022: Avoid inexact read with 'System.IO.Stream.Read(byte[], int, int)' (https://learn.microsoft.com/dotnet/fundamentals/code-analysis/quality-rules/ca2022) [__CI_WORKSPACE__/LiteDB.Tests/LiteDB.Tests.csproj::TargetFramework=net10.0]
2026-09-30T11:05:12.5061160Z ##[warning]__CI_WORKSPACE__/LiteDB.Tests/Engine/CoordinatorSafety_Tests.cs(252,13): warning CA2022: Avoid inexact read with 'System.IO.FileStream.Read(byte[], int, int)' (https://learn.microsoft.com/dotnet/fundamentals/code-analysis/quality-rules/ca2022) [__CI_WORKSPACE__/LiteDB.Tests/LiteDB.Tests.csproj::TargetFramework=net10.0]
2026-09-30T11:05:12.5090110Z ##[warning]__CI_WORKSPACE__/LiteDB.Tests/Engine/CoordinatorSnapshotReads_Tests.cs(161,28): warning xUnit1031: Test methods should not use blocking task operations, as they can cause deadlocks. Use an async test method and await instead. (https://xunit.net/xunit.analyzers/rules/xUnit1031) [__CI_WORKSPACE__/LiteDB.Tests/LiteDB.Tests.csproj::TargetFramework=net10.0]
2026-09-30T11:05:12.5110990Z ##[warning]__CI_WORKSPACE__/LiteDB.Tests/Engine/CoordinatorSnapshotReads_Tests.cs(172,24): warning xUnit1031: Test methods should not use blocking task operations, as they can cause deadlocks. Use an async test method and await instead. (https://xunit.net/xunit.analyzers/rules/xUnit1031) [__CI_WORKSPACE__/LiteDB.Tests/LiteDB.Tests.csproj::TargetFramework=net10.0]
2026-09-30T11:05:12.6502650Z ##[warning]__CI_WORKSPACE__/LiteDB.Tests/Engine/CoordinatorPlatform_Tests.cs(289,22): warning xUnit1031: Test methods should not use blocking task operations, as they can cause deadlocks. Use an async test method and await instead. (https://xunit.net/xunit.analyzers/rules/xUnit1031) [__CI_WORKSPACE__/LiteDB.Tests/LiteDB.Tests.csproj::TargetFramework=net10.0]
2026-09-30T11:05:12.6538800Z ##[warning]__CI_WORKSPACE__/LiteDB.Tests/Engine/Coordinator_Tests.cs(262,20): warning xUnit1031: Test methods should not use blocking task operations, as they can cause deadlocks. Use an async test method and await instead. (https://xunit.net/xunit.analyzers/rules/xUnit1031) [__CI_WORKSPACE__/LiteDB.Tests/LiteDB.Tests.csproj::TargetFramework=net10.0]
2026-09-30T11:05:12.6555200Z ##[warning]__CI_WORKSPACE__/LiteDB.Tests/Engine/CompactSchemaCacheConcurrency_Tests.cs(96,18): warning xUnit1031: Test methods should not use blocking task operations, as they can cause deadlocks. Use an async test method and await instead. (https://xunit.net/xunit.analyzers/rules/xUnit1031) [__CI_WORKSPACE__/LiteDB.Tests/LiteDB.Tests.csproj::TargetFramework=net10.0]
2026-09-30T11:05:12.6568020Z ##[warning]__CI_WORKSPACE__/LiteDB.Tests/Issues/Issue2848_Tests.cs(87,89): warning xUnit1031: Test methods should not use blocking task operations, as they can cause deadlocks. Use an async test method and await instead. (https://xunit.net/xunit.analyzers/rules/xUnit1031) [__CI_WORKSPACE__/LiteDB.Tests/LiteDB.Tests.csproj::TargetFramework=net10.0]
2026-09-30T11:05:12.6580500Z ##[warning]__CI_WORKSPACE__/LiteDB.Tests/Issues/Issue2814_Tests.cs(57,26): warning xUnit1031: Test methods should not use blocking task operations, as they can cause deadlocks. Use an async test method and await instead. (https://xunit.net/xunit.analyzers/rules/xUnit1031) [__CI_WORKSPACE__/LiteDB.Tests/LiteDB.Tests.csproj::TargetFramework=net10.0]
2026-09-30T11:05:12.6593580Z ##[warning]__CI_WORKSPACE__/LiteDB.Tests/Issues/Issue2814Admission_Tests.cs(56,78): warning xUnit1031: Test methods should not use blocking task operations, as they can cause deadlocks. Use an async test method and await instead. (https://xunit.net/xunit.analyzers/rules/xUnit1031) [__CI_WORKSPACE__/LiteDB.Tests/LiteDB.Tests.csproj::TargetFramework=net10.0]
2026-09-30T11:05:12.6618070Z ##[warning]__CI_WORKSPACE__/LiteDB.Tests/Issues/Issue2792SnapshotPublication_Tests.cs(65,57): warning xUnit1031: Test methods should not use blocking task operations, as they can cause deadlocks. Use an async test method and await instead. (https://xunit.net/xunit.analyzers/rules/xUnit1031) [__CI_WORKSPACE__/LiteDB.Tests/LiteDB.Tests.csproj::TargetFramework=net10.0]
2026-09-30T11:05:12.6637030Z ##[warning]__CI_WORKSPACE__/LiteDB.Tests/Issues/Issue2792SnapshotPublication_Tests.cs(66,37): warning xUnit1031: Test methods should not use blocking task operations, as they can cause deadlocks. Use an async test method and await instead. (https://xunit.net/xunit.analyzers/rules/xUnit1031) [__CI_WORKSPACE__/LiteDB.Tests/LiteDB.Tests.csproj::TargetFramework=net10.0]
2026-09-30T11:05:12.6676030Z ##[warning]__CI_WORKSPACE__/LiteDB.Tests/Issues/Issue2790ReaderLease_Tests.cs(43,37): warning xUnit1030: Test methods should not call ConfigureAwait(false), as it may bypass parallelization limits. Omit ConfigureAwait, or use ConfigureAwait(true) to avoid CA2007. (https://xunit.net/xunit.analyzers/rules/xUnit1030) [__CI_WORKSPACE__/LiteDB.Tests/LiteDB.Tests.csproj::TargetFramework=net10.0]
2026-09-30T11:05:12.6694270Z ##[warning]__CI_WORKSPACE__/LiteDB.Tests/Issues/Issue2792_Tests.cs(48,24): warning xUnit1031: Test methods should not use blocking task operations, as they can cause deadlocks. Use an async test method and await instead. (https://xunit.net/xunit.analyzers/rules/xUnit1031) [__CI_WORKSPACE__/LiteDB.Tests/LiteDB.Tests.csproj::TargetFramework=net10.0]
2026-09-30T11:05:12.6707450Z ##[warning]__CI_WORKSPACE__/LiteDB.Tests/Issues/Issue2792_Tests.cs(53,24): warning xUnit1031: Test methods should not use blocking task operations, as they can cause deadlocks. Use an async test method and await instead. (https://xunit.net/xunit.analyzers/rules/xUnit1031) [__CI_WORKSPACE__/LiteDB.Tests/LiteDB.Tests.csproj::TargetFramework=net10.0]
2026-09-30T11:05:12.6732290Z ##[warning]__CI_WORKSPACE__/LiteDB.Tests/Issues/Issue2792_Tests.cs(54,44): warning xUnit1031: Test methods should not use blocking task operations, as they can cause deadlocks. Use an async test method and await instead. (https://xunit.net/xunit.analyzers/rules/xUnit1031) [__CI_WORKSPACE__/LiteDB.Tests/LiteDB.Tests.csproj::TargetFramework=net10.0]
2026-09-30T11:05:12.6749650Z ##[warning]__CI_WORKSPACE__/LiteDB.Tests/Issues/Issue2792_Tests.cs(59,24): warning xUnit1031: Test methods should not use blocking task operations, as they can cause deadlocks. Use an async test method and await instead. (https://xunit.net/xunit.analyzers/rules/xUnit1031) [__CI_WORKSPACE__/LiteDB.Tests/LiteDB.Tests.csproj::TargetFramework=net10.0]
2026-09-30T11:05:12.6766710Z ##[warning]__CI_WORKSPACE__/LiteDB.Tests/Issues/Issue2792_Tests.cs(60,24): warning xUnit1031: Test methods should not use blocking task operations, as they can cause deadlocks. Use an async test method and await instead. (https://xunit.net/xunit.analyzers/rules/xUnit1031) [__CI_WORKSPACE__/LiteDB.Tests/LiteDB.Tests.csproj::TargetFramework=net10.0]
2026-09-30T11:05:12.6783960Z ##[warning]__CI_WORKSPACE__/LiteDB.Tests/Issues/Issue2324_Tests.cs(64,33): warning xUnit1031: Test methods should not use blocking task operations, as they can cause deadlocks. Use an async test method and await instead. (https://xunit.net/xunit.analyzers/rules/xUnit1031) [__CI_WORKSPACE__/LiteDB.Tests/LiteDB.Tests.csproj::TargetFramework=net10.0]
2026-09-30T11:05:12.6798630Z ##[warning]__CI_WORKSPACE__/LiteDB.Tests/Issues/Issue2243ReferenceSchema_Tests.cs(21,13): warning xUnit2013: Do not use Assert.Equal() to check for collection size. Use Assert.Empty instead. (https://xunit.net/xunit.analyzers/rules/xUnit2013) [__CI_WORKSPACE__/LiteDB.Tests/LiteDB.Tests.csproj::TargetFramework=net10.0]
2026-09-30T11:05:12.6812980Z ##[warning]__CI_WORKSPACE__/LiteDB.Tests/Issues/Issue2243ReferenceSchema_Tests.cs(22,13): warning xUnit2013: Do not use Assert.Equal() to check for collection size. Use Assert.Empty instead. (https://xunit.net/xunit.analyzers/rules/xUnit2013) [__CI_WORKSPACE__/LiteDB.Tests/LiteDB.Tests.csproj::TargetFramework=net10.0]
2026-09-30T11:05:12.6825410Z ##[warning]__CI_WORKSPACE__/LiteDB.Tests/Issues/Issue2112_Tests.cs(32,13): warning xUnit2013: Do not use Assert.Equal() to check for collection size. Use Assert.Single instead. (https://xunit.net/xunit.analyzers/rules/xUnit2013) [__CI_WORKSPACE__/LiteDB.Tests/LiteDB.Tests.csproj::TargetFramework=net10.0]
2026-09-30T11:05:12.6837600Z ##[warning]__CI_WORKSPACE__/LiteDB.Tests/Issues/Issue1192DirectDictionary_Tests.cs(186,13): warning xUnit2013: Do not use Assert.Equal() to check for collection size. Use Assert.Empty instead. (https://xunit.net/xunit.analyzers/rules/xUnit2013) [__CI_WORKSPACE__/LiteDB.Tests/LiteDB.Tests.csproj::TargetFramework=net10.0]
2026-09-30T11:05:14.0126300Z   LiteDB.Tests -> __CI_WORKSPACE__/LiteDB.Tests/bin/Release/net10.0/LiteDB.Tests.dll
2026-09-30T11:05:14.1310030Z 
2026-09-30T11:05:14.1325010Z Build succeeded.
2026-09-30T11:05:14.1351930Z 
2026-09-30T11:05:14.1462760Z __CI_WORKSPACE__/LiteDB/LiteDB.csproj : warning NU1510: PackageReference System.ComponentModel.TypeConverter will not be pruned. This package is automatically available and does not need to be referenced explicitly. Remove the PackageReference item. [TargetFramework=net10.0]
2026-09-30T11:05:14.1476770Z ##[warning]__CI_WORKSPACE__/LiteDB/Client/Mapper/BsonMapper.Deserialize.cs(27,39): warning CS8632: The annotation for nullable reference types should only be used in code within a '#nullable' annotations context. [__CI_WORKSPACE__/LiteDB/LiteDB.csproj::TargetFramework=net10.0]
2026-09-30T11:05:14.1493370Z ##[warning]__CI_WORKSPACE__/LiteDB/Engine/FileReader/Legacy/AesEncryption.cs(21,23): warning SYSLIB0060: 'Rfc2898DeriveBytes.Rfc2898DeriveBytes(string, byte[])' is obsolete: 'The constructors on Rfc2898DeriveBytes are obsolete. Use the static Pbkdf2 method instead.' (https://aka.ms/dotnet-warnings/SYSLIB0060) [__CI_WORKSPACE__/LiteDB/LiteDB.csproj::TargetFramework=net10.0]
2026-09-30T11:05:14.1514620Z ##[warning]__CI_WORKSPACE__/LiteDB/Engine/Disk/Streams/AesStream.cs(97,27): warning SYSLIB0060: 'Rfc2898DeriveBytes.Rfc2898DeriveBytes(string, byte[])' is obsolete: 'The constructors on Rfc2898DeriveBytes are obsolete. Use the static Pbkdf2 method instead.' (https://aka.ms/dotnet-warnings/SYSLIB0060) [__CI_WORKSPACE__/LiteDB/LiteDB.csproj::TargetFramework=net10.0]
2026-09-30T11:05:14.1529360Z ##[warning]__CI_WORKSPACE__/LiteDB/Engine/FileReader/FileReaderV8.cs(23,29): warning CS0649: Field 'FileReaderV8.PageInfo.PageType' is never assigned to, and will always have its default value [__CI_WORKSPACE__/LiteDB/LiteDB.csproj::TargetFramework=net10.0]
2026-09-30T11:05:14.1544890Z ##[warning]__CI_WORKSPACE__/LiteDB/Engine/LiteEngine.cs(229,37): warning CS1734: XML comment on 'LiteEngine.InvalidDatafileState' has a paramref tag for 'checkpoint', but there is no parameter by that name [__CI_WORKSPACE__/LiteDB/LiteDB.csproj::TargetFramework=net10.0]
2026-09-30T11:05:14.1556930Z ##[warning]__CI_WORKSPACE__/LiteDB/Engine/LiteEngine.cs(232,42): warning CS1734: XML comment on 'LiteEngine.InvalidDatafileState' has a paramref tag for 'final', but there is no parameter by that name [__CI_WORKSPACE__/LiteDB/LiteDB.csproj::TargetFramework=net10.0]
2026-09-30T11:05:14.1571180Z ##[warning]__CI_WORKSPACE__/LiteDB/Client/Coordinated/CoordinatorClient.Snapshots.cs(376,42): warning CS1573: Parameter 'engine' has no matching param tag in the XML comment for 'CoordinatorClient.Snapshot.Snapshot(LiteEngine, IDisposable, int, CoordinatorStatus)' (but other parameters do) [__CI_WORKSPACE__/LiteDB/LiteDB.csproj::TargetFramework=net10.0]
2026-09-30T11:05:14.1586520Z ##[warning]__CI_WORKSPACE__/LiteDB/Client/Coordinated/CoordinatorClient.Snapshots.cs(376,62): warning CS1573: Parameter 'lease' has no matching param tag in the XML comment for 'CoordinatorClient.Snapshot.Snapshot(LiteEngine, IDisposable, int, CoordinatorStatus)' (but other parameters do) [__CI_WORKSPACE__/LiteDB/LiteDB.csproj::TargetFramework=net10.0]
2026-09-30T11:05:14.1603440Z ##[warning]__CI_WORKSPACE__/LiteDB/Client/Coordinated/CoordinatorClient.Snapshots.cs(376,73): warning CS1573: Parameter 'version' has no matching param tag in the XML comment for 'CoordinatorClient.Snapshot.Snapshot(LiteEngine, IDisposable, int, CoordinatorStatus)' (but other parameters do) [__CI_WORKSPACE__/LiteDB/LiteDB.csproj::TargetFramework=net10.0]
2026-09-30T11:05:14.1617980Z ##[warning]__CI_WORKSPACE__/LiteDB/Client/Coordinated/CoordinatorStatusPage.cs(138,24): warning CA1416: This call site is reachable on all platforms. 'File.GetUnixFileMode(string)' is unsupported on: 'windows'. (https://learn.microsoft.com/dotnet/fundamentals/code-analysis/quality-rules/ca1416) [__CI_WORKSPACE__/LiteDB/LiteDB.csproj::TargetFramework=net10.0]
2026-09-30T11:05:14.1633120Z ##[warning]__CI_WORKSPACE__/LiteDB/Client/Coordinated/CoordinatorStatusPage.cs(133,17): warning CA1416: This call site is reachable on all platforms. 'Directory.CreateDirectory(string, UnixFileMode)' is unsupported on: 'windows'. (https://learn.microsoft.com/dotnet/fundamentals/code-analysis/quality-rules/ca1416) [__CI_WORKSPACE__/LiteDB/LiteDB.csproj::TargetFramework=net10.0]
2026-09-30T11:05:14.1648740Z ##[warning]__CI_WORKSPACE__/LiteDB/Client/Coordinated/CoordinatorStatusPage.cs(145,51): warning CA1416: This call site is reachable on all platforms. 'File.SetUnixFileMode(string, UnixFileMode)' is unsupported on: 'windows'. (https://learn.microsoft.com/dotnet/fundamentals/code-analysis/quality-rules/ca1416) [__CI_WORKSPACE__/LiteDB/LiteDB.csproj::TargetFramework=net10.0]
2026-09-30T11:05:14.1667740Z ##[warning]__CI_WORKSPACE__/LiteDB/Client/Coordinated/CoordinatorStatusPage.cs(170,27): warning CA1416: This call site is reachable on all platforms. 'FileStreamOptions.UnixCreateMode.set' is unsupported on: 'windows'. (https://learn.microsoft.com/dotnet/fundamentals/code-analysis/quality-rules/ca1416) [__CI_WORKSPACE__/LiteDB/LiteDB.csproj::TargetFramework=net10.0]
2026-09-30T11:05:14.1685610Z ##[warning]__CI_WORKSPACE__/LiteDB/Client/Coordinated/CoordinatorStatusPage.cs(115,57): warning CA1416: This call site is reachable on all platforms. 'File.GetUnixFileMode(string)' is unsupported on: 'windows'. (https://learn.microsoft.com/dotnet/fundamentals/code-analysis/quality-rules/ca1416) [__CI_WORKSPACE__/LiteDB/LiteDB.csproj::TargetFramework=net10.0]
2026-09-30T11:05:14.1701100Z ##[warning]__CI_WORKSPACE__/LiteDB/Engine/Sort/SortContainer.cs(141,21): warning CA2022: Avoid inexact read with 'System.IO.Stream.Read(byte[], int, int)' (https://learn.microsoft.com/dotnet/fundamentals/code-analysis/quality-rules/ca2022) [__CI_WORKSPACE__/LiteDB/LiteDB.csproj::TargetFramework=net10.0]
2026-09-30T11:05:14.1712030Z __CI_WORKSPACE__/LiteDB/LiteDB.csproj : warning NU1510: PackageReference System.ComponentModel.TypeConverter will not be pruned. This package is automatically available and does not need to be referenced explicitly. Remove the PackageReference item. [TargetFramework=net8.0]
2026-09-30T11:05:14.1724960Z ##[warning]__CI_WORKSPACE__/LiteDB/Client/Mapper/BsonMapper.Deserialize.cs(27,39): warning CS8632: The annotation for nullable reference types should only be used in code within a '#nullable' annotations context. [__CI_WORKSPACE__/LiteDB/LiteDB.csproj::TargetFramework=net8.0]
2026-09-30T11:05:14.1746220Z ##[warning]__CI_WORKSPACE__/LiteDB/Engine/Disk/Streams/AesStream.cs(97,27): warning SYSLIB0041: 'Rfc2898DeriveBytes.Rfc2898DeriveBytes(string, byte[])' is obsolete: 'The default hash algorithm and iteration counts in Rfc2898DeriveBytes constructors are outdated and insecure. Use a constructor that accepts the hash algorithm and the number of iterations.' (https://aka.ms/dotnet-warnings/SYSLIB0041) [__CI_WORKSPACE__/LiteDB/LiteDB.csproj::TargetFramework=net8.0]
2026-09-30T11:05:14.1768980Z ##[warning]__CI_WORKSPACE__/LiteDB/Engine/FileReader/Legacy/AesEncryption.cs(21,23): warning SYSLIB0041: 'Rfc2898DeriveBytes.Rfc2898DeriveBytes(string, byte[])' is obsolete: 'The default hash algorithm and iteration counts in Rfc2898DeriveBytes constructors are outdated and insecure. Use a constructor that accepts the hash algorithm and the number of iterations.' (https://aka.ms/dotnet-warnings/SYSLIB0041) [__CI_WORKSPACE__/LiteDB/LiteDB.csproj::TargetFramework=net8.0]
2026-09-30T11:05:14.1784100Z ##[warning]__CI_WORKSPACE__/LiteDB/Engine/FileReader/FileReaderV8.cs(23,29): warning CS0649: Field 'FileReaderV8.PageInfo.PageType' is never assigned to, and will always have its default value [__CI_WORKSPACE__/LiteDB/LiteDB.csproj::TargetFramework=net8.0]
2026-09-30T11:05:14.1795180Z ##[warning]__CI_WORKSPACE__/LiteDB/Engine/LiteEngine.cs(229,37): warning CS1734: XML comment on 'LiteEngine.InvalidDatafileState' has a paramref tag for 'checkpoint', but there is no parameter by that name [__CI_WORKSPACE__/LiteDB/LiteDB.csproj::TargetFramework=net8.0]
2026-09-30T11:05:14.1806540Z ##[warning]__CI_WORKSPACE__/LiteDB/Engine/LiteEngine.cs(232,42): warning CS1734: XML comment on 'LiteEngine.InvalidDatafileState' has a paramref tag for 'final', but there is no parameter by that name [__CI_WORKSPACE__/LiteDB/LiteDB.csproj::TargetFramework=net8.0]
2026-09-30T11:05:14.1822210Z ##[warning]__CI_WORKSPACE__/LiteDB/Client/Coordinated/CoordinatorClient.Snapshots.cs(376,42): warning CS1573: Parameter 'engine' has no matching param tag in the XML comment for 'CoordinatorClient.Snapshot.Snapshot(LiteEngine, IDisposable, int, CoordinatorStatus)' (but other parameters do) [__CI_WORKSPACE__/LiteDB/LiteDB.csproj::TargetFramework=net8.0]
2026-09-30T11:05:14.1840630Z ##[warning]__CI_WORKSPACE__/LiteDB/Client/Coordinated/CoordinatorClient.Snapshots.cs(376,62): warning CS1573: Parameter 'lease' has no matching param tag in the XML comment for 'CoordinatorClient.Snapshot.Snapshot(LiteEngine, IDisposable, int, CoordinatorStatus)' (but other parameters do) [__CI_WORKSPACE__/LiteDB/LiteDB.csproj::TargetFramework=net8.0]
2026-09-30T11:05:14.1859490Z ##[warning]__CI_WORKSPACE__/LiteDB/Client/Coordinated/CoordinatorClient.Snapshots.cs(376,73): warning CS1573: Parameter 'version' has no matching param tag in the XML comment for 'CoordinatorClient.Snapshot.Snapshot(LiteEngine, IDisposable, int, CoordinatorStatus)' (but other parameters do) [__CI_WORKSPACE__/LiteDB/LiteDB.csproj::TargetFramework=net8.0]
2026-09-30T11:05:14.1878900Z ##[warning]__CI_WORKSPACE__/LiteDB/Client/Coordinated/CoordinatorStatusPage.cs(115,57): warning CA1416: This call site is reachable on all platforms. 'File.GetUnixFileMode(string)' is unsupported on: 'windows'. (https://learn.microsoft.com/dotnet/fundamentals/code-analysis/quality-rules/ca1416) [__CI_WORKSPACE__/LiteDB/LiteDB.csproj::TargetFramework=net8.0]
2026-09-30T11:05:14.1902070Z ##[warning]__CI_WORKSPACE__/LiteDB/Client/Coordinated/CoordinatorStatusPage.cs(145,51): warning CA1416: This call site is reachable on all platforms. 'File.SetUnixFileMode(string, UnixFileMode)' is unsupported on: 'windows'. (https://learn.microsoft.com/dotnet/fundamentals/code-analysis/quality-rules/ca1416) [__CI_WORKSPACE__/LiteDB/LiteDB.csproj::TargetFramework=net8.0]
2026-09-30T11:05:14.1924640Z ##[warning]__CI_WORKSPACE__/LiteDB/Client/Coordinated/CoordinatorStatusPage.cs(133,17): warning CA1416: This call site is reachable on all platforms. 'Directory.CreateDirectory(string, UnixFileMode)' is unsupported on: 'windows'. (https://learn.microsoft.com/dotnet/fundamentals/code-analysis/quality-rules/ca1416) [__CI_WORKSPACE__/LiteDB/LiteDB.csproj::TargetFramework=net8.0]
2026-09-30T11:05:14.1945560Z ##[warning]__CI_WORKSPACE__/LiteDB/Client/Coordinated/CoordinatorStatusPage.cs(138,24): warning CA1416: This call site is reachable on all platforms. 'File.GetUnixFileMode(string)' is unsupported on: 'windows'. (https://learn.microsoft.com/dotnet/fundamentals/code-analysis/quality-rules/ca1416) [__CI_WORKSPACE__/LiteDB/LiteDB.csproj::TargetFramework=net8.0]
2026-09-30T11:05:14.1964470Z ##[warning]__CI_WORKSPACE__/LiteDB/Client/Coordinated/CoordinatorStatusPage.cs(170,27): warning CA1416: This call site is reachable on all platforms. 'FileStreamOptions.UnixCreateMode.set' is unsupported on: 'windows'. (https://learn.microsoft.com/dotnet/fundamentals/code-analysis/quality-rules/ca1416) [__CI_WORKSPACE__/LiteDB/LiteDB.csproj::TargetFramework=net8.0]
2026-09-30T11:05:14.1985590Z ##[warning]__CI_WORKSPACE__/LiteDB.Tests.SharedMutexHarness/SharedStorageHarness.cs(34,17): warning CS0618: 'LiteDatabase.BeginTrans()' is obsolete: 'Use BeginTransaction() and Commit/Rollback on the returned handle. This legacy API is thread-bound and must not cross await.' [__CI_WORKSPACE__/LiteDB.Tests.SharedMutexHarness/SharedMutexHarness.csproj]
2026-09-30T11:05:14.2005200Z ##[warning]__CI_WORKSPACE__/LiteDB.Tests.SharedMutexHarness/SharedStorageHarness.cs(36,55): warning CS0618: 'LiteDatabase.Commit()' is obsolete: 'Use BeginTransaction() and Commit/Rollback on the returned handle. This legacy API is thread-bound and must not cross await.' [__CI_WORKSPACE__/LiteDB.Tests.SharedMutexHarness/SharedMutexHarness.csproj]
2026-09-30T11:05:14.2031820Z ##[warning]__CI_WORKSPACE__/LiteDB.Tests.SharedMutexHarness/SharedMappedHarness.cs(40,13): warning CS0618: 'LiteDatabase.BeginTrans()' is obsolete: 'Use BeginTransaction() and Commit/Rollback on the returned handle. This legacy API is thread-bound and must not cross await.' [__CI_WORKSPACE__/LiteDB.Tests.SharedMutexHarness/SharedMutexHarness.csproj]
2026-09-30T11:05:14.2049820Z ##[warning]__CI_WORKSPACE__/LiteDB.Tests.SharedMutexHarness/CoordinatorHarness.cs(35,9): warning CS0618: 'LiteDatabase.BeginTrans()' is obsolete: 'Use BeginTransaction() and Commit/Rollback on the returned handle. This legacy API is thread-bound and must not cross await.' [__CI_WORKSPACE__/LiteDB.Tests.SharedMutexHarness/SharedMutexHarness.csproj]
2026-09-30T11:05:14.2072210Z ##[warning]__CI_WORKSPACE__/LiteDB.Tests.SharedMutexHarness/CoordinatorHarness.cs(39,9): warning CS0618: 'LiteDatabase.Rollback()' is obsolete: 'Use BeginTransaction() and Commit/Rollback on the returned handle. This legacy API is thread-bound and must not cross await.' [__CI_WORKSPACE__/LiteDB.Tests.SharedMutexHarness/SharedMutexHarness.csproj]
2026-09-30T11:05:14.2089850Z ##[warning]__CI_WORKSPACE__/LiteDB.Tests.SharedMutexHarness/MvccHarness.cs(65,17): warning CS0618: 'LiteDatabase.BeginTrans()' is obsolete: 'Use BeginTransaction() and Commit/Rollback on the returned handle. This legacy API is thread-bound and must not cross await.' [__CI_WORKSPACE__/LiteDB.Tests.SharedMutexHarness/SharedMutexHarness.csproj]
2026-09-30T11:05:14.2111310Z ##[warning]__CI_WORKSPACE__/LiteDB.Tests.SharedMutexHarness/MvccHarness.cs(85,17): warning CS0618: 'LiteDatabase.BeginTrans()' is obsolete: 'Use BeginTransaction() and Commit/Rollback on the returned handle. This legacy API is thread-bound and must not cross await.' [__CI_WORKSPACE__/LiteDB.Tests.SharedMutexHarness/SharedMutexHarness.csproj]
2026-09-30T11:05:14.2129460Z ##[warning]__CI_WORKSPACE__/LiteDB.Tests/Issues/Issue2265_Tests.cs(38,20): warning CS8632: The annotation for nullable reference types should only be used in code within a '#nullable' annotations context. [__CI_WORKSPACE__/LiteDB.Tests/LiteDB.Tests.csproj::TargetFramework=net10.0]
2026-09-30T11:05:14.2190130Z ##[warning]__CI_WORKSPACE__/LiteDB.Tests/Issues/Issue1829Invocation_Tests.cs(91,58): warning CS1718: Comparison made to same variable; did you mean to compare something else? [__CI_WORKSPACE__/LiteDB.Tests/LiteDB.Tests.csproj::TargetFramework=net10.0]
2026-09-30T11:05:14.2209040Z ##[warning]__CI_WORKSPACE__/LiteDB.Tests/Issues/Issue1829Invocation_Tests.cs(105,57): warning CS1718: Comparison made to same variable; did you mean to compare something else? [__CI_WORKSPACE__/LiteDB.Tests/LiteDB.Tests.csproj::TargetFramework=net10.0]
2026-09-30T11:05:14.2223970Z ##[warning]__CI_WORKSPACE__/LiteDB.Tests/Internals/Aes_Tests.cs(54,17): warning CA2022: Avoid inexact read with 'LiteDB.Engine.AesStream.Read(byte[], int, int)' (https://learn.microsoft.com/dotnet/fundamentals/code-analysis/quality-rules/ca2022) [__CI_WORKSPACE__/LiteDB.Tests/LiteDB.Tests.csproj::TargetFramework=net10.0]
2026-09-30T11:05:14.2239360Z ##[warning]__CI_WORKSPACE__/LiteDB.Tests/Internals/Aes_Tests.cs(57,17): warning CA2022: Avoid inexact read with 'LiteDB.Engine.AesStream.Read(byte[], int, int)' (https://learn.microsoft.com/dotnet/fundamentals/code-analysis/quality-rules/ca2022) [__CI_WORKSPACE__/LiteDB.Tests/LiteDB.Tests.csproj::TargetFramework=net10.0]
2026-09-30T11:05:14.2256860Z ##[warning]__CI_WORKSPACE__/LiteDB.Tests/Internals/Aes_Tests.cs(60,17): warning CA2022: Avoid inexact read with 'LiteDB.Engine.AesStream.Read(byte[], int, int)' (https://learn.microsoft.com/dotnet/fundamentals/code-analysis/quality-rules/ca2022) [__CI_WORKSPACE__/LiteDB.Tests/LiteDB.Tests.csproj::TargetFramework=net10.0]
2026-09-30T11:05:14.2276310Z ##[warning]__CI_WORKSPACE__/LiteDB.Tests/Internals/CacheAsync_Tests.cs(86,18): warning xUnit1031: Test methods should not use blocking task operations, as they can cause deadlocks. Use an async test method and await instead. (https://xunit.net/xunit.analyzers/rules/xUnit1031) [__CI_WORKSPACE__/LiteDB.Tests/LiteDB.Tests.csproj::TargetFramework=net10.0]
2026-09-30T11:05:14.2294800Z ##[warning]__CI_WORKSPACE__/LiteDB.Tests/Internals/Aes_Tests.cs(140,21): warning CA2022: Avoid inexact read with 'System.Security.Cryptography.CryptoStream.Read(byte[], int, int)' (https://learn.microsoft.com/dotnet/fundamentals/code-analysis/quality-rules/ca2022) [__CI_WORKSPACE__/LiteDB.Tests/LiteDB.Tests.csproj::TargetFramework=net10.0]
2026-09-30T11:05:14.2312960Z ##[warning]__CI_WORKSPACE__/LiteDB.Tests/Internals/TransactionHandleProcess_Tests.cs(22,13): warning xUnit2013: Do not use Assert.Equal() to check for collection size. Use Assert.Single instead. (https://xunit.net/xunit.analyzers/rules/xUnit2013) [__CI_WORKSPACE__/LiteDB.Tests/LiteDB.Tests.csproj::TargetFramework=net10.0]
2026-09-30T11:05:14.2329640Z ##[warning]__CI_WORKSPACE__/LiteDB.Tests/Engine/TransactionHandle_Tests.cs(146,32): warning xUnit1031: Test methods should not use blocking task operations, as they can cause deadlocks. Use an async test method and await instead. (https://xunit.net/xunit.analyzers/rules/xUnit1031) [__CI_WORKSPACE__/LiteDB.Tests/LiteDB.Tests.csproj::TargetFramework=net10.0]
2026-09-30T11:05:14.2351990Z ##[warning]__CI_WORKSPACE__/LiteDB.Tests/Engine/TransactionHandleSharedAdmission_Tests.cs(48,34): warning xUnit1031: Test methods should not use blocking task operations, as they can cause deadlocks. Use an async test method and await instead. (https://xunit.net/xunit.analyzers/rules/xUnit1031) [__CI_WORKSPACE__/LiteDB.Tests/LiteDB.Tests.csproj::TargetFramework=net10.0]
2026-09-30T11:05:14.2369250Z ##[warning]__CI_WORKSPACE__/LiteDB.Tests/Engine/TransactionHandleSharedAdmission_Tests.cs(49,64): warning xUnit1031: Test methods should not use blocking task operations, as they can cause deadlocks. Use an async test method and await instead. (https://xunit.net/xunit.analyzers/rules/xUnit1031) [__CI_WORKSPACE__/LiteDB.Tests/LiteDB.Tests.csproj::TargetFramework=net10.0]
2026-09-30T11:05:14.2384390Z ##[warning]__CI_WORKSPACE__/LiteDB.Tests/Engine/TransactionHandleSharedAdmission_Tests.cs(54,22): warning xUnit1031: Test methods should not use blocking task operations, as they can cause deadlocks. Use an async test method and await instead. (https://xunit.net/xunit.analyzers/rules/xUnit1031) [__CI_WORKSPACE__/LiteDB.Tests/LiteDB.Tests.csproj::TargetFramework=net10.0]
2026-09-30T11:05:14.2401670Z ##[warning]__CI_WORKSPACE__/LiteDB.Tests/Engine/TransactionHandleSharedAdmission_Tests.cs(91,34): warning xUnit1031: Test methods should not use blocking task operations, as they can cause deadlocks. Use an async test method and await instead. (https://xunit.net/xunit.analyzers/rules/xUnit1031) [__CI_WORKSPACE__/LiteDB.Tests/LiteDB.Tests.csproj::TargetFramework=net10.0]
2026-09-30T11:05:14.2416520Z ##[warning]__CI_WORKSPACE__/LiteDB.Tests/Engine/TransactionHandleSharedAdmission_Tests.cs(92,64): warning xUnit1031: Test methods should not use blocking task operations, as they can cause deadlocks. Use an async test method and await instead. (https://xunit.net/xunit.analyzers/rules/xUnit1031) [__CI_WORKSPACE__/LiteDB.Tests/LiteDB.Tests.csproj::TargetFramework=net10.0]
2026-09-30T11:05:14.2517990Z ##[warning]__CI_WORKSPACE__/LiteDB.Tests/Engine/TransactionHandleRawCloseDependency_Tests.cs(33,35): warning xUnit1031: Test methods should not use blocking task operations, as they can cause deadlocks. Use an async test method and await instead. (https://xunit.net/xunit.analyzers/rules/xUnit1031) [__CI_WORKSPACE__/LiteDB.Tests/LiteDB.Tests.csproj::TargetFramework=net10.0]
2026-09-30T11:05:14.2539170Z ##[warning]__CI_WORKSPACE__/LiteDB.Tests/Engine/TransactionHandleSharedPinCancellation_Tests.cs(56,38): warning xUnit1031: Test methods should not use blocking task operations, as they can cause deadlocks. Use an async test method and await instead. (https://xunit.net/xunit.analyzers/rules/xUnit1031) [__CI_WORKSPACE__/LiteDB.Tests/LiteDB.Tests.csproj::TargetFramework=net10.0]
2026-09-30T11:05:14.2562560Z ##[warning]__CI_WORKSPACE__/LiteDB.Tests/Engine/TransactionHandleSharedPinCancellation_Tests.cs(57,68): warning xUnit1031: Test methods should not use blocking task operations, as they can cause deadlocks. Use an async test method and await instead. (https://xunit.net/xunit.analyzers/rules/xUnit1031) [__CI_WORKSPACE__/LiteDB.Tests/LiteDB.Tests.csproj::TargetFramework=net10.0]
2026-09-30T11:05:14.2624200Z ##[warning]__CI_WORKSPACE__/LiteDB.Tests/Engine/TransactionHandleSharedPinCancellation_Tests.cs(66,38): warning xUnit1031: Test methods should not use blocking task operations, as they can cause deadlocks. Use an async test method and await instead. (https://xunit.net/xunit.analyzers/rules/xUnit1031) [__CI_WORKSPACE__/LiteDB.Tests/LiteDB.Tests.csproj::TargetFramework=net10.0]
2026-09-30T11:05:14.2764610Z ##[warning]__CI_WORKSPACE__/LiteDB.Tests/Engine/TransactionHandleMaintenanceProgress_Tests.cs(111,41): warning xUnit1031: Test methods should not use blocking task operations, as they can cause deadlocks. Use an async test method and await instead. (https://xunit.net/xunit.analyzers/rules/xUnit1031) [__CI_WORKSPACE__/LiteDB.Tests/LiteDB.Tests.csproj::TargetFramework=net10.0]
2026-09-30T11:05:14.2844360Z ##[warning]__CI_WORKSPACE__/LiteDB.Tests/Engine/TransactionHandleMaintenanceProgress_Tests.cs(81,32): warning xUnit1031: Test methods should not use blocking task operations, as they can cause deadlocks. Use an async test method and await instead. (https://xunit.net/xunit.analyzers/rules/xUnit1031) [__CI_WORKSPACE__/LiteDB.Tests/LiteDB.Tests.csproj::TargetFramework=net10.0]
2026-09-30T11:05:14.2857440Z ##[warning]__CI_WORKSPACE__/LiteDB.Tests/Engine/TransactionHandleMaintenanceProgress_Tests.cs(157,41): warning xUnit1031: Test methods should not use blocking task operations, as they can cause deadlocks. Use an async test method and await instead. (https://xunit.net/xunit.analyzers/rules/xUnit1031) [__CI_WORKSPACE__/LiteDB.Tests/LiteDB.Tests.csproj::TargetFramework=net10.0]
2026-09-30T11:05:14.2869510Z ##[warning]__CI_WORKSPACE__/LiteDB.Tests/Engine/TransactionHandleContext_Tests.cs(24,46): warning CA1416: This call site is reachable on all platforms. 'WindowsIdentity.GetCurrent(bool)' is only supported on: 'windows'. (https://learn.microsoft.com/dotnet/fundamentals/code-analysis/quality-rules/ca1416) [__CI_WORKSPACE__/LiteDB.Tests/LiteDB.Tests.csproj::TargetFramework=net10.0]
2026-09-30T11:05:14.2881190Z ##[warning]__CI_WORKSPACE__/LiteDB.Tests/Engine/TransactionHandleDisposeSafety_Tests.cs(250,55): warning xUnit1031: Test methods should not use blocking task operations, as they can cause deadlocks. Use an async test method and await instead. (https://xunit.net/xunit.analyzers/rules/xUnit1031) [__CI_WORKSPACE__/LiteDB.Tests/LiteDB.Tests.csproj::TargetFramework=net10.0]
2026-09-30T11:05:14.2892560Z ##[warning]__CI_WORKSPACE__/LiteDB.Tests/Engine/TransactionHandleMaintenanceProgress_Tests.cs(190,31): warning xUnit1031: Test methods should not use blocking task operations, as they can cause deadlocks. Use an async test method and await instead. (https://xunit.net/xunit.analyzers/rules/xUnit1031) [__CI_WORKSPACE__/LiteDB.Tests/LiteDB.Tests.csproj::TargetFramework=net10.0]
2026-09-30T11:05:14.2904550Z ##[warning]__CI_WORKSPACE__/LiteDB.Tests/Engine/SharedReadPath_Tests.cs(43,13): warning CA2022: Avoid inexact read with 'System.IO.FileStream.Read(byte[], int, int)' (https://learn.microsoft.com/dotnet/fundamentals/code-analysis/quality-rules/ca2022) [__CI_WORKSPACE__/LiteDB.Tests/LiteDB.Tests.csproj::TargetFramework=net10.0]
2026-09-30T11:05:14.3007190Z ##[warning]__CI_WORKSPACE__/LiteDB.Tests/Engine/TransactionHandleAdmission_Tests.cs(83,37): warning xUnit1031: Test methods should not use blocking task operations, as they can cause deadlocks. Use an async test method and await instead. (https://xunit.net/xunit.analyzers/rules/xUnit1031) [__CI_WORKSPACE__/LiteDB.Tests/LiteDB.Tests.csproj::TargetFramework=net10.0]
2026-09-30T11:05:14.3019230Z ##[warning]__CI_WORKSPACE__/LiteDB.Tests/Engine/TransactionHandleAdmission_Tests.cs(84,112): warning xUnit1031: Test methods should not use blocking task operations, as they can cause deadlocks. Use an async test method and await instead. (https://xunit.net/xunit.analyzers/rules/xUnit1031) [__CI_WORKSPACE__/LiteDB.Tests/LiteDB.Tests.csproj::TargetFramework=net10.0]
2026-09-30T11:05:14.3030130Z ##[warning]__CI_WORKSPACE__/LiteDB.Tests/Engine/TransactionHandleAdmission_Tests.cs(85,62): warning xUnit1031: Test methods should not use blocking task operations, as they can cause deadlocks. Use an async test method and await instead. (https://xunit.net/xunit.analyzers/rules/xUnit1031) [__CI_WORKSPACE__/LiteDB.Tests/LiteDB.Tests.csproj::TargetFramework=net10.0]
2026-09-30T11:05:14.3040900Z ##[warning]__CI_WORKSPACE__/LiteDB.Tests/Engine/TransactionHandleAdmission_Tests.cs(130,37): warning xUnit1031: Test methods should not use blocking task operations, as they can cause deadlocks. Use an async test method and await instead. (https://xunit.net/xunit.analyzers/rules/xUnit1031) [__CI_WORKSPACE__/LiteDB.Tests/LiteDB.Tests.csproj::TargetFramework=net10.0]
2026-09-30T11:05:14.3056570Z ##[warning]__CI_WORKSPACE__/LiteDB.Tests/Engine/TransactionHandleAdmission_Tests.cs(131,57): warning xUnit1031: Test methods should not use blocking task operations, as they can cause deadlocks. Use an async test method and await instead. (https://xunit.net/xunit.analyzers/rules/xUnit1031) [__CI_WORKSPACE__/LiteDB.Tests/LiteDB.Tests.csproj::TargetFramework=net10.0]
2026-09-30T11:05:14.3070310Z ##[warning]__CI_WORKSPACE__/LiteDB.Tests/Engine/SharedDisposalFailure_Tests.cs(71,35): warning xUnit1031: Test methods should not use blocking task operations, as they can cause deadlocks. Use an async test method and await instead. (https://xunit.net/xunit.analyzers/rules/xUnit1031) [__CI_WORKSPACE__/LiteDB.Tests/LiteDB.Tests.csproj::TargetFramework=net10.0]
2026-09-30T11:05:14.3081970Z ##[warning]__CI_WORKSPACE__/LiteDB.Tests/Engine/SharedDisposalFailure_Tests.cs(72,54): warning xUnit1031: Test methods should not use blocking task operations, as they can cause deadlocks. Use an async test method and await instead. (https://xunit.net/xunit.analyzers/rules/xUnit1031) [__CI_WORKSPACE__/LiteDB.Tests/LiteDB.Tests.csproj::TargetFramework=net10.0]
2026-09-30T11:05:14.3093080Z ##[warning]__CI_WORKSPACE__/LiteDB.Tests/Engine/SharedDisposalFailure_Tests.cs(73,49): warning xUnit1031: Test methods should not use blocking task operations, as they can cause deadlocks. Use an async test method and await instead. (https://xunit.net/xunit.analyzers/rules/xUnit1031) [__CI_WORKSPACE__/LiteDB.Tests/LiteDB.Tests.csproj::TargetFramework=net10.0]
2026-09-30T11:05:14.3104530Z ##[warning]__CI_WORKSPACE__/LiteDB.Tests/Engine/SharedDisposalFailure_Tests.cs(93,37): warning xUnit1031: Test methods should not use blocking task operations, as they can cause deadlocks. Use an async test method and await instead. (https://xunit.net/xunit.analyzers/rules/xUnit1031) [__CI_WORKSPACE__/LiteDB.Tests/LiteDB.Tests.csproj::TargetFramework=net10.0]
2026-09-30T11:05:14.3244940Z ##[warning]__CI_WORKSPACE__/LiteDB.Tests/Engine/SharedDisposalFailure_Tests.cs(117,23): warning xUnit1031: Test methods should not use blocking task operations, as they can cause deadlocks. Use an async test method and await instead. (https://xunit.net/xunit.analyzers/rules/xUnit1031) [__CI_WORKSPACE__/LiteDB.Tests/LiteDB.Tests.csproj::TargetFramework=net10.0]
2026-09-30T11:05:14.3306860Z ##[warning]__CI_WORKSPACE__/LiteDB.Tests/Engine/NativeAdmissionDirectPoolFinalizer_Tests.cs(74,13): warning xUnit2013: Do not use Assert.Equal() to check for collection size. Use Assert.Single instead. (https://xunit.net/xunit.analyzers/rules/xUnit2013) [__CI_WORKSPACE__/LiteDB.Tests/LiteDB.Tests.csproj::TargetFramework=net10.0]
2026-09-30T11:05:14.3320250Z ##[warning]__CI_WORKSPACE__/LiteDB.Tests/Engine/NativeAdmissionIsolation_Tests.cs(56,25): warning xUnit1031: Test methods should not use blocking task operations, as they can cause deadlocks. Use an async test method and await instead. (https://xunit.net/xunit.analyzers/rules/xUnit1031) [__CI_WORKSPACE__/LiteDB.Tests/LiteDB.Tests.csproj::TargetFramework=net10.0]
2026-09-30T11:05:14.3335320Z ##[warning]__CI_WORKSPACE__/LiteDB.Tests/Engine/NativeAdmissionIsolation_Tests.cs(65,22): warning xUnit1031: Test methods should not use blocking task operations, as they can cause deadlocks. Use an async test method and await instead. (https://xunit.net/xunit.analyzers/rules/xUnit1031) [__CI_WORKSPACE__/LiteDB.Tests/LiteDB.Tests.csproj::TargetFramework=net10.0]
2026-09-30T11:05:14.3350620Z ##[warning]__CI_WORKSPACE__/LiteDB.Tests/Engine/NativeAdmissionDirectContext_Tests.cs(140,38): warning xUnit1031: Test methods should not use blocking task operations, as they can cause deadlocks. Use an async test method and await instead. (https://xunit.net/xunit.analyzers/rules/xUnit1031) [__CI_WORKSPACE__/LiteDB.Tests/LiteDB.Tests.csproj::TargetFramework=net10.0]
2026-09-30T11:05:14.3371280Z ##[warning]__CI_WORKSPACE__/LiteDB.Tests/Engine/NativeAdmissionDirectContextLifetime_Tests.cs(151,37): warning xUnit1031: Test methods should not use blocking task operations, as they can cause deadlocks. Use an async test method and await instead. (https://xunit.net/xunit.analyzers/rules/xUnit1031) [__CI_WORKSPACE__/LiteDB.Tests/LiteDB.Tests.csproj::TargetFramework=net10.0]
2026-09-30T11:05:14.5227830Z ##[warning]__CI_WORKSPACE__/LiteDB.Tests/Engine/Issue2881_VectorPromotion_Tests.cs(147,13): warning CA2022: Avoid inexact read with 'System.IO.Stream.Read(byte[], int, int)' (https://learn.microsoft.com/dotnet/fundamentals/code-analysis/quality-rules/ca2022) [__CI_WORKSPACE__/LiteDB.Tests/LiteDB.Tests.csproj::TargetFramework=net10.0]
2026-09-30T11:05:14.5242910Z ##[warning]__CI_WORKSPACE__/LiteDB.Tests/Engine/CoordinatorSafety_Tests.cs(252,13): warning CA2022: Avoid inexact read with 'System.IO.FileStream.Read(byte[], int, int)' (https://learn.microsoft.com/dotnet/fundamentals/code-analysis/quality-rules/ca2022) [__CI_WORKSPACE__/LiteDB.Tests/LiteDB.Tests.csproj::TargetFramework=net10.0]
2026-09-30T11:05:14.5258760Z ##[warning]__CI_WORKSPACE__/LiteDB.Tests/Engine/CoordinatorSnapshotReads_Tests.cs(161,28): warning xUnit1031: Test methods should not use blocking task operations, as they can cause deadlocks. Use an async test method and await instead. (https://xunit.net/xunit.analyzers/rules/xUnit1031) [__CI_WORKSPACE__/LiteDB.Tests/LiteDB.Tests.csproj::TargetFramework=net10.0]
2026-09-30T11:05:14.5275650Z ##[warning]__CI_WORKSPACE__/LiteDB.Tests/Engine/CoordinatorSnapshotReads_Tests.cs(172,24): warning xUnit1031: Test methods should not use blocking task operations, as they can cause deadlocks. Use an async test method and await instead. (https://xunit.net/xunit.analyzers/rules/xUnit1031) [__CI_WORKSPACE__/LiteDB.Tests/LiteDB.Tests.csproj::TargetFramework=net10.0]
2026-09-30T11:05:14.5294270Z ##[warning]__CI_WORKSPACE__/LiteDB.Tests/Engine/CoordinatorPlatform_Tests.cs(289,22): warning xUnit1031: Test methods should not use blocking task operations, as they can cause deadlocks. Use an async test method and await instead. (https://xunit.net/xunit.analyzers/rules/xUnit1031) [__CI_WORKSPACE__/LiteDB.Tests/LiteDB.Tests.csproj::TargetFramework=net10.0]
2026-09-30T11:05:14.5311390Z ##[warning]__CI_WORKSPACE__/LiteDB.Tests/Engine/Coordinator_Tests.cs(262,20): warning xUnit1031: Test methods should not use blocking task operations, as they can cause deadlocks. Use an async test method and await instead. (https://xunit.net/xunit.analyzers/rules/xUnit1031) [__CI_WORKSPACE__/LiteDB.Tests/LiteDB.Tests.csproj::TargetFramework=net10.0]
2026-09-30T11:05:14.5328880Z ##[warning]__CI_WORKSPACE__/LiteDB.Tests/Engine/CompactSchemaCacheConcurrency_Tests.cs(96,18): warning xUnit1031: Test methods should not use blocking task operations, as they can cause deadlocks. Use an async test method and await instead. (https://xunit.net/xunit.analyzers/rules/xUnit1031) [__CI_WORKSPACE__/LiteDB.Tests/LiteDB.Tests.csproj::TargetFramework=net10.0]
2026-09-30T11:05:14.5344730Z ##[warning]__CI_WORKSPACE__/LiteDB.Tests/Issues/Issue2848_Tests.cs(87,89): warning xUnit1031: Test methods should not use blocking task operations, as they can cause deadlocks. Use an async test method and await instead. (https://xunit.net/xunit.analyzers/rules/xUnit1031) [__CI_WORKSPACE__/LiteDB.Tests/LiteDB.Tests.csproj::TargetFramework=net10.0]
2026-09-30T11:05:14.5360240Z ##[warning]__CI_WORKSPACE__/LiteDB.Tests/Issues/Issue2814_Tests.cs(57,26): warning xUnit1031: Test methods should not use blocking task operations, as they can cause deadlocks. Use an async test method and await instead. (https://xunit.net/xunit.analyzers/rules/xUnit1031) [__CI_WORKSPACE__/LiteDB.Tests/LiteDB.Tests.csproj::TargetFramework=net10.0]
2026-09-30T11:05:14.5381050Z ##[warning]__CI_WORKSPACE__/LiteDB.Tests/Issues/Issue2814Admission_Tests.cs(56,78): warning xUnit1031: Test methods should not use blocking task operations, as they can cause deadlocks. Use an async test method and await instead. (https://xunit.net/xunit.analyzers/rules/xUnit1031) [__CI_WORKSPACE__/LiteDB.Tests/LiteDB.Tests.csproj::TargetFramework=net10.0]
2026-09-30T11:05:14.5398950Z ##[warning]__CI_WORKSPACE__/LiteDB.Tests/Issues/Issue2792SnapshotPublication_Tests.cs(65,57): warning xUnit1031: Test methods should not use blocking task operations, as they can cause deadlocks. Use an async test method and await instead. (https://xunit.net/xunit.analyzers/rules/xUnit1031) [__CI_WORKSPACE__/LiteDB.Tests/LiteDB.Tests.csproj::TargetFramework=net10.0]
2026-09-30T11:05:14.5417470Z ##[warning]__CI_WORKSPACE__/LiteDB.Tests/Issues/Issue2792SnapshotPublication_Tests.cs(66,37): warning xUnit1031: Test methods should not use blocking task operations, as they can cause deadlocks. Use an async test method and await instead. (https://xunit.net/xunit.analyzers/rules/xUnit1031) [__CI_WORKSPACE__/LiteDB.Tests/LiteDB.Tests.csproj::TargetFramework=net10.0]
2026-09-30T11:05:14.5434700Z ##[warning]__CI_WORKSPACE__/LiteDB.Tests/Issues/Issue2790ReaderLease_Tests.cs(43,37): warning xUnit1030: Test methods should not call ConfigureAwait(false), as it may bypass parallelization limits. Omit ConfigureAwait, or use ConfigureAwait(true) to avoid CA2007. (https://xunit.net/xunit.analyzers/rules/xUnit1030) [__CI_WORKSPACE__/LiteDB.Tests/LiteDB.Tests.csproj::TargetFramework=net10.0]
2026-09-30T11:05:14.5450830Z ##[warning]__CI_WORKSPACE__/LiteDB.Tests/Issues/Issue2792_Tests.cs(48,24): warning xUnit1031: Test methods should not use blocking task operations, as they can cause deadlocks. Use an async test method and await instead. (https://xunit.net/xunit.analyzers/rules/xUnit1031) [__CI_WORKSPACE__/LiteDB.Tests/LiteDB.Tests.csproj::TargetFramework=net10.0]
2026-09-30T11:05:14.5467170Z ##[warning]__CI_WORKSPACE__/LiteDB.Tests/Issues/Issue2792_Tests.cs(53,24): warning xUnit1031: Test methods should not use blocking task operations, as they can cause deadlocks. Use an async test method and await instead. (https://xunit.net/xunit.analyzers/rules/xUnit1031) [__CI_WORKSPACE__/LiteDB.Tests/LiteDB.Tests.csproj::TargetFramework=net10.0]
2026-09-30T11:05:14.5482680Z ##[warning]__CI_WORKSPACE__/LiteDB.Tests/Issues/Issue2792_Tests.cs(54,44): warning xUnit1031: Test methods should not use blocking task operations, as they can cause deadlocks. Use an async test method and await instead. (https://xunit.net/xunit.analyzers/rules/xUnit1031) [__CI_WORKSPACE__/LiteDB.Tests/LiteDB.Tests.csproj::TargetFramework=net10.0]
2026-09-30T11:05:14.5498900Z ##[warning]__CI_WORKSPACE__/LiteDB.Tests/Issues/Issue2792_Tests.cs(59,24): warning xUnit1031: Test methods should not use blocking task operations, as they can cause deadlocks. Use an async test method and await instead. (https://xunit.net/xunit.analyzers/rules/xUnit1031) [__CI_WORKSPACE__/LiteDB.Tests/LiteDB.Tests.csproj::TargetFramework=net10.0]
2026-09-30T11:05:14.5514740Z ##[warning]__CI_WORKSPACE__/LiteDB.Tests/Issues/Issue2792_Tests.cs(60,24): warning xUnit1031: Test methods should not use blocking task operations, as they can cause deadlocks. Use an async test method and await instead. (https://xunit.net/xunit.analyzers/rules/xUnit1031) [__CI_WORKSPACE__/LiteDB.Tests/LiteDB.Tests.csproj::TargetFramework=net10.0]
2026-09-30T11:05:14.5530900Z ##[warning]__CI_WORKSPACE__/LiteDB.Tests/Issues/Issue2324_Tests.cs(64,33): warning xUnit1031: Test methods should not use blocking task operations, as they can cause deadlocks. Use an async test method and await instead. (https://xunit.net/xunit.analyzers/rules/xUnit1031) [__CI_WORKSPACE__/LiteDB.Tests/LiteDB.Tests.csproj::TargetFramework=net10.0]
2026-09-30T11:05:14.5548160Z ##[warning]__CI_WORKSPACE__/LiteDB.Tests/Issues/Issue2243ReferenceSchema_Tests.cs(21,13): warning xUnit2013: Do not use Assert.Equal() to check for collection size. Use Assert.Empty instead. (https://xunit.net/xunit.analyzers/rules/xUnit2013) [__CI_WORKSPACE__/LiteDB.Tests/LiteDB.Tests.csproj::TargetFramework=net10.0]
2026-09-30T11:05:14.5560880Z ##[warning]__CI_WORKSPACE__/LiteDB.Tests/Issues/Issue2243ReferenceSchema_Tests.cs(22,13): warning xUnit2013: Do not use Assert.Equal() to check for collection size. Use Assert.Empty instead. (https://xunit.net/xunit.analyzers/rules/xUnit2013) [__CI_WORKSPACE__/LiteDB.Tests/LiteDB.Tests.csproj::TargetFramework=net10.0]
2026-09-30T11:05:14.5572230Z ##[warning]__CI_WORKSPACE__/LiteDB.Tests/Issues/Issue2112_Tests.cs(32,13): warning xUnit2013: Do not use Assert.Equal() to check for collection size. Use Assert.Single instead. (https://xunit.net/xunit.analyzers/rules/xUnit2013) [__CI_WORKSPACE__/LiteDB.Tests/LiteDB.Tests.csproj::TargetFramework=net10.0]
2026-09-30T11:05:14.5582780Z ##[warning]__CI_WORKSPACE__/LiteDB.Tests/Issues/Issue1192DirectDictionary_Tests.cs(186,13): warning xUnit2013: Do not use Assert.Equal() to check for collection size. Use Assert.Empty instead. (https://xunit.net/xunit.analyzers/rules/xUnit2013) [__CI_WORKSPACE__/LiteDB.Tests/LiteDB.Tests.csproj::TargetFramework=net10.0]
2026-09-30T11:05:14.5587660Z     102 Warning(s)
2026-09-30T11:05:14.5588110Z     0 Error(s)
2026-09-30T11:05:14.5588370Z 
2026-09-30T11:05:14.5588850Z Time Elapsed 00:01:58.70
2026-09-30T11:05:14.5822060Z ##[group]Run printf '{"sha":"%s","tree":"%s","sdk":"%s"}' "$(git rev-parse HEAD)" "$(git rev-parse 'HEAD^{tree}')" "$(dotnet --version)" > LiteDB.Tests/bin/Release/build-evidence.json
2026-09-30T11:05:14.5828470Z [36;1mprintf '{"sha":"%s","tree":"%s","sdk":"%s"}' "$(git rev-parse HEAD)" "$(git rev-parse 'HEAD^{tree}')" "$(dotnet --version)" > LiteDB.Tests/bin/Release/build-evidence.json[0m
2026-09-30T11:05:14.6191700Z shell: /bin/bash -e {0}
2026-09-30T11:05:14.6192490Z env:
2026-09-30T11:05:14.6193890Z   LITEDB_RETAINED_FIXTURES: __CI_WORKSPACE__/LiteDB.Tests/TestResults/retained-fixtures
2026-09-30T11:05:14.6195890Z   DOTNET_ROOT: __CI_HOME__/.dotnet
2026-09-30T11:05:14.6196820Z ##[endgroup]
2026-09-30T11:05:15.1239290Z ##[group]Run ./scripts/run-ci-tests.ps1 -RuntimeMajor 10 -Framework "net10.0" -Architecture x64 -Filter 'FullyQualifiedName~TransactionHandle|FullyQualifiedName~NativeAdmission|FullyQualifiedName~SharedAdmissionLifetime|FullyQualifiedName~SharedMode|FullyQualifiedName~DirectModeAdmission|FullyQualifiedName~Rebuild|FullyQualifiedName~Issue2979|FullyQualifiedName~SharedCoordinated' -ResultFile 'NativeAdmission.trx' -PartitionFiltered
2026-09-30T11:05:15.1248160Z [36;1m./scripts/run-ci-tests.ps1 -RuntimeMajor 10 -Framework "net10.0" -Architecture x64 -Filter 'FullyQualifiedName~TransactionHandle|FullyQualifiedName~NativeAdmission|FullyQualifiedName~SharedAdmissionLifetime|FullyQualifiedName~SharedMode|FullyQualifiedName~DirectModeAdmission|FullyQualifiedName~Rebuild|FullyQualifiedName~Issue2979|FullyQualifiedName~SharedCoordinated' -ResultFile 'NativeAdmission.trx' -PartitionFiltered[0m
2026-09-30T11:05:15.1267050Z shell: /usr/local/bin/pwsh -command ". '{0}'"
2026-09-30T11:05:15.1267910Z env:
2026-09-30T11:05:15.1268980Z   LITEDB_RETAINED_FIXTURES: __CI_WORKSPACE__/LiteDB.Tests/TestResults/retained-fixtures
2026-09-30T11:05:15.1271820Z   DOTNET_ROOT: __CI_HOME__/.dotnet
2026-09-30T11:05:15.1272820Z   LITEDB_EVIDENCE_MATRIX: {
  "framework": "net10.0",
  "runtimeMajor": 10
}
2026-09-30T11:05:15.1273830Z ##[endgroup]
2026-09-30T11:05:18.8990080Z dotnet-install: Attempting to download using aka.ms link https://builds.dotnet.microsoft.com/dotnet/Runtime/10.0.12/dotnet-runtime-10.0.12-osx-x64.tar.gz
2026-09-30T11:05:20.0113010Z dotnet-install: Remote file https://builds.dotnet.microsoft.com/dotnet/Runtime/10.0.12/dotnet-runtime-10.0.12-osx-x64.tar.gz size is 35596837 bytes.
2026-09-30T11:05:20.0122880Z dotnet-install: Extracting archive from https://builds.dotnet.microsoft.com/dotnet/Runtime/10.0.12/dotnet-runtime-10.0.12-osx-x64.tar.gz
2026-09-30T11:05:25.8641950Z dotnet-install: Downloaded file size is 35596837 bytes.
2026-09-30T11:05:25.8646250Z dotnet-install: The remote and local file sizes are equal.
2026-09-30T11:05:26.0192100Z dotnet-install: Installed version is 10.0.12
2026-09-30T11:05:26.0914860Z dotnet-install: Binaries of dotnet can be found in __CI_HOME__/work/_temp/litedb-runtime-10-x64
2026-09-30T11:05:26.0941980Z dotnet-install: Note that the script does not resolve dependencies during installation.
2026-09-30T11:05:26.0954160Z dotnet-install: To check the list of dependencies, go to https://learn.microsoft.com/dotnet/core/install, select your operating system and check the "Dependencies" section.
2026-09-30T11:05:26.0993280Z dotnet-install: Installation finished successfully.
2026-09-30T11:05:26.1399830Z 
2026-09-30T11:05:26.1408540Z Host:
2026-09-30T11:05:26.1416220Z   Version:      10.0.12
2026-09-30T11:05:26.1426180Z   Architecture: x64
2026-09-30T11:05:26.1431690Z   Commit:       95017c711e
2026-09-30T11:05:26.1463410Z   RID:          osx-x64
2026-09-30T11:05:26.1466070Z 
2026-09-30T11:05:26.1481160Z .NET SDKs installed:
2026-09-30T11:05:26.1489520Z   No SDKs were found.
2026-09-30T11:05:26.1538880Z 
2026-09-30T11:05:26.1555320Z .NET runtimes installed:
2026-09-30T11:05:26.1578060Z   Microsoft.NETCore.App 10.0.12 [__CI_HOME__/work/_temp/litedb-runtime-10-x64/shared/Microsoft.NETCore.App]
2026-09-30T11:05:26.1601340Z 
2026-09-30T11:05:26.1606260Z Other architectures found:
2026-09-30T11:05:26.1623480Z   None
2026-09-30T11:05:26.1637860Z 
2026-09-30T11:05:26.1752950Z Environment variables:
2026-09-30T11:05:26.1785720Z   DOTNET_MULTILEVEL_LOOKUP                 [0]
2026-09-30T11:05:26.2196840Z   DOTNET_NOLOGO                            [1]
2026-09-30T11:05:26.2256750Z   DOTNET_ROOT                              [__CI_HOME__/.dotnet]
2026-09-30T11:05:26.2281420Z   DOTNET_SKIP_FIRST_TIME_EXPERIENCE        [1]
2026-09-30T11:05:26.2313160Z 
2026-09-30T11:05:26.2325300Z global.json file:
2026-09-30T11:05:26.2358810Z   Not found
2026-09-30T11:05:26.2362120Z 
2026-09-30T11:05:26.2374260Z Learn more:
2026-09-30T11:05:26.2389980Z   https://aka.ms/dotnet/info
2026-09-30T11:05:26.2394240Z 
2026-09-30T11:05:26.2424430Z Download .NET:
2026-09-30T11:05:26.2487000Z   https://aka.ms/dotnet/download
2026-09-30T11:05:41.3489940Z Running native selection partition: handles
2026-09-30T11:05:41.3737990Z 
2026-09-30T11:05:41.3740130Z Host:
2026-09-30T11:05:41.3746340Z   Version:      10.0.12
2026-09-30T11:05:41.3749240Z   Architecture: x64
2026-09-30T11:05:41.3752180Z   Commit:       95017c711e
2026-09-30T11:05:41.3755240Z   RID:          osx-x64
2026-09-30T11:05:41.3758550Z 
2026-09-30T11:05:41.3761390Z .NET SDKs installed:
2026-09-30T11:05:41.3764300Z   No SDKs were found.
2026-09-30T11:05:41.3767850Z 
2026-09-30T11:05:41.3769740Z .NET runtimes installed:
2026-09-30T11:05:41.3773450Z   Microsoft.NETCore.App 10.0.12 [__CI_HOME__/work/_temp/litedb-runtime-10-x64/shared/Microsoft.NETCore.App]
2026-09-30T11:05:41.3776410Z 
2026-09-30T11:05:41.3778330Z Other architectures found:
2026-09-30T11:05:41.3780530Z   None
2026-09-30T11:05:41.3782190Z 
2026-09-30T11:05:41.3783880Z Environment variables:
2026-09-30T11:05:41.3786090Z   DOTNET_MULTILEVEL_LOOKUP                 [0]
2026-09-30T11:05:41.3788890Z   DOTNET_NOLOGO                            [1]
2026-09-30T11:05:41.3791400Z   DOTNET_ROLL_FORWARD                      [LatestMajor]
2026-09-30T11:05:41.3794120Z   DOTNET_ROOT                              [__CI_HOME__/.dotnet]
2026-09-30T11:05:41.3797180Z   DOTNET_SKIP_FIRST_TIME_EXPERIENCE        [1]
2026-09-30T11:05:41.3799120Z 
2026-09-30T11:05:41.3800620Z global.json file:
2026-09-30T11:05:41.3803260Z   Not found
2026-09-30T11:05:41.3804820Z 
2026-09-30T11:05:41.3806630Z Learn more:
2026-09-30T11:05:41.3808770Z   https://aka.ms/dotnet/info
2026-09-30T11:05:41.3810700Z 
2026-09-30T11:05:41.3812380Z Download .NET:
2026-09-30T11:05:41.3814520Z   https://aka.ms/dotnet/download
2026-09-30T11:05:41.8141460Z VSTest version 18.7.0 (x64)
2026-09-30T11:05:41.8363240Z 
2026-09-30T11:05:42.0701120Z Starting test execution, please wait...
2026-09-30T11:05:42.3346380Z A total of 1 test files matched the specified pattern.
2026-09-30T11:07:35.5182120Z Results File: __CI_WORKSPACE__/LiteDB.Tests/TestResults/NativeAdmission-handles.trx
2026-09-30T11:07:35.5184590Z 
2026-09-30T11:07:35.5280730Z Passed!  - Failed:     0, Passed:   237, Skipped:     0, Total:   237, Duration: 1 m 48 s - LiteDB.Tests.dll (net10.0)
2026-09-30T11:07:35.7893770Z Running native selection partition: admission
2026-09-30T11:07:35.8267350Z 
2026-09-30T11:07:35.8273530Z Host:
2026-09-30T11:07:35.8279020Z   Version:      10.0.12
2026-09-30T11:07:35.8290640Z   Architecture: x64
2026-09-30T11:07:35.8295200Z   Commit:       95017c711e
2026-09-30T11:07:35.8302690Z   RID:          osx-x64
2026-09-30T11:07:35.8316590Z 
2026-09-30T11:07:35.8327750Z .NET SDKs installed:
2026-09-30T11:07:35.8338040Z   No SDKs were found.
2026-09-30T11:07:35.8377190Z 
2026-09-30T11:07:35.8399830Z .NET runtimes installed:
2026-09-30T11:07:35.8409940Z   Microsoft.NETCore.App 10.0.12 [__CI_HOME__/work/_temp/litedb-runtime-10-x64/shared/Microsoft.NETCore.App]
2026-09-30T11:07:35.8564080Z 
2026-09-30T11:07:35.8574150Z Other architectures found:
2026-09-30T11:07:35.8584990Z   None
2026-09-30T11:07:35.8588730Z 
2026-09-30T11:07:35.8612180Z Environment variables:
2026-09-30T11:07:35.9380370Z   DOTNET_MULTILEVEL_LOOKUP                 [0]
2026-09-30T11:07:35.9384070Z   DOTNET_NOLOGO                            [1]
2026-09-30T11:07:35.9386800Z   DOTNET_ROLL_FORWARD                      [LatestMajor]
2026-09-30T11:07:35.9389660Z   DOTNET_ROOT                              [__CI_HOME__/.dotnet]
2026-09-30T11:07:35.9392520Z   DOTNET_SKIP_FIRST_TIME_EXPERIENCE        [1]
2026-09-30T11:07:35.9396350Z 
2026-09-30T11:07:35.9397410Z global.json file:
2026-09-30T11:07:35.9399510Z   Not found
2026-09-30T11:07:35.9400480Z 
2026-09-30T11:07:35.9401480Z Learn more:
2026-09-30T11:07:35.9403060Z   https://aka.ms/dotnet/info
2026-09-30T11:07:35.9404410Z 
2026-09-30T11:07:35.9404840Z Download .NET:
2026-09-30T11:07:35.9407530Z   https://aka.ms/dotnet/download
2026-09-30T11:07:36.4193680Z VSTest version 18.7.0 (x64)
2026-09-30T11:07:36.4206660Z 
2026-09-30T11:07:36.6448690Z Starting test execution, please wait...
2026-09-30T11:07:36.7394110Z A total of 1 test files matched the specified pattern.
2026-09-30T11:10:13.8110820Z Results File: __CI_WORKSPACE__/LiteDB.Tests/TestResults/NativeAdmission-admission.trx
2026-09-30T11:10:13.8118070Z 
2026-09-30T11:10:13.8190190Z Passed!  - Failed:     0, Passed:   202, Skipped:     0, Total:   202, Duration: 2 m 32 s - LiteDB.Tests.dll (net10.0)
2026-09-30T11:10:14.0332650Z Running native selection partition: remaining
2026-09-30T11:10:14.0605060Z 
2026-09-30T11:10:14.0611030Z Host:
2026-09-30T11:10:14.0616090Z   Version:      10.0.12
2026-09-30T11:10:14.0633670Z   Architecture: x64
2026-09-30T11:10:14.0635250Z   Commit:       95017c711e
2026-09-30T11:10:14.0636760Z   RID:          osx-x64
2026-09-30T11:10:14.0637240Z 
2026-09-30T11:10:14.0637810Z .NET SDKs installed:
2026-09-30T11:10:14.0638870Z   No SDKs were found.
2026-09-30T11:10:14.0639510Z 
2026-09-30T11:10:14.0640000Z .NET runtimes installed:
2026-09-30T11:10:14.0641890Z   Microsoft.NETCore.App 10.0.12 [__CI_HOME__/work/_temp/litedb-runtime-10-x64/shared/Microsoft.NETCore.App]
2026-09-30T11:10:14.0643700Z 
2026-09-30T11:10:14.0644360Z Other architectures found:
2026-09-30T11:10:14.0645290Z   None
2026-09-30T11:10:14.0645990Z 
2026-09-30T11:10:14.0646410Z Environment variables:
2026-09-30T11:10:14.0647450Z   DOTNET_MULTILEVEL_LOOKUP                 [0]
2026-09-30T11:10:14.0650020Z   DOTNET_NOLOGO                            [1]
2026-09-30T11:10:14.0651600Z   DOTNET_ROLL_FORWARD                      [LatestMajor]
2026-09-30T11:10:14.0653820Z   DOTNET_ROOT                              [__CI_HOME__/.dotnet]
2026-09-30T11:10:14.0655340Z   DOTNET_SKIP_FIRST_TIME_EXPERIENCE        [1]
2026-09-30T11:10:14.0656170Z 
2026-09-30T11:10:14.0656510Z global.json file:
2026-09-30T11:10:14.0657710Z   Not found
2026-09-30T11:10:14.0658710Z 
2026-09-30T11:10:14.0659260Z Learn more:
2026-09-30T11:10:14.0660940Z   https://aka.ms/dotnet/info
2026-09-30T11:10:14.0662140Z 
2026-09-30T11:10:14.0662700Z Download .NET:
2026-09-30T11:10:14.0664080Z   https://aka.ms/dotnet/download
2026-09-30T11:10:14.4959290Z VSTest version 18.7.0 (x64)
2026-09-30T11:10:14.4980840Z 
2026-09-30T11:10:14.7205250Z Starting test execution, please wait...
2026-09-30T11:10:14.8083570Z A total of 1 test files matched the specified pattern.
2026-09-30T11:10:50.2444490Z [xUnit.net 00:00:34.65]     LiteDB.Tests.Engine.Rebuild_Tests.Rebuild_Change_Culture_Error [SKIP]
2026-09-30T11:10:50.4801300Z   Skipped LiteDB.Tests.Engine.Rebuild_Tests.Rebuild_Change_Culture_Error [1 ms]
2026-09-30T11:10:54.2247370Z [xUnit.net 00:00:38.63]     LiteDB.Tests.Engine.SharedAdmissionLifetime_Tests.Open_retains_admission_when_a_callback_disposes_the_connection [FAIL]
2026-09-30T11:10:54.4845320Z   Failed LiteDB.Tests.Engine.SharedAdmissionLifetime_Tests.Open_retains_admission_when_a_callback_disposes_the_connection [259 ms]
2026-09-30T11:10:54.4850660Z   Error Message:
2026-09-30T11:10:54.4855510Z    Expected a <System.IO.IOException> to be thrown, but found <System.InvalidOperationException>:
2026-09-30T11:10:54.4860620Z System.InvalidOperationException: Cannot close a shared connection from inside its executing operation.
2026-09-30T11:10:54.4865160Z    at LiteDB.SharedEngine.Dispose(Boolean disposing) in __CI_WORKSPACE__/LiteDB/Client/Shared/SharedEngine.Disposal.cs:line 20
2026-09-30T11:10:54.4870510Z    at LiteDB.SharedEngine.Dispose() in __CI_WORKSPACE__/LiteDB/Client/Shared/SharedEngine.cs:line 440
2026-09-30T11:10:54.4877080Z    at LiteDB.Tests.Engine.SharedAdmissionLifetime_Tests.<>c__DisplayClass1_0.<Open_retains_admission_when_a_callback_disposes_the_connection>b__1() in __CI_WORKSPACE__/LiteDB.Tests/Engine/SharedAdmissionLifetime_Tests.cs:line 78
2026-09-30T11:10:54.4891420Z    at LiteDB.SharedEngine.CreateEngine(Boolean recoveredAbandonedOwner, EngineSettings settings) in __CI_WORKSPACE__/LiteDB/Client/Shared/SharedEngine.cs:line 158
2026-09-30T11:10:54.4898200Z    at LiteDB.SharedEngine.OpenEngine(Boolean recoveredAbandonedOwner, Boolean final, Boolean writing) in __CI_WORKSPACE__/LiteDB/Client/Shared/SharedEngine.Coordination.cs:line 41
2026-09-30T11:10:54.4906490Z    at LiteDB.SharedEngine.OpenDatabase(Boolean scoped, Boolean writing, CancellationToken closing, TransactionAdmission admission) in __CI_WORKSPACE__/LiteDB/Client/Shared/SharedEngine.cs:line 134
2026-09-30T11:10:54.4913200Z    at LiteDB.SharedEngine.<>c__DisplayClass7_0`1.<QueryDatabase>b__0() in __CI_WORKSPACE__/LiteDB/Client/Shared/SharedEngine.Calls.cs:line 44
2026-09-30T11:10:54.4917290Z    at LiteDB.SharedEngine.Call[T](Func`1 call) in __CI_WORKSPACE__/LiteDB/Client/Shared/SharedEngine.Calls.cs:line 61
2026-09-30T11:10:54.4921750Z    at LiteDB.SharedEngine.QueryDatabase[T](Func`1 Query) in __CI_WORKSPACE__/LiteDB/Client/Shared/SharedEngine.Calls.cs:line 42
2026-09-30T11:10:54.4926020Z    at LiteDB.SharedEngine.Pragma(String name) in __CI_WORKSPACE__/LiteDB/Client/Shared/SharedEngine.cs:line 345
2026-09-30T11:10:54.4931980Z    at LiteDB.Tests.Engine.SharedAdmissionLifetime_Tests.<>c__DisplayClass1_0.<Open_retains_admission_when_a_callback_disposes_the_connection>b__2() in __CI_WORKSPACE__/LiteDB.Tests/Engine/SharedAdmissionLifetime_Tests.cs:line 82
2026-09-30T11:10:54.4937060Z    at FluentAssertions.Specialized.ActionAssertions.InvokeSubject()
2026-09-30T11:10:54.4941340Z    at FluentAssertions.Specialized.DelegateAssertions`2.InvokeSubjectWithInterception().
2026-09-30T11:10:54.4944000Z   Stack Trace:
2026-09-30T11:10:54.4947310Z      at FluentAssertions.Execution.XUnit2TestFramework.Throw(String message)
2026-09-30T11:10:54.4951740Z    at FluentAssertions.Execution.TestFrameworkProvider.Throw(String message)
2026-09-30T11:10:54.4955870Z    at FluentAssertions.Execution.DefaultAssertionStrategy.HandleFailure(String message)
2026-09-30T11:10:54.4960450Z    at FluentAssertions.Execution.AssertionScope.FailWith(String message, Object[] args)
2026-09-30T11:10:54.4966560Z    at FluentAssertions.Specialized.DelegateAssertionsBase`2.ThrowInternal[TException](Exception exception, String because, Object[] becauseArgs)
2026-09-30T11:10:54.4973640Z    at FluentAssertions.Specialized.DelegateAssertions`2.Throw[TException](String because, Object[] becauseArgs)
2026-09-30T11:10:54.4979280Z    at LiteDB.Tests.Engine.SharedAdmissionLifetime_Tests.Open_retains_admission_when_a_callback_disposes_the_connection() in __CI_WORKSPACE__/LiteDB.Tests/Engine/SharedAdmissionLifetime_Tests.cs:line 83
2026-09-30T11:10:54.4985650Z    at System.RuntimeMethodHandle.InvokeMethod(ObjectHandleOnStack target, Void** arguments, ObjectHandleOnStack sig, BOOL isConstructor, ObjectHandleOnStack result)
2026-09-30T11:10:54.4991460Z    at System.RuntimeMethodHandle.InvokeMethod(ObjectHandleOnStack target, Void** arguments, ObjectHandleOnStack sig, BOOL isConstructor, ObjectHandleOnStack result)
2026-09-30T11:10:54.4996660Z    at System.Reflection.MethodBaseInvoker.InterpretedInvoke_Method(Object obj, IntPtr* args)
2026-09-30T11:10:54.5000750Z    at System.Reflection.MethodBaseInvoker.InvokeWithNoArgs(Object obj, BindingFlags invokeAttr)
2026-09-30T11:11:48.7371160Z Results File: __CI_WORKSPACE__/LiteDB.Tests/TestResults/NativeAdmission-remaining.trx
2026-09-30T11:11:48.7401570Z 
2026-09-30T11:11:48.7466300Z Failed!  - Failed:     1, Passed:   235, Skipped:     1, Total:   237, Duration: 1 m 30 s - LiteDB.Tests.dll (net10.0)
2026-09-30T11:11:49.1206580Z [31;1mException: [0m__CI_WORKSPACE__/scripts/run-ci-tests.ps1:170[0m
2026-09-30T11:11:49.1208720Z [31;1m[0m[36;1mLine |[0m
2026-09-30T11:11:49.1211360Z [31;1m[0m[36;1m[36;1m 170 | [0m … ed.Count) { [36;1mthrow "Native test partitions failed: $($failed -join ', [0m …[0m
2026-09-30T11:11:49.1215730Z [31;1m[0m[36;1m[36;1m[0m[36;1m[0m[36;1m     | [31;1m               ~~~~~~~~~~~~~~~~~~~~~~~~~~~~~~~~~~~~~~~~~~~~~~~~~~~~~~~~~[0m
2026-09-30T11:11:49.1221270Z [31;1m[0m[36;1m[36;1m[0m[36;1m[0m[36;1m[31;1m[31;1m[36;1m     | [31;1mNative test partitions failed: remaining[0m
2026-09-30T11:11:49.3487580Z ##[error]Process completed with exit code 1.
2026-09-30T11:11:49.3921030Z ##[group]Run actions/upload-artifact@v4
2026-09-30T11:11:49.3935230Z with:
2026-09-30T11:11:49.3936870Z   name: test-results-test-native-macos-intel-1
2026-09-30T11:11:49.3940370Z   path: LiteDB.Tests/TestResults/*.trx
LiteDB.Tests/TestResults/evidence-leg.json
LiteDB.Tests/TestResults/discovered-tests.txt
LiteDB.Tests/TestResults/native-partitions.json

2026-09-30T11:11:49.3943820Z   if-no-files-found: warn
2026-09-30T11:11:49.3945500Z   compression-level: 6
2026-09-30T11:11:49.3947760Z   overwrite: false
2026-09-30T11:11:49.3950820Z   include-hidden-files: false
2026-09-30T11:11:49.3953780Z env:
2026-09-30T11:11:49.3990680Z   LITEDB_RETAINED_FIXTURES: __CI_WORKSPACE__/LiteDB.Tests/TestResults/retained-fixtures
2026-09-30T11:11:49.3992490Z   DOTNET_ROOT: __CI_HOME__/.dotnet
2026-09-30T11:11:49.3993520Z ##[endgroup]
2026-09-30T11:11:50.1390430Z (node:15926) [DEP0040] DeprecationWarning: The `punycode` module is deprecated. Please use a userland alternative instead.
2026-09-30T11:11:50.1532680Z (Use `node --trace-deprecation ...` to show where the warning was created)
2026-09-30T11:11:50.3822290Z With the provided path, there will be 6 files uploaded
2026-09-30T11:11:50.3836050Z Artifact name is valid!
2026-09-30T11:11:50.3841140Z Root directory input is valid!
2026-09-30T11:11:50.5080570Z Beginning upload of artifact content to blob storage
2026-09-30T11:11:50.6249470Z (node:15926) [DEP0169] DeprecationWarning: `url.parse()` behavior is not standardized and prone to errors that have security implications. Use the WHATWG URL API instead. CVEs are not issued for `url.parse()` vulnerabilities.
2026-09-30T11:11:50.8817970Z Uploaded bytes 169114
2026-09-30T11:11:50.9097030Z Finished uploading artifact content to blob storage!
2026-09-30T11:11:50.9123400Z SHA256 digest of uploaded artifact zip is 63d68f8be2ea48f571a44850a9b60f71e152cc5ddce275f047111ff53f136aa2
2026-09-30T11:11:50.9134250Z Finalizing artifact upload
2026-09-30T11:11:51.1664440Z Artifact test-results-test-native-macos-intel-1.zip successfully finalized. Artifact ID 11092138015
2026-09-30T11:11:51.1724870Z Artifact test-results-test-native-macos-intel-1 has been successfully uploaded! Final size is 169114 bytes. Artifact ID is 11092138015
2026-09-30T11:11:51.1752040Z Artifact download URL: https://github.com/JKamsker/LiteDB/actions/runs/36705044676/artifacts/11092138015
2026-09-30T11:11:51.2465850Z Prepare all required actions
2026-09-30T11:11:51.2473600Z Getting action download info
2026-09-30T11:11:51.5568930Z ##[group]Run ./.github/actions/retained-fixtures
2026-09-30T11:11:51.5570180Z env:
2026-09-30T11:11:51.5571860Z   LITEDB_RETAINED_FIXTURES: __CI_WORKSPACE__/LiteDB.Tests/TestResults/retained-fixtures
2026-09-30T11:11:51.5573580Z   DOTNET_ROOT: __CI_HOME__/.dotnet
2026-09-30T11:11:51.5574410Z ##[endgroup]
2026-09-30T11:11:51.5766600Z ##[start-action display=Collect retained fixtures;id=__self.__run]
2026-09-30T11:11:51.5927160Z ##[group]Run if [ "$RUNNER_OS" = "Windows" ]; then retained_python=python; else retained_python=python3; fi
2026-09-30T11:11:51.5929940Z [36;1mif [ "$RUNNER_OS" = "Windows" ]; then retained_python=python; else retained_python=python3; fi[0m
2026-09-30T11:11:51.5932630Z [36;1m"$retained_python" scripts/collect-retained-fixtures.py "$LITEDB_RETAINED_FIXTURES"[0m
2026-09-30T11:11:51.6098740Z shell: /bin/bash --noprofile --norc -e -o pipefail {0}
2026-09-30T11:11:51.6100030Z env:
2026-09-30T11:11:51.6101620Z   LITEDB_RETAINED_FIXTURES: __CI_WORKSPACE__/LiteDB.Tests/TestResults/retained-fixtures
2026-09-30T11:11:51.6104310Z   DOTNET_ROOT: __CI_HOME__/.dotnet
2026-09-30T11:11:51.6105310Z ##[endgroup]
2026-09-30T11:11:52.0444110Z ##[end-action id=__self.__run;outcome=success;conclusion=success;duration_ms=462]
2026-09-30T11:11:52.0458830Z ##[start-action display=Upload fixture manifests and copies;id=__self.__actions_upload-artifact]
2026-09-30T11:11:52.0742860Z ##[group]Run actions/upload-artifact@v4
2026-09-30T11:11:52.0744080Z with:
2026-09-30T11:11:52.0745110Z   name: retained-fixtures-test-native-macos-intel-1
2026-09-30T11:11:52.0747170Z   path: __CI_WORKSPACE__/LiteDB.Tests/TestResults/retained-fixtures/
2026-09-30T11:11:52.0749320Z   if-no-files-found: ignore
2026-09-30T11:11:52.0750380Z   retention-days: 14
2026-09-30T11:11:52.0751340Z   compression-level: 6
2026-09-30T11:11:52.0752470Z   overwrite: false
2026-09-30T11:11:52.0753440Z   include-hidden-files: false
2026-09-30T11:11:52.0754480Z env:
2026-09-30T11:11:52.0756200Z   LITEDB_RETAINED_FIXTURES: __CI_WORKSPACE__/LiteDB.Tests/TestResults/retained-fixtures
2026-09-30T11:11:52.0758690Z   DOTNET_ROOT: __CI_HOME__/.dotnet
2026-09-30T11:11:52.0759810Z ##[endgroup]
2026-09-30T11:11:53.2023240Z (node:16007) [DEP0040] DeprecationWarning: The `punycode` module is deprecated. Please use a userland alternative instead.
2026-09-30T11:11:53.2480160Z (Use `node --trace-deprecation ...` to show where the warning was created)
2026-09-30T11:11:53.3170350Z No files were found with the provided path: __CI_WORKSPACE__/LiteDB.Tests/TestResults/retained-fixtures/. No artifacts will be uploaded.
2026-09-30T11:11:53.3211400Z ##[end-action id=__self.__actions_upload-artifact;outcome=success;conclusion=success;duration_ms=1274]
2026-09-30T11:11:53.3916100Z Post job cleanup.
2026-09-30T11:11:54.0737550Z [command]/usr/local/bin/git version
2026-09-30T11:11:54.0773570Z git version 2.55.0
2026-09-30T11:11:54.2391780Z Copying '__CI_HOME__/.gitconfig' to '__CI_HOME__/work/_temp/ceab5fc8-ec65-4b84-9472-2b2a64a6cfc9/.gitconfig'
2026-09-30T11:11:54.2425030Z Temporarily overriding HOME='__CI_HOME__/work/_temp/ceab5fc8-ec65-4b84-9472-2b2a64a6cfc9' before making global git config changes
2026-09-30T11:11:54.2526300Z Adding repository directory to the temporary git global config as a safe directory
2026-09-30T11:11:54.2553850Z [command]/usr/local/bin/git config --global --add safe.directory __CI_WORKSPACE__
2026-09-30T11:11:54.2766430Z [command]/usr/local/bin/git config --local --name-only --get-regexp core\.sshCommand
2026-09-30T11:11:54.2778820Z [command]/usr/local/bin/git submodule foreach --recursive sh -c "git config --local --name-only --get-regexp 'core\.sshCommand' && git config --local --unset-all 'core.sshCommand' || :"
2026-09-30T11:11:55.0237680Z [command]/usr/local/bin/git config --local --name-only --get-regexp http\.https\:\/\/github\.com\/\.extraheader
2026-09-30T11:11:55.0347930Z http.https://github.com/.extraheader
2026-09-30T11:11:55.0733270Z [command]/usr/local/bin/git config --local --unset-all http.https://github.com/.extraheader
2026-09-30T11:11:55.0807320Z [command]/usr/local/bin/git submodule foreach --recursive sh -c "git config --local --name-only --get-regexp 'http\.https\:\/\/github\.com\/\.extraheader' && git config --local --unset-all 'http.https://github.com/.extraheader' || :"
2026-09-30T11:11:55.4051610Z [command]/usr/local/bin/git config --local --name-only --get-regexp ^includeIf\.gitdir:
2026-09-30T11:11:55.4273980Z [command]/usr/local/bin/git submodule foreach --recursive git config --local --show-origin --name-only --get-regexp remote.origin.url
2026-09-30T11:11:56.1423690Z Cleaning up orphan processes
2026-09-30T11:11:59.5551370Z Terminate orphan process: pid (5747) (VBCSCompiler)
2026-09-30T11:12:00.4913970Z ##[warning]Node.js 20 is deprecated. The following actions target Node.js 20 but are being forced to run on Node.js 24: actions/checkout@v4, actions/setup-dotnet@v4, actions/upload-artifact@v4. For more information see: https://github.blog/changelog/2025-09-19-deprecation-of-node-20-on-github-actions-runners/
