source,scenario,activity,readers,pairs,metric,baseline_median,candidate_median,mean_paired_percent,exploratory_95_low,exploratory_95_high
hosted-atomic-saturated/ubuntu-net10.0-checkpoint/readers.jsonl,large,checkpoint,1,5,read_calls_per_second,71.56311493929798,171.53967635741213,139.00951841231023,136.17236478648525,141.13536501283787
hosted-atomic-saturated/ubuntu-net10.0-checkpoint/readers.jsonl,large,checkpoint,1,5,writer_transactions_per_second,71.48115971073504,68.07612230010324,-4.217045760243498,-4.671986244486934,-3.475371099587772
hosted-atomic-saturated/ubuntu-net10.0-checkpoint/readers.jsonl,large,checkpoint,1,5,writer_p99_ms,20.333251,21.63011,5.253076696204091,3.2531742682210885,7.252979124187094
hosted-atomic-saturated/ubuntu-net10.0-checkpoint/readers.jsonl,large,checkpoint,1,5,total_active_cpu_ms,9874.272,11123.914,12.799960625205916,12.29769897877072,13.380029442922297
hosted-atomic-saturated/ubuntu-net10.0-checkpoint/readers.jsonl,large,checkpoint,1,5,read_completion_fraction,1.0,1.0,0.0,0.0,0.0
hosted-atomic-saturated/ubuntu-net10.0-checkpoint/readers.jsonl,large,checkpoint,1,5,median_reader_api_p99_ms,22.016423,23.567545,7.148130979439733,5.788227142986582,8.722990329609619
hosted-atomic-saturated/ubuntu-net10.0-checkpoint/readers.jsonl,large,checkpoint,1,5,median_reader_arrival_p99_ms,22.015800000000127,23.567000000000007,7.148345141176615,5.788614673782249,8.722937844398452
hosted-atomic-saturated/ubuntu-net10.0-checkpoint/readers.jsonl,large,checkpoint,4,5,read_calls_per_second,327.0701848064961,492.41762152695856,50.38996517701892,48.807125521802746,52.29388627969107
hosted-atomic-saturated/ubuntu-net10.0-checkpoint/readers.jsonl,large,checkpoint,4,5,writer_transactions_per_second,53.19882217807697,51.64609593674889,-1.8938316095572927,-2.722452429103359,-0.8115357902884623
hosted-atomic-saturated/ubuntu-net10.0-checkpoint/readers.jsonl,large,checkpoint,4,5,writer_p99_ms,26.456385,28.087242,6.821565687702247,2.845543564833468,11.50301290291512
hosted-atomic-saturated/ubuntu-net10.0-checkpoint/readers.jsonl,large,checkpoint,4,5,total_active_cpu_ms,16783.888,17528.78,4.302018360283184,3.450365897619463,4.968013960135891
hosted-atomic-saturated/ubuntu-net10.0-checkpoint/readers.jsonl,large,checkpoint,4,5,read_completion_fraction,1.0,1.0,0.0,0.0,0.0
hosted-atomic-saturated/ubuntu-net10.0-checkpoint/readers.jsonl,large,checkpoint,4,5,median_reader_api_p99_ms,24.397451500000003,31.110639,28.749116232409943,26.926211793581178,31.331167883467163
hosted-atomic-saturated/ubuntu-net10.0-checkpoint/readers.jsonl,large,checkpoint,4,5,median_reader_arrival_p99_ms,24.396700000000237,31.109600000000228,28.74910838607962,26.92605985647628,31.331365161979488
hosted-atomic-saturated/ubuntu-net10.0-checkpoint/readers.jsonl,medium,checkpoint,1,5,read_calls_per_second,72.54658032557727,513.8324207600217,609.3683329056782,598.5009802285307,619.0726062939631
hosted-atomic-saturated/ubuntu-net10.0-checkpoint/readers.jsonl,medium,checkpoint,1,5,writer_transactions_per_second,71.54941027397169,70.90678098224608,-1.4034206613358546,-2.561651501482891,-0.24518982118881816
hosted-atomic-saturated/ubuntu-net10.0-checkpoint/readers.jsonl,medium,checkpoint,1,5,writer_p99_ms,20.148629,20.341121,0.936786513628376,0.37375273987070745,1.5994500439675718
hosted-atomic-saturated/ubuntu-net10.0-checkpoint/readers.jsonl,medium,checkpoint,1,5,total_active_cpu_ms,8478.531,10017.710000000001,18.5022990367518,17.914701792250877,19.373146033948483
hosted-atomic-saturated/ubuntu-net10.0-checkpoint/readers.jsonl,medium,checkpoint,1,5,read_completion_fraction,1.0,1.0,0.0,0.0,0.0
hosted-atomic-saturated/ubuntu-net10.0-checkpoint/readers.jsonl,medium,checkpoint,1,5,median_reader_api_p99_ms,20.164799,8.930023,-55.63103426390612,-56.503175547328716,-54.75889298048353
hosted-atomic-saturated/ubuntu-net10.0-checkpoint/readers.jsonl,medium,checkpoint,1,5,median_reader_arrival_p99_ms,20.164199999999255,8.929299999999998,-55.63164537678479,-56.503291936360235,-54.75999881720935
hosted-atomic-saturated/ubuntu-net10.0-checkpoint/readers.jsonl,medium,checkpoint,4,5,read_calls_per_second,341.05898829091393,1644.2315296207194,384.20799031052167,374.86548981295,392.1119190473072
hosted-atomic-saturated/ubuntu-net10.0-checkpoint/readers.jsonl,medium,checkpoint,4,5,writer_transactions_per_second,59.136109347461,57.48762866231187,-3.3679794120151274,-4.153865278687358,-2.2292073644098265
hosted-atomic-saturated/ubuntu-net10.0-checkpoint/readers.jsonl,medium,checkpoint,4,5,writer_p99_ms,24.209112,24.924073,4.069665644152085,1.7400031629647383,6.440407109612889
hosted-atomic-saturated/ubuntu-net10.0-checkpoint/readers.jsonl,medium,checkpoint,4,5,total_active_cpu_ms,10441.27,15085.374,43.801397726139,42.805796250716796,44.71366952835449
hosted-atomic-saturated/ubuntu-net10.0-checkpoint/readers.jsonl,medium,checkpoint,4,5,read_completion_fraction,1.0,1.0,0.0,0.0,0.0
hosted-atomic-saturated/ubuntu-net10.0-checkpoint/readers.jsonl,medium,checkpoint,4,5,median_reader_api_p99_ms,22.8088185,20.932233500000002,-5.8932344162575845,-7.777962204123298,-3.6952352180015224
hosted-atomic-saturated/ubuntu-net10.0-checkpoint/readers.jsonl,medium,checkpoint,4,5,median_reader_arrival_p99_ms,22.808300000000145,20.931499999999573,-5.894206265231268,-7.778955231456679,-3.6956815235917717
hosted-atomic-saturated/ubuntu-net10.0-checkpoint/readers.jsonl,point,checkpoint,1,5,read_calls_per_second,143.4617645705067,2061.1967969817297,1348.557616819536,1301.582631356081,1387.5103443482517
hosted-atomic-saturated/ubuntu-net10.0-checkpoint/readers.jsonl,point,checkpoint,1,5,writer_transactions_per_second,71.87972847897436,71.4440721514384,-0.21245625389992417,-1.4333763029071678,1.3610609378058247
hosted-atomic-saturated/ubuntu-net10.0-checkpoint/readers.jsonl,point,checkpoint,1,5,writer_p99_ms,20.087762,20.542793,1.4063668085180314,-0.13542617488729203,2.6625846966106126
hosted-atomic-saturated/ubuntu-net10.0-checkpoint/readers.jsonl,point,checkpoint,1,5,total_active_cpu_ms,8183.036,9261.89,12.963387930881849,12.478918334918268,13.404739342590357
hosted-atomic-saturated/ubuntu-net10.0-checkpoint/readers.jsonl,point,checkpoint,1,5,read_completion_fraction,1.0,1.0,0.0,0.0,0.0
hosted-atomic-saturated/ubuntu-net10.0-checkpoint/readers.jsonl,point,checkpoint,1,5,median_reader_api_p99_ms,19.539901,7.150721,-63.811998328334006,-66.37440213537081,-61.96148414006247
hosted-atomic-saturated/ubuntu-net10.0-checkpoint/readers.jsonl,point,checkpoint,1,5,median_reader_arrival_p99_ms,19.538999999999987,7.15059999999994,-63.81183701958135,-66.37402290306595,-61.9612210513719
hosted-atomic-saturated/ubuntu-net10.0-checkpoint/readers.jsonl,point,checkpoint,4,5,read_calls_per_second,568.0148622196134,7636.1093311969835,1238.4479414069203,1212.1281276799828,1264.356027848387
hosted-atomic-saturated/ubuntu-net10.0-checkpoint/readers.jsonl,point,checkpoint,4,5,writer_transactions_per_second,68.07595693353021,65.42840496786393,-3.166424929889746,-4.536014648375151,-1.3759857111437102
hosted-atomic-saturated/ubuntu-net10.0-checkpoint/readers.jsonl,point,checkpoint,4,5,writer_p99_ms,21.258942,21.699636,1.084774673195985,-2.972435235474113,4.702823180644322
hosted-atomic-saturated/ubuntu-net10.0-checkpoint/readers.jsonl,point,checkpoint,4,5,total_active_cpu_ms,8526.554,12693.053,48.58911578018835,47.5156737017176,49.323419200936634
hosted-atomic-saturated/ubuntu-net10.0-checkpoint/readers.jsonl,point,checkpoint,4,5,read_completion_fraction,1.0,1.0,0.0,0.0,0.0
hosted-atomic-saturated/ubuntu-net10.0-checkpoint/readers.jsonl,point,checkpoint,4,5,median_reader_api_p99_ms,41.926547,7.030963,-83.00934016699028,-83.93443505238521,-82.1878413810096
hosted-atomic-saturated/ubuntu-net10.0-checkpoint/readers.jsonl,point,checkpoint,4,5,median_reader_arrival_p99_ms,41.925899999999956,7.030849999999873,-83.00921707981985,-83.93429342818649,-82.18771316845312
hosted-atomic-saturated/ubuntu-net10.0-writer/readers.jsonl,large,writer,1,5,read_calls_per_second,70.39124262550496,160.2929984018298,129.34912309069415,126.66222241437094,131.88717215185366
hosted-atomic-saturated/ubuntu-net10.0-writer/readers.jsonl,large,writer,1,5,writer_transactions_per_second,70.3810140176586,69.88487900872889,-1.0492827914743152,-2.6499706165541403,-0.007213056313946087
hosted-atomic-saturated/ubuntu-net10.0-writer/readers.jsonl,large,writer,1,5,writer_p99_ms,20.791547,22.368141,7.243266662391634,1.042118268410679,14.113095965287986
hosted-atomic-saturated/ubuntu-net10.0-writer/readers.jsonl,large,writer,1,5,total_active_cpu_ms,9828.217,10854.043,10.04511199049873,8.830759972929236,11.083091174187123
hosted-atomic-saturated/ubuntu-net10.0-writer/readers.jsonl,large,writer,1,5,read_completion_fraction,1.0,1.0,0.0,0.0,0.0
hosted-atomic-saturated/ubuntu-net10.0-writer/readers.jsonl,large,writer,1,5,median_reader_api_p99_ms,22.346825,24.636518,8.09922400515128,5.042850475022629,11.12979990449484
hosted-atomic-saturated/ubuntu-net10.0-writer/readers.jsonl,large,writer,1,5,median_reader_arrival_p99_ms,22.34650000000056,24.635599999999613,8.098214819030174,5.042302700535872,11.128712368001787
hosted-atomic-saturated/ubuntu-net10.0-writer/readers.jsonl,large,writer,4,5,read_calls_per_second,257.9230570334082,469.2064540519192,82.9651260858989,79.93445103702263,87.37098418674672
hosted-atomic-saturated/ubuntu-net10.0-writer/readers.jsonl,large,writer,4,5,writer_transactions_per_second,55.78077069491834,58.85463661173876,6.120909579792477,5.40514284519094,6.846522343857599
hosted-atomic-saturated/ubuntu-net10.0-writer/readers.jsonl,large,writer,4,5,writer_p99_ms,24.999323,27.236566,8.53623304001308,5.76979039452973,11.185772922229003
hosted-atomic-saturated/ubuntu-net10.0-writer/readers.jsonl,large,writer,4,5,total_active_cpu_ms,14993.874,17262.644,15.359097835718343,14.699967438339717,15.915197411023126
hosted-atomic-saturated/ubuntu-net10.0-writer/readers.jsonl,large,writer,4,5,read_completion_fraction,1.0,1.0,0.0,0.0,0.0
hosted-atomic-saturated/ubuntu-net10.0-writer/readers.jsonl,large,writer,4,5,median_reader_api_p99_ms,25.9482605,30.819835,18.692005683555664,12.736654879997813,25.211635202136183
hosted-atomic-saturated/ubuntu-net10.0-writer/readers.jsonl,large,writer,4,5,median_reader_arrival_p99_ms,25.947700000000168,30.818849999999998,18.68999340823427,12.735739389973219,25.208047418191413
hosted-atomic-saturated/ubuntu-net10.0-writer/readers.jsonl,medium,writer,1,5,read_calls_per_second,70.44338394788724,498.070924919807,605.4953863023849,603.9300391514007,606.7422985298501
hosted-atomic-saturated/ubuntu-net10.0-writer/readers.jsonl,medium,writer,1,5,writer_transactions_per_second,70.44267445595449,70.35763133798459,0.12043698487520293,-0.4197985145886962,0.7387083519478055
hosted-atomic-saturated/ubuntu-net10.0-writer/readers.jsonl,medium,writer,1,5,writer_p99_ms,21.143477,20.795612,-1.7777705132467991,-3.749767145572713,0.3489407705967751
hosted-atomic-saturated/ubuntu-net10.0-writer/readers.jsonl,medium,writer,1,5,total_active_cpu_ms,8580.855,10029.66,17.02441705553312,16.565994886441487,17.58443461148503
hosted-atomic-saturated/ubuntu-net10.0-writer/readers.jsonl,medium,writer,1,5,read_completion_fraction,1.0,1.0,0.0,0.0,0.0
hosted-atomic-saturated/ubuntu-net10.0-writer/readers.jsonl,medium,writer,1,5,median_reader_api_p99_ms,21.008635,14.458274,-33.084636490128,-41.168926834517286,-27.214031151191364
hosted-atomic-saturated/ubuntu-net10.0-writer/readers.jsonl,medium,writer,1,5,median_reader_arrival_p99_ms,21.00759999999991,14.457800000000134,-33.08436209466656,-41.167456119109715,-27.215188852067694
hosted-atomic-saturated/ubuntu-net10.0-writer/readers.jsonl,medium,writer,4,5,read_calls_per_second,247.3786654257136,1673.6096453274788,574.5486416092455,570.087711450467,579.009571768024
hosted-atomic-saturated/ubuntu-net10.0-writer/readers.jsonl,medium,writer,4,5,writer_transactions_per_second,61.573559082258896,59.96793334700136,-2.5361552228638873,-3.167865023189753,-1.894737974869114
hosted-atomic-saturated/ubuntu-net10.0-writer/readers.jsonl,medium,writer,4,5,writer_p99_ms,23.044089,26.219285,13.065315895361485,11.160175008454848,14.669953578321104
hosted-atomic-saturated/ubuntu-net10.0-writer/readers.jsonl,medium,writer,4,5,total_active_cpu_ms,9731.415,15407.428,58.45696570832528,57.472966529145424,59.21433979396871
hosted-atomic-saturated/ubuntu-net10.0-writer/readers.jsonl,medium,writer,4,5,read_completion_fraction,1.0,1.0,0.0,0.0,0.0
hosted-atomic-saturated/ubuntu-net10.0-writer/readers.jsonl,medium,writer,4,5,median_reader_api_p99_ms,28.1095555,20.014650500000002,-26.464326653969053,-30.486537388549458,-21.578369725811477
hosted-atomic-saturated/ubuntu-net10.0-writer/readers.jsonl,medium,writer,4,5,median_reader_arrival_p99_ms,28.10890000000063,20.01390000000015,-26.46605980613154,-30.489473455387433,-21.579135069967997
hosted-atomic-saturated/ubuntu-net10.0-writer/readers.jsonl,point,writer,1,5,read_calls_per_second,73.42730843319731,2024.1604575657882,2702.6688303150354,2607.6396398535903,2840.1455909732126
hosted-atomic-saturated/ubuntu-net10.0-writer/readers.jsonl,point,writer,1,5,writer_transactions_per_second,72.5271544513406,70.96507241066092,-1.8708093717531615,-2.861896869040008,-0.7834361005437085
hosted-atomic-saturated/ubuntu-net10.0-writer/readers.jsonl,point,writer,1,5,writer_p99_ms,20.818016,20.555706,-1.255377422012236,-4.231818318851843,1.7149893742226971
hosted-atomic-saturated/ubuntu-net10.0-writer/readers.jsonl,point,writer,1,5,total_active_cpu_ms,7898.764999999999,9141.499,15.07498929726314,14.15590603433375,16.13389486212041
hosted-atomic-saturated/ubuntu-net10.0-writer/readers.jsonl,point,writer,1,5,read_completion_fraction,1.0,1.0,0.0,0.0,0.0
hosted-atomic-saturated/ubuntu-net10.0-writer/readers.jsonl,point,writer,1,5,median_reader_api_p99_ms,20.797948,7.127378,-66.25846509680734,-69.51685221195093,-63.10612195343813
hosted-atomic-saturated/ubuntu-net10.0-writer/readers.jsonl,point,writer,1,5,median_reader_arrival_p99_ms,20.797700000000077,7.1271999999999025,-66.25837334532645,-69.51685414455972,-63.10606670604706
hosted-atomic-saturated/ubuntu-net10.0-writer/readers.jsonl,point,writer,4,5,read_calls_per_second,356.754481238693,7328.851564802238,1994.16182541251,1929.6726566636694,2061.614840043255
hosted-atomic-saturated/ubuntu-net10.0-writer/readers.jsonl,point,writer,4,5,writer_transactions_per_second,68.46087859478119,64.34954159394994,-6.259367407188581,-7.227373229112056,-5.375208644060711
hosted-atomic-saturated/ubuntu-net10.0-writer/readers.jsonl,point,writer,4,5,writer_p99_ms,21.259031,22.044571,4.589441667776426,3.570543781345581,6.072247016989607
hosted-atomic-saturated/ubuntu-net10.0-writer/readers.jsonl,point,writer,4,5,total_active_cpu_ms,8377.341,12739.975,52.32398226401534,51.24224153633336,53.445637448834006
hosted-atomic-saturated/ubuntu-net10.0-writer/readers.jsonl,point,writer,4,5,read_completion_fraction,1.0,1.0,0.0,0.0,0.0
hosted-atomic-saturated/ubuntu-net10.0-writer/readers.jsonl,point,writer,4,5,median_reader_api_p99_ms,43.97385,7.340911,-82.75232492051136,-83.32505807373971,-82.16598479184545
hosted-atomic-saturated/ubuntu-net10.0-writer/readers.jsonl,point,writer,4,5,median_reader_arrival_p99_ms,43.973149999999805,7.340850000000046,-82.75220947967911,-83.32498267296074,-82.16589079691896
hosted-atomic-saturated/ubuntu-net8.0-checkpoint/readers.jsonl,large,checkpoint,1,5,read_calls_per_second,66.45534201016918,158.18457271728818,140.106537868798,132.15412439356086,149.42749574584283
hosted-atomic-saturated/ubuntu-net8.0-checkpoint/readers.jsonl,large,checkpoint,1,5,writer_transactions_per_second,66.45808422170053,65.76100109591009,-1.7940530076740147,-3.3405001749277714,-0.1896127397652858
hosted-atomic-saturated/ubuntu-net8.0-checkpoint/readers.jsonl,large,checkpoint,1,5,writer_p99_ms,21.309884,22.189757,4.397309411325341,2.028444589466676,6.766174233184006
hosted-atomic-saturated/ubuntu-net8.0-checkpoint/readers.jsonl,large,checkpoint,1,5,total_active_cpu_ms,9870,11140,12.550589501727467,12.181418719916763,12.91976028353817
hosted-atomic-saturated/ubuntu-net8.0-checkpoint/readers.jsonl,large,checkpoint,1,5,read_completion_fraction,1.0,1.0,0.0,0.0,0.0
hosted-atomic-saturated/ubuntu-net8.0-checkpoint/readers.jsonl,large,checkpoint,1,5,median_reader_api_p99_ms,23.167298,25.143798,9.008488792629858,5.586836103841244,12.826050339874815
hosted-atomic-saturated/ubuntu-net8.0-checkpoint/readers.jsonl,large,checkpoint,1,5,median_reader_arrival_p99_ms,23.16689999999994,25.142899999999827,9.007980799871849,5.586619315453691,12.826602027718403
hosted-atomic-saturated/ubuntu-net8.0-checkpoint/readers.jsonl,large,checkpoint,4,5,read_calls_per_second,296.1485543148032,467.691703044738,56.709981546705805,55.33847988395238,58.896978816154174
hosted-atomic-saturated/ubuntu-net8.0-checkpoint/readers.jsonl,large,checkpoint,4,5,writer_transactions_per_second,50.756997656445506,49.24360966526401,-3.930304059406231,-5.272453496378309,-2.4879850331763427
hosted-atomic-saturated/ubuntu-net8.0-checkpoint/readers.jsonl,large,checkpoint,4,5,writer_p99_ms,26.645693,29.693261,9.868678738748432,8.286884966282043,11.55967276644066
hosted-atomic-saturated/ubuntu-net8.0-checkpoint/readers.jsonl,large,checkpoint,4,5,total_active_cpu_ms,16430,17580,6.856746335120354,5.883148118337269,7.92879404850351
hosted-atomic-saturated/ubuntu-net8.0-checkpoint/readers.jsonl,large,checkpoint,4,5,read_completion_fraction,1.0,1.0,0.0,0.0,0.0
hosted-atomic-saturated/ubuntu-net8.0-checkpoint/readers.jsonl,large,checkpoint,4,5,median_reader_api_p99_ms,25.333014,33.344344,31.2489181824138,28.063541920575183,34.413539002444075
hosted-atomic-saturated/ubuntu-net8.0-checkpoint/readers.jsonl,large,checkpoint,4,5,median_reader_arrival_p99_ms,25.332500000000095,33.343500000000176,31.248122190576964,28.0625222542713,34.41317935084773
hosted-atomic-saturated/ubuntu-net8.0-checkpoint/readers.jsonl,medium,checkpoint,1,5,read_calls_per_second,69.52532701776983,467.8527047700748,580.7534443808859,562.0298918218474,602.992293276663
hosted-atomic-saturated/ubuntu-net8.0-checkpoint/readers.jsonl,medium,checkpoint,1,5,writer_transactions_per_second,68.92842128092083,67.36461673505991,-1.9601542377172732,-3.892390837823507,0.16499909451088035
hosted-atomic-saturated/ubuntu-net8.0-checkpoint/readers.jsonl,medium,checkpoint,1,5,writer_p99_ms,21.023865,21.19665,2.161540742590571,0.7157273328566749,4.344186587275072
hosted-atomic-saturated/ubuntu-net8.0-checkpoint/readers.jsonl,medium,checkpoint,1,5,total_active_cpu_ms,8560,10070,17.89515599649961,17.082229086538646,18.68121404813063
hosted-atomic-saturated/ubuntu-net8.0-checkpoint/readers.jsonl,medium,checkpoint,1,5,read_completion_fraction,1.0,1.0,0.0,0.0,0.0
hosted-atomic-saturated/ubuntu-net8.0-checkpoint/readers.jsonl,medium,checkpoint,1,5,median_reader_api_p99_ms,20.990184,9.512818,-53.95079611284059,-54.64559213080908,-53.256000094872114
hosted-atomic-saturated/ubuntu-net8.0-checkpoint/readers.jsonl,medium,checkpoint,1,5,median_reader_arrival_p99_ms,20.989800000000287,9.512299999999414,-53.95191061001976,-54.646454420118076,-53.25736679992144
hosted-atomic-saturated/ubuntu-net8.0-checkpoint/readers.jsonl,medium,checkpoint,4,5,read_calls_per_second,316.04196030164735,1588.6054007042828,398.78755739986383,392.70223163259345,403.04434430112497
hosted-atomic-saturated/ubuntu-net8.0-checkpoint/readers.jsonl,medium,checkpoint,4,5,writer_transactions_per_second,53.86232276660154,54.37381737571907,0.6488142204111269,-0.13624094646164986,1.7622051027927466
hosted-atomic-saturated/ubuntu-net8.0-checkpoint/readers.jsonl,medium,checkpoint,4,5,writer_p99_ms,25.351379,25.647727,0.6128802062474659,-1.4937318911424091,2.771990581326691
hosted-atomic-saturated/ubuntu-net8.0-checkpoint/readers.jsonl,medium,checkpoint,4,5,total_active_cpu_ms,10530,15379.999899999999,46.21124396379188,45.59763750041196,46.92969911336742
hosted-atomic-saturated/ubuntu-net8.0-checkpoint/readers.jsonl,medium,checkpoint,4,5,read_completion_fraction,1.0,1.0,0.0,0.0,0.0
hosted-atomic-saturated/ubuntu-net8.0-checkpoint/readers.jsonl,medium,checkpoint,4,5,median_reader_api_p99_ms,24.191875500000002,14.2625485,-39.385439690104114,-46.17810304109628,-32.38842301053195
hosted-atomic-saturated/ubuntu-net8.0-checkpoint/readers.jsonl,medium,checkpoint,4,5,median_reader_arrival_p99_ms,24.19119999999998,14.261750000000234,-39.38733674893088,-46.180261239917286,-32.39052418540108
hosted-atomic-saturated/ubuntu-net8.0-checkpoint/readers.jsonl,point,checkpoint,1,5,read_calls_per_second,132.87915617123497,1665.820376997055,1129.7158026165332,1090.0535585679709,1165.706967421768
hosted-atomic-saturated/ubuntu-net8.0-checkpoint/readers.jsonl,point,checkpoint,1,5,writer_transactions_per_second,66.38904995582332,66.26632345442046,-0.7420579936495564,-1.9678380642828899,0.2977634997250478
hosted-atomic-saturated/ubuntu-net8.0-checkpoint/readers.jsonl,point,checkpoint,1,5,writer_p99_ms,21.181731,21.271041,1.162726198340771,-1.4199320667639226,3.7453844634454647
hosted-atomic-saturated/ubuntu-net8.0-checkpoint/readers.jsonl,point,checkpoint,1,5,total_active_cpu_ms,8300,9300,12.260522188628062,11.713690810406145,12.73035318439101
hosted-atomic-saturated/ubuntu-net8.0-checkpoint/readers.jsonl,point,checkpoint,1,5,read_completion_fraction,1.0,1.0,0.0,0.0,0.0
hosted-atomic-saturated/ubuntu-net8.0-checkpoint/readers.jsonl,point,checkpoint,1,5,median_reader_api_p99_ms,20.102977,9.189493,-55.3946912937678,-57.60133534159579,-53.622361988870125
hosted-atomic-saturated/ubuntu-net8.0-checkpoint/readers.jsonl,point,checkpoint,1,5,median_reader_arrival_p99_ms,20.10219999999981,9.189000000000306,-55.395280073135496,-57.60187966028453,-53.622584111383105
hosted-atomic-saturated/ubuntu-net8.0-checkpoint/readers.jsonl,point,checkpoint,4,5,read_calls_per_second,710.8181030581275,6141.192696928908,769.6790119159938,756.0346796013096,781.6174360660376
hosted-atomic-saturated/ubuntu-net8.0-checkpoint/readers.jsonl,point,checkpoint,4,5,writer_transactions_per_second,61.65682604070152,61.955262105233814,0.0665764655164014,-0.9690307431424227,0.9637291622558841
hosted-atomic-saturated/ubuntu-net8.0-checkpoint/readers.jsonl,point,checkpoint,4,5,writer_p99_ms,23.288553,22.502708,-3.4239458222559005,-4.841549134321421,-1.5018585441739107
hosted-atomic-saturated/ubuntu-net8.0-checkpoint/readers.jsonl,point,checkpoint,4,5,total_active_cpu_ms,8690.0,12710,46.26730208639254,45.270373631431866,47.15617057021577
hosted-atomic-saturated/ubuntu-net8.0-checkpoint/readers.jsonl,point,checkpoint,4,5,read_completion_fraction,1.0,1.0,0.0,0.0,0.0
hosted-atomic-saturated/ubuntu-net8.0-checkpoint/readers.jsonl,point,checkpoint,4,5,median_reader_api_p99_ms,44.120247500000005,9.1891865,-79.20374161183204,-79.84609269028007,-78.561390533384
hosted-atomic-saturated/ubuntu-net8.0-checkpoint/readers.jsonl,point,checkpoint,4,5,median_reader_arrival_p99_ms,44.1196000000009,9.189049999999952,-79.20390790583633,-79.8463225511599,-78.56149326051275
hosted-atomic-saturated/ubuntu-net8.0-writer/readers.jsonl,large,writer,1,5,read_calls_per_second,65.88580687948202,165.85511161060472,152.2733003900658,146.6157663141218,157.17946062750937
hosted-atomic-saturated/ubuntu-net8.0-writer/readers.jsonl,large,writer,1,5,writer_transactions_per_second,65.88748928353483,70.7935606177262,1.4980063502544683,-3.510630535826813,6.198980382038304
hosted-atomic-saturated/ubuntu-net8.0-writer/readers.jsonl,large,writer,1,5,writer_p99_ms,42.550039,26.425604,-1.19360004798199,-29.263900126404657,35.883474717920976
hosted-atomic-saturated/ubuntu-net8.0-writer/readers.jsonl,large,writer,1,5,total_active_cpu_ms,7960,9500,14.513471698339334,10.558399892797379,18.09825848565512
hosted-atomic-saturated/ubuntu-net8.0-writer/readers.jsonl,large,writer,1,5,read_completion_fraction,1.0,1.0,0.0,0.0,0.0
hosted-atomic-saturated/ubuntu-net8.0-writer/readers.jsonl,large,writer,1,5,median_reader_api_p99_ms,39.570478,26.277792,-30.522041074327927,-49.57976588823662,-12.13768327812827
hosted-atomic-saturated/ubuntu-net8.0-writer/readers.jsonl,large,writer,1,5,median_reader_arrival_p99_ms,39.56999999999971,26.277399999999034,-30.522006159423103,-49.58016486510174,-12.137428363033289
hosted-atomic-saturated/ubuntu-net8.0-writer/readers.jsonl,large,writer,4,5,read_calls_per_second,256.51812555079056,480.68846311952655,93.08013573341985,82.00279439070853,105.6141497729324
hosted-atomic-saturated/ubuntu-net8.0-writer/readers.jsonl,large,writer,4,5,writer_transactions_per_second,56.03844960848802,55.85685285035774,0.144318330581219,-4.972382973829701,4.749692162800403
hosted-atomic-saturated/ubuntu-net8.0-writer/readers.jsonl,large,writer,4,5,writer_p99_ms,27.837444,70.589443,69.10909258314933,12.12769606814862,126.09048909815003
hosted-atomic-saturated/ubuntu-net8.0-writer/readers.jsonl,large,writer,4,5,total_active_cpu_ms,13429.9998,15060,16.5295134379935,13.809193924896102,18.781920336597004
hosted-atomic-saturated/ubuntu-net8.0-writer/readers.jsonl,large,writer,4,5,read_completion_fraction,1.0,1.0,0.0,0.0,0.0
hosted-atomic-saturated/ubuntu-net8.0-writer/readers.jsonl,large,writer,4,5,median_reader_api_p99_ms,28.350337,32.424946,5.397601010629289,-12.420097596042545,20.859148681328328
hosted-atomic-saturated/ubuntu-net8.0-writer/readers.jsonl,large,writer,4,5,median_reader_arrival_p99_ms,28.349550000000363,32.423699999999826,5.3964284354926395,-12.42104303523399,20.857946080487743
hosted-atomic-saturated/ubuntu-net8.0-writer/readers.jsonl,medium,writer,1,5,read_calls_per_second,70.67453455171034,545.1540295570458,741.7080442803712,640.5846632802279,875.8521832380844
hosted-atomic-saturated/ubuntu-net8.0-writer/readers.jsonl,medium,writer,1,5,writer_transactions_per_second,70.66945666083119,69.62086127078489,-1.988689311392004,-10.977384365137238,8.732756082773735
hosted-atomic-saturated/ubuntu-net8.0-writer/readers.jsonl,medium,writer,1,5,writer_p99_ms,25.833703,29.961282,68.91896755990929,-20.381375426697893,175.7636883721425
hosted-atomic-saturated/ubuntu-net8.0-writer/readers.jsonl,medium,writer,1,5,total_active_cpu_ms,7130,8580,18.85877838381507,10.125173114683639,29.292054726464094
hosted-atomic-saturated/ubuntu-net8.0-writer/readers.jsonl,medium,writer,1,5,read_completion_fraction,1.0,1.0,0.0,0.0,0.0
hosted-atomic-saturated/ubuntu-net8.0-writer/readers.jsonl,medium,writer,1,5,median_reader_api_p99_ms,25.529655,13.313759,-56.6725677555768,-74.79563957196326,-38.54949593919033
hosted-atomic-saturated/ubuntu-net8.0-writer/readers.jsonl,medium,writer,1,5,median_reader_arrival_p99_ms,25.52930000000015,13.313500000000204,-56.673050633979585,-74.79582747826721,-38.550273789691964
hosted-atomic-saturated/ubuntu-net8.0-writer/readers.jsonl,medium,writer,4,5,read_calls_per_second,258.0730894392076,1726.5293466421597,591.3635430909861,557.214055272573,646.7984307136333
hosted-atomic-saturated/ubuntu-net8.0-writer/readers.jsonl,medium,writer,4,5,writer_transactions_per_second,64.49688673527729,57.35474997001116,-5.014560563047257,-9.364794996605813,-0.9991575220818195
hosted-atomic-saturated/ubuntu-net8.0-writer/readers.jsonl,medium,writer,4,5,writer_p99_ms,24.276562,68.469954,79.9382229332173,4.33828778366299,166.49466470945669
hosted-atomic-saturated/ubuntu-net8.0-writer/readers.jsonl,medium,writer,4,5,total_active_cpu_ms,8800,13519.9998,60.512052015531204,53.686914080866906,67.3371899501955
hosted-atomic-saturated/ubuntu-net8.0-writer/readers.jsonl,medium,writer,4,5,read_completion_fraction,1.0,1.0,0.0,0.0,0.0
hosted-atomic-saturated/ubuntu-net8.0-writer/readers.jsonl,medium,writer,4,5,median_reader_api_p99_ms,27.3092715,17.505330999999998,-40.64162317880955,-61.49148906073051,-28.359780125217604
hosted-atomic-saturated/ubuntu-net8.0-writer/readers.jsonl,medium,writer,4,5,median_reader_arrival_p99_ms,27.309000000000083,17.50460000000021,-40.642432174961336,-61.492307319773865,-28.360928960398844
hosted-atomic-saturated/ubuntu-net8.0-writer/readers.jsonl,point,writer,1,5,read_calls_per_second,71.86775112042073,2444.8727735244283,3355.7139903354864,3204.922045249862,3538.6244756118626
hosted-atomic-saturated/ubuntu-net8.0-writer/readers.jsonl,point,writer,1,5,writer_transactions_per_second,71.56941944713611,69.69947585994154,-1.5719479062060104,-3.2064925849432235,-0.2318404504488769
hosted-atomic-saturated/ubuntu-net8.0-writer/readers.jsonl,point,writer,1,5,writer_p99_ms,21.21653,21.662408,-0.8979038888833667,-14.063928829669067,8.278876133415865
hosted-atomic-saturated/ubuntu-net8.0-writer/readers.jsonl,point,writer,1,5,total_active_cpu_ms,6460,7540,17.296697858376508,16.04050080458967,18.541175442615703
hosted-atomic-saturated/ubuntu-net8.0-writer/readers.jsonl,point,writer,1,5,read_completion_fraction,1.0,1.0,0.0,0.0,0.0
hosted-atomic-saturated/ubuntu-net8.0-writer/readers.jsonl,point,writer,1,5,median_reader_api_p99_ms,21.231842,9.129521,-58.645594597001484,-63.97968234466684,-55.0422989960583
hosted-atomic-saturated/ubuntu-net8.0-writer/readers.jsonl,point,writer,1,5,median_reader_arrival_p99_ms,21.231400000000008,9.129500000000007,-58.64597370996923,-63.98022119692573,-55.04163735835898
hosted-atomic-saturated/ubuntu-net8.0-writer/readers.jsonl,point,writer,4,5,read_calls_per_second,567.1307863000354,7885.932433319728,1497.30644778532,1274.170491941878,1895.1920603144895
hosted-atomic-saturated/ubuntu-net8.0-writer/readers.jsonl,point,writer,4,5,writer_transactions_per_second,65.93404749097573,64.03938927962241,-2.9784205648353956,-9.139891102089965,1.7988203287324247
hosted-atomic-saturated/ubuntu-net8.0-writer/readers.jsonl,point,writer,4,5,writer_p99_ms,25.992762,22.950906,101.20711598668261,-19.786673227444297,316.0570831972705
hosted-atomic-saturated/ubuntu-net8.0-writer/readers.jsonl,point,writer,4,5,total_active_cpu_ms,7150,11110,56.28368280135808,53.09549850469259,59.471867098023566
hosted-atomic-saturated/ubuntu-net8.0-writer/readers.jsonl,point,writer,4,5,read_completion_fraction,1.0,1.0,0.0,0.0,0.0
hosted-atomic-saturated/ubuntu-net8.0-writer/readers.jsonl,point,writer,4,5,median_reader_api_p99_ms,46.175880500000005,10.229187,-78.87706430159605,-81.90787368058942,-76.79915032665647
hosted-atomic-saturated/ubuntu-net8.0-writer/readers.jsonl,point,writer,4,5,median_reader_arrival_p99_ms,46.17534999999998,10.228850000000193,-78.87829302494144,-81.90905718875261,-76.80142524102723
hosted-atomic-saturated/windows-net10.0-checkpoint/readers.jsonl,large,checkpoint,1,5,read_calls_per_second,51.977640476108,119.51855770032726,128.54683775863126,78.68436046403971,165.86642491424914
hosted-atomic-saturated/windows-net10.0-checkpoint/readers.jsonl,large,checkpoint,1,5,writer_transactions_per_second,55.09973996216745,53.252107184882206,-9.573915774832013,-33.179689974913174,7.47142404287918
hosted-atomic-saturated/windows-net10.0-checkpoint/readers.jsonl,large,checkpoint,1,5,writer_p99_ms,37.5467,38.0578,39.4596137440648,-9.38417970540594,124.93213380845569
hosted-atomic-saturated/windows-net10.0-checkpoint/readers.jsonl,large,checkpoint,1,5,total_active_cpu_ms,8515.625,9109.375,-1.4286616875843188,-23.503915704251288,11.399420270247052
hosted-atomic-saturated/windows-net10.0-checkpoint/readers.jsonl,large,checkpoint,1,5,read_completion_fraction,1.0,1.0,0.0,0.0,0.0
hosted-atomic-saturated/windows-net10.0-checkpoint/readers.jsonl,large,checkpoint,1,5,median_reader_api_p99_ms,44.9877,46.6575,21.872099164874342,-1.8547028464125546,52.09142613200443
hosted-atomic-saturated/windows-net10.0-checkpoint/readers.jsonl,large,checkpoint,1,5,median_reader_arrival_p99_ms,44.98630000000048,46.65650000000005,21.872462596180295,-1.8552450400918725,52.093571005417765
hosted-atomic-saturated/windows-net10.0-checkpoint/readers.jsonl,large,checkpoint,4,5,read_calls_per_second,210.43444662423218,383.7961775846877,85.79398495884787,81.2027559825619,90.37962527693143
hosted-atomic-saturated/windows-net10.0-checkpoint/readers.jsonl,large,checkpoint,4,5,writer_transactions_per_second,41.99432530682129,44.50060167607226,7.32314259458164,4.233382009977499,10.319341570570467
hosted-atomic-saturated/windows-net10.0-checkpoint/readers.jsonl,large,checkpoint,4,5,writer_p99_ms,43.564,42.1412,-0.5312687972868834,-3.3197633049295012,1.5427378374941925
hosted-atomic-saturated/windows-net10.0-checkpoint/readers.jsonl,large,checkpoint,4,5,total_active_cpu_ms,13796.875,14625.0,5.929847655021412,3.4733794483065017,8.748013527044241
hosted-atomic-saturated/windows-net10.0-checkpoint/readers.jsonl,large,checkpoint,4,5,read_completion_fraction,1.0,1.0,0.0,0.0,0.0
hosted-atomic-saturated/windows-net10.0-checkpoint/readers.jsonl,large,checkpoint,4,5,median_reader_api_p99_ms,45.6369,53.047,11.82360370979676,9.027220650447006,14.781452833239692
hosted-atomic-saturated/windows-net10.0-checkpoint/readers.jsonl,large,checkpoint,4,5,median_reader_arrival_p99_ms,45.636249999999905,53.04589999999939,11.823359355688986,9.026772637592147,14.781166573802977
hosted-atomic-saturated/windows-net10.0-checkpoint/readers.jsonl,medium,checkpoint,1,5,read_calls_per_second,59.99241320570169,392.770106267212,544.0110736497713,511.884042412461,572.9384569813774
hosted-atomic-saturated/windows-net10.0-checkpoint/readers.jsonl,medium,checkpoint,1,5,writer_transactions_per_second,57.35647962395573,57.07121784341721,0.366734601715366,-4.30346635919058,5.036935562621312
hosted-atomic-saturated/windows-net10.0-checkpoint/readers.jsonl,medium,checkpoint,1,5,writer_p99_ms,35.7333,36.9518,3.3256156871161657,-1.8882103286782617,8.061516461427278
hosted-atomic-saturated/windows-net10.0-checkpoint/readers.jsonl,medium,checkpoint,1,5,total_active_cpu_ms,7578.125,8484.375,13.042155460874714,9.417608901456603,16.889205888015685
hosted-atomic-saturated/windows-net10.0-checkpoint/readers.jsonl,medium,checkpoint,1,5,read_completion_fraction,1.0,1.0,0.0,0.0,0.0
hosted-atomic-saturated/windows-net10.0-checkpoint/readers.jsonl,medium,checkpoint,1,5,median_reader_api_p99_ms,35.2447,30.4486,-13.792174741717584,-17.104302088239002,-10.109618531844982
hosted-atomic-saturated/windows-net10.0-checkpoint/readers.jsonl,medium,checkpoint,1,5,median_reader_arrival_p99_ms,35.24389999999994,30.447700000000623,-13.792345799170242,-17.104602353774034,-10.10986009535541
hosted-atomic-saturated/windows-net10.0-checkpoint/readers.jsonl,medium,checkpoint,4,5,read_calls_per_second,306.8352419667286,1151.1054018732589,261.0923794176357,223.07498738959538,290.46943834520977
hosted-atomic-saturated/windows-net10.0-checkpoint/readers.jsonl,medium,checkpoint,4,5,writer_transactions_per_second,42.911463780583986,43.54360624012235,-1.2735191468299203,-8.022171751589017,4.661134468847323
hosted-atomic-saturated/windows-net10.0-checkpoint/readers.jsonl,medium,checkpoint,4,5,writer_p99_ms,42.1424,45.9311,20.548459524842773,3.8601610285504995,50.878805078362056
hosted-atomic-saturated/windows-net10.0-checkpoint/readers.jsonl,medium,checkpoint,4,5,total_active_cpu_ms,9609.375,12250.0,28.076214243011183,24.005905402445467,32.41762548932764
hosted-atomic-saturated/windows-net10.0-checkpoint/readers.jsonl,medium,checkpoint,4,5,read_completion_fraction,1.0,1.0,0.0,0.0,0.0
hosted-atomic-saturated/windows-net10.0-checkpoint/readers.jsonl,medium,checkpoint,4,5,median_reader_api_p99_ms,37.29485,39.1411,8.435825397497517,-1.3822658262394236,20.895581829882047
hosted-atomic-saturated/windows-net10.0-checkpoint/readers.jsonl,medium,checkpoint,4,5,median_reader_arrival_p99_ms,37.29424999999992,39.140100000000075,8.435181460266403,-1.3832684086097748,20.89528864809965
hosted-atomic-saturated/windows-net10.0-checkpoint/readers.jsonl,point,checkpoint,1,5,read_calls_per_second,113.64262524779116,1583.1967861105243,1222.0982080829795,1067.2984930718662,1339.7236572665156
hosted-atomic-saturated/windows-net10.0-checkpoint/readers.jsonl,point,checkpoint,1,5,writer_transactions_per_second,56.76624395303333,58.601720812077694,-0.1510363962509252,-5.653923767716846,5.351850975214996
hosted-atomic-saturated/windows-net10.0-checkpoint/readers.jsonl,point,checkpoint,1,5,writer_p99_ms,35.5706,35.6791,0.5654246168659571,-0.32685322976787834,1.4577024634997926
hosted-atomic-saturated/windows-net10.0-checkpoint/readers.jsonl,point,checkpoint,1,5,total_active_cpu_ms,7515.625,8046.875,8.139452769445272,4.723797871471862,11.555107667418683
hosted-atomic-saturated/windows-net10.0-checkpoint/readers.jsonl,point,checkpoint,1,5,read_completion_fraction,1.0,1.0,0.0,0.0,0.0
hosted-atomic-saturated/windows-net10.0-checkpoint/readers.jsonl,point,checkpoint,1,5,median_reader_api_p99_ms,33.6883,22.4156,-31.093617260929488,-34.07548281187868,-27.975464829665533
hosted-atomic-saturated/windows-net10.0-checkpoint/readers.jsonl,point,checkpoint,1,5,median_reader_arrival_p99_ms,33.6876000000002,22.415200000001278,-31.092764219457436,-34.07377404769768,-27.975390870381613
hosted-atomic-saturated/windows-net10.0-checkpoint/readers.jsonl,point,checkpoint,4,5,read_calls_per_second,419.0123591653163,3815.2361072051935,793.5638961644383,733.6541645247096,854.450474187522
hosted-atomic-saturated/windows-net10.0-checkpoint/readers.jsonl,point,checkpoint,4,5,writer_transactions_per_second,52.34890275950548,48.17565684059845,-9.469034088130309,-14.350804870145334,-4.587263306115284
hosted-atomic-saturated/windows-net10.0-checkpoint/readers.jsonl,point,checkpoint,4,5,writer_p99_ms,35.068,39.1753,29.9148795960003,5.471429466234028,61.23161642184154
hosted-atomic-saturated/windows-net10.0-checkpoint/readers.jsonl,point,checkpoint,4,5,total_active_cpu_ms,7734.375,10328.125,34.02679223307343,28.978050621382256,39.07553384476461
hosted-atomic-saturated/windows-net10.0-checkpoint/readers.jsonl,point,checkpoint,4,5,read_completion_fraction,1.0,1.0,0.0,0.0,0.0
hosted-atomic-saturated/windows-net10.0-checkpoint/readers.jsonl,point,checkpoint,4,5,median_reader_api_p99_ms,31.626849999999997,27.1015,-15.358954426388998,-16.991963322807397,-14.266354400331045
hosted-atomic-saturated/windows-net10.0-checkpoint/readers.jsonl,point,checkpoint,4,5,median_reader_arrival_p99_ms,31.625949999999875,27.100649999999973,-15.35970306965668,-16.992962679051388,-14.267011031205168
hosted-atomic-saturated/windows-net10.0-writer/readers.jsonl,large,writer,1,5,read_calls_per_second,51.3612150920354,107.6348507775214,109.16678844046851,97.90841055310037,120.42516632783665
hosted-atomic-saturated/windows-net10.0-writer/readers.jsonl,large,writer,1,5,writer_transactions_per_second,54.47872382332242,55.069545990371864,0.8251624520601976,-4.391997246554903,6.042322150675297
hosted-atomic-saturated/windows-net10.0-writer/readers.jsonl,large,writer,1,5,writer_p99_ms,36.2,36.2983,1.729105971779612,-2.1193958780819866,5.443999837959188
hosted-atomic-saturated/windows-net10.0-writer/readers.jsonl,large,writer,1,5,total_active_cpu_ms,9484.375,10140.625,7.319317506725764,2.825644440607289,11.784161582639033
hosted-atomic-saturated/windows-net10.0-writer/readers.jsonl,large,writer,1,5,read_completion_fraction,1.0,1.0,0.0,0.0,0.0
hosted-atomic-saturated/windows-net10.0-writer/readers.jsonl,large,writer,1,5,median_reader_api_p99_ms,39.9132,47.4345,19.353991269910285,7.01352231756495,30.741322519175935
hosted-atomic-saturated/windows-net10.0-writer/readers.jsonl,large,writer,1,5,median_reader_arrival_p99_ms,39.91260000000011,47.433300000000145,19.35399988428232,7.013347037762154,30.74107688274203
hosted-atomic-saturated/windows-net10.0-writer/readers.jsonl,large,writer,4,5,read_calls_per_second,159.7343722711597,311.5094599775696,95.62265708160497,92.45228980200471,99.24617054552904
hosted-atomic-saturated/windows-net10.0-writer/readers.jsonl,large,writer,4,5,writer_transactions_per_second,42.09905066640747,41.01461495429585,-2.9256892103744203,-5.673960740046522,-0.17741768070231867
hosted-atomic-saturated/windows-net10.0-writer/readers.jsonl,large,writer,4,5,writer_p99_ms,40.2322,48.2493,18.088354865141433,14.407761650313793,22.270386920611458
hosted-atomic-saturated/windows-net10.0-writer/readers.jsonl,large,writer,4,5,total_active_cpu_ms,13421.875,15578.125,16.24581939392609,14.526599096453094,17.851302238694956
hosted-atomic-saturated/windows-net10.0-writer/readers.jsonl,large,writer,4,5,read_completion_fraction,1.0,1.0,0.0,0.0,0.0
hosted-atomic-saturated/windows-net10.0-writer/readers.jsonl,large,writer,4,5,median_reader_api_p99_ms,48.28605,58.40655,21.19058093102582,17.876767280825252,24.02321112518745
hosted-atomic-saturated/windows-net10.0-writer/readers.jsonl,large,writer,4,5,median_reader_arrival_p99_ms,48.28510000000006,58.4055000000003,21.191197744656872,17.877513273642645,24.024350766538927
hosted-atomic-saturated/windows-net10.0-writer/readers.jsonl,medium,writer,1,5,read_calls_per_second,56.58805313022315,444.7473999914323,656.2528499039068,622.0457191201524,692.8878076353966
hosted-atomic-saturated/windows-net10.0-writer/readers.jsonl,medium,writer,1,5,writer_transactions_per_second,56.58967238478977,53.42938078453565,-6.667622379151292,-10.18712829971748,-3.148116458585104
hosted-atomic-saturated/windows-net10.0-writer/readers.jsonl,medium,writer,1,5,writer_p99_ms,35.9124,36.7725,8.814362255221154,-2.2002581166253066,19.828982627067614
hosted-atomic-saturated/windows-net10.0-writer/readers.jsonl,medium,writer,1,5,total_active_cpu_ms,8265.625,8968.75,10.364888043007335,7.244191156467329,13.898951709915789
hosted-atomic-saturated/windows-net10.0-writer/readers.jsonl,medium,writer,1,5,read_completion_fraction,1.0,1.0,0.0,0.0,0.0
hosted-atomic-saturated/windows-net10.0-writer/readers.jsonl,medium,writer,1,5,median_reader_api_p99_ms,35.7208,32.1893,-4.813733159375575,-10.717758848229014,0.24378589528042616
hosted-atomic-saturated/windows-net10.0-writer/readers.jsonl,medium,writer,1,5,median_reader_arrival_p99_ms,35.720200000000204,32.1887999999999,-4.813478797605948,-10.717510763361954,0.24423679955938082
hosted-atomic-saturated/windows-net10.0-writer/readers.jsonl,medium,writer,4,5,read_calls_per_second,187.58481837857198,1269.1084057213714,585.3952743604741,568.2308938059774,599.8168353219894
hosted-atomic-saturated/windows-net10.0-writer/readers.jsonl,medium,writer,4,5,writer_transactions_per_second,46.90770206004156,38.29583609374153,-15.653486041302653,-18.117786264738264,-12.005773385556163
hosted-atomic-saturated/windows-net10.0-writer/readers.jsonl,medium,writer,4,5,writer_p99_ms,37.2398,50.0521,35.04338480083137,21.870354957672298,54.14826259363525
hosted-atomic-saturated/windows-net10.0-writer/readers.jsonl,medium,writer,4,5,total_active_cpu_ms,9156.25,13406.25,45.72187064289241,39.03972055591606,52.40402072986876
hosted-atomic-saturated/windows-net10.0-writer/readers.jsonl,medium,writer,4,5,read_completion_fraction,1.0,1.0,0.0,0.0,0.0
hosted-atomic-saturated/windows-net10.0-writer/readers.jsonl,medium,writer,4,5,median_reader_api_p99_ms,36.6797,39.82835,9.167632914257888,5.981758769553007,12.35350705896277
hosted-atomic-saturated/windows-net10.0-writer/readers.jsonl,medium,writer,4,5,median_reader_arrival_p99_ms,36.678849999999784,39.82714999999962,9.16789100360143,5.981691562862177,12.354090444340681
hosted-atomic-saturated/windows-net10.0-writer/readers.jsonl,point,writer,1,5,read_calls_per_second,61.2405299337866,2261.154850711813,3650.483941075403,3493.7111414798273,3807.2567406709786
hosted-atomic-saturated/windows-net10.0-writer/readers.jsonl,point,writer,1,5,writer_transactions_per_second,61.24139627066672,60.962224757429055,-0.37583139086092565,-3.6963047857647817,3.6858384059568428
hosted-atomic-saturated/windows-net10.0-writer/readers.jsonl,point,writer,1,5,writer_p99_ms,31.156,32.1786,2.3866887165916695,-0.3627434860194789,4.845472417221566
hosted-atomic-saturated/windows-net10.0-writer/readers.jsonl,point,writer,1,5,total_active_cpu_ms,7953.125,9093.75,13.301784828296134,6.2043956422354585,20.39917401435681
hosted-atomic-saturated/windows-net10.0-writer/readers.jsonl,point,writer,1,5,read_completion_fraction,1.0,1.0,0.0,0.0,0.0
hosted-atomic-saturated/windows-net10.0-writer/readers.jsonl,point,writer,1,5,median_reader_api_p99_ms,31.2103,19.7951,-38.88772397913364,-44.63363827598356,-33.14180968228372
hosted-atomic-saturated/windows-net10.0-writer/readers.jsonl,point,writer,1,5,median_reader_arrival_p99_ms,31.209899999999834,19.79489999999987,-38.88679818170009,-44.63189903064356,-33.14169733275662
hosted-atomic-saturated/windows-net10.0-writer/readers.jsonl,point,writer,4,5,read_calls_per_second,213.49592083982623,5117.813348790751,2268.1073949279325,2190.7808169130485,2318.2663237059583
hosted-atomic-saturated/windows-net10.0-writer/readers.jsonl,point,writer,4,5,writer_transactions_per_second,53.33599980101186,47.98939050554703,-9.20475634649966,-10.44899770206895,-7.295792249488839
hosted-atomic-saturated/windows-net10.0-writer/readers.jsonl,point,writer,4,5,writer_p99_ms,36.1647,37.4627,3.4672020464971487,1.1816247786442302,5.752779314350067
hosted-atomic-saturated/windows-net10.0-writer/readers.jsonl,point,writer,4,5,total_active_cpu_ms,8125.0,10921.875,35.550873754756395,33.23340861473157,37.86833889478123
hosted-atomic-saturated/windows-net10.0-writer/readers.jsonl,point,writer,4,5,read_completion_fraction,1.0,1.0,0.0,0.0,0.0
hosted-atomic-saturated/windows-net10.0-writer/readers.jsonl,point,writer,4,5,median_reader_api_p99_ms,36.1599,26.1706,-27.079935120119313,-28.459608009578574,-25.793984963790688
hosted-atomic-saturated/windows-net10.0-writer/readers.jsonl,point,writer,4,5,median_reader_arrival_p99_ms,36.159200000000055,26.17005000000006,-27.08008449865847,-28.459711071039987,-25.794098132954833
hosted-atomic-saturated/windows-net8.0-checkpoint/readers.jsonl,large,checkpoint,1,5,read_calls_per_second,60.27534979294868,145.19972412052417,146.6316278523467,138.59334966449083,155.62993528726716
hosted-atomic-saturated/windows-net8.0-checkpoint/readers.jsonl,large,checkpoint,1,5,writer_transactions_per_second,62.56943170414094,61.25260824447516,-1.655349173326226,-2.8246216602703345,-0.5472489234246947
hosted-atomic-saturated/windows-net8.0-checkpoint/readers.jsonl,large,checkpoint,1,5,writer_p99_ms,34.5326,34.5032,0.689921011760961,-2.6757010223238358,3.716791544229399
hosted-atomic-saturated/windows-net8.0-checkpoint/readers.jsonl,large,checkpoint,1,5,total_active_cpu_ms,9000.0,9703.125,7.668876508829543,5.239406591949658,10.451727084835962
hosted-atomic-saturated/windows-net8.0-checkpoint/readers.jsonl,large,checkpoint,1,5,read_completion_fraction,1.0,1.0,0.0,0.0,0.0
hosted-atomic-saturated/windows-net8.0-checkpoint/readers.jsonl,large,checkpoint,1,5,median_reader_api_p99_ms,37.8388,35.3865,-6.850239501189847,-10.282969497029875,-3.4363149515803415
hosted-atomic-saturated/windows-net8.0-checkpoint/readers.jsonl,large,checkpoint,1,5,median_reader_arrival_p99_ms,37.83849999999984,35.386099999999715,-6.850504862564659,-10.283304682577745,-3.4364841061954743
hosted-atomic-saturated/windows-net8.0-checkpoint/readers.jsonl,large,checkpoint,4,5,read_calls_per_second,207.95334482576567,381.57014204745707,82.43006726666306,80.05001225175945,84.36503997314456
hosted-atomic-saturated/windows-net8.0-checkpoint/readers.jsonl,large,checkpoint,4,5,writer_transactions_per_second,42.74440278274451,45.53472460623522,6.998472042509545,5.921306801626587,8.031826122804304
hosted-atomic-saturated/windows-net8.0-checkpoint/readers.jsonl,large,checkpoint,4,5,writer_p99_ms,43.6754,42.47,0.33758425941515835,-5.838127614853773,9.189305922476997
hosted-atomic-saturated/windows-net8.0-checkpoint/readers.jsonl,large,checkpoint,4,5,total_active_cpu_ms,14406.25,14843.75,3.8502050654986286,1.8191137689964432,6.260440954394451
hosted-atomic-saturated/windows-net8.0-checkpoint/readers.jsonl,large,checkpoint,4,5,read_completion_fraction,1.0,1.0,0.0,0.0,0.0
hosted-atomic-saturated/windows-net8.0-checkpoint/readers.jsonl,large,checkpoint,4,5,median_reader_api_p99_ms,45.1062,51.34855,13.042456387868583,9.231950215758987,15.515896713658702
hosted-atomic-saturated/windows-net8.0-checkpoint/readers.jsonl,large,checkpoint,4,5,median_reader_arrival_p99_ms,45.105249999999856,51.34754999999973,13.042622442020582,9.231885234669047,15.51646712881643
hosted-atomic-saturated/windows-net8.0-checkpoint/readers.jsonl,medium,checkpoint,1,5,read_calls_per_second,66.9913406993012,424.9467602844158,541.6659843563765,512.6051270913837,570.5881772441351
hosted-atomic-saturated/windows-net8.0-checkpoint/readers.jsonl,medium,checkpoint,1,5,writer_transactions_per_second,64.79285205256157,62.28731020629167,-3.127211801033807,-6.2209530806592905,-0.1252954654100602
hosted-atomic-saturated/windows-net8.0-checkpoint/readers.jsonl,medium,checkpoint,1,5,writer_p99_ms,33.9966,34.9713,1.3041942464759182,-5.754844874286762,6.624110773989663
hosted-atomic-saturated/windows-net8.0-checkpoint/readers.jsonl,medium,checkpoint,1,5,total_active_cpu_ms,7859.375,8718.75,11.55557570591213,10.175055620758675,13.254070859714014
hosted-atomic-saturated/windows-net8.0-checkpoint/readers.jsonl,medium,checkpoint,1,5,read_completion_fraction,1.0,1.0,0.0,0.0,0.0
hosted-atomic-saturated/windows-net8.0-checkpoint/readers.jsonl,medium,checkpoint,1,5,median_reader_api_p99_ms,33.9583,27.8634,-18.058440187982605,-20.827947276821654,-15.044281447827657
hosted-atomic-saturated/windows-net8.0-checkpoint/readers.jsonl,medium,checkpoint,1,5,median_reader_arrival_p99_ms,33.95809999999983,27.863000000000284,-18.058498773683702,-20.8278794238523,-15.04429976782274
hosted-atomic-saturated/windows-net8.0-checkpoint/readers.jsonl,medium,checkpoint,4,5,read_calls_per_second,340.1865892759998,1168.268046483546,245.10010563404842,239.67474755027538,252.23167958559574
hosted-atomic-saturated/windows-net8.0-checkpoint/readers.jsonl,medium,checkpoint,4,5,writer_transactions_per_second,46.75436166494799,50.30822873530563,7.397256252763107,5.071789258048032,8.894894297267552
hosted-atomic-saturated/windows-net8.0-checkpoint/readers.jsonl,medium,checkpoint,4,5,writer_p99_ms,37.7453,38.1494,-6.994200285500688,-21.63773948307467,1.535314546898352
hosted-atomic-saturated/windows-net8.0-checkpoint/readers.jsonl,medium,checkpoint,4,5,total_active_cpu_ms,9562.5,12734.375,33.43588873877431,27.373015368309485,40.26991559476194
hosted-atomic-saturated/windows-net8.0-checkpoint/readers.jsonl,medium,checkpoint,4,5,read_completion_fraction,1.0,1.0,0.0,0.0,0.0
hosted-atomic-saturated/windows-net8.0-checkpoint/readers.jsonl,medium,checkpoint,4,5,median_reader_api_p99_ms,33.8439,41.669700000000006,21.597213262546784,16.63082182566881,25.38148745368928
hosted-atomic-saturated/windows-net8.0-checkpoint/readers.jsonl,medium,checkpoint,4,5,median_reader_arrival_p99_ms,33.843650000000025,41.66904999999974,21.596778955404154,16.630667361064717,25.380625404326754
hosted-atomic-saturated/windows-net8.0-checkpoint/readers.jsonl,point,checkpoint,1,5,read_calls_per_second,130.74611952414412,1581.0238933297255,1154.2080971270593,1121.3817119379407,1181.8248860328824
hosted-atomic-saturated/windows-net8.0-checkpoint/readers.jsonl,point,checkpoint,1,5,writer_transactions_per_second,63.59467776141815,63.38492720006537,0.3217048287024317,-4.188909247016189,5.1274647720739335
hosted-atomic-saturated/windows-net8.0-checkpoint/readers.jsonl,point,checkpoint,1,5,writer_p99_ms,34.5397,34.8323,3.8974407138200773,-2.0825203697245276,10.2238779991097
hosted-atomic-saturated/windows-net8.0-checkpoint/readers.jsonl,point,checkpoint,1,5,total_active_cpu_ms,7656.25,8093.75,8.269026502195933,2.04255319148936,14.495499812902505
hosted-atomic-saturated/windows-net8.0-checkpoint/readers.jsonl,point,checkpoint,1,5,read_completion_fraction,1.0,1.0,0.0,0.0,0.0
hosted-atomic-saturated/windows-net8.0-checkpoint/readers.jsonl,point,checkpoint,1,5,median_reader_api_p99_ms,31.0085,21.587,-30.886205965128145,-35.08503207555377,-26.687379854702527
hosted-atomic-saturated/windows-net8.0-checkpoint/readers.jsonl,point,checkpoint,1,5,median_reader_arrival_p99_ms,31.008100000000013,21.58660000000009,-30.886434714563983,-35.084892531833376,-26.687976897294597
hosted-atomic-saturated/windows-net8.0-checkpoint/readers.jsonl,point,checkpoint,4,5,read_calls_per_second,447.52965865977416,3978.7328463525137,785.0025308758155,776.4388237907677,794.9498993767056
hosted-atomic-saturated/windows-net8.0-checkpoint/readers.jsonl,point,checkpoint,4,5,writer_transactions_per_second,55.917869510798624,55.35125878853599,-1.5317271844477087,-3.0802636293375985,-0.09467332086173563
hosted-atomic-saturated/windows-net8.0-checkpoint/readers.jsonl,point,checkpoint,4,5,writer_p99_ms,33.524,35.3171,5.062383009043425,2.5619121101376185,8.199361603393225
hosted-atomic-saturated/windows-net8.0-checkpoint/readers.jsonl,point,checkpoint,4,5,total_active_cpu_ms,8062.5,10875.0,34.91510311658486,28.7557545494971,41.07445168367262
hosted-atomic-saturated/windows-net8.0-checkpoint/readers.jsonl,point,checkpoint,4,5,read_completion_fraction,1.0,1.0,0.0,0.0,0.0
hosted-atomic-saturated/windows-net8.0-checkpoint/readers.jsonl,point,checkpoint,4,5,median_reader_api_p99_ms,31.007800000000003,26.006349999999998,-16.79106887157921,-18.3801245226871,-15.445288673330197
hosted-atomic-saturated/windows-net8.0-checkpoint/readers.jsonl,point,checkpoint,4,5,median_reader_arrival_p99_ms,31.00754999999981,26.005750000000262,-16.79164079538839,-18.38082253376548,-15.446004164840698
hosted-atomic-saturated/windows-net8.0-writer/readers.jsonl,large,writer,1,5,read_calls_per_second,52.05231249428309,135.59630500068874,148.7511666590284,127.24989970074562,167.37206252417667
hosted-atomic-saturated/windows-net8.0-writer/readers.jsonl,large,writer,1,5,writer_transactions_per_second,57.1738561108162,57.21749009058976,0.5854943760740028,-2.773491391604521,4.238497273202855
hosted-atomic-saturated/windows-net8.0-writer/readers.jsonl,large,writer,1,5,writer_p99_ms,34.4764,36.4482,-0.9156227126422054,-11.40231944555913,5.142197640161106
hosted-atomic-saturated/windows-net8.0-writer/readers.jsonl,large,writer,1,5,total_active_cpu_ms,9093.75,9390.625,5.938186044123297,3.5874764728081927,8.2888956154384
hosted-atomic-saturated/windows-net8.0-writer/readers.jsonl,large,writer,1,5,read_completion_fraction,1.0,1.0,0.0,0.0,0.0
hosted-atomic-saturated/windows-net8.0-writer/readers.jsonl,large,writer,1,5,median_reader_api_p99_ms,45.023,44.2226,2.176541010304227,-7.4802643105442375,12.621253216045641
hosted-atomic-saturated/windows-net8.0-writer/readers.jsonl,large,writer,1,5,median_reader_arrival_p99_ms,45.02229999999997,44.221700000000055,2.175959730865335,-7.481335484803549,12.620761992800833
hosted-atomic-saturated/windows-net8.0-writer/readers.jsonl,large,writer,4,5,read_calls_per_second,178.1942300234172,366.2883975260861,107.70591988459257,100.79583324738572,115.67214619797133
hosted-atomic-saturated/windows-net8.0-writer/readers.jsonl,large,writer,4,5,writer_transactions_per_second,48.595955573158314,48.753966017746386,1.6180607428577654,-0.6154421766355922,4.57764347147958
hosted-atomic-saturated/windows-net8.0-writer/readers.jsonl,large,writer,4,5,writer_p99_ms,42.8977,40.8726,-3.2398833258846893,-10.401565813236957,5.358932330735717
hosted-atomic-saturated/windows-net8.0-writer/readers.jsonl,large,writer,4,5,total_active_cpu_ms,13000.0,14140.625,9.23149010713999,6.031512551477851,12.43146766280213
hosted-atomic-saturated/windows-net8.0-writer/readers.jsonl,large,writer,4,5,read_completion_fraction,1.0,1.0,0.0,0.0,0.0
hosted-atomic-saturated/windows-net8.0-writer/readers.jsonl,large,writer,4,5,median_reader_api_p99_ms,47.88355,52.9179,11.653850623045376,5.518639433776933,18.61090132386959
hosted-atomic-saturated/windows-net8.0-writer/readers.jsonl,large,writer,4,5,median_reader_arrival_p99_ms,47.88269999999966,52.91670000000022,11.653504454630715,5.51825632005559,18.6104552334705
hosted-atomic-saturated/windows-net8.0-writer/readers.jsonl,medium,writer,1,5,read_calls_per_second,58.519495899880454,402.07783189398697,580.8363172436608,565.0134817078093,595.9508122601507
hosted-atomic-saturated/windows-net8.0-writer/readers.jsonl,medium,writer,1,5,writer_transactions_per_second,58.52702557815787,58.48708371243295,0.15934915631662827,-1.058975155212738,1.3215771523053732
hosted-atomic-saturated/windows-net8.0-writer/readers.jsonl,medium,writer,1,5,writer_p99_ms,33.9446,34.6726,11.31068986754408,1.387700916202208,27.86122606706666
hosted-atomic-saturated/windows-net8.0-writer/readers.jsonl,medium,writer,1,5,total_active_cpu_ms,7921.875,8703.125,11.833401890393809,7.466867856961402,16.68469181247469
hosted-atomic-saturated/windows-net8.0-writer/readers.jsonl,medium,writer,1,5,read_completion_fraction,1.0,1.0,0.0,0.0,0.0
hosted-atomic-saturated/windows-net8.0-writer/readers.jsonl,medium,writer,1,5,median_reader_api_p99_ms,34.0343,30.0398,-12.80266514280995,-14.545934934906422,-10.98795182001757
hosted-atomic-saturated/windows-net8.0-writer/readers.jsonl,medium,writer,1,5,median_reader_arrival_p99_ms,34.03359999999884,30.039200000000164,-12.80042081230996,-14.547097409102935,-10.979315462779649
hosted-atomic-saturated/windows-net8.0-writer/readers.jsonl,medium,writer,4,5,read_calls_per_second,200.24913985122595,1129.0747487090011,472.1177393046523,459.4324840430542,487.73031935157417
hosted-atomic-saturated/windows-net8.0-writer/readers.jsonl,medium,writer,4,5,writer_transactions_per_second,50.06576603050367,49.680712953617146,0.05808967294718803,-0.5179715461868661,0.6683294180951194
hosted-atomic-saturated/windows-net8.0-writer/readers.jsonl,medium,writer,4,5,writer_p99_ms,35.2268,40.2269,15.298489763385042,12.251183148576526,17.99014527868946
hosted-atomic-saturated/windows-net8.0-writer/readers.jsonl,medium,writer,4,5,total_active_cpu_ms,8546.875,12843.75,49.683563660809,45.27543998643305,53.577377609980246
hosted-atomic-saturated/windows-net8.0-writer/readers.jsonl,medium,writer,4,5,read_completion_fraction,1.0,1.0,0.0,0.0,0.0
hosted-atomic-saturated/windows-net8.0-writer/readers.jsonl,medium,writer,4,5,median_reader_api_p99_ms,35.9283,41.0445,13.604846560796151,11.61189410938631,15.81897674404242
hosted-atomic-saturated/windows-net8.0-writer/readers.jsonl,medium,writer,4,5,median_reader_arrival_p99_ms,35.92749999999933,41.04359999999974,13.604429285657519,11.611532284906772,15.818147780631335
hosted-atomic-saturated/windows-net8.0-writer/readers.jsonl,point,writer,1,5,read_calls_per_second,61.929910823425594,1590.688751752414,2478.8135409897036,2339.9990705475816,2618.730662874205
hosted-atomic-saturated/windows-net8.0-writer/readers.jsonl,point,writer,1,5,writer_transactions_per_second,61.73191833654336,61.96066303385969,-0.5935832680906893,-4.265418281380451,2.609011159824637
hosted-atomic-saturated/windows-net8.0-writer/readers.jsonl,point,writer,1,5,writer_p99_ms,34.0753,35.3094,3.1783370074334516,-1.6054384528113943,7.85527577265305
hosted-atomic-saturated/windows-net8.0-writer/readers.jsonl,point,writer,1,5,total_active_cpu_ms,7718.75,8656.25,14.592239129821708,6.047927025522681,25.531961772563275
hosted-atomic-saturated/windows-net8.0-writer/readers.jsonl,point,writer,1,5,read_completion_fraction,1.0,1.0,0.0,0.0,0.0
hosted-atomic-saturated/windows-net8.0-writer/readers.jsonl,point,writer,1,5,median_reader_api_p99_ms,34.0374,22.3429,-34.73162602363976,-37.87802512661169,-31.585226920667832
hosted-atomic-saturated/windows-net8.0-writer/readers.jsonl,point,writer,1,5,median_reader_arrival_p99_ms,34.03590000000003,22.342399999999543,-34.73118896386392,-37.87761416769718,-31.58476376003066
hosted-atomic-saturated/windows-net8.0-writer/readers.jsonl,point,writer,4,5,read_calls_per_second,217.89858328243724,3681.6187280186437,1549.459516335045,1496.2113823896666,1581.9622574055818
hosted-atomic-saturated/windows-net8.0-writer/readers.jsonl,point,writer,4,5,writer_transactions_per_second,54.43456953277005,52.475279903242765,-5.765192343308421,-8.997159039256037,-2.670388662924539
hosted-atomic-saturated/windows-net8.0-writer/readers.jsonl,point,writer,4,5,writer_p99_ms,34.4031,36.7576,7.399132682317213,6.205842275331488,8.40053159103129
hosted-atomic-saturated/windows-net8.0-writer/readers.jsonl,point,writer,4,5,total_active_cpu_ms,7781.25,10218.75,38.081271013373446,31.672723057177166,44.93098747440796
hosted-atomic-saturated/windows-net8.0-writer/readers.jsonl,point,writer,4,5,read_completion_fraction,1.0,1.0,0.0,0.0,0.0
hosted-atomic-saturated/windows-net8.0-writer/readers.jsonl,point,writer,4,5,median_reader_api_p99_ms,34.42235,27.4456,-19.520514548705027,-21.293974021505264,-17.74705507590479
hosted-atomic-saturated/windows-net8.0-writer/readers.jsonl,point,writer,4,5,median_reader_arrival_p99_ms,34.42035000000004,27.44484999999986,-19.51937587451054,-21.2928090223333,-17.74594272668778
hosted-before-lease/ubuntu-checkpoint/readers.jsonl,large,checkpoint,4,5,read_calls_per_second,265.6168270410707,1335.25280130505,398.2636215128104,343.66803716681045,454.4340594365179
hosted-before-lease/ubuntu-checkpoint/readers.jsonl,large,checkpoint,4,5,writer_transactions_per_second,40.994944093544945,24.06509430266681,-37.06160640816903,-50.105358913431516,-25.78571582914508
hosted-before-lease/ubuntu-checkpoint/readers.jsonl,large,checkpoint,4,5,writer_p99_ms,90.368221,152.714635,114.175830132345,-11.972778101056097,268.6580766598823
hosted-before-lease/ubuntu-checkpoint/readers.jsonl,large,checkpoint,4,5,total_active_cpu_ms,11007.436,23050.323,105.38135701606843,78.90959196570346,131.8531220664334
hosted-before-lease/ubuntu-checkpoint/readers.jsonl,large,checkpoint,4,5,read_completion_fraction,1.0,1.0,0.0,0.0,0.0
hosted-before-lease/ubuntu-checkpoint/readers.jsonl,large,checkpoint,4,5,median_reader_api_p99_ms,74.9117665,27.319659,-52.956358374627186,-64.94693646742576,-40.96578028182862
hosted-before-lease/ubuntu-checkpoint/readers.jsonl,large,checkpoint,4,5,median_reader_arrival_p99_ms,74.91089999999986,27.318849999999657,-52.95701161600079,-64.94766524598485,-40.966357986016725
hosted-before-lease/ubuntu-checkpoint/readers.jsonl,point,checkpoint,4,5,read_calls_per_second,454.6014328023003,60974.99871914024,18104.944245773964,12294.107679276578,25407.753202165804
hosted-before-lease/ubuntu-checkpoint/readers.jsonl,point,checkpoint,4,5,writer_transactions_per_second,50.265911669342316,42.18627343035123,11.151528649171558,-17.38927207980108,49.40976237062209
hosted-before-lease/ubuntu-checkpoint/readers.jsonl,point,checkpoint,4,5,writer_p99_ms,44.953644,48.85074,-17.824246875752134,-59.1279194759692,18.226993737488385
hosted-before-lease/ubuntu-checkpoint/readers.jsonl,point,checkpoint,4,5,total_active_cpu_ms,5329.838,24416.523,516.2473134649306,349.4762466789756,729.1896235876429
hosted-before-lease/ubuntu-checkpoint/readers.jsonl,point,checkpoint,4,5,read_completion_fraction,1.0,1.0,0.0,0.0,0.0
hosted-before-lease/ubuntu-checkpoint/readers.jsonl,point,checkpoint,4,5,median_reader_api_p99_ms,56.857488000000004,0.3490215,-99.56194553803986,-99.76500710439598,-99.3614162913972
hosted-before-lease/ubuntu-checkpoint/readers.jsonl,point,checkpoint,4,5,median_reader_arrival_p99_ms,56.856249999999704,0.3482499999990978,-99.56312624828077,-99.76561783804107,-99.3630569499384
hosted-before-lease/ubuntu-writer/readers.jsonl,large,writer,4,5,read_calls_per_second,267.5553072687429,1244.8537917144554,366.5207716039938,358.7152836349993,373.0296180512855
hosted-before-lease/ubuntu-writer/readers.jsonl,large,writer,4,5,writer_transactions_per_second,57.52990383926512,40.417379600967294,-29.83538227159612,-30.816464421903067,-28.888915637249813
hosted-before-lease/ubuntu-writer/readers.jsonl,large,writer,4,5,writer_p99_ms,24.603306,47.655073,92.34813109637635,86.80981854788538,97.37526575246424
hosted-before-lease/ubuntu-writer/readers.jsonl,large,writer,4,5,total_active_cpu_ms,15157.032,27601.655,82.43030493102219,81.61715920365677,83.32189232673029
hosted-before-lease/ubuntu-writer/readers.jsonl,large,writer,4,5,read_completion_fraction,1.0,1.0,0.0,0.0,0.0
hosted-before-lease/ubuntu-writer/readers.jsonl,large,writer,4,5,median_reader_api_p99_ms,26.065202499999998,28.911037,10.14340541757393,6.774927638681305,13.511883196466552
hosted-before-lease/ubuntu-writer/readers.jsonl,large,writer,4,5,median_reader_arrival_p99_ms,26.064550000000054,28.910299999999893,10.14280522694282,6.7744147557451395,13.5111956981405
hosted-before-lease/ubuntu-writer/readers.jsonl,point,writer,4,5,read_calls_per_second,372.2631981407948,41968.326473387795,10970.282827910329,10606.899129686502,11254.117351131692
hosted-before-lease/ubuntu-writer/readers.jsonl,point,writer,4,5,writer_transactions_per_second,71.71920759545165,52.85994186003683,-26.499484319457814,-26.953866956922234,-26.133219193420633
hosted-before-lease/ubuntu-writer/readers.jsonl,point,writer,4,5,writer_p99_ms,20.103331,30.912305,53.66050459813502,51.76609910846029,55.55491008780975
hosted-before-lease/ubuntu-writer/readers.jsonl,point,writer,4,5,total_active_cpu_ms,8481.595000000001,29707.221999999998,249.85563186445162,244.5807673221048,254.2851125075803
hosted-before-lease/ubuntu-writer/readers.jsonl,point,writer,4,5,read_completion_fraction,1.0,1.0,0.0,0.0,0.0
hosted-before-lease/ubuntu-writer/readers.jsonl,point,writer,4,5,median_reader_api_p99_ms,35.992385999999996,0.6535675000000001,-98.06319353328878,-98.20514229404678,-97.9412018922798
hosted-before-lease/ubuntu-writer/readers.jsonl,point,writer,4,5,median_reader_arrival_p99_ms,35.99180000000024,0.6529499999999189,-98.06337538476258,-98.20583105183502,-97.94128806353964
hosted-before-lease/windows-checkpoint/readers.jsonl,large,checkpoint,4,5,read_calls_per_second,207.23752223465462,1057.1809185228087,417.73731379674,330.0240539307089,504.8502378531405
hosted-before-lease/windows-checkpoint/readers.jsonl,large,checkpoint,4,5,writer_transactions_per_second,40.46485465513783,28.848291168977077,-32.49385192346728,-45.04773118806905,-23.15188545349635
hosted-before-lease/windows-checkpoint/readers.jsonl,large,checkpoint,4,5,writer_p99_ms,43.35,60.5229,84.79910312858443,-20.865464601266503,236.83322301061474
hosted-before-lease/windows-checkpoint/readers.jsonl,large,checkpoint,4,5,total_active_cpu_ms,11406.25,22296.875,92.05825150676536,55.367059718524146,127.31093921417278
hosted-before-lease/windows-checkpoint/readers.jsonl,large,checkpoint,4,5,read_completion_fraction,1.0,1.0,0.0,0.0,0.0
hosted-before-lease/windows-checkpoint/readers.jsonl,large,checkpoint,4,5,median_reader_api_p99_ms,48.0877,30.062350000000002,-29.952017917127577,-62.40187499339559,8.956974032680131
hosted-before-lease/windows-checkpoint/readers.jsonl,large,checkpoint,4,5,median_reader_arrival_p99_ms,48.08660000000009,30.061300000000074,-29.95253052415837,-62.40240464106701,8.956927005993105
hosted-before-lease/windows-checkpoint/readers.jsonl,point,checkpoint,4,5,read_calls_per_second,411.8876367156523,35816.64762918567,9635.853394550675,8309.830338356762,11948.2050241564
hosted-before-lease/windows-checkpoint/readers.jsonl,point,checkpoint,4,5,writer_transactions_per_second,51.450926620698446,43.391091375029795,-4.915673354946703,-16.68058113387285,16.751494682504198
hosted-before-lease/windows-checkpoint/readers.jsonl,point,checkpoint,4,5,writer_p99_ms,36.1096,38.0928,-5.736359171257908,-36.135865766013374,11.0011745333943
hosted-before-lease/windows-checkpoint/readers.jsonl,point,checkpoint,4,5,total_active_cpu_ms,6218.75,26875.0,374.01867624684866,306.59632498473223,483.01826833313316
hosted-before-lease/windows-checkpoint/readers.jsonl,point,checkpoint,4,5,read_completion_fraction,1.0,1.0,0.0,0.0,0.0
hosted-before-lease/windows-checkpoint/readers.jsonl,point,checkpoint,4,5,median_reader_api_p99_ms,33.01695,0.35395,-99.06162771476328,-99.37034985746934,-98.89342422463385
hosted-before-lease/windows-checkpoint/readers.jsonl,point,checkpoint,4,5,median_reader_arrival_p99_ms,33.01589999999942,0.35385000000028377,-99.06354755929841,-99.3717411807091,-98.89563520149076
hosted-before-lease/windows-writer/readers.jsonl,large,writer,4,5,read_calls_per_second,198.61165029646506,729.8140806977932,277.6327082176695,268.8312717371282,286.3915904534946
hosted-before-lease/windows-writer/readers.jsonl,large,writer,4,5,writer_transactions_per_second,53.486185587986334,42.914482165664374,-18.421022688167852,-19.966259759833587,-16.456181005894713
hosted-before-lease/windows-writer/readers.jsonl,large,writer,4,5,writer_p99_ms,37.5844,47.9516,31.54396229570889,26.501065368850128,37.1497823695872
hosted-before-lease/windows-writer/readers.jsonl,large,writer,4,5,total_active_cpu_ms,11875.0,21640.625,79.90671777279076,70.42962385776015,87.1392742649633
hosted-before-lease/windows-writer/readers.jsonl,large,writer,4,5,read_completion_fraction,1.0,1.0,0.0,0.0,0.0
hosted-before-lease/windows-writer/readers.jsonl,large,writer,4,5,median_reader_api_p99_ms,45.688550000000006,47.92635,4.955280668656911,0.2498996724420377,9.39351230850415
hosted-before-lease/windows-writer/readers.jsonl,large,writer,4,5,median_reader_arrival_p99_ms,45.68840000000006,47.92594999999983,4.955424544744124,0.24974159144249386,9.394199093982655
hosted-before-lease/windows-writer/readers.jsonl,point,writer,4,5,read_calls_per_second,251.0720760686941,31068.289882268407,12160.730265840513,11803.663772807999,12535.382659524665
hosted-before-lease/windows-writer/readers.jsonl,point,writer,4,5,writer_transactions_per_second,62.72773263378726,52.262805084249585,-14.785704924522923,-16.271161065166922,-13.258354808790804
hosted-before-lease/windows-writer/readers.jsonl,point,writer,4,5,writer_p99_ms,30.1161,35.9491,16.938990131375103,11.746351950759509,21.500193597775823
hosted-before-lease/windows-writer/readers.jsonl,point,writer,4,5,total_active_cpu_ms,7125.0,25171.875,247.60842234580116,229.7789650414296,265.43296985915265
hosted-before-lease/windows-writer/readers.jsonl,point,writer,4,5,read_completion_fraction,1.0,1.0,0.0,0.0,0.0
hosted-before-lease/windows-writer/readers.jsonl,point,writer,4,5,median_reader_api_p99_ms,30.10315,0.6382000000000001,-97.87729791887575,-98.03068998107312,-97.72390585667839
hosted-before-lease/windows-writer/readers.jsonl,point,writer,4,5,median_reader_arrival_p99_ms,30.10289999999941,0.637749999999869,-97.8785757308467,-98.03211331567952,-97.72503814601387
hosted-checkpoint-drain/ubuntu-net10.0-checkpoint/readers.jsonl,large,checkpoint,4,5,read_calls_per_second,505.5318384729045,520.243850068286,2.6871465494496904,1.6557964171521398,3.8954290990746188
hosted-checkpoint-drain/ubuntu-net10.0-checkpoint/readers.jsonl,large,checkpoint,4,5,writer_transactions_per_second,54.14870871864044,55.07181534634205,1.2830708908714117,0.23374248318793533,2.2113410020304736
hosted-checkpoint-drain/ubuntu-net10.0-checkpoint/readers.jsonl,large,checkpoint,4,5,writer_p99_ms,26.141915,25.5144,-1.2565926712414033,-5.08983019967477,2.576644857191963
hosted-checkpoint-drain/ubuntu-net10.0-checkpoint/readers.jsonl,large,checkpoint,4,5,total_active_cpu_ms,19087.339,19225.815000000002,0.7766686151983615,0.19284026659504683,1.218475852851566
hosted-checkpoint-drain/ubuntu-net10.0-checkpoint/readers.jsonl,large,checkpoint,4,5,read_completion_fraction,1.0,1.0,0.0,0.0,0.0
hosted-checkpoint-drain/ubuntu-net10.0-checkpoint/readers.jsonl,large,checkpoint,4,5,median_reader_api_p99_ms,28.072065000000002,27.7466995,-1.120158041270225,-2.0086052361089246,-0.2317108464315254
hosted-checkpoint-drain/ubuntu-net10.0-checkpoint/readers.jsonl,large,checkpoint,4,5,median_reader_arrival_p99_ms,28.070850000000064,27.745299999999872,-1.1205894865758737,-2.0086819063301786,-0.23249706682156868
hosted-checkpoint-drain/ubuntu-net10.0-checkpoint/readers.jsonl,medium,checkpoint,4,5,read_calls_per_second,1541.598995042907,1653.1117656758126,6.6614142903576035,5.878984616254335,7.441663906953072
hosted-checkpoint-drain/ubuntu-net10.0-checkpoint/readers.jsonl,medium,checkpoint,4,5,writer_transactions_per_second,59.797221821074196,63.34735581342481,5.437167448117384,4.357678759145744,6.516656137089024
hosted-checkpoint-drain/ubuntu-net10.0-checkpoint/readers.jsonl,medium,checkpoint,4,5,writer_p99_ms,23.333872,21.814422,-7.200819862043462,-8.936111218969842,-5.4655285051170805
hosted-checkpoint-drain/ubuntu-net10.0-checkpoint/readers.jsonl,medium,checkpoint,4,5,total_active_cpu_ms,15565.093,15785.003,1.4259382462987702,0.9621143927633469,1.933235639984705
hosted-checkpoint-drain/ubuntu-net10.0-checkpoint/readers.jsonl,medium,checkpoint,4,5,read_completion_fraction,1.0,1.0,0.0,0.0,0.0
hosted-checkpoint-drain/ubuntu-net10.0-checkpoint/readers.jsonl,medium,checkpoint,4,5,median_reader_api_p99_ms,15.915937,10.523556,-32.59872157768024,-38.72321834835431,-28.33476835154601
hosted-checkpoint-drain/ubuntu-net10.0-checkpoint/readers.jsonl,medium,checkpoint,4,5,median_reader_arrival_p99_ms,15.914999999999964,10.52274999999986,-32.600608077037265,-38.72558259684699,-28.336321274126483
hosted-checkpoint-drain/ubuntu-net10.0-checkpoint/readers.jsonl,point,checkpoint,4,5,read_calls_per_second,8763.155764248504,8538.451096344159,-0.40923643996204173,-3.3262856011917803,2.507812721267697
hosted-checkpoint-drain/ubuntu-net10.0-checkpoint/readers.jsonl,point,checkpoint,4,5,writer_transactions_per_second,71.69164023653168,71.7469237781966,-0.21625662015513525,-2.2987590548219483,1.8598826003647306
hosted-checkpoint-drain/ubuntu-net10.0-checkpoint/readers.jsonl,point,checkpoint,4,5,writer_p99_ms,19.415458,19.569199,0.7697023527899094,-1.3461042093598419,3.273878901481546
hosted-checkpoint-drain/ubuntu-net10.0-checkpoint/readers.jsonl,point,checkpoint,4,5,total_active_cpu_ms,12930.735,12802.055,-0.32634390758593756,-0.8401387599202238,0.2056019513584606
hosted-checkpoint-drain/ubuntu-net10.0-checkpoint/readers.jsonl,point,checkpoint,4,5,read_completion_fraction,1.0,1.0,0.0,0.0,0.0
hosted-checkpoint-drain/ubuntu-net10.0-checkpoint/readers.jsonl,point,checkpoint,4,5,median_reader_api_p99_ms,7.4488769999999995,7.515741500000001,-0.6190333896089877,-10.34367481294664,7.0493148508638495
hosted-checkpoint-drain/ubuntu-net10.0-checkpoint/readers.jsonl,point,checkpoint,4,5,median_reader_arrival_p99_ms,7.448799999999665,7.515600000000745,-0.6197269906404053,-10.344212707934691,7.049747121592631
hosted-checkpoint-drain/ubuntu-net10.0-writer/readers.jsonl,large,writer,4,5,read_calls_per_second,461.9015115746335,496.81715766795537,7.752751147306154,6.1914264494828375,9.297457681486305
hosted-checkpoint-drain/ubuntu-net10.0-writer/readers.jsonl,large,writer,4,5,writer_transactions_per_second,57.94007200412541,54.97506111327657,-4.4594566058969365,-5.226156026856188,-3.6927571849376846
hosted-checkpoint-drain/ubuntu-net10.0-writer/readers.jsonl,large,writer,4,5,writer_p99_ms,27.542099,27.639893,-0.697003799249567,-4.924674749116855,3.579444633522344
hosted-checkpoint-drain/ubuntu-net10.0-writer/readers.jsonl,large,writer,4,5,total_active_cpu_ms,17383.301,17999.573,3.2440842333717956,2.4009092783805164,3.8094657965939094
hosted-checkpoint-drain/ubuntu-net10.0-writer/readers.jsonl,large,writer,4,5,read_completion_fraction,1.0,1.0,0.0,0.0,0.0
hosted-checkpoint-drain/ubuntu-net10.0-writer/readers.jsonl,large,writer,4,5,median_reader_api_p99_ms,31.104456,31.078528,-0.029356989682145507,-1.3908440990087079,1.6983201294893902
hosted-checkpoint-drain/ubuntu-net10.0-writer/readers.jsonl,large,writer,4,5,median_reader_arrival_p99_ms,31.103800000000206,31.0775000000001,-0.029920847403788198,-1.3915971090262969,1.6980502466379654
hosted-checkpoint-drain/ubuntu-net10.0-writer/readers.jsonl,medium,writer,4,5,read_calls_per_second,1573.8689016682633,1712.8391836568878,7.562188178322686,6.08963996191116,9.100064971729521
hosted-checkpoint-drain/ubuntu-net10.0-writer/readers.jsonl,medium,writer,4,5,writer_transactions_per_second,57.3406965314263,56.068473258171664,-1.8145993721985731,-3.2933472967419974,-0.18546695194679774
hosted-checkpoint-drain/ubuntu-net10.0-writer/readers.jsonl,medium,writer,4,5,writer_p99_ms,26.350182,26.000957,-2.885916850646566,-4.977929458961583,-0.793904242331549
hosted-checkpoint-drain/ubuntu-net10.0-writer/readers.jsonl,medium,writer,4,5,total_active_cpu_ms,15338.941,15591.628,1.6157779315806842,1.1236636432988556,2.1078922198625127
hosted-checkpoint-drain/ubuntu-net10.0-writer/readers.jsonl,medium,writer,4,5,read_completion_fraction,1.0,1.0,0.0,0.0,0.0
hosted-checkpoint-drain/ubuntu-net10.0-writer/readers.jsonl,medium,writer,4,5,median_reader_api_p99_ms,21.3281105,12.2288405,-42.46263070224632,-44.50175953356781,-40.3686481557853
hosted-checkpoint-drain/ubuntu-net10.0-writer/readers.jsonl,medium,writer,4,5,median_reader_arrival_p99_ms,21.327350000000024,12.228049999999484,-42.46430184628565,-44.50355995104405,-40.369747176226966
hosted-checkpoint-drain/ubuntu-net10.0-writer/readers.jsonl,point,writer,4,5,read_calls_per_second,6963.729370526975,6965.717345002019,0.47644123630062873,-1.1275137551230974,2.737024446341323
hosted-checkpoint-drain/ubuntu-net10.0-writer/readers.jsonl,point,writer,4,5,writer_transactions_per_second,61.44298643845389,61.585314365936306,0.6751686674756652,-0.3809118673316192,1.6666333690927537
hosted-checkpoint-drain/ubuntu-net10.0-writer/readers.jsonl,point,writer,4,5,writer_p99_ms,23.210725,23.007607,-1.5983120869675083,-2.4545137120930116,-0.7421104618420049
hosted-checkpoint-drain/ubuntu-net10.0-writer/readers.jsonl,point,writer,4,5,total_active_cpu_ms,12787.589,12782.431,-0.10367578758124774,-0.9021515810748216,0.9420633447118654
hosted-checkpoint-drain/ubuntu-net10.0-writer/readers.jsonl,point,writer,4,5,read_completion_fraction,1.0,1.0,0.0,0.0,0.0
hosted-checkpoint-drain/ubuntu-net10.0-writer/readers.jsonl,point,writer,4,5,median_reader_api_p99_ms,8.201059,8.196164,-1.326719751296248,-3.9667427176963854,0.0871284623754165
hosted-checkpoint-drain/ubuntu-net10.0-writer/readers.jsonl,point,writer,4,5,median_reader_arrival_p99_ms,8.200900000000502,8.195949999999812,-1.3254779965858199,-3.963800164718942,0.08718946436035546
hosted-checkpoint-drain/windows-net10.0-checkpoint/readers.jsonl,large,checkpoint,4,5,read_calls_per_second,389.99179973966494,416.70153922504153,1.6851073926597573,-2.084647857335824,6.0755707222125315
hosted-checkpoint-drain/windows-net10.0-checkpoint/readers.jsonl,large,checkpoint,4,5,writer_transactions_per_second,45.720454638610654,43.756370960079416,-5.419001054889507,-8.839084023502119,-1.9989180862768952
hosted-checkpoint-drain/windows-net10.0-checkpoint/readers.jsonl,large,checkpoint,4,5,writer_p99_ms,40.5577,44.6109,8.636370208786316,4.462734247363973,12.250470784026378
hosted-checkpoint-drain/windows-net10.0-checkpoint/readers.jsonl,large,checkpoint,4,5,total_active_cpu_ms,14421.875,15062.5,3.7622736747268437,2.8639276987749795,4.660619650678708
hosted-checkpoint-drain/windows-net10.0-checkpoint/readers.jsonl,large,checkpoint,4,5,read_completion_fraction,1.0,1.0,0.0,0.0,0.0
hosted-checkpoint-drain/windows-net10.0-checkpoint/readers.jsonl,large,checkpoint,4,5,median_reader_api_p99_ms,51.0858,49.1267,-1.5971580056919144,-4.245233828064278,1.5098972338526062
hosted-checkpoint-drain/windows-net10.0-checkpoint/readers.jsonl,large,checkpoint,4,5,median_reader_arrival_p99_ms,51.08484999999962,49.1257499999997,-1.597321961088114,-4.245020766655183,1.5094239337545101
hosted-checkpoint-drain/windows-net10.0-checkpoint/readers.jsonl,medium,checkpoint,4,5,read_calls_per_second,1225.0974680998333,1310.3332081914875,11.558905775307954,6.24705887566301,20.259573027672996
hosted-checkpoint-drain/windows-net10.0-checkpoint/readers.jsonl,medium,checkpoint,4,5,writer_transactions_per_second,49.66929692410636,49.91283272805205,0.1272304986690509,-1.366360822098276,1.6208218194363777
hosted-checkpoint-drain/windows-net10.0-checkpoint/readers.jsonl,medium,checkpoint,4,5,writer_p99_ms,38.5666,38.7271,-6.274766557073834,-16.095338262306914,0.9418479651198176
hosted-checkpoint-drain/windows-net10.0-checkpoint/readers.jsonl,medium,checkpoint,4,5,total_active_cpu_ms,12343.75,12843.75,6.691254044086253,0.11829994843469915,13.264208139737807
hosted-checkpoint-drain/windows-net10.0-checkpoint/readers.jsonl,medium,checkpoint,4,5,read_completion_fraction,1.0,1.0,0.0,0.0,0.0
hosted-checkpoint-drain/windows-net10.0-checkpoint/readers.jsonl,medium,checkpoint,4,5,median_reader_api_p99_ms,41.50405,35.91265,-25.122120644304516,-46.721240141449066,-11.501008995165272
hosted-checkpoint-drain/windows-net10.0-checkpoint/readers.jsonl,medium,checkpoint,4,5,median_reader_arrival_p99_ms,41.50345000000016,35.91170000000011,-25.12285485619015,-46.722283766410285,-11.50163927337905
hosted-checkpoint-drain/windows-net10.0-checkpoint/readers.jsonl,point,checkpoint,4,5,read_calls_per_second,4226.174093507898,4326.493166344111,1.468161354223505,-1.7815901688248892,4.717912877271899
hosted-checkpoint-drain/windows-net10.0-checkpoint/readers.jsonl,point,checkpoint,4,5,writer_transactions_per_second,56.61881371682331,55.48975492654792,-1.587480131062038,-2.363914987211906,-0.8607740698732048
hosted-checkpoint-drain/windows-net10.0-checkpoint/readers.jsonl,point,checkpoint,4,5,writer_p99_ms,35.4608,35.639,0.5796427750731903,-0.31737569464902027,1.4766612447954008
hosted-checkpoint-drain/windows-net10.0-checkpoint/readers.jsonl,point,checkpoint,4,5,total_active_cpu_ms,11234.375,11343.75,1.3482608806383678,-1.5236602194773696,3.8583903189012903
hosted-checkpoint-drain/windows-net10.0-checkpoint/readers.jsonl,point,checkpoint,4,5,read_completion_fraction,1.0,1.0,0.0,0.0,0.0
hosted-checkpoint-drain/windows-net10.0-checkpoint/readers.jsonl,point,checkpoint,4,5,median_reader_api_p99_ms,24.9115,25.1511,0.39567820215365757,-0.7200591171982995,1.6851529653133923
hosted-checkpoint-drain/windows-net10.0-checkpoint/readers.jsonl,point,checkpoint,4,5,median_reader_arrival_p99_ms,24.910949999999957,25.150499999999965,0.3958472677041147,-0.719887670548176,1.6857601524223598
hosted-checkpoint-drain/windows-net10.0-writer/readers.jsonl,large,writer,4,5,read_calls_per_second,356.8703579463299,369.04565945849987,3.2430094113255037,-1.5640641280322785,7.5390346314449275
hosted-checkpoint-drain/windows-net10.0-writer/readers.jsonl,large,writer,4,5,writer_transactions_per_second,48.996774542331885,48.74614331102425,-1.3690847877027634,-3.1850569758773872,1.567109452488138
hosted-checkpoint-drain/windows-net10.0-writer/readers.jsonl,large,writer,4,5,writer_p99_ms,40.7953,42.2537,1.6027947278372667,-3.3655758838849876,5.781279363125211
hosted-checkpoint-drain/windows-net10.0-writer/readers.jsonl,large,writer,4,5,total_active_cpu_ms,14421.875,14375.0,-0.5694805741886433,-3.029933663243598,1.8909725148663115
hosted-checkpoint-drain/windows-net10.0-writer/readers.jsonl,large,writer,4,5,read_completion_fraction,1.0,1.0,0.0,0.0,0.0
hosted-checkpoint-drain/windows-net10.0-writer/readers.jsonl,large,writer,4,5,median_reader_api_p99_ms,57.69555,55.56555,-3.1658859543999207,-7.786633780951751,1.4548618721519113
hosted-checkpoint-drain/windows-net10.0-writer/readers.jsonl,large,writer,4,5,median_reader_arrival_p99_ms,57.694650000000365,55.56449999999995,-3.1656792408953804,-7.786655485649506,1.4552970038587443
hosted-checkpoint-drain/windows-net10.0-writer/readers.jsonl,medium,writer,4,5,read_calls_per_second,1199.7009605433059,1195.2801111451454,-0.3140642522842875,-7.50491851185797,6.266133795167325
hosted-checkpoint-drain/windows-net10.0-writer/readers.jsonl,medium,writer,4,5,writer_transactions_per_second,51.09879015929519,50.88704873722589,0.20614285295250231,-2.7833533766174474,2.8486675127147487
hosted-checkpoint-drain/windows-net10.0-writer/readers.jsonl,medium,writer,4,5,writer_p99_ms,39.1956,39.284,0.25458722846053605,-10.807798642367908,9.687671715815846
hosted-checkpoint-drain/windows-net10.0-writer/readers.jsonl,medium,writer,4,5,total_active_cpu_ms,12921.875,12593.75,-2.9363274795806316,-10.0443067081257,3.364496335713185
hosted-checkpoint-drain/windows-net10.0-writer/readers.jsonl,medium,writer,4,5,read_completion_fraction,1.0,1.0,0.0,0.0,0.0
hosted-checkpoint-drain/windows-net10.0-writer/readers.jsonl,medium,writer,4,5,median_reader_api_p99_ms,41.69245,41.26565,10.733743341966091,-2.915872592496116,36.96832718265082
hosted-checkpoint-drain/windows-net10.0-writer/readers.jsonl,medium,writer,4,5,median_reader_arrival_p99_ms,41.69149999999945,41.26489999999967,10.73425937146614,-2.9159547638227235,36.97008709739218
hosted-checkpoint-drain/windows-net10.0-writer/readers.jsonl,point,writer,4,5,read_calls_per_second,4397.210809644422,4389.401864014461,3.1353697181353835,-1.529818623882906,9.304428104015315
hosted-checkpoint-drain/windows-net10.0-writer/readers.jsonl,point,writer,4,5,writer_transactions_per_second,56.46481194723593,55.87076841396581,1.0985300317070787,-2.5423125609280484,6.4272049499797905
hosted-checkpoint-drain/windows-net10.0-writer/readers.jsonl,point,writer,4,5,writer_p99_ms,37.6393,37.7801,1.151511015162352,-0.06289201176015613,2.5599594646941792
hosted-checkpoint-drain/windows-net10.0-writer/readers.jsonl,point,writer,4,5,total_active_cpu_ms,11296.875,11562.5,3.1755528714946535,-1.6101476089834605,8.620714985822437
hosted-checkpoint-drain/windows-net10.0-writer/readers.jsonl,point,writer,4,5,read_completion_fraction,1.0,1.0,0.0,0.0,0.0
hosted-checkpoint-drain/windows-net10.0-writer/readers.jsonl,point,writer,4,5,median_reader_api_p99_ms,24.33175,24.47315,-1.9610597496964388,-6.055895896776122,2.4283258127405483
hosted-checkpoint-drain/windows-net10.0-writer/readers.jsonl,point,writer,4,5,median_reader_arrival_p99_ms,24.331349999999475,24.472600000000284,-1.9611693739700244,-6.056301029071094,2.4284120983385815
hosted-checkpoint-repeat/ubuntu-net10.0-checkpoint/readers.jsonl,large,checkpoint,4,5,read_calls_per_second,339.1013821748188,491.58549997980185,45.146933976139685,43.66657303071685,46.736779251693825
hosted-checkpoint-repeat/ubuntu-net10.0-checkpoint/readers.jsonl,large,checkpoint,4,5,writer_transactions_per_second,53.65697622675211,52.928274249151265,-1.2251540762470392,-1.8045146023826475,-0.6457935501114309
hosted-checkpoint-repeat/ubuntu-net10.0-checkpoint/readers.jsonl,large,checkpoint,4,5,writer_p99_ms,26.058791,27.781414,7.3957377047260975,4.601250148635754,10.643028873382478
hosted-checkpoint-repeat/ubuntu-net10.0-checkpoint/readers.jsonl,large,checkpoint,4,5,total_active_cpu_ms,16839.551,17200.283,2.020874256352929,1.8016842334971184,2.24006427920874
hosted-checkpoint-repeat/ubuntu-net10.0-checkpoint/readers.jsonl,large,checkpoint,4,5,read_completion_fraction,1.0,1.0,0.0,0.0,0.0
hosted-checkpoint-repeat/ubuntu-net10.0-checkpoint/readers.jsonl,large,checkpoint,4,5,median_reader_api_p99_ms,24.038816,31.186120000000003,29.93269338116035,27.338097606723913,32.7937593837119
hosted-checkpoint-repeat/ubuntu-net10.0-checkpoint/readers.jsonl,large,checkpoint,4,5,median_reader_arrival_p99_ms,24.038099999999645,31.185249999999826,29.932870760481933,27.337459126736007,32.79469719946529
hosted-checkpoint-repeat/windows-net10.0-checkpoint/readers.jsonl,large,checkpoint,4,5,read_calls_per_second,207.43690380788064,392.8619236528126,86.68379111852047,76.89229248607168,96.02698685998296
hosted-checkpoint-repeat/windows-net10.0-checkpoint/readers.jsonl,large,checkpoint,4,5,writer_transactions_per_second,41.194530056641284,47.25050179183792,12.663439055969068,7.630756264505601,17.66937057810032
hosted-checkpoint-repeat/windows-net10.0-checkpoint/readers.jsonl,large,checkpoint,4,5,writer_p99_ms,45.0076,41.183,-11.182878361991675,-22.276288329262833,-2.258788083217924
hosted-checkpoint-repeat/windows-net10.0-checkpoint/readers.jsonl,large,checkpoint,4,5,total_active_cpu_ms,14046.875,14109.375,2.338313247047321,-2.3016363024274717,7.883857972586435
hosted-checkpoint-repeat/windows-net10.0-checkpoint/readers.jsonl,large,checkpoint,4,5,read_completion_fraction,1.0,1.0,0.0,0.0,0.0
hosted-checkpoint-repeat/windows-net10.0-checkpoint/readers.jsonl,large,checkpoint,4,5,median_reader_api_p99_ms,49.013949999999994,53.1275,10.148188254142786,1.787210658195746,18.50916585008983
hosted-checkpoint-repeat/windows-net10.0-checkpoint/readers.jsonl,large,checkpoint,4,5,median_reader_arrival_p99_ms,49.01290000000017,53.126300000000015,10.148371354750111,1.7875268214087914,18.509215888091433
hosted-checkpoint-rescan/ubuntu-net10.0-checkpoint/readers.jsonl,large,checkpoint,4,5,read_calls_per_second,489.7007535005473,504.0496464483323,2.0740479114633303,0.6012003481591388,3.6543127413912386
hosted-checkpoint-rescan/ubuntu-net10.0-checkpoint/readers.jsonl,large,checkpoint,4,5,writer_transactions_per_second,52.248649504780204,52.08012362082011,-0.30264896559496934,-1.3699906099117976,1.236365144471585
hosted-checkpoint-rescan/ubuntu-net10.0-checkpoint/readers.jsonl,large,checkpoint,4,5,writer_p99_ms,27.826635,27.17106,-1.2940658842759345,-5.287943232690191,2.699811464138322
hosted-checkpoint-rescan/ubuntu-net10.0-checkpoint/readers.jsonl,large,checkpoint,4,5,total_active_cpu_ms,17672.981,17675.996,0.2380292516087823,-0.5486574942937694,1.092687007017339
hosted-checkpoint-rescan/ubuntu-net10.0-checkpoint/readers.jsonl,large,checkpoint,4,5,read_completion_fraction,1.0,1.0,0.0,0.0,0.0
hosted-checkpoint-rescan/ubuntu-net10.0-checkpoint/readers.jsonl,large,checkpoint,4,5,median_reader_api_p99_ms,31.4866145,30.7728165,-1.8093561978615558,-3.5851828034536943,-0.25223432864229567
hosted-checkpoint-rescan/ubuntu-net10.0-checkpoint/readers.jsonl,large,checkpoint,4,5,median_reader_arrival_p99_ms,31.48570000000018,30.77180000000044,-1.8096469916462188,-3.585091950518924,-0.2526794245067432
hosted-checkpoint-rescan/ubuntu-net10.0-checkpoint/readers.jsonl,medium,checkpoint,4,5,read_calls_per_second,1658.1655500028037,1784.0711738892257,7.590993827620656,6.62058043289362,8.561407222347693
hosted-checkpoint-rescan/ubuntu-net10.0-checkpoint/readers.jsonl,medium,checkpoint,4,5,writer_transactions_per_second,57.35925657287116,58.48308026004997,1.7732640685214873,0.9345307343428155,2.611997402700159
hosted-checkpoint-rescan/ubuntu-net10.0-checkpoint/readers.jsonl,medium,checkpoint,4,5,writer_p99_ms,25.520211,24.281054,-5.27391039573793,-7.058056257281089,-3.3053589864474686
hosted-checkpoint-rescan/ubuntu-net10.0-checkpoint/readers.jsonl,medium,checkpoint,4,5,total_active_cpu_ms,15308.673,15604.940999999999,2.0820178893141827,1.5528793078612546,2.604610010653623
hosted-checkpoint-rescan/ubuntu-net10.0-checkpoint/readers.jsonl,medium,checkpoint,4,5,read_completion_fraction,1.0,1.0,0.0,0.0,0.0
hosted-checkpoint-rescan/ubuntu-net10.0-checkpoint/readers.jsonl,medium,checkpoint,4,5,median_reader_api_p99_ms,21.3164315,11.665618,-43.42631264287163,-46.751700383193,-39.90218685664961
hosted-checkpoint-rescan/ubuntu-net10.0-checkpoint/readers.jsonl,medium,checkpoint,4,5,median_reader_arrival_p99_ms,21.31564999999995,11.66530000000057,-43.42699637804265,-46.75241960017231,-39.903332561392546
hosted-checkpoint-rescan/ubuntu-net10.0-checkpoint/readers.jsonl,point,checkpoint,4,5,read_calls_per_second,7522.768091449436,7422.805996193388,0.14194632456532963,-1.5597605201528664,1.8436531692835256
hosted-checkpoint-rescan/ubuntu-net10.0-checkpoint/readers.jsonl,point,checkpoint,4,5,writer_transactions_per_second,65.93210575477796,64.06067443317896,-2.0850597425400452,-4.132010790197702,-0.39718029333481786
hosted-checkpoint-rescan/ubuntu-net10.0-checkpoint/readers.jsonl,point,checkpoint,4,5,writer_p99_ms,21.898551,21.975279,0.39430375644802895,-1.9377398908101573,2.5498137724301895
hosted-checkpoint-rescan/ubuntu-net10.0-checkpoint/readers.jsonl,point,checkpoint,4,5,total_active_cpu_ms,12723.618,12819.553,0.3398340290114099,-0.5330126658789958,1.1250873204671574
hosted-checkpoint-rescan/ubuntu-net10.0-checkpoint/readers.jsonl,point,checkpoint,4,5,read_completion_fraction,1.0,1.0,0.0,0.0,0.0
hosted-checkpoint-rescan/ubuntu-net10.0-checkpoint/readers.jsonl,point,checkpoint,4,5,median_reader_api_p99_ms,7.1482969999999995,7.609318,5.615444100134921,4.348988030740273,6.515977235426931
hosted-checkpoint-rescan/ubuntu-net10.0-checkpoint/readers.jsonl,point,checkpoint,4,5,median_reader_arrival_p99_ms,7.148250000000246,7.609299999999621,5.615622734491845,4.347762249522047,6.5166772660196814
hosted-checkpoint-rescan/ubuntu-net10.0-writer/readers.jsonl,large,writer,4,5,read_calls_per_second,594.764534907914,616.3160461550335,6.233771385713227,-9.223062090202871,21.690604861629325
hosted-checkpoint-rescan/ubuntu-net10.0-writer/readers.jsonl,large,writer,4,5,writer_transactions_per_second,25.84394933920252,30.998913178103976,2.474802628629955,-7.2273411539672505,12.262942830885066
hosted-checkpoint-rescan/ubuntu-net10.0-writer/readers.jsonl,large,writer,4,5,writer_p99_ms,266.250693,237.68258,-0.26687593141121013,-12.063588849817721,11.529836986995301
hosted-checkpoint-rescan/ubuntu-net10.0-writer/readers.jsonl,large,writer,4,5,total_active_cpu_ms,11611.069,12219.139,5.8100927581478174,-1.7050603708432746,14.50065921444255
hosted-checkpoint-rescan/ubuntu-net10.0-writer/readers.jsonl,large,writer,4,5,read_completion_fraction,1.0,1.0,0.0,0.0,0.0
hosted-checkpoint-rescan/ubuntu-net10.0-writer/readers.jsonl,large,writer,4,5,median_reader_api_p99_ms,76.32485399999999,60.2605285,-15.06301292024988,-27.08030152058177,-3.705605222568822
hosted-checkpoint-rescan/ubuntu-net10.0-writer/readers.jsonl,large,writer,4,5,median_reader_arrival_p99_ms,76.32380000000012,60.259599999999864,-15.063383868160402,-27.081139224392377,-3.7055063746696937
hosted-checkpoint-rescan/ubuntu-net10.0-writer/readers.jsonl,medium,writer,4,5,read_calls_per_second,2206.5074037236063,2174.51151025764,-8.295229427299573,-19.547281373566285,2.2840488814258286
hosted-checkpoint-rescan/ubuntu-net10.0-writer/readers.jsonl,medium,writer,4,5,writer_transactions_per_second,30.020814996907106,28.8238353210709,-5.587334395819098,-27.582847478386224,14.236707411863728
hosted-checkpoint-rescan/ubuntu-net10.0-writer/readers.jsonl,medium,writer,4,5,writer_p99_ms,223.805595,214.477456,1.206024159409869,-24.355247672218212,24.609195948455444
hosted-checkpoint-rescan/ubuntu-net10.0-writer/readers.jsonl,medium,writer,4,5,total_active_cpu_ms,10278.152,9719.232,-8.241678388557574,-16.388120507095323,0.6575067827088572
hosted-checkpoint-rescan/ubuntu-net10.0-writer/readers.jsonl,medium,writer,4,5,read_completion_fraction,1.0,1.0,0.0,0.0,0.0
hosted-checkpoint-rescan/ubuntu-net10.0-writer/readers.jsonl,medium,writer,4,5,median_reader_api_p99_ms,22.957556,23.4751075,12.854573976035455,-10.100815515483701,31.601398830655796
hosted-checkpoint-rescan/ubuntu-net10.0-writer/readers.jsonl,medium,writer,4,5,median_reader_arrival_p99_ms,22.956649999999385,23.474149999999895,12.853438852850068,-10.10087693298868,31.598866815311435
hosted-checkpoint-rescan/ubuntu-net10.0-writer/readers.jsonl,point,writer,4,5,read_calls_per_second,14283.22344513142,15529.211415723066,0.3577632846687996,-16.142086264532786,14.442634024531932
hosted-checkpoint-rescan/ubuntu-net10.0-writer/readers.jsonl,point,writer,4,5,writer_transactions_per_second,33.253214263135426,28.774970092265242,13.971733241600184,-11.056801146996937,44.74326665261587
hosted-checkpoint-rescan/ubuntu-net10.0-writer/readers.jsonl,point,writer,4,5,writer_p99_ms,184.494803,219.4613,4.676592825294205,-29.498039278985242,46.30384818619065
hosted-checkpoint-rescan/ubuntu-net10.0-writer/readers.jsonl,point,writer,4,5,total_active_cpu_ms,8067.092,8280.62,2.2025688313834286,-8.78961919984858,14.041848577890121
hosted-checkpoint-rescan/ubuntu-net10.0-writer/readers.jsonl,point,writer,4,5,read_completion_fraction,1.0,1.0,0.0,0.0,0.0
hosted-checkpoint-rescan/ubuntu-net10.0-writer/readers.jsonl,point,writer,4,5,median_reader_api_p99_ms,3.8870885,2.120513,2.2707867940208244,-42.28785840027935,51.14847040795975
hosted-checkpoint-rescan/ubuntu-net10.0-writer/readers.jsonl,point,writer,4,5,median_reader_arrival_p99_ms,3.8870499999993626,2.120500000000021,2.2769667753681397,-42.28669242821191,51.163336702106236
hosted-checkpoint-rescan/windows-net10.0-checkpoint/readers.jsonl,large,checkpoint,4,5,read_calls_per_second,395.96053025284226,397.9592971518861,1.1790368257348338,-3.0532017286336393,4.493478714739951
hosted-checkpoint-rescan/windows-net10.0-checkpoint/readers.jsonl,large,checkpoint,4,5,writer_transactions_per_second,45.940876389131006,45.667756737033386,0.9293277803242805,-0.7155998125043306,2.6136595786046546
hosted-checkpoint-rescan/windows-net10.0-checkpoint/readers.jsonl,large,checkpoint,4,5,writer_p99_ms,43.6236,41.6965,-8.622477085682515,-16.298141254570048,-3.0147454367921456
hosted-checkpoint-rescan/windows-net10.0-checkpoint/readers.jsonl,large,checkpoint,4,5,total_active_cpu_ms,15234.375,14828.125,-1.1656900650363022,-3.820291693300915,1.48891156322831
hosted-checkpoint-rescan/windows-net10.0-checkpoint/readers.jsonl,large,checkpoint,4,5,read_completion_fraction,1.0,1.0,0.0,0.0,0.0
hosted-checkpoint-rescan/windows-net10.0-checkpoint/readers.jsonl,large,checkpoint,4,5,median_reader_api_p99_ms,48.8454,51.4678,1.1430350591669458,-2.6352300681938834,4.921300186527775
hosted-checkpoint-rescan/windows-net10.0-checkpoint/readers.jsonl,large,checkpoint,4,5,median_reader_arrival_p99_ms,48.84459999999979,51.46690000000035,1.1428972186655373,-2.635457241592467,4.921251678923541
hosted-checkpoint-rescan/windows-net10.0-checkpoint/readers.jsonl,medium,checkpoint,4,5,read_calls_per_second,1216.6306326443623,1205.2157809341932,-1.329603619246662,-3.9648485928463266,0.44366267228511
hosted-checkpoint-rescan/windows-net10.0-checkpoint/readers.jsonl,medium,checkpoint,4,5,writer_transactions_per_second,49.33108792334723,49.242548718410234,-0.924236483239862,-2.532386049731019,0.86142668681358
hosted-checkpoint-rescan/windows-net10.0-checkpoint/readers.jsonl,medium,checkpoint,4,5,writer_p99_ms,39.5685,39.2179,1.0196540111145191,-2.71897011453615,5.111326877592055
hosted-checkpoint-rescan/windows-net10.0-checkpoint/readers.jsonl,medium,checkpoint,4,5,total_active_cpu_ms,12609.375,11968.75,-4.121214404932754,-8.02177055444889,0.11395161566492903
hosted-checkpoint-rescan/windows-net10.0-checkpoint/readers.jsonl,medium,checkpoint,4,5,read_completion_fraction,1.0,1.0,0.0,0.0,0.0
hosted-checkpoint-rescan/windows-net10.0-checkpoint/readers.jsonl,medium,checkpoint,4,5,median_reader_api_p99_ms,40.9648,41.6721,1.7657655796710237,-0.9198997372027051,5.244831765105135
hosted-checkpoint-rescan/windows-net10.0-checkpoint/readers.jsonl,medium,checkpoint,4,5,median_reader_arrival_p99_ms,40.96414999999979,41.6710999999998,1.765806343293006,-0.9197724364878201,5.244934106827759
hosted-checkpoint-rescan/windows-net10.0-checkpoint/readers.jsonl,point,checkpoint,4,5,read_calls_per_second,4233.9658942616825,4376.46254485419,-1.302714198822339,-8.271747422685163,4.673406805716711
hosted-checkpoint-rescan/windows-net10.0-checkpoint/readers.jsonl,point,checkpoint,4,5,writer_transactions_per_second,56.051496958137214,55.9542596309221,-1.9292895080548478,-7.095849046948217,3.2664894469284773
hosted-checkpoint-rescan/windows-net10.0-checkpoint/readers.jsonl,point,checkpoint,4,5,writer_p99_ms,35.3452,35.5982,1.1254314159831091,0.4002540496864304,1.972712021398424
hosted-checkpoint-rescan/windows-net10.0-checkpoint/readers.jsonl,point,checkpoint,4,5,total_active_cpu_ms,11359.375,11390.625,0.23167248888031225,-5.236769418558775,6.742305042779243
hosted-checkpoint-rescan/windows-net10.0-checkpoint/readers.jsonl,point,checkpoint,4,5,read_completion_fraction,1.0,1.0,0.0,0.0,0.0
hosted-checkpoint-rescan/windows-net10.0-checkpoint/readers.jsonl,point,checkpoint,4,5,median_reader_api_p99_ms,25.462200000000003,24.840049999999998,-6.448141782697231,-22.245252915033145,5.04451056755955
hosted-checkpoint-rescan/windows-net10.0-checkpoint/readers.jsonl,point,checkpoint,4,5,median_reader_arrival_p99_ms,25.461499999999887,24.839549999999917,-6.448617267195676,-22.245718587453666,5.044015705472537
hosted-checkpoint-rescan/windows-net10.0-writer/readers.jsonl,large,writer,4,5,read_calls_per_second,366.0538356905644,371.30492679630663,2.6682801496530995,-0.46763696174403346,7.262063994405426
hosted-checkpoint-rescan/windows-net10.0-writer/readers.jsonl,large,writer,4,5,writer_transactions_per_second,49.89715248826272,49.334691721792524,-0.5920131410545904,-4.237286021488201,5.211525604175233
hosted-checkpoint-rescan/windows-net10.0-writer/readers.jsonl,large,writer,4,5,writer_p99_ms,41.0982,40.0148,-2.2680848644135447,-8.597645171424627,4.704799238804983
hosted-checkpoint-rescan/windows-net10.0-writer/readers.jsonl,large,writer,4,5,total_active_cpu_ms,14125.0,14281.25,1.431209037285015,-1.265639931660294,4.128058006230324
hosted-checkpoint-rescan/windows-net10.0-writer/readers.jsonl,large,writer,4,5,read_completion_fraction,1.0,1.0,0.0,0.0,0.0
hosted-checkpoint-rescan/windows-net10.0-writer/readers.jsonl,large,writer,4,5,median_reader_api_p99_ms,56.4607,56.0434,-0.1517272577000206,-2.060410105535293,1.5866437869653471
hosted-checkpoint-rescan/windows-net10.0-writer/readers.jsonl,large,writer,4,5,median_reader_arrival_p99_ms,56.45979999999986,56.04224999999997,-0.15193589222554316,-2.060443366630784,1.5865960642837806
hosted-checkpoint-rescan/windows-net10.0-writer/readers.jsonl,medium,writer,4,5,read_calls_per_second,1134.5074353191605,1188.5753510802326,6.706561735031085,3.7572252682637775,9.842989203909065
hosted-checkpoint-rescan/windows-net10.0-writer/readers.jsonl,medium,writer,4,5,writer_transactions_per_second,49.47889131538703,49.843711496606886,1.4879649485064883,0.3315154518864416,2.8651473769084657
hosted-checkpoint-rescan/windows-net10.0-writer/readers.jsonl,medium,writer,4,5,writer_p99_ms,39.4546,40.3422,3.3956690761264863,0.5993232765848289,5.703600586194244
hosted-checkpoint-rescan/windows-net10.0-writer/readers.jsonl,medium,writer,4,5,total_active_cpu_ms,12203.125,12500.0,2.5522764906797946,-3.283718298518084,7.798675220361973
hosted-checkpoint-rescan/windows-net10.0-writer/readers.jsonl,medium,writer,4,5,read_completion_fraction,1.0,1.0,0.0,0.0,0.0
hosted-checkpoint-rescan/windows-net10.0-writer/readers.jsonl,medium,writer,4,5,median_reader_api_p99_ms,43.58655,42.0289,-2.8668878799781683,-5.960442789736522,0.4480733635832834
hosted-checkpoint-rescan/windows-net10.0-writer/readers.jsonl,medium,writer,4,5,median_reader_arrival_p99_ms,43.58574999999928,42.0278500000004,-2.8668779833310776,-5.9604854512487515,0.4479193822197214
hosted-checkpoint-rescan/windows-net10.0-writer/readers.jsonl,point,writer,4,5,read_calls_per_second,4371.916715964529,4369.305567711081,-0.8345551150719887,-4.602520067282123,2.9334098371381456
hosted-checkpoint-rescan/windows-net10.0-writer/readers.jsonl,point,writer,4,5,writer_transactions_per_second,55.47110954869703,54.93243859377351,-0.6142897489367805,-1.6983844822591099,0.6996117925107193
hosted-checkpoint-rescan/windows-net10.0-writer/readers.jsonl,point,writer,4,5,writer_p99_ms,36.6032,37.2573,0.7608264115330088,-1.1432360589094115,2.664888881975429
hosted-checkpoint-rescan/windows-net10.0-writer/readers.jsonl,point,writer,4,5,total_active_cpu_ms,11218.75,11390.625,1.113416192724923,-3.07592071231392,5.302753097763766
hosted-checkpoint-rescan/windows-net10.0-writer/readers.jsonl,point,writer,4,5,read_completion_fraction,1.0,1.0,0.0,0.0,0.0
hosted-checkpoint-rescan/windows-net10.0-writer/readers.jsonl,point,writer,4,5,median_reader_api_p99_ms,25.60755,25.326500000000003,-0.49789109377432317,-3.007026939548356,1.842593888088522
hosted-checkpoint-rescan/windows-net10.0-writer/readers.jsonl,point,writer,4,5,median_reader_arrival_p99_ms,25.606850000000122,25.325849999999832,-0.4982289162258581,-3.0068213345653576,1.8425250544784677
hosted-conditional-rescan/ubuntu-net10.0-checkpoint/readers.jsonl,large,checkpoint,4,5,read_calls_per_second,480.2116798683737,475.38453811230335,-1.2616693274122137,-3.1476680327151163,0.7029805741285666
hosted-conditional-rescan/ubuntu-net10.0-checkpoint/readers.jsonl,large,checkpoint,4,5,writer_transactions_per_second,51.04371970509036,50.568391215702796,-0.30519888353271574,-1.234596993629531,0.8906350392401974
hosted-conditional-rescan/ubuntu-net10.0-checkpoint/readers.jsonl,large,checkpoint,4,5,writer_p99_ms,29.063681,28.535017,0.13433118085875337,-4.016778561855863,5.023629596362353
hosted-conditional-rescan/ubuntu-net10.0-checkpoint/readers.jsonl,large,checkpoint,4,5,total_active_cpu_ms,17479.128,17363.19,-0.6183299204673842,-1.2096785948347133,-0.026981246100055145
hosted-conditional-rescan/ubuntu-net10.0-checkpoint/readers.jsonl,large,checkpoint,4,5,read_completion_fraction,1.0,1.0,0.0,0.0,0.0
hosted-conditional-rescan/ubuntu-net10.0-checkpoint/readers.jsonl,large,checkpoint,4,5,median_reader_api_p99_ms,32.512433,32.658414,0.22571489339368478,-1.818164048961983,2.269593835749353
hosted-conditional-rescan/ubuntu-net10.0-checkpoint/readers.jsonl,large,checkpoint,4,5,median_reader_arrival_p99_ms,32.51164999999992,32.65765000000056,0.22571885247312906,-1.8184387150391992,2.269876419985457
hosted-conditional-rescan/ubuntu-net10.0-checkpoint/readers.jsonl,medium,checkpoint,4,5,read_calls_per_second,1604.5597407843886,1597.6571744741414,-0.3365009253657725,-3.089485033031547,1.28611097298176
hosted-conditional-rescan/ubuntu-net10.0-checkpoint/readers.jsonl,medium,checkpoint,4,5,writer_transactions_per_second,55.29503174139804,55.47814890331175,0.31743987028755694,-0.9194160433268816,1.2698665753693827
hosted-conditional-rescan/ubuntu-net10.0-checkpoint/readers.jsonl,medium,checkpoint,4,5,writer_p99_ms,26.297929,26.580825,0.8289647154692914,-1.0428866482729138,3.004057027015772
hosted-conditional-rescan/ubuntu-net10.0-checkpoint/readers.jsonl,medium,checkpoint,4,5,total_active_cpu_ms,14960.582,14950.635,0.19338264074702405,-0.7393360553999662,0.8561019681009663
hosted-conditional-rescan/ubuntu-net10.0-checkpoint/readers.jsonl,medium,checkpoint,4,5,read_completion_fraction,1.0,1.0,0.0,0.0,0.0
hosted-conditional-rescan/ubuntu-net10.0-checkpoint/readers.jsonl,medium,checkpoint,4,5,median_reader_api_p99_ms,22.259686000000002,22.5465245,0.4060824748058023,-2.10544708944878,2.9366988445533693
hosted-conditional-rescan/ubuntu-net10.0-checkpoint/readers.jsonl,medium,checkpoint,4,5,median_reader_arrival_p99_ms,22.258800000000292,22.545450000000073,0.4059499714980386,-2.105973530739602,2.9368896658413135
hosted-conditional-rescan/ubuntu-net10.0-checkpoint/readers.jsonl,point,checkpoint,4,5,read_calls_per_second,7390.698581528461,7306.1598938388715,-2.2186546233944626,-3.885183887038419,-0.552125359750506
hosted-conditional-rescan/ubuntu-net10.0-checkpoint/readers.jsonl,point,checkpoint,4,5,writer_transactions_per_second,62.40981594366692,62.65103570955156,-0.6128119825499834,-1.4372474003410596,0.7470893038300352
hosted-conditional-rescan/ubuntu-net10.0-checkpoint/readers.jsonl,point,checkpoint,4,5,writer_p99_ms,22.522619,22.575601,1.1052397239034173,0.499427250301987,1.7110521975048478
hosted-conditional-rescan/ubuntu-net10.0-checkpoint/readers.jsonl,point,checkpoint,4,5,total_active_cpu_ms,12592.837,12605.369999999999,0.0780739774482253,-0.6532338196623066,1.1254383713252802
hosted-conditional-rescan/ubuntu-net10.0-checkpoint/readers.jsonl,point,checkpoint,4,5,read_completion_fraction,1.0,1.0,0.0,0.0,0.0
hosted-conditional-rescan/ubuntu-net10.0-checkpoint/readers.jsonl,point,checkpoint,4,5,median_reader_api_p99_ms,7.485340000000001,8.0977815,6.260613197237763,1.2391222075800412,10.897884337295395
hosted-conditional-rescan/ubuntu-net10.0-checkpoint/readers.jsonl,point,checkpoint,4,5,median_reader_arrival_p99_ms,7.485250000000065,8.097649999999703,6.260441325247967,1.2391630895297245,10.897451150075096
hosted-conditional-rescan/ubuntu-net10.0-writer/readers.jsonl,large,writer,4,5,read_calls_per_second,676.0643884577663,673.8899191239493,0.42949847215171255,-0.34457823931855147,1.2000598196554524
hosted-conditional-rescan/ubuntu-net10.0-writer/readers.jsonl,large,writer,4,5,writer_transactions_per_second,69.39638425866339,69.28566064566289,-0.7542452138263522,-1.7292105810652436,-0.04128710172077721
hosted-conditional-rescan/ubuntu-net10.0-writer/readers.jsonl,large,writer,4,5,writer_p99_ms,23.750512,23.977863,5.47382341056844,-3.725934527567847,16.380146260139817
hosted-conditional-rescan/ubuntu-net10.0-writer/readers.jsonl,large,writer,4,5,total_active_cpu_ms,14087.878,14137.507,0.2310159176723503,-0.32581933245512396,0.7878511677998246
hosted-conditional-rescan/ubuntu-net10.0-writer/readers.jsonl,large,writer,4,5,read_completion_fraction,1.0,1.0,0.0,0.0,0.0
hosted-conditional-rescan/ubuntu-net10.0-writer/readers.jsonl,large,writer,4,5,median_reader_api_p99_ms,24.962561,25.0750505,1.3105122555337334,-0.6171533241398786,3.2501962204740487
hosted-conditional-rescan/ubuntu-net10.0-writer/readers.jsonl,large,writer,4,5,median_reader_arrival_p99_ms,24.961649999999736,25.074000000000524,1.310192224212321,-0.6176920904582905,3.250080618140898
hosted-conditional-rescan/ubuntu-net10.0-writer/readers.jsonl,medium,writer,4,5,read_calls_per_second,2552.2986350091433,2560.1131853850225,0.8933939214868514,-0.9171102271577404,2.6316138102417286
hosted-conditional-rescan/ubuntu-net10.0-writer/readers.jsonl,medium,writer,4,5,writer_transactions_per_second,68.89508364683097,70.2201133858055,0.39812076113017847,-1.0431127699880594,1.6340241179742818
hosted-conditional-rescan/ubuntu-net10.0-writer/readers.jsonl,medium,writer,4,5,writer_p99_ms,35.051865,23.331316,-7.812342053053484,-21.23536404522821,0.6476002760754862
hosted-conditional-rescan/ubuntu-net10.0-writer/readers.jsonl,medium,writer,4,5,total_active_cpu_ms,12029.201000000001,12146.456,0.9419722246849571,0.031415352269521524,1.8286988857340212
hosted-conditional-rescan/ubuntu-net10.0-writer/readers.jsonl,medium,writer,4,5,read_completion_fraction,1.0,1.0,0.0,0.0,0.0
hosted-conditional-rescan/ubuntu-net10.0-writer/readers.jsonl,medium,writer,4,5,median_reader_api_p99_ms,16.819177,16.0371555,-2.460174127906931,-5.979254205486493,0.9434372466496853
hosted-conditional-rescan/ubuntu-net10.0-writer/readers.jsonl,medium,writer,4,5,median_reader_arrival_p99_ms,16.818899999999985,16.036899999999605,-2.459409489659552,-5.97849152258247,0.943887362824889
hosted-conditional-rescan/ubuntu-net10.0-writer/readers.jsonl,point,writer,4,5,read_calls_per_second,12250.810949506931,12167.287547289847,2.094888392744254,-3.07020278537808,7.402120797160977
hosted-conditional-rescan/ubuntu-net10.0-writer/readers.jsonl,point,writer,4,5,writer_transactions_per_second,64.38238884135635,64.68041884164558,0.05294009472875505,-0.9726109591458144,0.7860841057672463
hosted-conditional-rescan/ubuntu-net10.0-writer/readers.jsonl,point,writer,4,5,writer_p99_ms,36.898838,36.426148,1.8210722038701066,-1.1481567836659012,5.036144581086048
hosted-conditional-rescan/ubuntu-net10.0-writer/readers.jsonl,point,writer,4,5,total_active_cpu_ms,9915.98,9830.712,0.47816943272734447,-0.998088595198141,1.875047485906758
hosted-conditional-rescan/ubuntu-net10.0-writer/readers.jsonl,point,writer,4,5,read_completion_fraction,1.0,1.0,0.0,0.0,0.0
hosted-conditional-rescan/ubuntu-net10.0-writer/readers.jsonl,point,writer,4,5,median_reader_api_p99_ms,9.164429,8.8677935,-2.312347109039148,-9.020120400194982,2.9435806925033514
hosted-conditional-rescan/ubuntu-net10.0-writer/readers.jsonl,point,writer,4,5,median_reader_arrival_p99_ms,9.164150000000006,8.867750000000285,-2.3119380607331523,-9.020174702668438,2.943832569992413
hosted-conditional-rescan/windows-net10.0-checkpoint/readers.jsonl,large,checkpoint,4,5,read_calls_per_second,353.11881051980623,363.2705255360178,0.2401055912222149,-2.4847046909564297,2.9649158734008596
hosted-conditional-rescan/windows-net10.0-checkpoint/readers.jsonl,large,checkpoint,4,5,writer_transactions_per_second,41.87535382181399,44.0642401065839,1.007661617912936,-4.077576326800856,6.4244999479094655
hosted-conditional-rescan/windows-net10.0-checkpoint/readers.jsonl,large,checkpoint,4,5,writer_p99_ms,46.7843,45.3345,5.665770036424099,-5.529208253242306,16.860748326090505
hosted-conditional-rescan/windows-net10.0-checkpoint/readers.jsonl,large,checkpoint,4,5,total_active_cpu_ms,15109.375,15390.625,0.04987558062246711,-2.436131959540808,3.203850647862674
hosted-conditional-rescan/windows-net10.0-checkpoint/readers.jsonl,large,checkpoint,4,5,read_completion_fraction,1.0,1.0,0.0,0.0,0.0
hosted-conditional-rescan/windows-net10.0-checkpoint/readers.jsonl,large,checkpoint,4,5,median_reader_api_p99_ms,51.90015,51.05155,-1.8856018887984805,-3.5968944296406824,-0.09133514331221892
hosted-conditional-rescan/windows-net10.0-checkpoint/readers.jsonl,large,checkpoint,4,5,median_reader_arrival_p99_ms,51.898799999999994,51.05019999999979,-1.8857319459873634,-3.596894709230851,-0.0915932489834681
hosted-conditional-rescan/windows-net10.0-checkpoint/readers.jsonl,medium,checkpoint,4,5,read_calls_per_second,1157.564169891364,1158.24873031103,-0.36330929053064,-2.404356331830672,1.4626001412785072
hosted-conditional-rescan/windows-net10.0-checkpoint/readers.jsonl,medium,checkpoint,4,5,writer_transactions_per_second,48.162904449364056,48.298866908582326,0.7316491467125297,-2.003285382948603,3.6959443836041173
hosted-conditional-rescan/windows-net10.0-checkpoint/readers.jsonl,medium,checkpoint,4,5,writer_p99_ms,39.0337,38.7452,-0.5236834092953456,-3.1788666623188107,1.739525433613163
hosted-conditional-rescan/windows-net10.0-checkpoint/readers.jsonl,medium,checkpoint,4,5,total_active_cpu_ms,13000.0,12609.375,-2.6209938470758765,-4.735798220452567,-0.17794646472950806
hosted-conditional-rescan/windows-net10.0-checkpoint/readers.jsonl,medium,checkpoint,4,5,read_completion_fraction,1.0,1.0,0.0,0.0,0.0
hosted-conditional-rescan/windows-net10.0-checkpoint/readers.jsonl,medium,checkpoint,4,5,median_reader_api_p99_ms,40.299800000000005,42.352999999999994,8.410722991025121,-0.6436568967562506,19.00030319162998
hosted-conditional-rescan/windows-net10.0-checkpoint/readers.jsonl,medium,checkpoint,4,5,median_reader_arrival_p99_ms,40.29910000000018,42.35199999999986,8.410870601394523,-0.6440412438916623,19.001132301378703
hosted-conditional-rescan/windows-net10.0-checkpoint/readers.jsonl,point,checkpoint,4,5,read_calls_per_second,3780.256370244738,3694.4863362782444,-1.7994065958575423,-4.3915361496552,0.9756799443774146
hosted-conditional-rescan/windows-net10.0-checkpoint/readers.jsonl,point,checkpoint,4,5,writer_transactions_per_second,50.014001923971776,50.066679623377055,1.1299557884234779,-0.33485236457597933,2.4185198305575906
hosted-conditional-rescan/windows-net10.0-checkpoint/readers.jsonl,point,checkpoint,4,5,writer_p99_ms,35.6349,34.9895,-2.0174816813428076,-3.989911143479341,-0.11502485813532193
hosted-conditional-rescan/windows-net10.0-checkpoint/readers.jsonl,point,checkpoint,4,5,total_active_cpu_ms,11000.0,11000.0,-0.6972891375003365,-8.138493611104254,5.906381987864033
hosted-conditional-rescan/windows-net10.0-checkpoint/readers.jsonl,point,checkpoint,4,5,read_completion_fraction,1.0,1.0,0.0,0.0,0.0
hosted-conditional-rescan/windows-net10.0-checkpoint/readers.jsonl,point,checkpoint,4,5,median_reader_api_p99_ms,27.535249999999998,28.1681,-8.189457700154499,-27.87128583057045,2.7902135007820927
hosted-conditional-rescan/windows-net10.0-checkpoint/readers.jsonl,point,checkpoint,4,5,median_reader_arrival_p99_ms,27.534500000000094,28.167100000000175,-8.190011009560017,-27.871902587748945,2.7897733961297932
hosted-conditional-rescan/windows-net10.0-writer/readers.jsonl,large,writer,4,5,read_calls_per_second,401.1845394881605,402.6882217532182,-0.2475299752027471,-3.7409540258812335,3.160598746652017
hosted-conditional-rescan/windows-net10.0-writer/readers.jsonl,large,writer,4,5,writer_transactions_per_second,47.69689683989159,47.183299657624815,-0.9945007730740452,-2.165350567776938,0.10815486710545885
hosted-conditional-rescan/windows-net10.0-writer/readers.jsonl,large,writer,4,5,writer_p99_ms,38.1907,40.0031,8.636602729441881,2.3130714522961515,16.293751206211915
hosted-conditional-rescan/windows-net10.0-writer/readers.jsonl,large,writer,4,5,total_active_cpu_ms,11812.5,12203.125,3.5309676845855975,-0.7265738504128638,6.96003827958601
hosted-conditional-rescan/windows-net10.0-writer/readers.jsonl,large,writer,4,5,read_completion_fraction,1.0,1.0,0.0,0.0,0.0
hosted-conditional-rescan/windows-net10.0-writer/readers.jsonl,large,writer,4,5,median_reader_api_p99_ms,55.0201,55.07315,-0.9827316811481323,-5.987527099059122,2.755601624506041
hosted-conditional-rescan/windows-net10.0-writer/readers.jsonl,large,writer,4,5,median_reader_arrival_p99_ms,55.019050000000334,55.072299999999814,-0.9826387633813338,-5.9872060969512075,2.755390787892935
hosted-conditional-rescan/windows-net10.0-writer/readers.jsonl,medium,writer,4,5,read_calls_per_second,1391.2446843316395,1426.7180848440055,1.2521630809236917,-4.66898410669293,6.6377926486584515
hosted-conditional-rescan/windows-net10.0-writer/readers.jsonl,medium,writer,4,5,writer_transactions_per_second,48.46474044738232,48.835735590464445,-1.1819108457693428,-3.780853686283115,1.1750247472731346
hosted-conditional-rescan/windows-net10.0-writer/readers.jsonl,medium,writer,4,5,writer_p99_ms,39.3631,38.0256,4.476234558310006,-3.000564567010038,15.23556926073255
hosted-conditional-rescan/windows-net10.0-writer/readers.jsonl,medium,writer,4,5,total_active_cpu_ms,10984.375,11218.75,3.00970169297456,-4.709887953806873,11.168758184047999
hosted-conditional-rescan/windows-net10.0-writer/readers.jsonl,medium,writer,4,5,read_completion_fraction,1.0,1.0,0.0,0.0,0.0
hosted-conditional-rescan/windows-net10.0-writer/readers.jsonl,medium,writer,4,5,median_reader_api_p99_ms,38.685050000000004,35.21875,-9.127633317934656,-13.911093273354362,-2.4932560350622794
hosted-conditional-rescan/windows-net10.0-writer/readers.jsonl,medium,writer,4,5,median_reader_arrival_p99_ms,38.684150000000045,35.217950000000656,-9.12745235815402,-13.91155360128542,-2.492827997478404
hosted-conditional-rescan/windows-net10.0-writer/readers.jsonl,point,writer,4,5,read_calls_per_second,6625.265340178027,6817.384906995966,5.006819201767265,-4.452944274504844,13.654670443561576
hosted-conditional-rescan/windows-net10.0-writer/readers.jsonl,point,writer,4,5,writer_transactions_per_second,49.694153979725826,49.4432757075118,0.995600254577047,-0.6604267035781408,2.682109311899026
hosted-conditional-rescan/windows-net10.0-writer/readers.jsonl,point,writer,4,5,writer_p99_ms,36.0907,36.0537,-1.070104281815536,-3.10763025311227,0.07253076239792655
hosted-conditional-rescan/windows-net10.0-writer/readers.jsonl,point,writer,4,5,total_active_cpu_ms,9515.625,9343.75,-0.6613421439667012,-5.9136176752246365,4.605546492659061
hosted-conditional-rescan/windows-net10.0-writer/readers.jsonl,point,writer,4,5,read_completion_fraction,1.0,1.0,0.0,0.0,0.0
hosted-conditional-rescan/windows-net10.0-writer/readers.jsonl,point,writer,4,5,median_reader_api_p99_ms,20.682949999999998,17.3193,-3.759449484681197,-26.374764509542008,26.972721952949854
hosted-conditional-rescan/windows-net10.0-writer/readers.jsonl,point,writer,4,5,median_reader_arrival_p99_ms,20.682800000000043,17.31899999999996,-3.759499423391881,-26.375060030320338,26.973314209109635
hosted-equal-final/ubuntu-net10.0-checkpoint/readers.jsonl,large,checkpoint,1,5,read_calls_per_second,19.999312623625126,19.998190963645428,-0.002743450890945187,-0.007588307324657428,0.0030846130972661534
hosted-equal-final/ubuntu-net10.0-checkpoint/readers.jsonl,large,checkpoint,1,5,writer_transactions_per_second,70.95446284483545,71.01458436806794,0.027515328878342515,-1.601140816781119,1.9424264092592616
hosted-equal-final/ubuntu-net10.0-checkpoint/readers.jsonl,large,checkpoint,1,5,writer_p99_ms,20.505851,20.939595,1.319921413211318,-1.6694756891678186,4.0408057144451215
hosted-equal-final/ubuntu-net10.0-checkpoint/readers.jsonl,large,checkpoint,1,5,total_active_cpu_ms,8712.832,8798.771,0.9683335916089097,0.547335440006611,1.4800442563447502
hosted-equal-final/ubuntu-net10.0-checkpoint/readers.jsonl,large,checkpoint,1,5,read_completion_fraction,1.0,1.0,0.0,0.0,0.0
hosted-equal-final/ubuntu-net10.0-checkpoint/readers.jsonl,large,checkpoint,1,5,median_reader_api_p99_ms,20.514271,21.454263,3.5162517552456167,-0.7761622215785913,7.808665732069825
hosted-equal-final/ubuntu-net10.0-checkpoint/readers.jsonl,large,checkpoint,1,5,median_reader_arrival_p99_ms,21.365699999999833,21.894000000000233,1.5552297181050556,-2.4505759285409656,5.561035364751077
hosted-equal-final/ubuntu-net10.0-checkpoint/readers.jsonl,large,checkpoint,4,5,read_calls_per_second,79.99413526299602,79.9964129948145,0.0017534542046337975,-0.0016972456394803714,0.0052041540487479665
hosted-equal-final/ubuntu-net10.0-checkpoint/readers.jsonl,large,checkpoint,4,5,writer_transactions_per_second,64.85632963900088,64.54681536054737,-0.5312589870970119,-0.9456715333317444,-0.0916712819443033
hosted-equal-final/ubuntu-net10.0-checkpoint/readers.jsonl,large,checkpoint,4,5,writer_p99_ms,22.937593,23.779131,3.6826046431070747,2.041910493361536,5.288456861029416
hosted-equal-final/ubuntu-net10.0-checkpoint/readers.jsonl,large,checkpoint,4,5,total_active_cpu_ms,10768.945,10908.655,1.6437033937079848,0.8536255676482485,2.3704874280940125
hosted-equal-final/ubuntu-net10.0-checkpoint/readers.jsonl,large,checkpoint,4,5,read_completion_fraction,1.0,1.0,0.0,0.0,0.0
hosted-equal-final/ubuntu-net10.0-checkpoint/readers.jsonl,large,checkpoint,4,5,median_reader_api_p99_ms,23.7304635,24.100388,0.8392933023423256,-4.318944475973131,6.424453718554228
hosted-equal-final/ubuntu-net10.0-checkpoint/readers.jsonl,large,checkpoint,4,5,median_reader_arrival_p99_ms,24.293099999999868,24.625999999999976,1.0474722588910756,-3.8339567010039666,6.667784276841997
hosted-equal-final/ubuntu-net10.0-checkpoint/readers.jsonl,medium,checkpoint,1,5,read_calls_per_second,19.999351021059365,19.998668288678658,-0.0010058177181693218,-0.005097105082783049,0.002210798812987136
hosted-equal-final/ubuntu-net10.0-checkpoint/readers.jsonl,medium,checkpoint,1,5,writer_transactions_per_second,72.79335615038414,72.12096479830649,-1.5505720250717125,-2.594275249599367,-0.6077732368416355
hosted-equal-final/ubuntu-net10.0-checkpoint/readers.jsonl,medium,checkpoint,1,5,writer_p99_ms,20.316048,20.863253,1.094271170263661,-1.2489671655142498,2.940169162292925
hosted-equal-final/ubuntu-net10.0-checkpoint/readers.jsonl,medium,checkpoint,1,5,total_active_cpu_ms,8247.371,8283.532,0.5568108357503121,0.10424348683424789,1.0414915560096771
hosted-equal-final/ubuntu-net10.0-checkpoint/readers.jsonl,medium,checkpoint,1,5,read_completion_fraction,1.0,1.0,0.0,0.0,0.0
hosted-equal-final/ubuntu-net10.0-checkpoint/readers.jsonl,medium,checkpoint,1,5,median_reader_api_p99_ms,18.283004,19.024867,6.310897767869417,-1.3593522057206895,14.824810958843818
hosted-equal-final/ubuntu-net10.0-checkpoint/readers.jsonl,medium,checkpoint,1,5,median_reader_arrival_p99_ms,18.934399999999982,19.816100000000006,7.539574521978898,-0.10324127912245888,15.182390323080256
hosted-equal-final/ubuntu-net10.0-checkpoint/readers.jsonl,medium,checkpoint,4,5,read_calls_per_second,79.99483235174903,79.9934681656598,-0.0008985282024775998,-0.00422740936093513,0.002430352955979931
hosted-equal-final/ubuntu-net10.0-checkpoint/readers.jsonl,medium,checkpoint,4,5,writer_transactions_per_second,67.2348467441111,65.81772389606648,-0.6236833064784619,-2.391074513452356,1.143707900495432
hosted-equal-final/ubuntu-net10.0-checkpoint/readers.jsonl,medium,checkpoint,4,5,writer_p99_ms,23.426888,24.12087,-0.7199298929961095,-4.322800066428147,2.8829402804359283
hosted-equal-final/ubuntu-net10.0-checkpoint/readers.jsonl,medium,checkpoint,4,5,total_active_cpu_ms,9040.846,9243.487,2.0203224465144,1.759506181423425,2.419522922877464
hosted-equal-final/ubuntu-net10.0-checkpoint/readers.jsonl,medium,checkpoint,4,5,read_completion_fraction,1.0,1.0,0.0,0.0,0.0
hosted-equal-final/ubuntu-net10.0-checkpoint/readers.jsonl,medium,checkpoint,4,5,median_reader_api_p99_ms,20.9574475,21.308113499999997,3.200662273981192,-3.9160523084521026,10.439779470047267
hosted-equal-final/ubuntu-net10.0-checkpoint/readers.jsonl,medium,checkpoint,4,5,median_reader_arrival_p99_ms,21.41670000000022,21.924699999999802,2.991595316217724,-4.079789113513437,10.252529114713603
hosted-equal-final/ubuntu-net10.0-checkpoint/readers.jsonl,point,checkpoint,1,5,read_calls_per_second,19.999242628681653,19.999100240480182,-0.0008367567698663869,-0.0022117069637528353,0.0006343914205508838
hosted-equal-final/ubuntu-net10.0-checkpoint/readers.jsonl,point,checkpoint,1,5,writer_transactions_per_second,72.92251399507911,73.09035499675463,0.1208208902388841,-0.9679059042954897,1.1720681309483627
hosted-equal-final/ubuntu-net10.0-checkpoint/readers.jsonl,point,checkpoint,1,5,writer_p99_ms,20.588985,20.436852,-0.47370187518821705,-3.0432402824893385,2.0759915933665862
hosted-equal-final/ubuntu-net10.0-checkpoint/readers.jsonl,point,checkpoint,1,5,total_active_cpu_ms,8082.166,8192.393,0.961060418462254,0.4147472165402899,1.507294803006527
hosted-equal-final/ubuntu-net10.0-checkpoint/readers.jsonl,point,checkpoint,1,5,read_completion_fraction,1.0,1.0,0.0,0.0,0.0
hosted-equal-final/ubuntu-net10.0-checkpoint/readers.jsonl,point,checkpoint,1,5,median_reader_api_p99_ms,18.331518,18.581785,0.6073164714704604,-5.1435815428749105,5.62983986303325
hosted-equal-final/ubuntu-net10.0-checkpoint/readers.jsonl,point,checkpoint,1,5,median_reader_arrival_p99_ms,18.74050000000011,18.879399999999805,-0.09207323400588052,-5.161273393627828,4.669962311345679
hosted-equal-final/ubuntu-net10.0-checkpoint/readers.jsonl,point,checkpoint,4,5,read_calls_per_second,79.99575407626548,79.9960570506258,0.0005793027255474037,-0.00251877870114825,0.004137258513658981
hosted-equal-final/ubuntu-net10.0-checkpoint/readers.jsonl,point,checkpoint,4,5,writer_transactions_per_second,69.85587693245316,70.22895217823937,0.5598020289796346,-1.0357259827195042,2.1553300406787734
hosted-equal-final/ubuntu-net10.0-checkpoint/readers.jsonl,point,checkpoint,4,5,writer_p99_ms,21.707969,20.670545,-1.2009436016078623,-6.978953785069211,3.7363012277145913
hosted-equal-final/ubuntu-net10.0-checkpoint/readers.jsonl,point,checkpoint,4,5,total_active_cpu_ms,8536.888,8800.887,3.103481592512747,2.521802508300004,3.5625000884676084
hosted-equal-final/ubuntu-net10.0-checkpoint/readers.jsonl,point,checkpoint,4,5,read_completion_fraction,1.0,1.0,0.0,0.0,0.0
hosted-equal-final/ubuntu-net10.0-checkpoint/readers.jsonl,point,checkpoint,4,5,median_reader_api_p99_ms,18.9604185,17.920278,-4.491817517973959,-10.468110608951974,1.3344714492746723
hosted-equal-final/ubuntu-net10.0-checkpoint/readers.jsonl,point,checkpoint,4,5,median_reader_arrival_p99_ms,19.427949999999782,18.533649999999852,-3.918356369926419,-10.172159295410935,3.0571803351267146
hosted-equal-final/ubuntu-net10.0-writer/readers.jsonl,large,writer,1,5,read_calls_per_second,19.998957854306212,19.99897885213981,0.00031441812510468736,-0.0024300899484019922,0.0036033369469867793
hosted-equal-final/ubuntu-net10.0-writer/readers.jsonl,large,writer,1,5,writer_transactions_per_second,73.16351189334856,72.59820101657881,-0.3833588625250607,-2.589316180298991,2.231659034540243
hosted-equal-final/ubuntu-net10.0-writer/readers.jsonl,large,writer,1,5,writer_p99_ms,20.191465,20.713174,3.4903255198948635,-2.678240280408377,9.102834360257877
hosted-equal-final/ubuntu-net10.0-writer/readers.jsonl,large,writer,1,5,total_active_cpu_ms,8651.328,8718.773,0.6478247509809343,0.18617772525368448,1.3287494079992923
hosted-equal-final/ubuntu-net10.0-writer/readers.jsonl,large,writer,1,5,read_completion_fraction,1.0,1.0,0.0,0.0,0.0
hosted-equal-final/ubuntu-net10.0-writer/readers.jsonl,large,writer,1,5,median_reader_api_p99_ms,21.163189,21.892329,2.174524367532073,-7.453440872782589,10.361641369834576
hosted-equal-final/ubuntu-net10.0-writer/readers.jsonl,large,writer,1,5,median_reader_arrival_p99_ms,21.902399999999943,22.247400000000198,1.105590699483285,-8.827555168970408,10.367582934307965
hosted-equal-final/ubuntu-net10.0-writer/readers.jsonl,large,writer,4,5,read_calls_per_second,79.99610501081796,79.99610319201427,0.000505193219648703,-0.0017436505238332956,0.002102628502598236
hosted-equal-final/ubuntu-net10.0-writer/readers.jsonl,large,writer,4,5,writer_transactions_per_second,67.7938375401676,67.40260862274883,-0.38236226871249723,-1.76666035906484,0.5711874745865675
hosted-equal-final/ubuntu-net10.0-writer/readers.jsonl,large,writer,4,5,writer_p99_ms,22.466722,23.262179,1.9984679809647132,-0.3478591510611051,3.864001011245324
hosted-equal-final/ubuntu-net10.0-writer/readers.jsonl,large,writer,4,5,total_active_cpu_ms,10637.741,10789.576,1.5623384275674068,0.7620424250086044,2.362634430126209
hosted-equal-final/ubuntu-net10.0-writer/readers.jsonl,large,writer,4,5,read_completion_fraction,1.0,1.0,0.0,0.0,0.0
hosted-equal-final/ubuntu-net10.0-writer/readers.jsonl,large,writer,4,5,median_reader_api_p99_ms,24.0052915,24.2299765,3.5222628015846436,-1.4503564512758693,7.697487697118381
hosted-equal-final/ubuntu-net10.0-writer/readers.jsonl,large,writer,4,5,median_reader_arrival_p99_ms,24.384850000000142,24.861500000000177,3.4784599444450537,-0.9267051300142892,7.182513685455905
hosted-equal-final/ubuntu-net10.0-writer/readers.jsonl,medium,writer,1,5,read_calls_per_second,19.998869863863995,19.998668288678658,-0.0009621321263408866,-0.002610814421497576,0.0006865501688158027
hosted-equal-final/ubuntu-net10.0-writer/readers.jsonl,medium,writer,1,5,writer_transactions_per_second,74.53723443100269,74.59468811225952,0.21687462273320524,-1.5288741643346748,1.9626234098010855
hosted-equal-final/ubuntu-net10.0-writer/readers.jsonl,medium,writer,1,5,writer_p99_ms,19.964834,20.356851,1.8602432581090333,0.7293666019331102,3.1697680481098045
hosted-equal-final/ubuntu-net10.0-writer/readers.jsonl,medium,writer,1,5,total_active_cpu_ms,8203.684,8218.648,0.2876835768921904,-0.28491295259512217,1.004421955839423
hosted-equal-final/ubuntu-net10.0-writer/readers.jsonl,medium,writer,1,5,read_completion_fraction,1.0,1.0,0.0,0.0,0.0
hosted-equal-final/ubuntu-net10.0-writer/readers.jsonl,medium,writer,1,5,median_reader_api_p99_ms,17.91477,20.356373,9.622871610754675,4.757081036227082,14.15944205866683
hosted-equal-final/ubuntu-net10.0-writer/readers.jsonl,medium,writer,1,5,median_reader_arrival_p99_ms,18.80619999999999,20.394399999999223,8.534302491921313,3.2522653704586006,13.516767311995173
hosted-equal-final/ubuntu-net10.0-writer/readers.jsonl,medium,writer,4,5,read_calls_per_second,79.99453727462007,79.9940148520602,-0.0005014594990315757,-0.0028680678747861066,0.0019286115235028767
hosted-equal-final/ubuntu-net10.0-writer/readers.jsonl,medium,writer,4,5,writer_transactions_per_second,69.00039861460381,68.67589544745691,0.08240270161219865,-2.520114182511164,2.209193954479005
hosted-equal-final/ubuntu-net10.0-writer/readers.jsonl,medium,writer,4,5,writer_p99_ms,23.103899,22.762014,-0.9222828896884439,-4.741504527071494,2.8969387476946062
hosted-equal-final/ubuntu-net10.0-writer/readers.jsonl,medium,writer,4,5,total_active_cpu_ms,9041.31,9221.065,2.202745787128304,1.3831795181194728,3.0223120561371353
hosted-equal-final/ubuntu-net10.0-writer/readers.jsonl,medium,writer,4,5,read_completion_fraction,1.0,1.0,0.0,0.0,0.0
hosted-equal-final/ubuntu-net10.0-writer/readers.jsonl,medium,writer,4,5,median_reader_api_p99_ms,20.5010645,20.40605,4.738258529768835,-4.8323400441869255,13.713901363867938
hosted-equal-final/ubuntu-net10.0-writer/readers.jsonl,medium,writer,4,5,median_reader_arrival_p99_ms,21.10530000000017,21.22950000000037,4.004460873182596,-3.6425931261173616,11.238075583653725
hosted-equal-final/ubuntu-net10.0-writer/readers.jsonl,point,writer,1,5,read_calls_per_second,19.999196432287352,19.998806871182065,-0.0014092031166867969,-0.005568125068020624,0.0030389824565379975
hosted-equal-final/ubuntu-net10.0-writer/readers.jsonl,point,writer,1,5,writer_transactions_per_second,73.08431264897855,73.59660425267978,0.22158460245675693,-0.08993788482304588,0.5331070897365597
hosted-equal-final/ubuntu-net10.0-writer/readers.jsonl,point,writer,1,5,writer_p99_ms,20.127929,20.001332,-1.4044898610268786,-3.5485775027548128,1.25537061791543
hosted-equal-final/ubuntu-net10.0-writer/readers.jsonl,point,writer,1,5,total_active_cpu_ms,8100.722000000001,8171.093,0.6588283878785051,0.3245177305021629,0.9191390629005536
hosted-equal-final/ubuntu-net10.0-writer/readers.jsonl,point,writer,1,5,read_completion_fraction,1.0,1.0,0.0,0.0,0.0
hosted-equal-final/ubuntu-net10.0-writer/readers.jsonl,point,writer,1,5,median_reader_api_p99_ms,18.618638,17.558638,-2.810981239144703,-6.266766551980018,0.915724182235951
hosted-equal-final/ubuntu-net10.0-writer/readers.jsonl,point,writer,1,5,median_reader_arrival_p99_ms,19.272299999999632,17.774999999999636,-2.9395354789473243,-7.285502761079874,2.28957479176523
hosted-equal-final/ubuntu-net10.0-writer/readers.jsonl,point,writer,4,5,read_calls_per_second,79.9940596817456,79.99608528740087,0.0018461661259960849,4.463045695679568e-05,0.0036609521589969773
hosted-equal-final/ubuntu-net10.0-writer/readers.jsonl,point,writer,4,5,writer_transactions_per_second,72.04245104925283,72.2386289503889,0.7220363904824967,-0.9428917848697239,2.1420448256502755
hosted-equal-final/ubuntu-net10.0-writer/readers.jsonl,point,writer,4,5,writer_p99_ms,20.391854,20.377169,-3.759072289443053,-8.850303074888247,0.47754172310986
hosted-equal-final/ubuntu-net10.0-writer/readers.jsonl,point,writer,4,5,total_active_cpu_ms,8494.327,8697.133,1.9757600513052465,1.2898945723881328,2.556698361679026
hosted-equal-final/ubuntu-net10.0-writer/readers.jsonl,point,writer,4,5,read_completion_fraction,1.0,1.0,0.0,0.0,0.0
hosted-equal-final/ubuntu-net10.0-writer/readers.jsonl,point,writer,4,5,median_reader_api_p99_ms,19.222602000000002,18.988784000000003,-1.7116623037786696,-16.506133627754377,8.426554480365489
hosted-equal-final/ubuntu-net10.0-writer/readers.jsonl,point,writer,4,5,median_reader_arrival_p99_ms,19.58939999999984,19.609350000000177,-9.4046014144677,-39.99052479225838,8.956860181223643
hosted-equal-final/ubuntu-net8.0-checkpoint/readers.jsonl,large,checkpoint,1,5,read_calls_per_second,19.99897225281593,19.999280825861504,0.0013968619276516492,-0.0026383696754139763,0.005190774168437606
hosted-equal-final/ubuntu-net8.0-checkpoint/readers.jsonl,large,checkpoint,1,5,writer_transactions_per_second,45.764809150004105,45.48676562554125,-0.9329143924422811,-1.8633108349743253,-0.2701576079606349
hosted-equal-final/ubuntu-net8.0-checkpoint/readers.jsonl,large,checkpoint,1,5,writer_p99_ms,26.059534,27.347809,10.643746068341024,3.035324707715943,22.643830630467857
hosted-equal-final/ubuntu-net8.0-checkpoint/readers.jsonl,large,checkpoint,1,5,total_active_cpu_ms,4799.9999,4860,1.3344190194345362,0.33179837521247535,2.337039663656597
hosted-equal-final/ubuntu-net8.0-checkpoint/readers.jsonl,large,checkpoint,1,5,read_completion_fraction,1.0,1.0,0.0,0.0,0.0
hosted-equal-final/ubuntu-net8.0-checkpoint/readers.jsonl,large,checkpoint,1,5,median_reader_api_p99_ms,26.665994,28.128258,7.670375978307756,-0.49552566247949,16.38077592269955
hosted-equal-final/ubuntu-net8.0-checkpoint/readers.jsonl,large,checkpoint,1,5,median_reader_arrival_p99_ms,27.031600000000026,28.28139999999985,12.49460123582042,1.6987121182376577,28.597874075170445
hosted-equal-final/ubuntu-net8.0-checkpoint/readers.jsonl,large,checkpoint,4,5,read_calls_per_second,79.99560828639738,79.99518249249334,-0.00012554428192812495,-0.0018316581598121218,0.0017096929077009548
hosted-equal-final/ubuntu-net8.0-checkpoint/readers.jsonl,large,checkpoint,4,5,writer_transactions_per_second,42.263435366258534,42.02542126716507,-0.37743320194355334,-1.4966769008817549,0.7418104969946482
hosted-equal-final/ubuntu-net8.0-checkpoint/readers.jsonl,large,checkpoint,4,5,writer_p99_ms,28.27226,29.775478,4.893643099520071,1.6492444025544262,8.320928409530627
hosted-equal-final/ubuntu-net8.0-checkpoint/readers.jsonl,large,checkpoint,4,5,total_active_cpu_ms,6930,7009.9998,1.7283756064537847,0.7509920459811426,3.0194775049603617
hosted-equal-final/ubuntu-net8.0-checkpoint/readers.jsonl,large,checkpoint,4,5,read_completion_fraction,1.0,1.0,0.0,0.0,0.0
hosted-equal-final/ubuntu-net8.0-checkpoint/readers.jsonl,large,checkpoint,4,5,median_reader_api_p99_ms,29.601659,40.5080295,28.699992539561887,-25.592468700479017,100.10464588942313
hosted-equal-final/ubuntu-net8.0-checkpoint/readers.jsonl,large,checkpoint,4,5,median_reader_arrival_p99_ms,36.51755000000003,44.75749999999971,41.64312278251073,-47.14177148375468,130.42801704877613
hosted-equal-final/ubuntu-net8.0-checkpoint/readers.jsonl,medium,checkpoint,1,5,read_calls_per_second,19.99896505355848,19.998731880411466,-0.0007753330731974373,-0.0021916485765238747,0.0006409824301290001
hosted-equal-final/ubuntu-net8.0-checkpoint/readers.jsonl,medium,checkpoint,1,5,writer_transactions_per_second,45.057695780009105,45.035736256149285,-0.4799048703579323,-0.8713891533806194,-0.0840289306662334
hosted-equal-final/ubuntu-net8.0-checkpoint/readers.jsonl,medium,checkpoint,1,5,writer_p99_ms,26.472545,26.991708,2.359983806689432,-0.81046593614875,4.4744354890145654
hosted-equal-final/ubuntu-net8.0-checkpoint/readers.jsonl,medium,checkpoint,1,5,total_active_cpu_ms,4619.9999,4699.9999,0.39180362632584176,-0.9527454967891646,1.736352749440848
hosted-equal-final/ubuntu-net8.0-checkpoint/readers.jsonl,medium,checkpoint,1,5,read_completion_fraction,1.0,1.0,0.0,0.0,0.0
hosted-equal-final/ubuntu-net8.0-checkpoint/readers.jsonl,medium,checkpoint,1,5,median_reader_api_p99_ms,24.348255,24.540453,1.029806920438665,-3.572949262212737,4.565172180166179
hosted-equal-final/ubuntu-net8.0-checkpoint/readers.jsonl,medium,checkpoint,1,5,median_reader_arrival_p99_ms,24.995099999999994,24.733500000000276,-0.35173597132142953,-5.617046436516612,4.275548771410174
hosted-equal-final/ubuntu-net8.0-checkpoint/readers.jsonl,medium,checkpoint,4,5,read_calls_per_second,79.99573450616798,79.99717612388524,0.0007644435293374663,-0.0009586059377242329,0.0024549359774672652
hosted-equal-final/ubuntu-net8.0-checkpoint/readers.jsonl,medium,checkpoint,4,5,writer_transactions_per_second,43.31672359888115,43.01859419346394,-1.1028507478656824,-1.945334034526116,-0.5829996923689262
hosted-equal-final/ubuntu-net8.0-checkpoint/readers.jsonl,medium,checkpoint,4,5,writer_p99_ms,29.009581,28.091575,-3.3416767095170252,-4.581185002673019,-2.12159171458312
hosted-equal-final/ubuntu-net8.0-checkpoint/readers.jsonl,medium,checkpoint,4,5,total_active_cpu_ms,5270.0001,5270,0.421276585408874,-0.7992786736190949,1.6418318444368432
hosted-equal-final/ubuntu-net8.0-checkpoint/readers.jsonl,medium,checkpoint,4,5,read_completion_fraction,1.0,1.0,0.0,0.0,0.0
hosted-equal-final/ubuntu-net8.0-checkpoint/readers.jsonl,medium,checkpoint,4,5,median_reader_api_p99_ms,24.6524615,33.96810000000001,37.86207060884272,7.395046148529843,73.29291768945222
hosted-equal-final/ubuntu-net8.0-checkpoint/readers.jsonl,medium,checkpoint,4,5,median_reader_arrival_p99_ms,25.490249999999833,34.08460000000014,50.81663785085987,6.68318909032097,115.06167451377311
hosted-equal-final/ubuntu-net8.0-checkpoint/readers.jsonl,point,checkpoint,1,5,read_calls_per_second,19.998783074049943,19.999231029566914,0.0013466981008480872,-0.0035099482532174875,0.005348511260483413
hosted-equal-final/ubuntu-net8.0-checkpoint/readers.jsonl,point,checkpoint,1,5,writer_transactions_per_second,44.85684457553921,44.62569821247623,-2.88443608346707,-7.629360156063873,-0.16737725393249692
hosted-equal-final/ubuntu-net8.0-checkpoint/readers.jsonl,point,checkpoint,1,5,writer_p99_ms,27.357516,28.368134,21.18842879205701,3.620736618886839,55.41383222448311
hosted-equal-final/ubuntu-net8.0-checkpoint/readers.jsonl,point,checkpoint,1,5,total_active_cpu_ms,4520,4580,-0.8264560007769137,-5.404510419640308,1.951444550595376
hosted-equal-final/ubuntu-net8.0-checkpoint/readers.jsonl,point,checkpoint,1,5,read_completion_fraction,1.0,1.0,0.0,0.0,0.0
hosted-equal-final/ubuntu-net8.0-checkpoint/readers.jsonl,point,checkpoint,1,5,median_reader_api_p99_ms,24.54548,26.328696,63.29984110705608,0.5481283750283827,184.95480177354585
hosted-equal-final/ubuntu-net8.0-checkpoint/readers.jsonl,point,checkpoint,1,5,median_reader_arrival_p99_ms,24.878099999999904,26.989800000000287,58.13095571916016,-6.9601005841168355,177.09160636063854
hosted-equal-final/ubuntu-net8.0-checkpoint/readers.jsonl,point,checkpoint,4,5,read_calls_per_second,79.99604451148716,79.99426228746665,-0.0010755939051820818,-0.00407792742938895,0.0014406259017452072
hosted-equal-final/ubuntu-net8.0-checkpoint/readers.jsonl,point,checkpoint,4,5,writer_transactions_per_second,43.935567172674254,44.22416484436653,0.08288394063136639,-0.7761632759516912,0.941931157214424
hosted-equal-final/ubuntu-net8.0-checkpoint/readers.jsonl,point,checkpoint,4,5,writer_p99_ms,27.314119,26.257513,-3.3343402415774492,-5.481771734925809,-1.4476753309347812
hosted-equal-final/ubuntu-net8.0-checkpoint/readers.jsonl,point,checkpoint,4,5,total_active_cpu_ms,4900,4990,1.0246461636465631,0.0871980053655208,1.808341223565062
hosted-equal-final/ubuntu-net8.0-checkpoint/readers.jsonl,point,checkpoint,4,5,read_completion_fraction,1.0,1.0,0.0,0.0,0.0
hosted-equal-final/ubuntu-net8.0-checkpoint/readers.jsonl,point,checkpoint,4,5,median_reader_api_p99_ms,23.9678425,25.400012,48.01654065178667,2.352848434070207,135.41465297248376
hosted-equal-final/ubuntu-net8.0-checkpoint/readers.jsonl,point,checkpoint,4,5,median_reader_arrival_p99_ms,24.47199999999995,25.6835999999999,45.578286807753116,2.0737820929752893,129.1145315523644
hosted-equal-final/ubuntu-net8.0-writer/readers.jsonl,large,writer,1,5,read_calls_per_second,19.998761876652217,19.99908604176789,0.0005604700254036032,-0.0026085678493581455,0.0037601826559363616
hosted-equal-final/ubuntu-net8.0-writer/readers.jsonl,large,writer,1,5,writer_transactions_per_second,74.32790639047563,73.37706012969166,-0.8406745068480292,-1.6317575118107541,-0.16220958902327887
hosted-equal-final/ubuntu-net8.0-writer/readers.jsonl,large,writer,1,5,writer_p99_ms,19.716175,20.053612,1.5049316926186007,-0.2404490504928214,3.312692792871707
hosted-equal-final/ubuntu-net8.0-writer/readers.jsonl,large,writer,1,5,total_active_cpu_ms,8690,8779.9999,0.7134452159877114,0.38999210375689763,1.0613177844437738
hosted-equal-final/ubuntu-net8.0-writer/readers.jsonl,large,writer,1,5,read_completion_fraction,1.0,1.0,0.0,0.0,0.0
hosted-equal-final/ubuntu-net8.0-writer/readers.jsonl,large,writer,1,5,median_reader_api_p99_ms,20.453751,21.497502,3.059714199972745,0.6884133323216024,5.542211242286981
hosted-equal-final/ubuntu-net8.0-writer/readers.jsonl,large,writer,1,5,median_reader_arrival_p99_ms,21.347499999999854,22.395400000000336,1.5006800451438629,-1.1261266079172128,4.1274866982049385
hosted-equal-final/ubuntu-net8.0-writer/readers.jsonl,large,writer,4,5,read_calls_per_second,79.99699373586657,79.99314032941396,-0.003402788293334069,-0.004598109456028787,-0.002047612068010185
hosted-equal-final/ubuntu-net8.0-writer/readers.jsonl,large,writer,4,5,writer_transactions_per_second,66.38902124755629,65.99111297681542,0.06355223790089681,-1.0254776436175428,1.3933830271309944
hosted-equal-final/ubuntu-net8.0-writer/readers.jsonl,large,writer,4,5,writer_p99_ms,23.400385,23.60368,1.6930407462730201,0.4342463877934266,3.2586591369566476
hosted-equal-final/ubuntu-net8.0-writer/readers.jsonl,large,writer,4,5,total_active_cpu_ms,10810,10930,1.146328161503205,0.8877925295735878,1.389832968135254
hosted-equal-final/ubuntu-net8.0-writer/readers.jsonl,large,writer,4,5,read_completion_fraction,1.0,1.0,0.0,0.0,0.0
hosted-equal-final/ubuntu-net8.0-writer/readers.jsonl,large,writer,4,5,median_reader_api_p99_ms,23.858530000000002,25.450134,13.86213637518824,0.9698731718440957,27.30031404265163
hosted-equal-final/ubuntu-net8.0-writer/readers.jsonl,large,writer,4,5,median_reader_arrival_p99_ms,24.666849999999954,26.27435000000014,13.026718378554202,-0.0065415300554636955,26.12612501842839
hosted-equal-final/ubuntu-net8.0-writer/readers.jsonl,medium,writer,1,5,read_calls_per_second,19.999074242853297,19.998946455500725,-0.0009690544138951651,-0.004660325450569491,0.0025351306095355852
hosted-equal-final/ubuntu-net8.0-writer/readers.jsonl,medium,writer,1,5,writer_transactions_per_second,73.78940015266807,73.49380667691135,-1.0490222787298853,-1.8129442370426083,-0.500651996729522
hosted-equal-final/ubuntu-net8.0-writer/readers.jsonl,medium,writer,1,5,writer_p99_ms,19.957577,19.976261,0.3601124630676522,-0.9804576283600941,1.826379875238473
hosted-equal-final/ubuntu-net8.0-writer/readers.jsonl,medium,writer,1,5,total_active_cpu_ms,8239.999899999999,8300.0001,0.9992324933618146,0.26632729645030384,2.247301523085823
hosted-equal-final/ubuntu-net8.0-writer/readers.jsonl,medium,writer,1,5,read_completion_fraction,1.0,1.0,0.0,0.0,0.0
hosted-equal-final/ubuntu-net8.0-writer/readers.jsonl,medium,writer,1,5,median_reader_api_p99_ms,18.506011,19.174653,4.514652096479074,-0.49072631077207385,10.65207897832026
hosted-equal-final/ubuntu-net8.0-writer/readers.jsonl,medium,writer,1,5,median_reader_arrival_p99_ms,19.11989999999969,19.40819999999985,3.889574230325039,-0.7295725045491364,9.094510404590569
hosted-equal-final/ubuntu-net8.0-writer/readers.jsonl,medium,writer,4,5,read_calls_per_second,79.99490365111389,79.99476641572782,-0.00017136839060238884,-0.0028933420118093522,0.0026275139471065856
hosted-equal-final/ubuntu-net8.0-writer/readers.jsonl,medium,writer,4,5,writer_transactions_per_second,68.75697119985342,68.746170373674,-0.1796413208512182,-1.707706384165273,1.1445021336039285
hosted-equal-final/ubuntu-net8.0-writer/readers.jsonl,medium,writer,4,5,writer_p99_ms,21.737516,22.516438,2.156832835598559,-1.0262735968926595,5.171483815996618
hosted-equal-final/ubuntu-net8.0-writer/readers.jsonl,medium,writer,4,5,total_active_cpu_ms,9090.0001,9240,1.6930656833611302,1.1841442618542208,2.3344376065412176
hosted-equal-final/ubuntu-net8.0-writer/readers.jsonl,medium,writer,4,5,read_completion_fraction,1.0,1.0,0.0,0.0,0.0
hosted-equal-final/ubuntu-net8.0-writer/readers.jsonl,medium,writer,4,5,median_reader_api_p99_ms,20.9866145,20.523017000000003,0.4742009399286037,-5.895189027469888,6.767379934795651
hosted-equal-final/ubuntu-net8.0-writer/readers.jsonl,medium,writer,4,5,median_reader_arrival_p99_ms,21.77435000000014,21.2500500000001,0.4307002036429397,-5.778797133610878,7.123895818623334
hosted-equal-final/ubuntu-net8.0-writer/readers.jsonl,point,writer,1,5,read_calls_per_second,19.99890346012328,19.99887586318773,6.509790246633784e-05,-0.002844571304188026,0.003419432008693324
hosted-equal-final/ubuntu-net8.0-writer/readers.jsonl,point,writer,1,5,writer_transactions_per_second,72.32064183650638,71.94349917292455,0.19082288613494258,-0.5428045335022547,0.8896781401206111
hosted-equal-final/ubuntu-net8.0-writer/readers.jsonl,point,writer,1,5,writer_p99_ms,20.093327,20.066487,-0.0034414867827425866,-1.639542605294444,1.574886286769508
hosted-equal-final/ubuntu-net8.0-writer/readers.jsonl,point,writer,1,5,total_active_cpu_ms,8340,8340,0.1201340072592183,-0.4314535342321957,0.6477986878204467
hosted-equal-final/ubuntu-net8.0-writer/readers.jsonl,point,writer,1,5,read_completion_fraction,1.0,1.0,0.0,0.0,0.0
hosted-equal-final/ubuntu-net8.0-writer/readers.jsonl,point,writer,1,5,median_reader_api_p99_ms,18.234048,18.511509,-1.7646495179035626,-5.600866792392544,3.091381117628642
hosted-equal-final/ubuntu-net8.0-writer/readers.jsonl,point,writer,1,5,median_reader_arrival_p99_ms,19.136900000000423,18.955200000000332,-1.9514801563858253,-5.9269448014025095,3.350652519120634
hosted-equal-final/ubuntu-net8.0-writer/readers.jsonl,point,writer,4,5,read_calls_per_second,79.99471437096193,79.99443647462293,0.0006959861669719736,-0.0014702098544550068,0.0028709584141228817
hosted-equal-final/ubuntu-net8.0-writer/readers.jsonl,point,writer,4,5,writer_transactions_per_second,68.99880701062679,69.84430475450266,0.6020244335305924,-0.6360605962764443,1.5675976695316418
hosted-equal-final/ubuntu-net8.0-writer/readers.jsonl,point,writer,4,5,writer_p99_ms,20.896185,20.938564,0.1742824102908469,-1.3990323323180753,1.8521750812983284
hosted-equal-final/ubuntu-net8.0-writer/readers.jsonl,point,writer,4,5,total_active_cpu_ms,8780,8910.000100000001,1.7826963809062057,0.7105806685362781,2.422421183856769
hosted-equal-final/ubuntu-net8.0-writer/readers.jsonl,point,writer,4,5,read_completion_fraction,1.0,1.0,0.0,0.0,0.0
hosted-equal-final/ubuntu-net8.0-writer/readers.jsonl,point,writer,4,5,median_reader_api_p99_ms,19.4479325,19.6125755,3.6639953860984464,-2.6009070529249323,11.890461971453167
hosted-equal-final/ubuntu-net8.0-writer/readers.jsonl,point,writer,4,5,median_reader_arrival_p99_ms,19.673499999999876,20.33510000000024,4.206305356605087,-1.9667723783418456,13.059783614748289
hosted-equal-final/windows-net10.0-checkpoint/readers.jsonl,large,checkpoint,1,5,read_calls_per_second,19.978657200086293,19.97969723106471,0.006144045423592814,-0.02091293592395793,0.0317464437534376
hosted-equal-final/windows-net10.0-checkpoint/readers.jsonl,large,checkpoint,1,5,writer_transactions_per_second,62.565622067642494,61.388025651716376,-0.5831918261873459,-2.4327237964994186,1.700502583954615
hosted-equal-final/windows-net10.0-checkpoint/readers.jsonl,large,checkpoint,1,5,writer_p99_ms,35.5183,35.4233,-0.2445340667350271,-2.169385585468817,1.3226256864834118
hosted-equal-final/windows-net10.0-checkpoint/readers.jsonl,large,checkpoint,1,5,total_active_cpu_ms,8046.875,8265.625,1.3513063331465358,-0.5605104335737598,3.440311098129314
hosted-equal-final/windows-net10.0-checkpoint/readers.jsonl,large,checkpoint,1,5,read_completion_fraction,1.0,1.0,0.0,0.0,0.0
hosted-equal-final/windows-net10.0-checkpoint/readers.jsonl,large,checkpoint,1,5,median_reader_api_p99_ms,34.0447,33.5332,-2.9816139217334254,-17.695565572978335,7.740161695117271
hosted-equal-final/windows-net10.0-checkpoint/readers.jsonl,large,checkpoint,1,5,median_reader_arrival_p99_ms,46.759000000000015,46.56450000000041,1.363360685874078,-13.771005197555667,19.26056882555006
hosted-equal-final/windows-net10.0-checkpoint/readers.jsonl,large,checkpoint,4,5,read_calls_per_second,79.96775636681414,79.98276612610859,0.03216512549581774,0.0034805427359296814,0.0658953806634921
hosted-equal-final/windows-net10.0-checkpoint/readers.jsonl,large,checkpoint,4,5,writer_transactions_per_second,54.38634070587583,53.314608124750904,-2.020342601358931,-4.521340164380794,0.4775669945734995
hosted-equal-final/windows-net10.0-checkpoint/readers.jsonl,large,checkpoint,4,5,writer_p99_ms,38.3812,38.5581,-0.579413979317569,-1.5690748965390355,0.41024693790389755
hosted-equal-final/windows-net10.0-checkpoint/readers.jsonl,large,checkpoint,4,5,total_active_cpu_ms,9578.125,9765.625,2.687201681555056,-1.0234701646420552,5.851398405032016
hosted-equal-final/windows-net10.0-checkpoint/readers.jsonl,large,checkpoint,4,5,read_completion_fraction,1.0,1.0,0.0,0.0,0.0
hosted-equal-final/windows-net10.0-checkpoint/readers.jsonl,large,checkpoint,4,5,median_reader_api_p99_ms,42.269499999999994,48.328500000000005,13.547285615080572,-9.54391952397189,35.671602091077524
hosted-equal-final/windows-net10.0-checkpoint/readers.jsonl,large,checkpoint,4,5,median_reader_arrival_p99_ms,49.55619999999999,53.79500000000007,5.739280213494336,-5.078146236598964,18.685181400907535
hosted-equal-final/windows-net10.0-checkpoint/readers.jsonl,medium,checkpoint,1,5,read_calls_per_second,19.982985487007088,19.984058916043264,-0.0007802810767487678,-0.03295479985337524,0.026303110674539276
hosted-equal-final/windows-net10.0-checkpoint/readers.jsonl,medium,checkpoint,1,5,writer_transactions_per_second,65.20591308389298,64.08142856118867,1.0612761634288814,-1.6628369352421402,3.7853892620999035
hosted-equal-final/windows-net10.0-checkpoint/readers.jsonl,medium,checkpoint,1,5,writer_p99_ms,33.8348,34.6712,0.9156153233736508,-2.871542037729784,4.9523334442265226
hosted-equal-final/windows-net10.0-checkpoint/readers.jsonl,medium,checkpoint,1,5,total_active_cpu_ms,7437.5,7921.875,3.829479882665512,-1.2778808788736273,7.951542201747008
hosted-equal-final/windows-net10.0-checkpoint/readers.jsonl,medium,checkpoint,1,5,read_completion_fraction,1.0,1.0,0.0,0.0,0.0
hosted-equal-final/windows-net10.0-checkpoint/readers.jsonl,medium,checkpoint,1,5,median_reader_api_p99_ms,28.4845,29.2254,-0.0360462916271187,-2.4499999013969864,2.9361728570016443
hosted-equal-final/windows-net10.0-checkpoint/readers.jsonl,medium,checkpoint,1,5,median_reader_arrival_p99_ms,39.63610000000017,40.06840000000011,5.541144698597572,-6.921492964453625,23.633867232045475
hosted-equal-final/windows-net10.0-checkpoint/readers.jsonl,medium,checkpoint,4,5,read_calls_per_second,79.91480262989054,79.89407309670894,-0.012902499766975772,-0.023379106905854208,-0.0068470644361684485
hosted-equal-final/windows-net10.0-checkpoint/readers.jsonl,medium,checkpoint,4,5,writer_transactions_per_second,56.57043742081263,56.218082944798645,-0.368101315544056,-2.0147790110612385,1.2785763799731265
hosted-equal-final/windows-net10.0-checkpoint/readers.jsonl,medium,checkpoint,4,5,writer_p99_ms,38.117,37.7741,-1.0911366856425286,-3.8932518072487476,0.9689167879674088
hosted-equal-final/windows-net10.0-checkpoint/readers.jsonl,medium,checkpoint,4,5,total_active_cpu_ms,7671.875,7875.0,2.3729526524284683,-0.058961764245104575,5.232963009614977
hosted-equal-final/windows-net10.0-checkpoint/readers.jsonl,medium,checkpoint,4,5,read_completion_fraction,1.0,1.0,0.0,0.0,0.0
hosted-equal-final/windows-net10.0-checkpoint/readers.jsonl,medium,checkpoint,4,5,median_reader_api_p99_ms,32.39855,31.63765,-1.6583612256926727,-5.397397513316584,2.0806750619312386
hosted-equal-final/windows-net10.0-checkpoint/readers.jsonl,medium,checkpoint,4,5,median_reader_arrival_p99_ms,44.11209999999983,44.40134999999975,1.1627403756368104,-1.4528646170964898,4.770774715999273
hosted-equal-final/windows-net10.0-checkpoint/readers.jsonl,point,checkpoint,1,5,read_calls_per_second,19.982739708749172,19.98433487941807,0.012652656584979383,0.0019714391268843556,0.02333387404307441
hosted-equal-final/windows-net10.0-checkpoint/readers.jsonl,point,checkpoint,1,5,writer_transactions_per_second,64.75312003615623,64.7272278250286,-0.19294146021433312,-2.4223604923109576,1.942279161381211
hosted-equal-final/windows-net10.0-checkpoint/readers.jsonl,point,checkpoint,1,5,writer_p99_ms,33.2098,34.4097,0.4790775460105515,-7.193952091902892,6.398237393373836
hosted-equal-final/windows-net10.0-checkpoint/readers.jsonl,point,checkpoint,1,5,total_active_cpu_ms,7406.25,7562.5,0.2816576862032871,-2.7186440677966095,2.917420132610009
hosted-equal-final/windows-net10.0-checkpoint/readers.jsonl,point,checkpoint,1,5,read_completion_fraction,1.0,1.0,0.0,0.0,0.0
hosted-equal-final/windows-net10.0-checkpoint/readers.jsonl,point,checkpoint,1,5,median_reader_api_p99_ms,28.9547,28.4297,-3.8450441606059527,-11.964515951395722,2.332971816121885
hosted-equal-final/windows-net10.0-checkpoint/readers.jsonl,point,checkpoint,1,5,median_reader_arrival_p99_ms,38.75550000000021,38.387399999999616,-3.4620189864320605,-18.712586757164726,12.658157142515112
hosted-equal-final/windows-net10.0-checkpoint/readers.jsonl,point,checkpoint,4,5,read_calls_per_second,79.91372939678124,79.91351250064912,0.010317684963034868,-0.0031667341463759158,0.024200072119486826
hosted-equal-final/windows-net10.0-checkpoint/readers.jsonl,point,checkpoint,4,5,writer_transactions_per_second,60.49899087683217,59.40592181192255,-1.5159610601808549,-2.4210905048823173,-0.5944587092449116
hosted-equal-final/windows-net10.0-checkpoint/readers.jsonl,point,checkpoint,4,5,writer_p99_ms,36.1916,36.4979,0.27046396864976785,-0.5013957432761851,0.8714557955821611
hosted-equal-final/windows-net10.0-checkpoint/readers.jsonl,point,checkpoint,4,5,total_active_cpu_ms,7359.375,7515.625,1.2451761580376508,0.5099399272060778,1.850772482290557
hosted-equal-final/windows-net10.0-checkpoint/readers.jsonl,point,checkpoint,4,5,read_completion_fraction,1.0,1.0,0.0,0.0,0.0
hosted-equal-final/windows-net10.0-checkpoint/readers.jsonl,point,checkpoint,4,5,median_reader_api_p99_ms,29.2133,29.212899999999998,1.9974628444906142,-0.055048340964267695,5.307545440109531
hosted-equal-final/windows-net10.0-checkpoint/readers.jsonl,point,checkpoint,4,5,median_reader_arrival_p99_ms,42.72649999999976,41.81115,-1.2448199354666545,-2.334563580595941,0.8099357835819344
hosted-equal-final/windows-net10.0-writer/readers.jsonl,large,writer,1,5,read_calls_per_second,19.996040983845607,19.984144779373494,-0.040907379139158984,-0.08801158121870101,0.016386539105399667
hosted-equal-final/windows-net10.0-writer/readers.jsonl,large,writer,1,5,writer_transactions_per_second,62.7556819374158,60.99966206187218,-2.211922263978825,-5.98303607950093,3.2732834017203425
hosted-equal-final/windows-net10.0-writer/readers.jsonl,large,writer,1,5,writer_p99_ms,34.9076,35.9167,2.0833500772227453,-1.3554092633040973,4.953271447217369
hosted-equal-final/windows-net10.0-writer/readers.jsonl,large,writer,1,5,total_active_cpu_ms,7984.375,7718.75,-0.9642638572589135,-2.1871783860169214,0.055821299905147725
hosted-equal-final/windows-net10.0-writer/readers.jsonl,large,writer,1,5,read_completion_fraction,1.0,1.0,0.0,0.0,0.0
hosted-equal-final/windows-net10.0-writer/readers.jsonl,large,writer,1,5,median_reader_api_p99_ms,33.8421,36.127,13.853943166369689,-9.741096833177895,37.44898316591727
hosted-equal-final/windows-net10.0-writer/readers.jsonl,large,writer,1,5,median_reader_arrival_p99_ms,44.522500000000036,48.47819999999956,8.841653299872592,-8.608121777319791,26.29142837706497
hosted-equal-final/windows-net10.0-writer/readers.jsonl,large,writer,4,5,read_calls_per_second,79.92774179232339,79.94573153564404,0.010936937506438316,-0.03823847220540744,0.07478839624101008
hosted-equal-final/windows-net10.0-writer/readers.jsonl,large,writer,4,5,writer_transactions_per_second,50.93264310746966,54.38916901473193,7.624041816430096,-0.49369093958852694,15.741774572448719
hosted-equal-final/windows-net10.0-writer/readers.jsonl,large,writer,4,5,writer_p99_ms,39.0985,37.5983,-12.11330922475904,-30.44060951713258,-0.48577229635108343
hosted-equal-final/windows-net10.0-writer/readers.jsonl,large,writer,4,5,total_active_cpu_ms,9453.125,9484.375,-2.6390696408734304,-16.264437413309434,9.886310897377884
hosted-equal-final/windows-net10.0-writer/readers.jsonl,large,writer,4,5,read_completion_fraction,1.0,1.0,0.0,0.0,0.0
hosted-equal-final/windows-net10.0-writer/readers.jsonl,large,writer,4,5,median_reader_api_p99_ms,48.59445,48.965199999999996,-0.07167519077411182,-17.83298164770156,21.06403375975144
hosted-equal-final/windows-net10.0-writer/readers.jsonl,large,writer,4,5,median_reader_arrival_p99_ms,55.11875000000009,59.00244999999995,-0.4123036806245194,-11.936340221966919,12.243660681185593
hosted-equal-final/windows-net10.0-writer/readers.jsonl,medium,writer,1,5,read_calls_per_second,19.98448824007294,19.97516687254405,-0.02598515951335756,-0.05481346270258092,0.006794572046546765
hosted-equal-final/windows-net10.0-writer/readers.jsonl,medium,writer,1,5,writer_transactions_per_second,65.05826796091642,63.73901387413509,-2.2221088618638873,-5.46393386503377,1.3386207734269062
hosted-equal-final/windows-net10.0-writer/readers.jsonl,medium,writer,1,5,writer_p99_ms,32.964,33.9797,5.03273026152012,-0.7437963452689678,11.456710814142328
hosted-equal-final/windows-net10.0-writer/readers.jsonl,medium,writer,1,5,total_active_cpu_ms,7375.0,7640.625,1.6298089623517997,-5.097147581645309,6.756944701999035
hosted-equal-final/windows-net10.0-writer/readers.jsonl,medium,writer,1,5,read_completion_fraction,1.0,1.0,0.0,0.0,0.0
hosted-equal-final/windows-net10.0-writer/readers.jsonl,medium,writer,1,5,median_reader_api_p99_ms,29.1914,29.0473,4.319123404693556,-1.5114038994779166,11.851611925157872
hosted-equal-final/windows-net10.0-writer/readers.jsonl,medium,writer,1,5,median_reader_arrival_p99_ms,38.282499999999345,39.19209999999998,5.0455997464429165,-4.2385363771658024,19.049620472515922
hosted-equal-final/windows-net10.0-writer/readers.jsonl,medium,writer,4,5,read_calls_per_second,79.90897003959108,79.94297129161625,-0.003363764164927563,-0.06310718273773164,0.05637965440787651
hosted-equal-final/windows-net10.0-writer/readers.jsonl,medium,writer,4,5,writer_transactions_per_second,57.02627073456728,53.5456506291549,-5.713473950040335,-9.91688311640381,-1.510064783676861
hosted-equal-final/windows-net10.0-writer/readers.jsonl,medium,writer,4,5,writer_p99_ms,36.071,36.4434,2.9658904136933018,-0.51948105514247,6.510967485673795
hosted-equal-final/windows-net10.0-writer/readers.jsonl,medium,writer,4,5,total_active_cpu_ms,7640.625,7578.125,-1.0810921085157932,-2.5849846756866213,0.0845338797745887
hosted-equal-final/windows-net10.0-writer/readers.jsonl,medium,writer,4,5,read_completion_fraction,1.0,1.0,0.0,0.0,0.0
hosted-equal-final/windows-net10.0-writer/readers.jsonl,medium,writer,4,5,median_reader_api_p99_ms,31.148850000000003,32.16115,-0.31495729640947284,-13.194920258908374,10.73832516466202
hosted-equal-final/windows-net10.0-writer/readers.jsonl,medium,writer,4,5,median_reader_arrival_p99_ms,42.942149999999856,45.49545000000012,0.5181917883636734,-10.162217796618439,8.716639353760334
hosted-equal-final/windows-net10.0-writer/readers.jsonl,point,writer,1,5,read_calls_per_second,19.981544046841133,19.981715132116904,-0.01175479951571301,-0.04518236811144938,0.01710852997796941
hosted-equal-final/windows-net10.0-writer/readers.jsonl,point,writer,1,5,writer_transactions_per_second,66.89661235555032,65.33643483591248,-1.4258110627111686,-3.0581259753360257,0.4203241561486615
hosted-equal-final/windows-net10.0-writer/readers.jsonl,point,writer,1,5,writer_p99_ms,30.7463,32.3615,0.7395282358604602,-7.610087033566531,9.061689293851522
hosted-equal-final/windows-net10.0-writer/readers.jsonl,point,writer,1,5,total_active_cpu_ms,7296.875,7187.5,-0.7250382513275588,-4.702229745321764,3.8986145347470313
hosted-equal-final/windows-net10.0-writer/readers.jsonl,point,writer,1,5,read_completion_fraction,1.0,1.0,0.0,0.0,0.0
hosted-equal-final/windows-net10.0-writer/readers.jsonl,point,writer,1,5,median_reader_api_p99_ms,28.4951,28.2581,9.024611103823549,-10.893167479067866,39.278636750473304
hosted-equal-final/windows-net10.0-writer/readers.jsonl,point,writer,1,5,median_reader_arrival_p99_ms,41.02189999999996,33.024,3.3792589935182837,-18.44179264790622,33.050674602041106
hosted-equal-final/windows-net10.0-writer/readers.jsonl,point,writer,4,5,read_calls_per_second,79.94544485535825,79.89871665710803,-0.03946089947426623,-0.06566314629060654,-0.013258652657925918
hosted-equal-final/windows-net10.0-writer/readers.jsonl,point,writer,4,5,writer_transactions_per_second,59.87898367430999,60.47012468500653,0.8691757941502318,-4.392447536960376,4.62228032069659
hosted-equal-final/windows-net10.0-writer/readers.jsonl,point,writer,4,5,writer_p99_ms,35.3844,35.8678,9.629983942954919,-3.4172550137694357,32.578635718807696
hosted-equal-final/windows-net10.0-writer/readers.jsonl,point,writer,4,5,total_active_cpu_ms,7343.75,7218.75,-0.44443938386326887,-5.052585280519802,3.9542857142857124
hosted-equal-final/windows-net10.0-writer/readers.jsonl,point,writer,4,5,read_completion_fraction,1.0,1.0,0.0,0.0,0.0
hosted-equal-final/windows-net10.0-writer/readers.jsonl,point,writer,4,5,median_reader_api_p99_ms,29.5111,29.377299999999998,-10.707289734303256,-26.795117752858943,0.2949078933820459
hosted-equal-final/windows-net10.0-writer/readers.jsonl,point,writer,4,5,median_reader_arrival_p99_ms,42.786099999999806,41.35214999999971,-16.808415043400107,-47.63818595022239,1.5684080326388727
hosted-equal-final/windows-net8.0-checkpoint/readers.jsonl,large,checkpoint,1,5,read_calls_per_second,19.988620678134144,19.994139917531573,0.005402667927330018,-0.0553559127289005,0.07473556094002465
hosted-equal-final/windows-net8.0-checkpoint/readers.jsonl,large,checkpoint,1,5,writer_transactions_per_second,52.19702529152863,52.68909209559339,-1.4767441537397863,-4.490187667126699,2.1470389070941787
hosted-equal-final/windows-net8.0-checkpoint/readers.jsonl,large,checkpoint,1,5,writer_p99_ms,36.7753,36.4282,-0.22430232860194188,-1.9149024767053846,1.8403434135505403
hosted-equal-final/windows-net8.0-checkpoint/readers.jsonl,large,checkpoint,1,5,total_active_cpu_ms,6500,5906.25,-7.798150936176039,-13.511556136527208,-1.317876721002491
hosted-equal-final/windows-net8.0-checkpoint/readers.jsonl,large,checkpoint,1,5,read_completion_fraction,1.0,1.0,0.0,0.0,0.0
hosted-equal-final/windows-net8.0-checkpoint/readers.jsonl,large,checkpoint,1,5,median_reader_api_p99_ms,47.8674,40.1225,-1.2426005286781927,-10.247817695771138,5.0490609497550265
hosted-equal-final/windows-net8.0-checkpoint/readers.jsonl,large,checkpoint,1,5,median_reader_arrival_p99_ms,53.43970000000081,51.76209999999992,0.5172657699838898,-4.708713794727979,5.743245334695759
hosted-equal-final/windows-net8.0-checkpoint/readers.jsonl,large,checkpoint,4,5,read_calls_per_second,79.89866740129467,79.96647158986741,0.0655131343805948,0.031724429118851205,0.09759820999006408
hosted-equal-final/windows-net8.0-checkpoint/readers.jsonl,large,checkpoint,4,5,writer_transactions_per_second,46.58699617175857,44.723641091382625,-3.6761766384989247,-5.648501951829152,-1.3313043720904338
hosted-equal-final/windows-net8.0-checkpoint/readers.jsonl,large,checkpoint,4,5,writer_p99_ms,40.2326,43.1617,8.292210922381873,5.785199962147676,10.79922188261607
hosted-equal-final/windows-net8.0-checkpoint/readers.jsonl,large,checkpoint,4,5,total_active_cpu_ms,7796.875,8062.5,4.133110865232377,1.5100569259962038,7.34319326912936
hosted-equal-final/windows-net8.0-checkpoint/readers.jsonl,large,checkpoint,4,5,read_completion_fraction,1.0,1.0,0.0,0.0,0.0
hosted-equal-final/windows-net8.0-checkpoint/readers.jsonl,large,checkpoint,4,5,median_reader_api_p99_ms,49.0567,49.40005,0.7509520664205183,-0.636679964786111,1.7738759435491946
hosted-equal-final/windows-net8.0-checkpoint/readers.jsonl,large,checkpoint,4,5,median_reader_arrival_p99_ms,57.54265000000032,62.35289999999986,5.189059058357892,-0.4511716379099884,9.822357211286743
hosted-equal-final/windows-net8.0-checkpoint/readers.jsonl,medium,checkpoint,1,5,read_calls_per_second,19.979211829883127,19.97812455295825,-0.014805186293755934,-0.09296970672313387,0.063359334135622
hosted-equal-final/windows-net8.0-checkpoint/readers.jsonl,medium,checkpoint,1,5,writer_transactions_per_second,52.15568331588649,53.91399477811011,-3.0095956973441473,-7.447087199498344,0.7902548304799839
hosted-equal-final/windows-net8.0-checkpoint/readers.jsonl,medium,checkpoint,1,5,writer_p99_ms,35.4355,35.9417,4.276265149118137,-1.3564889263859592,12.976424231209956
hosted-equal-final/windows-net8.0-checkpoint/readers.jsonl,medium,checkpoint,1,5,total_active_cpu_ms,5500.0,5828.125,5.711110262284418,1.634592539795672,9.787627984773163
hosted-equal-final/windows-net8.0-checkpoint/readers.jsonl,medium,checkpoint,1,5,read_completion_fraction,1.0,1.0,0.0,0.0,0.0
hosted-equal-final/windows-net8.0-checkpoint/readers.jsonl,medium,checkpoint,1,5,median_reader_api_p99_ms,33.1331,31.9544,-3.6781097987077667,-10.445759652930775,2.564236469937453
hosted-equal-final/windows-net8.0-checkpoint/readers.jsonl,medium,checkpoint,1,5,median_reader_arrival_p99_ms,44.3747000000003,44.95659999999998,-17.436745960136918,-50.20413802826442,0.6715454551353384
hosted-equal-final/windows-net8.0-checkpoint/readers.jsonl,medium,checkpoint,4,5,read_calls_per_second,79.976638923678,79.96296655855802,-0.03110736422560434,-0.08252441524069232,0.017969313743058102
hosted-equal-final/windows-net8.0-checkpoint/readers.jsonl,medium,checkpoint,4,5,writer_transactions_per_second,48.189693188420854,48.95215514260671,14.05817437985842,-0.3694536802288906,40.21407774949707
hosted-equal-final/windows-net8.0-checkpoint/readers.jsonl,medium,checkpoint,4,5,writer_p99_ms,39.783,38.0447,-16.828127689898214,-43.07364612109992,-1.3935795302402654
hosted-equal-final/windows-net8.0-checkpoint/readers.jsonl,medium,checkpoint,4,5,total_active_cpu_ms,5750.0,6000.0,11.309120011569656,-0.41096809245377397,30.867836138007902
hosted-equal-final/windows-net8.0-checkpoint/readers.jsonl,medium,checkpoint,4,5,read_completion_fraction,1.0,1.0,0.0,0.0,0.0
hosted-equal-final/windows-net8.0-checkpoint/readers.jsonl,medium,checkpoint,4,5,median_reader_api_p99_ms,36.373149999999995,33.6086,-17.765914724652255,-43.682386919637324,-3.31137511438004
hosted-equal-final/windows-net8.0-checkpoint/readers.jsonl,medium,checkpoint,4,5,median_reader_arrival_p99_ms,47.127050000000054,45.79004999999961,-14.832851409241067,-40.733516945572454,-1.2629086060345251
hosted-equal-final/windows-net8.0-checkpoint/readers.jsonl,point,checkpoint,1,5,read_calls_per_second,19.97675624503865,19.98242126418968,0.039252448393229944,-0.007465341835026784,0.10739647072122604
hosted-equal-final/windows-net8.0-checkpoint/readers.jsonl,point,checkpoint,1,5,writer_transactions_per_second,54.87488595969169,55.15260240501915,21.613333005114157,-5.154569581318482,69.79168203841884
hosted-equal-final/windows-net8.0-checkpoint/readers.jsonl,point,checkpoint,1,5,writer_p99_ms,34.4278,35.6931,-13.281138531210061,-47.488794551131505,5.212461154255199
hosted-equal-final/windows-net8.0-checkpoint/readers.jsonl,point,checkpoint,1,5,total_active_cpu_ms,5515.625,5593.75,19.790653519008945,-7.404503604675023,63.63838812828935
hosted-equal-final/windows-net8.0-checkpoint/readers.jsonl,point,checkpoint,1,5,read_completion_fraction,1.0,1.0,0.0,0.0,0.0
hosted-equal-final/windows-net8.0-checkpoint/readers.jsonl,point,checkpoint,1,5,median_reader_api_p99_ms,32.254,32.5105,-14.710503844147782,-50.11114548984677,4.647629708722967
hosted-equal-final/windows-net8.0-checkpoint/readers.jsonl,point,checkpoint,1,5,median_reader_arrival_p99_ms,42.47909999999956,45.82089999999971,-6.868747621153748,-51.75642979323995,20.066229858058115
hosted-equal-final/windows-net8.0-checkpoint/readers.jsonl,point,checkpoint,4,5,read_calls_per_second,79.90296545889211,79.91701499593506,0.0365307804562387,-0.00953999724215393,0.08260155815463133
hosted-equal-final/windows-net8.0-checkpoint/readers.jsonl,point,checkpoint,4,5,writer_transactions_per_second,49.83266958514343,49.4472916594556,0.014536823697344214,-2.431852013887832,3.7165739956864896
hosted-equal-final/windows-net8.0-checkpoint/readers.jsonl,point,checkpoint,4,5,writer_p99_ms,36.4013,37.1269,0.6462048352297045,-0.27604580086310726,1.6670476696282457
hosted-equal-final/windows-net8.0-checkpoint/readers.jsonl,point,checkpoint,4,5,total_active_cpu_ms,5531.25,5515.625,-0.6562884073599685,-4.794384608015303,3.5469411375893323
hosted-equal-final/windows-net8.0-checkpoint/readers.jsonl,point,checkpoint,4,5,read_completion_fraction,1.0,1.0,0.0,0.0,0.0
hosted-equal-final/windows-net8.0-checkpoint/readers.jsonl,point,checkpoint,4,5,median_reader_api_p99_ms,33.999700000000004,33.969800000000006,-0.8379472290538147,-2.7845086617136117,0.45442455386127456
hosted-equal-final/windows-net8.0-checkpoint/readers.jsonl,point,checkpoint,4,5,median_reader_arrival_p99_ms,45.51625000000058,45.87604999999988,2.153904264122428,-0.9881348207788431,4.692876636023282
hosted-equal-final/windows-net8.0-writer/readers.jsonl,large,writer,1,5,read_calls_per_second,19.98745167796206,19.981677002005927,-0.009423431624078216,-0.06844080755818549,0.04959394431002906
hosted-equal-final/windows-net8.0-writer/readers.jsonl,large,writer,1,5,writer_transactions_per_second,59.481318115590334,58.77247038714596,-0.4596379395536677,-5.651958079047746,5.302417995588198
hosted-equal-final/windows-net8.0-writer/readers.jsonl,large,writer,1,5,writer_p99_ms,36.5951,35.6706,-2.258795745022091,-7.224332129361768,3.5883842321200348
hosted-equal-final/windows-net8.0-writer/readers.jsonl,large,writer,1,5,total_active_cpu_ms,8062.5,8171.875,0.8493647710794106,-2.8216910442824084,4.829394468292536
hosted-equal-final/windows-net8.0-writer/readers.jsonl,large,writer,1,5,read_completion_fraction,1.0,1.0,0.0,0.0,0.0
hosted-equal-final/windows-net8.0-writer/readers.jsonl,large,writer,1,5,median_reader_api_p99_ms,36.1071,35.7436,14.385061783964355,-6.4726326810167,35.519610065937684
hosted-equal-final/windows-net8.0-writer/readers.jsonl,large,writer,1,5,median_reader_arrival_p99_ms,46.85010000000011,47.9380000000001,4.640405123774776,-7.404486140669934,18.37771198169289
hosted-equal-final/windows-net8.0-writer/readers.jsonl,large,writer,4,5,read_calls_per_second,79.93698426486907,79.92927065897504,-0.007055870675234388,-0.06080593193334538,0.05291876303501475
hosted-equal-final/windows-net8.0-writer/readers.jsonl,large,writer,4,5,writer_transactions_per_second,49.28020266418372,49.66763756071819,-0.5994816272180792,-3.3777583782534277,2.206082981231705
hosted-equal-final/windows-net8.0-writer/readers.jsonl,large,writer,4,5,writer_p99_ms,38.7492,40.8239,5.459983414874648,-1.4755999446898977,12.644253473683131
hosted-equal-final/windows-net8.0-writer/readers.jsonl,large,writer,4,5,total_active_cpu_ms,9437.5,9328.125,0.5520949729504343,-1.2635003782832355,2.367690324184104
hosted-equal-final/windows-net8.0-writer/readers.jsonl,large,writer,4,5,read_completion_fraction,1.0,1.0,0.0,0.0,0.0
hosted-equal-final/windows-net8.0-writer/readers.jsonl,large,writer,4,5,median_reader_api_p99_ms,48.93055,49.520250000000004,4.262160102747671,0.29669040088107224,9.706657204041436
hosted-equal-final/windows-net8.0-writer/readers.jsonl,large,writer,4,5,median_reader_arrival_p99_ms,54.61270000000013,61.09480000000008,9.931089225703957,1.796362685911039,18.065815765496875
hosted-equal-final/windows-net8.0-writer/readers.jsonl,medium,writer,1,5,read_calls_per_second,19.986717227464972,19.988761918274307,0.003248675132578871,-0.08444706152793913,0.09094441179309687
hosted-equal-final/windows-net8.0-writer/readers.jsonl,medium,writer,1,5,writer_transactions_per_second,63.01273429440302,64.0178631610285,0.6917139695267217,-4.9349025761216385,4.2457178114955685
hosted-equal-final/windows-net8.0-writer/readers.jsonl,medium,writer,1,5,writer_p99_ms,34.9398,34.6154,-0.563109978610632,-7.270050491584366,8.065001076643826
hosted-equal-final/windows-net8.0-writer/readers.jsonl,medium,writer,1,5,total_active_cpu_ms,7578.125,7609.375,-0.6482973606403286,-6.1501804408940375,4.231425767244019
hosted-equal-final/windows-net8.0-writer/readers.jsonl,medium,writer,1,5,read_completion_fraction,1.0,1.0,0.0,0.0,0.0
hosted-equal-final/windows-net8.0-writer/readers.jsonl,medium,writer,1,5,median_reader_api_p99_ms,29.9692,29.8734,-1.9320982012346488,-4.756573204201324,1.28397027214312
hosted-equal-final/windows-net8.0-writer/readers.jsonl,medium,writer,1,5,median_reader_arrival_p99_ms,40.61700000000019,36.62850000000003,-6.929067050011135,-14.430061814571037,0.9760122676792449
hosted-equal-final/windows-net8.0-writer/readers.jsonl,medium,writer,4,5,read_calls_per_second,79.97978366497732,79.93874494204441,-0.016641783382607134,-0.06897859262569916,0.04634585250805401
hosted-equal-final/windows-net8.0-writer/readers.jsonl,medium,writer,4,5,writer_transactions_per_second,55.07500586084023,52.62307506264268,-2.2573692834804326,-5.737181250738666,1.2224426837778002
hosted-equal-final/windows-net8.0-writer/readers.jsonl,medium,writer,4,5,writer_p99_ms,36.642,36.1482,-1.1925348540489211,-2.844496336722191,0.36859989830361206
hosted-equal-final/windows-net8.0-writer/readers.jsonl,medium,writer,4,5,total_active_cpu_ms,7671.875,7687.5,2.946550532843124,-0.23227880673332146,6.733946462330932
hosted-equal-final/windows-net8.0-writer/readers.jsonl,medium,writer,4,5,read_completion_fraction,1.0,1.0,0.0,0.0,0.0
hosted-equal-final/windows-net8.0-writer/readers.jsonl,medium,writer,4,5,median_reader_api_p99_ms,33.457,31.84805,-2.959327681234607,-8.97330664275912,2.369124214067666
hosted-equal-final/windows-net8.0-writer/readers.jsonl,medium,writer,4,5,median_reader_arrival_p99_ms,44.7603499999999,45.753400000000056,1.4516077422722873,0.909774118852158,2.0427919221463986
hosted-equal-final/windows-net8.0-writer/readers.jsonl,point,writer,1,5,read_calls_per_second,19.980150120458326,19.983144018189215,0.017662496637596004,-0.00973788769304429,0.04432872236419083
hosted-equal-final/windows-net8.0-writer/readers.jsonl,point,writer,1,5,writer_transactions_per_second,65.05442482160274,66.06404596426486,2.2895360087933536,0.18815350179625767,5.673886412323981
hosted-equal-final/windows-net8.0-writer/readers.jsonl,point,writer,1,5,writer_p99_ms,33.1727,31.861,-6.6277122376741,-17.66339853046025,-0.3891976396119934
hosted-equal-final/windows-net8.0-writer/readers.jsonl,point,writer,1,5,total_active_cpu_ms,7296.875,7640.625,3.05816566471546,-0.015773633470628212,6.132104962901548
hosted-equal-final/windows-net8.0-writer/readers.jsonl,point,writer,1,5,read_completion_fraction,1.0,1.0,0.0,0.0,0.0
hosted-equal-final/windows-net8.0-writer/readers.jsonl,point,writer,1,5,median_reader_api_p99_ms,28.8878,26.8982,-9.383175437538164,-19.717998128069887,-1.6902701402975027
hosted-equal-final/windows-net8.0-writer/readers.jsonl,point,writer,1,5,median_reader_arrival_p99_ms,40.44329999999991,37.951500000000124,-13.251955480270427,-29.76387209140612,0.06061630683004822
hosted-equal-final/windows-net8.0-writer/readers.jsonl,point,writer,4,5,read_calls_per_second,79.92572423386933,79.90578656663475,-0.02273710362035608,-0.08473906265888065,0.04645039962136055
hosted-equal-final/windows-net8.0-writer/readers.jsonl,point,writer,4,5,writer_transactions_per_second,58.267647471417966,57.86885960926706,1.8410719782344964,-2.8631852627739613,7.2606754370317805
hosted-equal-final/windows-net8.0-writer/readers.jsonl,point,writer,4,5,writer_p99_ms,36.2841,36.1025,-0.6618700750213247,-3.8881882275727704,1.8686451380451619
hosted-equal-final/windows-net8.0-writer/readers.jsonl,point,writer,4,5,total_active_cpu_ms,7296.875,7437.5,0.7690115963663491,-0.5133239831697045,2.186109300809984
hosted-equal-final/windows-net8.0-writer/readers.jsonl,point,writer,4,5,read_completion_fraction,1.0,1.0,0.0,0.0,0.0
hosted-equal-final/windows-net8.0-writer/readers.jsonl,point,writer,4,5,median_reader_api_p99_ms,29.792099999999998,29.99305,-1.4885980960099674,-10.249143715116384,6.4638614970915595
hosted-equal-final/windows-net8.0-writer/readers.jsonl,point,writer,4,5,median_reader_arrival_p99_ms,42.04369999999972,42.61869999999999,-3.0963485619522464,-8.41121153842087,2.2007627569870447
hosted-final-archived/ubuntu-net10.0-checkpoint/readers.jsonl,large,checkpoint,1,5,read_calls_per_second,68.5606105580222,164.28029387825973,138.5320440310733,134.9595929063629,142.21375866542456
hosted-final-archived/ubuntu-net10.0-checkpoint/readers.jsonl,large,checkpoint,1,5,writer_transactions_per_second,68.56712754771108,66.85100623455082,-2.639401720802632,-3.493252622446608,-1.8689513118486034
hosted-final-archived/ubuntu-net10.0-checkpoint/readers.jsonl,large,checkpoint,1,5,writer_p99_ms,20.88622,21.819199,4.64225976807549,2.632782417453008,7.299619885837636
hosted-final-archived/ubuntu-net10.0-checkpoint/readers.jsonl,large,checkpoint,1,5,total_active_cpu_ms,9960.78,11135.219000000001,11.987944392690846,11.488173778995904,12.799675135182714
hosted-final-archived/ubuntu-net10.0-checkpoint/readers.jsonl,large,checkpoint,1,5,read_completion_fraction,1.0,1.0,0.0,0.0,0.0
hosted-final-archived/ubuntu-net10.0-checkpoint/readers.jsonl,large,checkpoint,1,5,median_reader_api_p99_ms,22.770344,24.894335,6.680465429360751,2.8472074693573735,10.3854518041509
hosted-final-archived/ubuntu-net10.0-checkpoint/readers.jsonl,large,checkpoint,1,5,median_reader_arrival_p99_ms,22.769600000000537,24.893600000000333,6.678988888541504,2.8454286267504747,10.384422639221118
hosted-final-archived/ubuntu-net10.0-checkpoint/readers.jsonl,large,checkpoint,4,5,read_calls_per_second,315.8396637308347,470.0861851736799,47.78459681087507,44.67326505840656,50.065773441047114
hosted-final-archived/ubuntu-net10.0-checkpoint/readers.jsonl,large,checkpoint,4,5,writer_transactions_per_second,52.646957137744586,50.9817842085023,-3.533563026247779,-4.118037418965135,-2.9097164046113932
hosted-final-archived/ubuntu-net10.0-checkpoint/readers.jsonl,large,checkpoint,4,5,writer_p99_ms,26.970689,28.581715,6.969176696014472,4.240146112187277,9.698207279841666
hosted-final-archived/ubuntu-net10.0-checkpoint/readers.jsonl,large,checkpoint,4,5,total_active_cpu_ms,16291.443,17554.672,7.930942228196574,7.262694335535755,8.387555828034824
hosted-final-archived/ubuntu-net10.0-checkpoint/readers.jsonl,large,checkpoint,4,5,read_completion_fraction,1.0,1.0,0.0,0.0,0.0
hosted-final-archived/ubuntu-net10.0-checkpoint/readers.jsonl,large,checkpoint,4,5,median_reader_api_p99_ms,25.623731,32.4169505,26.07605345213684,24.961788608577802,27.496529077315028
hosted-final-archived/ubuntu-net10.0-checkpoint/readers.jsonl,large,checkpoint,4,5,median_reader_arrival_p99_ms,25.622850000000653,32.415849999999864,26.07619332762219,24.961707019882166,27.49684337022303
hosted-final-archived/ubuntu-net10.0-checkpoint/readers.jsonl,medium,checkpoint,1,5,read_calls_per_second,68.90655444338823,464.0692369312436,572.8360227742872,557.385534220534,587.6809898179878
hosted-final-archived/ubuntu-net10.0-checkpoint/readers.jsonl,medium,checkpoint,1,5,writer_transactions_per_second,68.20927620590405,67.56573066140854,-1.0960118454527423,-1.8769354521775838,-0.3150882387279008
hosted-final-archived/ubuntu-net10.0-checkpoint/readers.jsonl,medium,checkpoint,1,5,writer_p99_ms,21.543876,21.601712,-0.07264771404676296,-2.9884187200740087,3.3963584650429484
hosted-final-archived/ubuntu-net10.0-checkpoint/readers.jsonl,medium,checkpoint,1,5,total_active_cpu_ms,8567.414,10088.279,17.445442996909016,16.339016079927283,18.42017892586506
hosted-final-archived/ubuntu-net10.0-checkpoint/readers.jsonl,medium,checkpoint,1,5,read_completion_fraction,1.0,1.0,0.0,0.0,0.0
hosted-final-archived/ubuntu-net10.0-checkpoint/readers.jsonl,medium,checkpoint,1,5,median_reader_api_p99_ms,21.615399,9.495373,-55.32482859299481,-56.81181548406429,-53.83784170192534
hosted-final-archived/ubuntu-net10.0-checkpoint/readers.jsonl,medium,checkpoint,1,5,median_reader_arrival_p99_ms,21.614700000000084,9.494800000000055,-55.32699343838911,-56.814260439879504,-53.839726436898715
hosted-final-archived/ubuntu-net10.0-checkpoint/readers.jsonl,medium,checkpoint,4,5,read_calls_per_second,1409.535908305686,1573.388081384198,11.235259490013041,9.439944707173513,12.303889500936668
hosted-final-archived/ubuntu-net10.0-checkpoint/readers.jsonl,medium,checkpoint,4,5,writer_transactions_per_second,53.076942314719645,55.35714305341947,4.238804678675483,3.227719777213731,5.266301397803166
hosted-final-archived/ubuntu-net10.0-checkpoint/readers.jsonl,medium,checkpoint,4,5,writer_p99_ms,26.980293,26.802932,-0.37681920625629794,-2.730006544070142,1.9652881620488614
hosted-final-archived/ubuntu-net10.0-checkpoint/readers.jsonl,medium,checkpoint,4,5,total_active_cpu_ms,14480.506,15058.779,4.4174777953180655,3.6002758971837245,5.196463399686531
hosted-final-archived/ubuntu-net10.0-checkpoint/readers.jsonl,medium,checkpoint,4,5,read_completion_fraction,1.0,1.0,0.0,0.0,0.0
hosted-final-archived/ubuntu-net10.0-checkpoint/readers.jsonl,medium,checkpoint,4,5,median_reader_api_p99_ms,20.722321,22.144382999999998,6.737101046229732,4.73120332043425,9.392670896722764
hosted-final-archived/ubuntu-net10.0-checkpoint/readers.jsonl,medium,checkpoint,4,5,median_reader_arrival_p99_ms,20.721149999999852,22.143449999999575,6.73791700040097,4.73188647159374,9.39406575024304
hosted-final-archived/ubuntu-net10.0-checkpoint/readers.jsonl,point,checkpoint,1,5,read_calls_per_second,194.273007708309,2107.287858878636,989.478318209722,948.4614962736181,1017.6370396907547
hosted-final-archived/ubuntu-net10.0-checkpoint/readers.jsonl,point,checkpoint,1,5,writer_transactions_per_second,72.06018098519121,72.82243318529268,-0.6130866332660246,-2.624696006987617,1.0421629611249594
hosted-final-archived/ubuntu-net10.0-checkpoint/readers.jsonl,point,checkpoint,1,5,writer_p99_ms,20.066248,20.402536,2.072603424460797,-1.6353906585221,5.854887923906422
hosted-final-archived/ubuntu-net10.0-checkpoint/readers.jsonl,point,checkpoint,1,5,total_active_cpu_ms,8241.314,9228.479,11.626745342510493,11.218796697234822,12.034693987786161
hosted-final-archived/ubuntu-net10.0-checkpoint/readers.jsonl,point,checkpoint,1,5,read_completion_fraction,1.0,1.0,0.0,0.0,0.0
hosted-final-archived/ubuntu-net10.0-checkpoint/readers.jsonl,point,checkpoint,1,5,median_reader_api_p99_ms,19.167982,6.154038,-65.91454610449567,-68.2524220486318,-63.57667016035955
hosted-final-archived/ubuntu-net10.0-checkpoint/readers.jsonl,point,checkpoint,1,5,median_reader_arrival_p99_ms,19.167400000000043,6.153900000000249,-65.91391880102898,-68.25171927833739,-63.57611832372057
hosted-final-archived/ubuntu-net10.0-checkpoint/readers.jsonl,point,checkpoint,4,5,read_calls_per_second,11582.362184494154,7389.647265236231,-36.395893656139954,-40.44598071083742,-33.33682468478899
hosted-final-archived/ubuntu-net10.0-checkpoint/readers.jsonl,point,checkpoint,4,5,writer_transactions_per_second,54.92527306748622,63.08575839004345,15.293427027013173,13.520127960217119,17.14074632861894
hosted-final-archived/ubuntu-net10.0-checkpoint/readers.jsonl,point,checkpoint,4,5,writer_p99_ms,26.04737,22.533979,-14.58771997001529,-16.245210553367077,-12.930229386663502
hosted-final-archived/ubuntu-net10.0-checkpoint/readers.jsonl,point,checkpoint,4,5,total_active_cpu_ms,14445.043,12667.611,-12.50739946143076,-14.09226340371551,-11.337894328168883
hosted-final-archived/ubuntu-net10.0-checkpoint/readers.jsonl,point,checkpoint,4,5,read_completion_fraction,1.0,1.0,0.0,0.0,0.0
hosted-final-archived/ubuntu-net10.0-checkpoint/readers.jsonl,point,checkpoint,4,5,median_reader_api_p99_ms,13.620653,7.6523425,-44.34109544216115,-46.91703954968038,-41.64300488856923
hosted-final-archived/ubuntu-net10.0-checkpoint/readers.jsonl,point,checkpoint,4,5,median_reader_arrival_p99_ms,13.620499999999993,7.652249999999185,-44.3412779787881,-46.91725873831153,-41.643167422825606
hosted-final-archived/ubuntu-net10.0-idle/readers.jsonl,large,idle,1,5,read_calls_per_second,3720.593749402501,3725.356152558084,-0.7981917746174938,-1.7723941967313483,0.17601064749636075
hosted-final-archived/ubuntu-net10.0-idle/readers.jsonl,large,idle,1,5,total_active_cpu_ms,10017.343,10015.227,-0.014031728947063726,-0.025908258629967484,0.003467573273097102
hosted-final-archived/ubuntu-net10.0-idle/readers.jsonl,large,idle,1,5,read_completion_fraction,1.0,1.0,0.0,0.0,0.0
hosted-final-archived/ubuntu-net10.0-idle/readers.jsonl,large,idle,1,5,median_reader_api_p99_ms,0.351426,0.355102,2.029294218661397,0.21009339512491065,3.632865460738084
hosted-final-archived/ubuntu-net10.0-idle/readers.jsonl,large,idle,1,5,median_reader_arrival_p99_ms,0.35140000000001237,0.3550999999997657,2.025106307803284,0.19125657173789223,3.6183766828993136
hosted-final-archived/ubuntu-net10.0-idle/readers.jsonl,large,idle,4,5,read_calls_per_second,5996.093132124752,6004.929593939752,0.2683040272094006,-0.1677578754757736,0.6740638760082351
hosted-final-archived/ubuntu-net10.0-idle/readers.jsonl,large,idle,4,5,total_active_cpu_ms,39723.164000000004,39749.415,0.03748994532147165,-0.0013898070239770632,0.07636969766692037
hosted-final-archived/ubuntu-net10.0-idle/readers.jsonl,large,idle,4,5,read_completion_fraction,1.0,1.0,0.0,0.0,0.0
hosted-final-archived/ubuntu-net10.0-idle/readers.jsonl,large,idle,4,5,median_reader_api_p99_ms,0.9219505,0.9010594999999999,-1.4306969580534434,-3.959888757943697,0.9106856874112612
hosted-final-archived/ubuntu-net10.0-idle/readers.jsonl,large,idle,4,5,median_reader_arrival_p99_ms,0.9215500000000247,0.9010500000001684,-1.4095180271392604,-3.9509772546701227,0.9535705634116143
hosted-final-archived/ubuntu-net10.0-idle/readers.jsonl,medium,idle,1,5,read_calls_per_second,13055.723754573273,13350.33938945917,2.4653156299977885,1.5191671620879843,3.258052022336821
hosted-final-archived/ubuntu-net10.0-idle/readers.jsonl,medium,idle,1,5,total_active_cpu_ms,10015.327,10012.137,-0.026476882611052854,-0.04613221977171511,-0.006884332438894525
hosted-final-archived/ubuntu-net10.0-idle/readers.jsonl,medium,idle,1,5,read_completion_fraction,1.0,1.0,0.0,0.0,0.0
hosted-final-archived/ubuntu-net10.0-idle/readers.jsonl,medium,idle,1,5,median_reader_api_p99_ms,0.139499,0.138598,-0.8751179951111387,-1.6061632827363947,-0.021764962805890242
hosted-final-archived/ubuntu-net10.0-idle/readers.jsonl,medium,idle,1,5,median_reader_arrival_p99_ms,0.13949999999931606,0.1386000000002241,-0.8927342827166806,-1.6284141114016215,-0.020621073485498354
hosted-final-archived/ubuntu-net10.0-idle/readers.jsonl,medium,idle,4,5,read_calls_per_second,24241.922831694203,24703.085964322134,1.657509487973634,1.3220649660348105,1.9376993917154728
hosted-final-archived/ubuntu-net10.0-idle/readers.jsonl,medium,idle,4,5,total_active_cpu_ms,39751.445,39750.262,0.03232939254653289,-0.010437009321724311,0.09393754985759228
hosted-final-archived/ubuntu-net10.0-idle/readers.jsonl,medium,idle,4,5,read_completion_fraction,1.0,1.0,0.0,0.0,0.0
hosted-final-archived/ubuntu-net10.0-idle/readers.jsonl,medium,idle,4,5,median_reader_api_p99_ms,0.3445605,0.33897750000000004,-2.6550097281675544,-4.702780955242001,-0.6072385010931081
hosted-final-archived/ubuntu-net10.0-idle/readers.jsonl,medium,idle,4,5,median_reader_arrival_p99_ms,0.3445000000000391,0.33895000000006803,-2.6607055293103876,-4.69904465130991,-0.6223664073108659
hosted-final-archived/ubuntu-net10.0-idle/readers.jsonl,point,idle,1,5,read_calls_per_second,82592.9174070826,103594.21919650903,25.579045715292462,24.57886460537703,26.443151385615
hosted-final-archived/ubuntu-net10.0-idle/readers.jsonl,point,idle,1,5,total_active_cpu_ms,10019.811,10016.715,-0.040177377585361995,-0.05102880741320259,-0.029325947757521398
hosted-final-archived/ubuntu-net10.0-idle/readers.jsonl,point,idle,1,5,read_completion_fraction,1.0,1.0,0.0,0.0,0.0
hosted-final-archived/ubuntu-net10.0-idle/readers.jsonl,point,idle,1,5,median_reader_api_p99_ms,0.02,0.017336,-13.459892170391017,-14.017688911349584,-12.854776527159107
hosted-final-archived/ubuntu-net10.0-idle/readers.jsonl,point,idle,1,5,median_reader_arrival_p99_ms,0.01999999999998181,0.017300000000432192,-13.469417081233031,-14.01471356023438,-12.722250556836647
hosted-final-archived/ubuntu-net10.0-idle/readers.jsonl,point,idle,4,5,read_calls_per_second,229336.1301832539,278376.7793373983,21.293893357664597,20.139941015345947,22.271916465738553
hosted-final-archived/ubuntu-net10.0-idle/readers.jsonl,point,idle,4,5,total_active_cpu_ms,39749.6,39762.518,-0.14218615524061562,-0.7420058441240829,0.28546775270485325
hosted-final-archived/ubuntu-net10.0-idle/readers.jsonl,point,idle,4,5,read_completion_fraction,1.0,1.0,0.0,0.0,0.0
hosted-final-archived/ubuntu-net10.0-idle/readers.jsonl,point,idle,4,5,median_reader_api_p99_ms,0.0321935,0.027035,-15.558513093386027,-16.368957207179626,-14.748068979592427
hosted-final-archived/ubuntu-net10.0-idle/readers.jsonl,point,idle,4,5,median_reader_arrival_p99_ms,0.032199999999647844,0.027000000000043656,-15.570211230925596,-16.362156873751843,-14.778265588099348
hosted-final-archived/ubuntu-net10.0-writer/readers.jsonl,large,writer,1,5,read_calls_per_second,27.838991912257683,157.54348407454515,483.7794512771965,358.7402769316109,608.8186256227821
hosted-final-archived/ubuntu-net10.0-writer/readers.jsonl,large,writer,1,5,writer_transactions_per_second,27.74229076417527,25.570717433274964,-4.092139951721077,-27.06437222969861,15.774635226660024
hosted-final-archived/ubuntu-net10.0-writer/readers.jsonl,large,writer,1,5,writer_p99_ms,225.018823,265.006619,24.09919332285352,-24.27389468802362,100.13331103415089
hosted-final-archived/ubuntu-net10.0-writer/readers.jsonl,large,writer,1,5,total_active_cpu_ms,3381.059,4507.221,33.03573709122387,10.369144456919233,48.95462147754493
hosted-final-archived/ubuntu-net10.0-writer/readers.jsonl,large,writer,1,5,read_completion_fraction,1.0,1.0,0.0,0.0,0.0
hosted-final-archived/ubuntu-net10.0-writer/readers.jsonl,large,writer,1,5,median_reader_api_p99_ms,226.670162,77.546732,-63.315336058811766,-74.69602367484246,-51.93464844278107
hosted-final-archived/ubuntu-net10.0-writer/readers.jsonl,large,writer,1,5,median_reader_arrival_p99_ms,226.66909999999916,77.54610000000002,-63.3153186284432,-74.69612749091282,-51.93450976597357
hosted-final-archived/ubuntu-net10.0-writer/readers.jsonl,large,writer,4,5,read_calls_per_second,127.00891082474719,471.3738503303596,301.6623896635122,197.32932459648873,426.2916925460705
hosted-final-archived/ubuntu-net10.0-writer/readers.jsonl,large,writer,4,5,writer_transactions_per_second,20.50482649602971,27.458772670415442,38.023565729202694,-0.3728669467706844,86.37968777907734
hosted-final-archived/ubuntu-net10.0-writer/readers.jsonl,large,writer,4,5,writer_p99_ms,343.043905,283.435172,-16.866241160965824,-53.50324033806195,35.66954019534386
hosted-final-archived/ubuntu-net10.0-writer/readers.jsonl,large,writer,4,5,total_active_cpu_ms,5874.1990000000005,11158.305,100.70385253407251,49.476773368238476,152.11846528570092
hosted-final-archived/ubuntu-net10.0-writer/readers.jsonl,large,writer,4,5,read_completion_fraction,1.0,1.0,0.0,0.0,0.0
hosted-final-archived/ubuntu-net10.0-writer/readers.jsonl,large,writer,4,5,median_reader_api_p99_ms,324.777952,103.109317,-64.80307896239705,-75.15569822596959,-54.450459698824524
hosted-final-archived/ubuntu-net10.0-writer/readers.jsonl,large,writer,4,5,median_reader_arrival_p99_ms,324.77669999999944,103.10849999999971,-64.80328768889132,-75.15582462524577,-54.45075075253686
hosted-final-archived/ubuntu-net10.0-writer/readers.jsonl,medium,writer,1,5,read_calls_per_second,25.5327503102678,556.7638235509041,2203.0438343208843,1716.7869407165228,2682.193940772784
hosted-final-archived/ubuntu-net10.0-writer/readers.jsonl,medium,writer,1,5,writer_transactions_per_second,25.433693597779783,21.366934849194458,-12.58656775641745,-31.56627779230348,8.495822027957795
hosted-final-archived/ubuntu-net10.0-writer/readers.jsonl,medium,writer,1,5,writer_p99_ms,221.268422,245.608553,17.987477258182665,-4.502565929612391,36.814310318912725
hosted-final-archived/ubuntu-net10.0-writer/readers.jsonl,medium,writer,1,5,total_active_cpu_ms,2608.636,3856.737,42.22292458669237,22.390396242208336,66.26722082104644
hosted-final-archived/ubuntu-net10.0-writer/readers.jsonl,medium,writer,1,5,read_completion_fraction,1.0,1.0,0.0,0.0,0.0
hosted-final-archived/ubuntu-net10.0-writer/readers.jsonl,medium,writer,1,5,median_reader_api_p99_ms,222.537221,20.461954,-92.37704828590336,-93.77020534550692,-90.8056280756856
hosted-final-archived/ubuntu-net10.0-writer/readers.jsonl,medium,writer,1,5,median_reader_arrival_p99_ms,222.53639999999996,20.46130000000005,-92.37718881777066,-93.77027217713993,-90.80583997274313
hosted-final-archived/ubuntu-net10.0-writer/readers.jsonl,medium,writer,4,5,read_calls_per_second,765.7971003956534,1961.2554885850777,216.86964785331205,154.78806070632416,287.5470720417052
hosted-final-archived/ubuntu-net10.0-writer/readers.jsonl,medium,writer,4,5,writer_transactions_per_second,19.46966703754219,18.215521511575336,6.64655358674412,-29.761831891572587,55.99604933798971
hosted-final-archived/ubuntu-net10.0-writer/readers.jsonl,medium,writer,4,5,writer_p99_ms,319.686439,369.857435,9.989039284207848,-16.31373078732074,39.13004189131887
hosted-final-archived/ubuntu-net10.0-writer/readers.jsonl,medium,writer,4,5,total_active_cpu_ms,5946.9710000000005,11066.435,89.74925973278363,61.597586584403736,125.52138412378065
hosted-final-archived/ubuntu-net10.0-writer/readers.jsonl,medium,writer,4,5,read_completion_fraction,1.0,1.0,0.0,0.0,0.0
hosted-final-archived/ubuntu-net10.0-writer/readers.jsonl,medium,writer,4,5,median_reader_api_p99_ms,124.11999550000002,22.372042999999998,-83.30121010589097,-87.60344484329252,-80.12313329666128
hosted-final-archived/ubuntu-net10.0-writer/readers.jsonl,medium,writer,4,5,median_reader_arrival_p99_ms,124.11900000000014,22.37140000000022,-83.29832267250423,-87.59403725924192,-80.12363859401745
hosted-final-archived/ubuntu-net10.0-writer/readers.jsonl,point,writer,1,5,read_calls_per_second,45.47741818799875,8056.432907687627,16509.94093690423,13645.254990688578,19220.162732254565
hosted-final-archived/ubuntu-net10.0-writer/readers.jsonl,point,writer,1,5,writer_transactions_per_second,22.28605093785749,20.49590911555459,-0.3540007139447347,-24.89027152822714,30.91369991596835
hosted-final-archived/ubuntu-net10.0-writer/readers.jsonl,point,writer,1,5,writer_p99_ms,313.177171,346.505369,21.981547557515462,-27.17826522541979,71.14136034045072
hosted-final-archived/ubuntu-net10.0-writer/readers.jsonl,point,writer,1,5,total_active_cpu_ms,2034.607,3368.127,68.94993527724404,40.00353710266773,108.93969042087448
hosted-final-archived/ubuntu-net10.0-writer/readers.jsonl,point,writer,1,5,read_completion_fraction,1.0,1.0,0.0,0.0,0.0
hosted-final-archived/ubuntu-net10.0-writer/readers.jsonl,point,writer,1,5,median_reader_api_p99_ms,246.487149,1.104531,-99.56016843095668,-99.67882911326294,-99.44993627880726
hosted-final-archived/ubuntu-net10.0-writer/readers.jsonl,point,writer,1,5,median_reader_arrival_p99_ms,246.48610000000008,1.1044999999994616,-99.56019900917494,-99.67886307726044,-99.44997657417998
hosted-final-archived/ubuntu-net10.0-writer/readers.jsonl,point,writer,4,5,read_calls_per_second,7243.697782822073,23901.5389641709,432.9728495759936,159.45263940564104,728.5865412864543
hosted-final-archived/ubuntu-net10.0-writer/readers.jsonl,point,writer,4,5,writer_transactions_per_second,20.244911141841882,21.07982113042469,29.892206926470646,2.5372164210593517,58.62735608263406
hosted-final-archived/ubuntu-net10.0-writer/readers.jsonl,point,writer,4,5,writer_p99_ms,306.824573,342.388142,-2.9307963986801715,-29.72707871592168,23.865485918561337
hosted-final-archived/ubuntu-net10.0-writer/readers.jsonl,point,writer,4,5,total_active_cpu_ms,5056.054,8385.655,132.7814393822595,44.354644070988506,228.27296178553243
hosted-final-archived/ubuntu-net10.0-writer/readers.jsonl,point,writer,4,5,read_completion_fraction,1.0,1.0,0.0,0.0,0.0
hosted-final-archived/ubuntu-net10.0-writer/readers.jsonl,point,writer,4,5,median_reader_api_p99_ms,12.321662,1.1433335,-90.80804946083609,-91.26473420449162,-90.20251742454762
hosted-final-archived/ubuntu-net10.0-writer/readers.jsonl,point,writer,4,5,median_reader_arrival_p99_ms,12.321449999999459,1.1432499999991705,-90.80872461656739,-91.26548726180923,-90.20339190192351
hosted-final-archived/windows-net10.0-checkpoint/readers.jsonl,large,checkpoint,1,5,read_calls_per_second,49.97306990164193,104.49395848598883,111.23611771600773,89.04022377319032,129.86746410425764
hosted-final-archived/windows-net10.0-checkpoint/readers.jsonl,large,checkpoint,1,5,writer_transactions_per_second,52.97376193609343,52.85401806136697,-2.028329024441222,-7.619264456791146,1.2095831319240569
hosted-final-archived/windows-net10.0-checkpoint/readers.jsonl,large,checkpoint,1,5,writer_p99_ms,35.1111,36.2307,2.2832260900457357,-1.4557023225674848,7.007375630865198
hosted-final-archived/windows-net10.0-checkpoint/readers.jsonl,large,checkpoint,1,5,total_active_cpu_ms,9390.625,9640.625,4.272624442932587,1.4510246603995847,7.072973917493401
hosted-final-archived/windows-net10.0-checkpoint/readers.jsonl,large,checkpoint,1,5,read_completion_fraction,1.0,1.0,0.0,0.0,0.0
hosted-final-archived/windows-net10.0-checkpoint/readers.jsonl,large,checkpoint,1,5,median_reader_api_p99_ms,44.7302,47.6471,12.199515704087693,0.9652701923877238,23.54450815920534
hosted-final-archived/windows-net10.0-checkpoint/readers.jsonl,large,checkpoint,1,5,median_reader_arrival_p99_ms,44.72890000000007,47.64649999999983,12.19887115253435,0.9641318386848363,23.543984215291662
hosted-final-archived/windows-net10.0-checkpoint/readers.jsonl,large,checkpoint,4,5,read_calls_per_second,490.7601948873595,351.9534414979623,-12.136608652844867,-30.055423279950794,16.98805598373483
hosted-final-archived/windows-net10.0-checkpoint/readers.jsonl,large,checkpoint,4,5,writer_transactions_per_second,27.451099709022337,35.98184464064966,68.77941339850625,29.405109638313228,113.88613815860572
hosted-final-archived/windows-net10.0-checkpoint/readers.jsonl,large,checkpoint,4,5,writer_p99_ms,80.1878,54.0957,-50.01389623241638,-74.02075031249421,-32.295299601727194
hosted-final-archived/windows-net10.0-checkpoint/readers.jsonl,large,checkpoint,4,5,total_active_cpu_ms,16875.0,15234.375,15.723262971476084,-12.647753437273863,57.51292857877506
hosted-final-archived/windows-net10.0-checkpoint/readers.jsonl,large,checkpoint,4,5,read_completion_fraction,1.0,1.0,0.0,0.0,0.0
hosted-final-archived/windows-net10.0-checkpoint/readers.jsonl,large,checkpoint,4,5,median_reader_api_p99_ms,50.08715,55.6899,-11.020134939338478,-48.332720615572626,20.913302865673465
hosted-final-archived/windows-net10.0-checkpoint/readers.jsonl,large,checkpoint,4,5,median_reader_arrival_p99_ms,50.08650000000006,55.688950000000204,-11.019805218110578,-48.330514660859784,20.912435354658744
hosted-final-archived/windows-net10.0-checkpoint/readers.jsonl,medium,checkpoint,1,5,read_calls_per_second,57.556070329321145,370.07962868350785,549.833887587938,510.0960897669893,593.8200165135593
hosted-final-archived/windows-net10.0-checkpoint/readers.jsonl,medium,checkpoint,1,5,writer_transactions_per_second,56.09274170302514,54.295348517492506,-1.9983450819318984,-6.106830910581436,3.951844997912128
hosted-final-archived/windows-net10.0-checkpoint/readers.jsonl,medium,checkpoint,1,5,writer_p99_ms,34.3746,35.9984,14.733658596616124,-1.382848745645977,42.12643959838358
hosted-final-archived/windows-net10.0-checkpoint/readers.jsonl,medium,checkpoint,1,5,total_active_cpu_ms,8140.625,8937.5,9.815924888892296,7.580815816254622,12.051033961529969
hosted-final-archived/windows-net10.0-checkpoint/readers.jsonl,medium,checkpoint,1,5,read_completion_fraction,1.0,1.0,0.0,0.0,0.0
hosted-final-archived/windows-net10.0-checkpoint/readers.jsonl,medium,checkpoint,1,5,median_reader_api_p99_ms,34.9608,32.1486,-5.051069321464987,-13.609602877280986,7.034486378569106
hosted-final-archived/windows-net10.0-checkpoint/readers.jsonl,medium,checkpoint,1,5,median_reader_arrival_p99_ms,34.960000000000036,32.14800000000014,-5.050598707930527,-13.607692210360842,7.034288378233194
hosted-final-archived/windows-net10.0-checkpoint/readers.jsonl,medium,checkpoint,4,5,read_calls_per_second,2341.6156297409148,1106.51739364952,-53.05608606017084,-55.76773038552991,-50.34444173481177
hosted-final-archived/windows-net10.0-checkpoint/readers.jsonl,medium,checkpoint,4,5,writer_transactions_per_second,29.991662018042366,42.55054180324042,48.07575155931825,37.248222014522085,60.11483008947359
hosted-final-archived/windows-net10.0-checkpoint/readers.jsonl,medium,checkpoint,4,5,writer_p99_ms,76.6888,42.6758,-43.119813895209894,-48.69612300037237,-38.502795586929366
hosted-final-archived/windows-net10.0-checkpoint/readers.jsonl,medium,checkpoint,4,5,total_active_cpu_ms,17078.125,13406.25,-23.84636433675741,-27.183528866968935,-21.0690303609349
hosted-final-archived/windows-net10.0-checkpoint/readers.jsonl,medium,checkpoint,4,5,read_completion_fraction,1.0,1.0,0.0,0.0,0.0
hosted-final-archived/windows-net10.0-checkpoint/readers.jsonl,medium,checkpoint,4,5,median_reader_api_p99_ms,26.443350000000002,41.372600000000006,58.717860454869836,56.801287828288025,60.82664923762938
hosted-final-archived/windows-net10.0-checkpoint/readers.jsonl,medium,checkpoint,4,5,median_reader_arrival_p99_ms,26.442600000000198,41.37160000000017,58.718965785986974,56.80146094316873,60.82854874647785
hosted-final-archived/windows-net10.0-checkpoint/readers.jsonl,point,checkpoint,1,5,read_calls_per_second,177.65368494236426,1885.4480079165226,931.4364136848557,823.2144626868181,1039.6583646828933
hosted-final-archived/windows-net10.0-checkpoint/readers.jsonl,point,checkpoint,1,5,writer_transactions_per_second,57.2194687474901,58.699549808394885,-0.6636141158289011,-2.1807317322152575,1.256950675061781
hosted-final-archived/windows-net10.0-checkpoint/readers.jsonl,point,checkpoint,1,5,writer_p99_ms,33.5523,34.1238,7.308464617076029,2.763667545396329,14.393292466478362
hosted-final-archived/windows-net10.0-checkpoint/readers.jsonl,point,checkpoint,1,5,total_active_cpu_ms,8015.625,8609.375,6.238207179343527,3.67827078053073,9.287796380035367
hosted-final-archived/windows-net10.0-checkpoint/readers.jsonl,point,checkpoint,1,5,read_completion_fraction,1.0,1.0,0.0,0.0,0.0
hosted-final-archived/windows-net10.0-checkpoint/readers.jsonl,point,checkpoint,1,5,median_reader_api_p99_ms,32.0912,22.7712,-26.86701085778343,-33.70206508761931,-20.506254744545686
hosted-final-archived/windows-net10.0-checkpoint/readers.jsonl,point,checkpoint,1,5,median_reader_arrival_p99_ms,32.09059999999954,22.77100000000064,-26.866386506969842,-33.70136160003655,-20.505099834498274
hosted-final-archived/windows-net10.0-checkpoint/readers.jsonl,point,checkpoint,4,5,read_calls_per_second,10049.175796224976,4138.746483440214,-58.82078446514409,-65.70081511574966,-53.76230923927017
hosted-final-archived/windows-net10.0-checkpoint/readers.jsonl,point,checkpoint,4,5,writer_transactions_per_second,40.73747734189997,47.6577171202166,26.907590833610982,13.524453737443398,46.84213561870117
hosted-final-archived/windows-net10.0-checkpoint/readers.jsonl,point,checkpoint,4,5,writer_p99_ms,44.149,36.0675,-25.35430203471494,-37.326379697854186,-15.748168748486313
hosted-final-archived/windows-net10.0-checkpoint/readers.jsonl,point,checkpoint,4,5,total_active_cpu_ms,15062.5,10296.875,-30.362467476313007,-32.979861562365045,-26.830277468941297
hosted-final-archived/windows-net10.0-checkpoint/readers.jsonl,point,checkpoint,4,5,read_completion_fraction,1.0,1.0,0.0,0.0,0.0
hosted-final-archived/windows-net10.0-checkpoint/readers.jsonl,point,checkpoint,4,5,median_reader_api_p99_ms,15.3423,27.927999999999997,121.57504688141472,75.8954731720472,204.49944590619688
hosted-final-archived/windows-net10.0-checkpoint/readers.jsonl,point,checkpoint,4,5,median_reader_arrival_p99_ms,15.341799999999466,27.92744999999968,121.57399258474335,75.8942376413044,204.49842433173302
hosted-final-archived/windows-net10.0-idle/readers.jsonl,large,idle,1,5,read_calls_per_second,1352.5349565939373,1402.4874223346092,1.3787700357322197,-5.600326424704532,9.34226336127346
hosted-final-archived/windows-net10.0-idle/readers.jsonl,large,idle,1,5,total_active_cpu_ms,9953.125,9968.75,0.12903408312044728,-0.3767660910518078,0.8269598230629915
hosted-final-archived/windows-net10.0-idle/readers.jsonl,large,idle,1,5,read_completion_fraction,1.0,1.0,0.0,0.0,0.0
hosted-final-archived/windows-net10.0-idle/readers.jsonl,large,idle,1,5,median_reader_api_p99_ms,1.2468,1.2107,5.2376674132920575,-11.197612373122325,20.93441329474822
hosted-final-archived/windows-net10.0-idle/readers.jsonl,large,idle,1,5,median_reader_arrival_p99_ms,1.2467999999998938,1.2093999999999596,5.1992174734151515,-11.235011843684935,20.90341059843744
hosted-final-archived/windows-net10.0-idle/readers.jsonl,large,idle,4,5,read_calls_per_second,2782.6806259273594,2859.464779274049,6.976132751416166,0.9616744498707952,18.027803102737195
hosted-final-archived/windows-net10.0-idle/readers.jsonl,large,idle,4,5,total_active_cpu_ms,38500.0,38406.25,6.814638895335624,-0.5183456756915961,20.82353548706933
hosted-final-archived/windows-net10.0-idle/readers.jsonl,large,idle,4,5,read_completion_fraction,1.0,1.0,0.0,0.0,0.0
hosted-final-archived/windows-net10.0-idle/readers.jsonl,large,idle,4,5,median_reader_api_p99_ms,2.08035,2.0467500000000003,-18.151441530641026,-54.29055215191836,1.098079079679799
hosted-final-archived/windows-net10.0-idle/readers.jsonl,large,idle,4,5,median_reader_arrival_p99_ms,2.0801000000005843,2.041849999999613,-18.206366982648408,-54.328221088525865,0.9110527023644277
hosted-final-archived/windows-net10.0-idle/readers.jsonl,medium,idle,1,5,read_calls_per_second,5433.775874035119,5768.041800458233,5.817080267657366,4.005670973048918,7.405749456348016
hosted-final-archived/windows-net10.0-idle/readers.jsonl,medium,idle,1,5,total_active_cpu_ms,9968.75,9937.5,-0.06210273463079119,-0.28193573812112405,0.18858300276832551
hosted-final-archived/windows-net10.0-idle/readers.jsonl,medium,idle,1,5,read_completion_fraction,1.0,1.0,0.0,0.0,0.0
hosted-final-archived/windows-net10.0-idle/readers.jsonl,medium,idle,1,5,median_reader_api_p99_ms,0.3635,0.3493,-2.9998204398152972,-6.0596842148101215,0.8675038528515167
hosted-final-archived/windows-net10.0-idle/readers.jsonl,medium,idle,1,5,median_reader_arrival_p99_ms,0.36349999999947613,0.3490999999999076,-2.979156232229221,-6.035519387081709,0.8956407381381283
hosted-final-archived/windows-net10.0-idle/readers.jsonl,medium,idle,4,5,read_calls_per_second,9524.242714643662,10041.512625545252,5.9288187769592104,2.7985395209660213,9.0590980329524
hosted-final-archived/windows-net10.0-idle/readers.jsonl,medium,idle,4,5,total_active_cpu_ms,35593.75,36453.125,1.770248964059289,-0.912378467769539,5.120032890406923
hosted-final-archived/windows-net10.0-idle/readers.jsonl,medium,idle,4,5,read_completion_fraction,1.0,1.0,0.0,0.0,0.0
hosted-final-archived/windows-net10.0-idle/readers.jsonl,medium,idle,4,5,median_reader_api_p99_ms,1.7248,1.36615,-13.05626813261183,-29.935916737076695,3.479774214384168
hosted-final-archived/windows-net10.0-idle/readers.jsonl,medium,idle,4,5,median_reader_arrival_p99_ms,1.7247500000000855,1.3660500000000866,-13.064120220172004,-29.946903034174557,3.491860364322105
hosted-final-archived/windows-net10.0-idle/readers.jsonl,point,idle,1,5,read_calls_per_second,27122.913749134277,35547.69360141515,29.97739246769132,27.00811314146847,31.849985862561045
hosted-final-archived/windows-net10.0-idle/readers.jsonl,point,idle,1,5,total_active_cpu_ms,9953.125,9953.125,-0.18540264744367096,-0.6515824303936402,0.18897731380831395
hosted-final-archived/windows-net10.0-idle/readers.jsonl,point,idle,1,5,read_completion_fraction,1.0,1.0,0.0,0.0,0.0
hosted-final-archived/windows-net10.0-idle/readers.jsonl,point,idle,1,5,median_reader_api_p99_ms,0.0874,0.0723,-16.57159306355283,-18.35800212267053,-14.380422599526764
hosted-final-archived/windows-net10.0-idle/readers.jsonl,point,idle,1,5,median_reader_arrival_p99_ms,0.08740000000034343,0.07229999999981374,-16.57884803536108,-18.320952370177682,-14.454918075305926
hosted-final-archived/windows-net10.0-idle/readers.jsonl,point,idle,4,5,read_calls_per_second,44999.93234553358,61917.079579282334,33.382967564639266,28.11078468458682,40.03174200265224
hosted-final-archived/windows-net10.0-idle/readers.jsonl,point,idle,4,5,total_active_cpu_ms,33921.875,36171.875,2.1507987466548073,-1.6992563870803636,7.29967315178187
hosted-final-archived/windows-net10.0-idle/readers.jsonl,point,idle,4,5,read_completion_fraction,1.0,1.0,0.0,0.0,0.0
hosted-final-archived/windows-net10.0-idle/readers.jsonl,point,idle,4,5,median_reader_api_p99_ms,0.3795,0.2796,-24.958566737309276,-35.50418191130999,-14.412951563308564
hosted-final-archived/windows-net10.0-idle/readers.jsonl,point,idle,4,5,median_reader_arrival_p99_ms,0.3793000000000575,0.27944999999954234,-24.982129299072586,-35.55415476566014,-14.410103832485035
hosted-final-archived/windows-net10.0-writer/readers.jsonl,large,writer,1,5,read_calls_per_second,49.8107590440966,107.9990388085546,115.9422111391172,108.39909091994946,124.43351570348742
hosted-final-archived/windows-net10.0-writer/readers.jsonl,large,writer,1,5,writer_transactions_per_second,55.40495059106301,54.8962966958249,-1.0784031825299478,-4.559224649501639,3.4713977616715708
hosted-final-archived/windows-net10.0-writer/readers.jsonl,large,writer,1,5,writer_p99_ms,35.1121,35.9965,2.3396378400884776,-1.2672444687067097,5.767521075661857
hosted-final-archived/windows-net10.0-writer/readers.jsonl,large,writer,1,5,total_active_cpu_ms,9437.5,10281.25,5.545337035995788,2.122806376034343,8.647617303622406
hosted-final-archived/windows-net10.0-writer/readers.jsonl,large,writer,1,5,read_completion_fraction,1.0,1.0,0.0,0.0,0.0
hosted-final-archived/windows-net10.0-writer/readers.jsonl,large,writer,1,5,median_reader_api_p99_ms,39.1109,48.9929,26.882052356482482,14.65818918719286,39.105915525772105
hosted-final-archived/windows-net10.0-writer/readers.jsonl,large,writer,1,5,median_reader_arrival_p99_ms,39.11040000000048,48.99200000000019,26.881901750549304,14.657551206634338,39.10625229446427
hosted-final-archived/windows-net10.0-writer/readers.jsonl,large,writer,4,5,read_calls_per_second,452.71553134694,305.2264969626643,-33.367112355627604,-35.841793438426095,-31.00162244638177
hosted-final-archived/windows-net10.0-writer/readers.jsonl,large,writer,4,5,writer_transactions_per_second,36.23749032918216,44.45592328573989,23.221279940544555,21.425508950317447,24.900815777925025
hosted-final-archived/windows-net10.0-writer/readers.jsonl,large,writer,4,5,writer_p99_ms,52.0008,43.7769,-17.210104232884248,-18.45312846120769,-15.967080004560808
hosted-final-archived/windows-net10.0-writer/readers.jsonl,large,writer,4,5,total_active_cpu_ms,18453.125,15500.0,-15.661524674386468,-20.64527952872208,-11.860344099614927
hosted-final-archived/windows-net10.0-writer/readers.jsonl,large,writer,4,5,read_completion_fraction,1.0,1.0,0.0,0.0,0.0
hosted-final-archived/windows-net10.0-writer/readers.jsonl,large,writer,4,5,median_reader_api_p99_ms,43.4461,57.95095,35.690424590989515,32.7434180839638,39.52869639458697
hosted-final-archived/windows-net10.0-writer/readers.jsonl,large,writer,4,5,median_reader_arrival_p99_ms,43.44514999999956,57.950000000000045,35.69085297910531,32.74368768877339,39.52935227952476
hosted-final-archived/windows-net10.0-writer/readers.jsonl,medium,writer,1,5,read_calls_per_second,52.43657010297494,376.89457020189883,620.9668964097817,578.5496671489611,665.4306583628643
hosted-final-archived/windows-net10.0-writer/readers.jsonl,medium,writer,1,5,writer_transactions_per_second,49.32566080334667,45.01569505645522,-6.978200237185783,-13.843750426369743,-0.11265004800182332
hosted-final-archived/windows-net10.0-writer/readers.jsonl,medium,writer,1,5,writer_p99_ms,36.2103,40.2223,35.88309529004034,4.114813704681426,93.53574731447557
hosted-final-archived/windows-net10.0-writer/readers.jsonl,medium,writer,1,5,total_active_cpu_ms,8187.5,8937.5,7.678984121310175,2.7315150241825803,13.361366703471969
hosted-final-archived/windows-net10.0-writer/readers.jsonl,medium,writer,1,5,read_completion_fraction,1.0,1.0,0.0,0.0,0.0
hosted-final-archived/windows-net10.0-writer/readers.jsonl,medium,writer,1,5,median_reader_api_p99_ms,35.3155,34.2357,-0.022305880303328786,-8.581363767476088,10.20334377717317
hosted-final-archived/windows-net10.0-writer/readers.jsonl,medium,writer,1,5,median_reader_arrival_p99_ms,35.31490000000031,34.234300000000076,-0.021964074043252423,-8.581879148415492,10.203695855749906
hosted-final-archived/windows-net10.0-writer/readers.jsonl,medium,writer,4,5,read_calls_per_second,2867.195561702629,1151.9857902637473,-58.5318383510291,-60.26329171990683,-56.62042209965789
hosted-final-archived/windows-net10.0-writer/readers.jsonl,medium,writer,4,5,writer_transactions_per_second,24.881518505684348,39.77728478375139,58.54461578173653,52.413433451667366,63.90849133879497
hosted-final-archived/windows-net10.0-writer/readers.jsonl,medium,writer,4,5,writer_p99_ms,114.3533,49.4684,-51.07653183102951,-59.184445035600504,-40.402943725068596
hosted-final-archived/windows-net10.0-writer/readers.jsonl,medium,writer,4,5,total_active_cpu_ms,20203.125,14109.375,-31.274417698169497,-35.03269227101107,-28.986549321110044
hosted-final-archived/windows-net10.0-writer/readers.jsonl,medium,writer,4,5,read_completion_fraction,1.0,1.0,0.0,0.0,0.0
hosted-final-archived/windows-net10.0-writer/readers.jsonl,medium,writer,4,5,median_reader_api_p99_ms,28.73395,42.41545,46.175663910706476,38.10101949544874,54.250308325964205
hosted-final-archived/windows-net10.0-writer/readers.jsonl,medium,writer,4,5,median_reader_arrival_p99_ms,28.732350000000054,42.41445000000044,46.17737123125157,38.103816271673864,54.250926190829276
hosted-final-archived/windows-net10.0-writer/readers.jsonl,point,writer,1,5,read_calls_per_second,104.3419722989454,1985.4938411024787,1808.0834898209664,1640.493869408363,1944.5808454629037
hosted-final-archived/windows-net10.0-writer/readers.jsonl,point,writer,1,5,writer_transactions_per_second,51.47226468489719,50.50649127192933,-1.4848933720325386,-3.6665581899814526,0.8385666270390768
hosted-final-archived/windows-net10.0-writer/readers.jsonl,point,writer,1,5,writer_p99_ms,35.052,35.9288,-0.3234339786608567,-9.170688329542978,6.350686023007022
hosted-final-archived/windows-net10.0-writer/readers.jsonl,point,writer,1,5,total_active_cpu_ms,7671.875,8468.75,13.438138522740438,8.954599122955873,19.983088115160463
hosted-final-archived/windows-net10.0-writer/readers.jsonl,point,writer,1,5,read_completion_fraction,1.0,1.0,0.0,0.0,0.0
hosted-final-archived/windows-net10.0-writer/readers.jsonl,point,writer,1,5,median_reader_api_p99_ms,33.4627,16.922,-45.12101068611177,-52.73285254545855,-33.16330561157454
hosted-final-archived/windows-net10.0-writer/readers.jsonl,point,writer,1,5,median_reader_arrival_p99_ms,33.46220000000085,16.921800000000076,-45.12030904979959,-52.73225715023218,-33.1621464630783
hosted-final-archived/windows-net10.0-writer/readers.jsonl,point,writer,4,5,read_calls_per_second,11509.999811078846,4499.14363812868,-59.06672445776467,-63.00807731923957,-54.20080198371039
hosted-final-archived/windows-net10.0-writer/readers.jsonl,point,writer,4,5,writer_transactions_per_second,35.9159211876589,44.6675539354968,22.953235235887973,17.615344140852272,26.690651329733818
hosted-final-archived/windows-net10.0-writer/readers.jsonl,point,writer,4,5,writer_p99_ms,65.3833,37.9342,-37.56091911412294,-44.09208686185123,-29.77823141990077
hosted-final-archived/windows-net10.0-writer/readers.jsonl,point,writer,4,5,total_active_cpu_ms,14703.125,11031.25,-25.094352693608442,-26.627141876134623,-23.33387546625939
hosted-final-archived/windows-net10.0-writer/readers.jsonl,point,writer,4,5,read_completion_fraction,1.0,1.0,0.0,0.0,0.0
hosted-final-archived/windows-net10.0-writer/readers.jsonl,point,writer,4,5,median_reader_api_p99_ms,15.9326,25.6828,61.5718218402514,51.346807853912665,72.9287115263954
hosted-final-archived/windows-net10.0-writer/readers.jsonl,point,writer,4,5,median_reader_arrival_p99_ms,15.93220000000008,25.68219999999974,61.60274302085099,51.40991459024301,72.95898853318175
hosted-final-saturated/ubuntu-net10.0-checkpoint/readers.jsonl,large,checkpoint,1,5,read_calls_per_second,73.68208051801801,184.03983185777074,151.41122343359706,149.4854862945881,154.32093365197278
hosted-final-saturated/ubuntu-net10.0-checkpoint/readers.jsonl,large,checkpoint,1,5,writer_transactions_per_second,73.47863167912139,71.05991581208956,-3.4875211484691415,-4.294621925506267,-2.961185446051149
hosted-final-saturated/ubuntu-net10.0-checkpoint/readers.jsonl,large,checkpoint,1,5,writer_p99_ms,19.592767,20.289559,4.033542349710029,1.9592632876504326,5.7765608371904476
hosted-final-saturated/ubuntu-net10.0-checkpoint/readers.jsonl,large,checkpoint,1,5,total_active_cpu_ms,9683.37,10947.346,13.158441268537263,12.65284587235357,13.98106741521083
hosted-final-saturated/ubuntu-net10.0-checkpoint/readers.jsonl,large,checkpoint,1,5,read_completion_fraction,1.0,1.0,0.0,0.0,0.0
hosted-final-saturated/ubuntu-net10.0-checkpoint/readers.jsonl,large,checkpoint,1,5,median_reader_api_p99_ms,21.243304,22.666806,5.7558177749252115,4.23052609380834,7.062623685287872
hosted-final-saturated/ubuntu-net10.0-checkpoint/readers.jsonl,large,checkpoint,1,5,median_reader_arrival_p99_ms,21.243099999999686,22.66650000000027,5.754692201168958,4.229420616691648,7.061200582314785
hosted-final-saturated/ubuntu-net10.0-checkpoint/readers.jsonl,large,checkpoint,4,5,read_calls_per_second,345.26283501360996,508.2530727705826,48.04776152477321,46.691474459993195,49.83425890423188
hosted-final-saturated/ubuntu-net10.0-checkpoint/readers.jsonl,large,checkpoint,4,5,writer_transactions_per_second,53.675964439883465,53.65859273715659,-0.07225000212070398,-0.3844496380718221,0.3132474531960283
hosted-final-saturated/ubuntu-net10.0-checkpoint/readers.jsonl,large,checkpoint,4,5,writer_p99_ms,25.607041,27.124109,6.284957400550062,5.050658912230328,7.4400349152762235
hosted-final-saturated/ubuntu-net10.0-checkpoint/readers.jsonl,large,checkpoint,4,5,total_active_cpu_ms,16928.207,17411.465,3.206182075861479,2.403963418697699,4.043183869238947
hosted-final-saturated/ubuntu-net10.0-checkpoint/readers.jsonl,large,checkpoint,4,5,read_completion_fraction,1.0,1.0,0.0,0.0,0.0
hosted-final-saturated/ubuntu-net10.0-checkpoint/readers.jsonl,large,checkpoint,4,5,median_reader_api_p99_ms,23.998748,30.395681,26.832593062012577,25.35570692375827,28.48688969961109
hosted-final-saturated/ubuntu-net10.0-checkpoint/readers.jsonl,large,checkpoint,4,5,median_reader_arrival_p99_ms,23.99805000000015,30.394950000000335,26.832293927784498,25.355579121357728,28.48637519349298
hosted-final-saturated/ubuntu-net10.0-checkpoint/readers.jsonl,medium,checkpoint,1,5,read_calls_per_second,75.42629417959064,551.3439613997633,630.7341113187874,603.88580767969,657.687803990402
hosted-final-saturated/ubuntu-net10.0-checkpoint/readers.jsonl,medium,checkpoint,1,5,writer_transactions_per_second,74.7405058099702,72.68520274642489,-2.5231750279071874,-2.9160370200357844,-2.018023403366389
hosted-final-saturated/ubuntu-net10.0-checkpoint/readers.jsonl,medium,checkpoint,1,5,writer_p99_ms,19.35341,19.711488,2.396342330582293,0.9483200866347419,3.5489695516210906
hosted-final-saturated/ubuntu-net10.0-checkpoint/readers.jsonl,medium,checkpoint,1,5,total_active_cpu_ms,8355.876,9976.003,19.021129234882462,18.504029453355898,19.52961260319155
hosted-final-saturated/ubuntu-net10.0-checkpoint/readers.jsonl,medium,checkpoint,1,5,read_completion_fraction,1.0,1.0,0.0,0.0,0.0
hosted-final-saturated/ubuntu-net10.0-checkpoint/readers.jsonl,medium,checkpoint,1,5,median_reader_api_p99_ms,19.104423,8.551013,-56.34206684931366,-57.915973796111345,-55.06376924319611
hosted-final-saturated/ubuntu-net10.0-checkpoint/readers.jsonl,medium,checkpoint,1,5,median_reader_arrival_p99_ms,19.104099999999562,8.550700000000006,-56.34241516517878,-57.91634944160633,-55.06414879691175
hosted-final-saturated/ubuntu-net10.0-checkpoint/readers.jsonl,medium,checkpoint,4,5,read_calls_per_second,357.70848744662703,1700.2047806948563,378.95434553570396,373.9026021971545,384.4746127307684
hosted-final-saturated/ubuntu-net10.0-checkpoint/readers.jsonl,medium,checkpoint,4,5,writer_transactions_per_second,60.829863775365645,58.752907194767104,-3.58123741607582,-3.834852972781848,-3.2937772706265163
hosted-final-saturated/ubuntu-net10.0-checkpoint/readers.jsonl,medium,checkpoint,4,5,writer_p99_ms,22.992903,24.581715,7.02298271390617,5.652193708638769,8.393771719173571
hosted-final-saturated/ubuntu-net10.0-checkpoint/readers.jsonl,medium,checkpoint,4,5,total_active_cpu_ms,10537.983,15023.423999999999,43.489546556745246,42.927780127646244,44.01756792525295
hosted-final-saturated/ubuntu-net10.0-checkpoint/readers.jsonl,medium,checkpoint,4,5,read_completion_fraction,1.0,1.0,0.0,0.0,0.0
hosted-final-saturated/ubuntu-net10.0-checkpoint/readers.jsonl,medium,checkpoint,4,5,median_reader_api_p99_ms,22.310015,21.097325,-5.3907102355319925,-7.654169413015104,-3.647742800159672
hosted-final-saturated/ubuntu-net10.0-checkpoint/readers.jsonl,medium,checkpoint,4,5,median_reader_arrival_p99_ms,22.309450000000652,21.096599999999853,-5.3907745226787185,-7.654320956767369,-3.6480997609315695
hosted-final-saturated/ubuntu-net10.0-checkpoint/readers.jsonl,point,checkpoint,1,5,read_calls_per_second,153.3469229676168,2253.4056662953385,1369.5542241241433,1337.731619141274,1398.893688977425
hosted-final-saturated/ubuntu-net10.0-checkpoint/readers.jsonl,point,checkpoint,1,5,writer_transactions_per_second,76.37189208883564,75.47156306975094,-1.269141508769227,-2.066527925220061,-0.628091673026796
hosted-final-saturated/ubuntu-net10.0-checkpoint/readers.jsonl,point,checkpoint,1,5,writer_p99_ms,18.832251,19.283973,1.55015552487074,0.9126540793928006,2.0726527894640157
hosted-final-saturated/ubuntu-net10.0-checkpoint/readers.jsonl,point,checkpoint,1,5,total_active_cpu_ms,8057.873,9033.17,12.34519164532515,11.782236492528435,12.95681497210408
hosted-final-saturated/ubuntu-net10.0-checkpoint/readers.jsonl,point,checkpoint,1,5,read_completion_fraction,1.0,1.0,0.0,0.0,0.0
hosted-final-saturated/ubuntu-net10.0-checkpoint/readers.jsonl,point,checkpoint,1,5,median_reader_api_p99_ms,18.504154,5.900274,-67.19913184595121,-68.53687702700009,-65.69662505166968
hosted-final-saturated/ubuntu-net10.0-checkpoint/readers.jsonl,point,checkpoint,1,5,median_reader_arrival_p99_ms,18.5037999999995,5.900200000000041,-67.19875439458407,-68.53645839687996,-65.69607390662023
hosted-final-saturated/ubuntu-net10.0-checkpoint/readers.jsonl,point,checkpoint,4,5,read_calls_per_second,552.5694226854737,7802.011610159829,1323.3966207846174,1304.315208092145,1339.506348648313
hosted-final-saturated/ubuntu-net10.0-checkpoint/readers.jsonl,point,checkpoint,4,5,writer_transactions_per_second,70.2949521194883,67.2793116116794,-4.24135341760368,-4.712699351043437,-3.770007484163922
hosted-final-saturated/ubuntu-net10.0-checkpoint/readers.jsonl,point,checkpoint,4,5,writer_p99_ms,20.302942,21.190885,3.695146424460929,2.834033764241952,4.383511844694623
hosted-final-saturated/ubuntu-net10.0-checkpoint/readers.jsonl,point,checkpoint,4,5,total_active_cpu_ms,8443.846,12558.431,48.98915765541763,48.4263852639081,49.68263803672055
hosted-final-saturated/ubuntu-net10.0-checkpoint/readers.jsonl,point,checkpoint,4,5,read_completion_fraction,1.0,1.0,0.0,0.0,0.0
hosted-final-saturated/ubuntu-net10.0-checkpoint/readers.jsonl,point,checkpoint,4,5,median_reader_api_p99_ms,35.43327,7.127890000000001,-79.70933986600208,-81.38587519064707,-78.0328045413571
hosted-final-saturated/ubuntu-net10.0-checkpoint/readers.jsonl,point,checkpoint,4,5,median_reader_arrival_p99_ms,35.43270000000041,7.127899999999499,-79.70926811099253,-81.38559762283312,-78.03293859915193
hosted-final-saturated/ubuntu-net10.0-writer/readers.jsonl,large,writer,1,5,read_calls_per_second,14.271991644557305,137.09048138357318,876.9578850755936,709.8579832068664,1025.6260830639574
hosted-final-saturated/ubuntu-net10.0-writer/readers.jsonl,large,writer,1,5,writer_transactions_per_second,14.27327927932676,12.44554791049393,-16.55797156164691,-37.84970366247118,10.122523267596424
hosted-final-saturated/ubuntu-net10.0-writer/readers.jsonl,large,writer,1,5,writer_p99_ms,357.391314,378.662411,24.443134684896314,-2.6080877248244105,54.62780862378698
hosted-final-saturated/ubuntu-net10.0-writer/readers.jsonl,large,writer,1,5,total_active_cpu_ms,2064.322,2782.471,43.42277129462554,13.860724328611393,79.29010166996474
hosted-final-saturated/ubuntu-net10.0-writer/readers.jsonl,large,writer,1,5,read_completion_fraction,1.0,1.0,0.0,0.0,0.0
hosted-final-saturated/ubuntu-net10.0-writer/readers.jsonl,large,writer,1,5,median_reader_api_p99_ms,355.318268,163.889161,-54.532485918484646,-57.71242844848329,-51.0005477825138
hosted-final-saturated/ubuntu-net10.0-writer/readers.jsonl,large,writer,1,5,median_reader_arrival_p99_ms,355.3171000000002,163.8872,-54.53265396352282,-57.712649263792265,-51.00073448283208
hosted-final-saturated/ubuntu-net10.0-writer/readers.jsonl,large,writer,4,5,read_calls_per_second,49.90451481492318,465.5534564378595,1048.4504091698134,815.468023223471,1294.6186293460364
hosted-final-saturated/ubuntu-net10.0-writer/readers.jsonl,large,writer,4,5,writer_transactions_per_second,10.958372489131104,11.377483277943952,37.75291206547071,-17.515380715423817,116.2152771279232
hosted-final-saturated/ubuntu-net10.0-writer/readers.jsonl,large,writer,4,5,writer_p99_ms,444.207587,558.331595,36.70824898336811,-11.006373487637905,80.36282196715158
hosted-final-saturated/ubuntu-net10.0-writer/readers.jsonl,large,writer,4,5,total_active_cpu_ms,2767.642,10112.874,268.30200312109673,204.56779218360435,332.0362140585891
hosted-final-saturated/ubuntu-net10.0-writer/readers.jsonl,large,writer,4,5,read_completion_fraction,1.0,1.0,0.0,0.0,0.0
hosted-final-saturated/ubuntu-net10.0-writer/readers.jsonl,large,writer,4,5,median_reader_api_p99_ms,453.9171175,143.30426699999998,-64.65169037271583,-77.79040869918038,-50.18344763311442
hosted-final-saturated/ubuntu-net10.0-writer/readers.jsonl,large,writer,4,5,median_reader_arrival_p99_ms,453.9160999999999,143.30264999999986,-64.65182882562344,-77.79056360895635,-50.183525924977566
hosted-final-saturated/ubuntu-net10.0-writer/readers.jsonl,medium,writer,1,5,read_calls_per_second,13.272210777795559,826.852928351698,6580.4149495337815,6048.544852214822,7086.659028901512
hosted-final-saturated/ubuntu-net10.0-writer/readers.jsonl,medium,writer,1,5,writer_transactions_per_second,13.272419381628202,14.918157211215894,12.355070030065257,-1.28457790474983,25.544800114368435
hosted-final-saturated/ubuntu-net10.0-writer/readers.jsonl,medium,writer,1,5,writer_p99_ms,391.505525,372.435777,0.8595094512414612,-17.024758856955852,25.43376426918693
hosted-final-saturated/ubuntu-net10.0-writer/readers.jsonl,medium,writer,1,5,total_active_cpu_ms,1313.702,2921.202,141.27723043766485,129.6933412367532,152.83676308490823
hosted-final-saturated/ubuntu-net10.0-writer/readers.jsonl,medium,writer,1,5,read_completion_fraction,1.0,1.0,0.0,0.0,0.0
hosted-final-saturated/ubuntu-net10.0-writer/readers.jsonl,medium,writer,1,5,median_reader_api_p99_ms,391.480756,10.300568,-97.13096518084878,-97.56561776564334,-96.6606683124675
hosted-final-saturated/ubuntu-net10.0-writer/readers.jsonl,medium,writer,1,5,median_reader_arrival_p99_ms,391.47939999999926,10.300400000000081,-97.13059346431392,-97.56478302778017,-96.66076602002316
hosted-final-saturated/ubuntu-net10.0-writer/readers.jsonl,medium,writer,4,5,read_calls_per_second,51.950579199337355,1758.8139844494074,3142.93171802014,2783.016951251958,3502.8464847883224
hosted-final-saturated/ubuntu-net10.0-writer/readers.jsonl,medium,writer,4,5,writer_transactions_per_second,11.582970301264147,13.345069292678861,28.071875237215686,1.714103647204777,55.35413946365607
hosted-final-saturated/ubuntu-net10.0-writer/readers.jsonl,medium,writer,4,5,writer_p99_ms,462.960826,417.229892,-2.817586391637211,-31.158028188409617,30.324899860996872
hosted-final-saturated/ubuntu-net10.0-writer/readers.jsonl,medium,writer,4,5,total_active_cpu_ms,1700.818,7844.36,414.620762550519,327.5795247026825,506.70592191285505
hosted-final-saturated/ubuntu-net10.0-writer/readers.jsonl,medium,writer,4,5,read_completion_fraction,1.0,1.0,0.0,0.0,0.0
hosted-final-saturated/ubuntu-net10.0-writer/readers.jsonl,medium,writer,4,5,median_reader_api_p99_ms,461.63327200000003,27.766512,-93.47139290567411,-96.14275083165961,-90.10773631460611
hosted-final-saturated/ubuntu-net10.0-writer/readers.jsonl,medium,writer,4,5,median_reader_arrival_p99_ms,461.6309,27.765800000000127,-93.47147794755882,-96.14284163956502,-90.10780339480013
hosted-final-saturated/ubuntu-net10.0-writer/readers.jsonl,point,writer,1,5,read_calls_per_second,14.357680736030549,4857.7132261781435,46273.4810073343,25328.489196541417,71362.28649370439
hosted-final-saturated/ubuntu-net10.0-writer/readers.jsonl,point,writer,1,5,writer_transactions_per_second,11.587912648316541,12.989639982735369,-8.584360022588138,-34.342813497938714,20.938622957496356
hosted-final-saturated/ubuntu-net10.0-writer/readers.jsonl,point,writer,1,5,writer_p99_ms,411.671228,408.372356,11.517879915799366,-15.607552931851831,38.64331276345057
hosted-final-saturated/ubuntu-net10.0-writer/readers.jsonl,point,writer,1,5,total_active_cpu_ms,1450.8139999999999,2346.291,59.686644018224925,30.497059937388872,91.22218175233597
hosted-final-saturated/ubuntu-net10.0-writer/readers.jsonl,point,writer,1,5,read_completion_fraction,1.0,1.0,0.0,0.0,0.0
hosted-final-saturated/ubuntu-net10.0-writer/readers.jsonl,point,writer,1,5,median_reader_api_p99_ms,411.742567,1.109273,-99.72061157897801,-99.76300000904186,-99.66636497735368
hosted-final-saturated/ubuntu-net10.0-writer/readers.jsonl,point,writer,1,5,median_reader_arrival_p99_ms,411.7406000000001,1.1091000000001259,-99.72064104063173,-99.76301462266406,-99.66642326498989
hosted-final-saturated/ubuntu-net10.0-writer/readers.jsonl,point,writer,4,5,read_calls_per_second,164.60358656925388,23110.654264641587,9955.851355718198,5767.753601895381,14555.983246052458
hosted-final-saturated/ubuntu-net10.0-writer/readers.jsonl,point,writer,4,5,writer_transactions_per_second,18.885957157695824,14.487734265307925,-7.931509390024121,-31.68408967017311,12.19353986256806
hosted-final-saturated/ubuntu-net10.0-writer/readers.jsonl,point,writer,4,5,writer_p99_ms,332.340446,367.017735,17.93577446824672,-9.22688948322743,45.098438419720864
hosted-final-saturated/ubuntu-net10.0-writer/readers.jsonl,point,writer,4,5,total_active_cpu_ms,2041.0420000000001,7234.244,280.1594709140203,209.72662454477017,377.5515773375081
hosted-final-saturated/ubuntu-net10.0-writer/readers.jsonl,point,writer,4,5,read_completion_fraction,1.0,1.0,0.0,0.0,0.0
hosted-final-saturated/ubuntu-net10.0-writer/readers.jsonl,point,writer,4,5,median_reader_api_p99_ms,324.510356,1.131002,-99.59557017784715,-99.68538868316652,-99.49657557616338
hosted-final-saturated/ubuntu-net10.0-writer/readers.jsonl,point,writer,4,5,median_reader_arrival_p99_ms,324.50884999999994,1.1308500000000095,-99.59561857467651,-99.68543430323534,-99.4966339257976
hosted-final-saturated/ubuntu-net8.0-checkpoint/readers.jsonl,large,checkpoint,1,5,read_calls_per_second,64.53010099460265,160.69816482695768,146.72572056920725,140.28111775570056,152.42583723457426
hosted-final-saturated/ubuntu-net8.0-checkpoint/readers.jsonl,large,checkpoint,1,5,writer_transactions_per_second,64.44925394642766,63.88897531841906,-1.6692104375476813,-2.839104289437855,-0.2517307345066522
hosted-final-saturated/ubuntu-net8.0-checkpoint/readers.jsonl,large,checkpoint,1,5,writer_p99_ms,26.09855,26.611349,3.0219867988392157,-1.2561872682241826,8.802537531981276
hosted-final-saturated/ubuntu-net8.0-checkpoint/readers.jsonl,large,checkpoint,1,5,total_active_cpu_ms,9390,10579.999899999999,12.201855430970566,11.036620058753872,13.52784376019064
hosted-final-saturated/ubuntu-net8.0-checkpoint/readers.jsonl,large,checkpoint,1,5,read_completion_fraction,1.0,1.0,0.0,0.0,0.0
hosted-final-saturated/ubuntu-net8.0-checkpoint/readers.jsonl,large,checkpoint,1,5,median_reader_api_p99_ms,27.079495,25.580015,-4.8051331688389505,-7.526536917788576,-1.3744709726910551
hosted-final-saturated/ubuntu-net8.0-checkpoint/readers.jsonl,large,checkpoint,1,5,median_reader_arrival_p99_ms,27.07869999999957,25.579400000000533,-4.805801709275375,-7.526803400550347,-1.3749991528627192
hosted-final-saturated/ubuntu-net8.0-checkpoint/readers.jsonl,large,checkpoint,4,5,read_calls_per_second,289.31644317728654,460.74991446428567,59.51726438925021,58.35233880454838,60.73156069573905
hosted-final-saturated/ubuntu-net8.0-checkpoint/readers.jsonl,large,checkpoint,4,5,writer_transactions_per_second,49.12494445361654,47.299258820614284,-3.896051328538146,-4.632277097507848,-2.9362978095358927
hosted-final-saturated/ubuntu-net8.0-checkpoint/readers.jsonl,large,checkpoint,4,5,writer_p99_ms,32.069457,34.733,8.135471278189401,5.206810633421544,12.225001793640283
hosted-final-saturated/ubuntu-net8.0-checkpoint/readers.jsonl,large,checkpoint,4,5,total_active_cpu_ms,15940,17040,7.18985382361828,6.517443751019032,7.954597357301489
hosted-final-saturated/ubuntu-net8.0-checkpoint/readers.jsonl,large,checkpoint,4,5,read_completion_fraction,1.0,1.0,0.0,0.0,0.0
hosted-final-saturated/ubuntu-net8.0-checkpoint/readers.jsonl,large,checkpoint,4,5,median_reader_api_p99_ms,28.838465,35.0575405,19.700110203359387,16.157944368447552,23.24227603827122
hosted-final-saturated/ubuntu-net8.0-checkpoint/readers.jsonl,large,checkpoint,4,5,median_reader_arrival_p99_ms,28.83779999999979,35.05675000000042,19.69967769548685,16.15758512551318,23.241770265460524
hosted-final-saturated/ubuntu-net8.0-checkpoint/readers.jsonl,medium,checkpoint,1,5,read_calls_per_second,66.5305706923426,456.48988874896423,587.5439791351556,583.7371974505068,592.6903325071892
hosted-final-saturated/ubuntu-net8.0-checkpoint/readers.jsonl,medium,checkpoint,1,5,writer_transactions_per_second,65.89050386058362,64.4337022307637,-2.3222641831091195,-3.0531270538367394,-1.4646791677601945
hosted-final-saturated/ubuntu-net8.0-checkpoint/readers.jsonl,medium,checkpoint,1,5,writer_p99_ms,26.056501,27.404528,4.737565576346487,1.4804225534111848,7.7250562754224585
hosted-final-saturated/ubuntu-net8.0-checkpoint/readers.jsonl,medium,checkpoint,1,5,total_active_cpu_ms,8140,9610.000100000001,19.20980992643767,17.369255902262758,21.05036395061259
hosted-final-saturated/ubuntu-net8.0-checkpoint/readers.jsonl,medium,checkpoint,1,5,read_completion_fraction,1.0,1.0,0.0,0.0,0.0
hosted-final-saturated/ubuntu-net8.0-checkpoint/readers.jsonl,medium,checkpoint,1,5,median_reader_api_p99_ms,26.021155,12.215731,-53.772121493118945,-57.23374171118833,-49.85622595072745
hosted-final-saturated/ubuntu-net8.0-checkpoint/readers.jsonl,medium,checkpoint,1,5,median_reader_arrival_p99_ms,26.020300000000134,12.215400000000045,-53.77209281859615,-57.233614347479865,-49.85641212380926
hosted-final-saturated/ubuntu-net8.0-checkpoint/readers.jsonl,medium,checkpoint,4,5,read_calls_per_second,300.3630910162613,1530.7999566541826,410.5555595083963,402.3007214014629,416.7157948814217
hosted-final-saturated/ubuntu-net8.0-checkpoint/readers.jsonl,medium,checkpoint,4,5,writer_transactions_per_second,51.79655811871301,52.38098674942969,0.6810500100826178,-1.183704807428434,2.9926482321737646
hosted-final-saturated/ubuntu-net8.0-checkpoint/readers.jsonl,medium,checkpoint,4,5,writer_p99_ms,30.630673,30.457297,0.2746313530382216,-1.6510949712396727,1.7633267449137293
hosted-final-saturated/ubuntu-net8.0-checkpoint/readers.jsonl,medium,checkpoint,4,5,total_active_cpu_ms,10100.000100000001,14849.999899999999,47.107323639379494,46.429059852326134,47.84364398200361
hosted-final-saturated/ubuntu-net8.0-checkpoint/readers.jsonl,medium,checkpoint,4,5,read_completion_fraction,1.0,1.0,0.0,0.0,0.0
hosted-final-saturated/ubuntu-net8.0-checkpoint/readers.jsonl,medium,checkpoint,4,5,median_reader_api_p99_ms,29.8751845,19.750219,-33.453196356068126,-35.900301135055194,-30.558176340554688
hosted-final-saturated/ubuntu-net8.0-checkpoint/readers.jsonl,medium,checkpoint,4,5,median_reader_arrival_p99_ms,29.874049999999897,19.749300000000403,-33.45369216310226,-35.90105561559402,-30.558905445502564
hosted-final-saturated/ubuntu-net8.0-checkpoint/readers.jsonl,point,checkpoint,1,5,read_calls_per_second,140.29162318717948,1786.5707002405159,1158.2002456412797,1103.8517247532754,1211.7440465972272
hosted-final-saturated/ubuntu-net8.0-checkpoint/readers.jsonl,point,checkpoint,1,5,writer_transactions_per_second,69.936953934137,69.69181539320023,0.03254852821927834,-0.7288486747318634,0.7201607372196683
hosted-final-saturated/ubuntu-net8.0-checkpoint/readers.jsonl,point,checkpoint,1,5,writer_p99_ms,24.069133,24.795419,1.1612753212086167,-3.824199351063173,6.666710777679289
hosted-final-saturated/ubuntu-net8.0-checkpoint/readers.jsonl,point,checkpoint,1,5,total_active_cpu_ms,7870,8810,11.905781611348388,11.395939086294424,12.557249706330525
hosted-final-saturated/ubuntu-net8.0-checkpoint/readers.jsonl,point,checkpoint,1,5,read_completion_fraction,1.0,1.0,0.0,0.0,0.0
hosted-final-saturated/ubuntu-net8.0-checkpoint/readers.jsonl,point,checkpoint,1,5,median_reader_api_p99_ms,22.433498,8.934697,-59.9995408535221,-61.96381985485097,-58.25409492554758
hosted-final-saturated/ubuntu-net8.0-checkpoint/readers.jsonl,point,checkpoint,1,5,median_reader_arrival_p99_ms,22.433199999999943,8.934600000000046,-59.999774869755704,-61.96428978506153,-58.25434667002283
hosted-final-saturated/ubuntu-net8.0-checkpoint/readers.jsonl,point,checkpoint,4,5,read_calls_per_second,686.7682782491482,6096.708343193162,791.6033034439749,758.6297782221236,816.1516911277664
hosted-final-saturated/ubuntu-net8.0-checkpoint/readers.jsonl,point,checkpoint,4,5,writer_transactions_per_second,61.77720359410174,59.21377290389734,-2.759597532767306,-3.93894932084629,-1.7184441037373133
hosted-final-saturated/ubuntu-net8.0-checkpoint/readers.jsonl,point,checkpoint,4,5,writer_p99_ms,27.227302,28.317012,3.1206885783744087,-1.3939869925292259,7.635364149278044
hosted-final-saturated/ubuntu-net8.0-checkpoint/readers.jsonl,point,checkpoint,4,5,total_active_cpu_ms,8339.9999,12210,46.44407946517334,45.0927362866723,47.91049718212768
hosted-final-saturated/ubuntu-net8.0-checkpoint/readers.jsonl,point,checkpoint,4,5,read_completion_fraction,1.0,1.0,0.0,0.0,0.0
hosted-final-saturated/ubuntu-net8.0-checkpoint/readers.jsonl,point,checkpoint,4,5,median_reader_api_p99_ms,43.4639725,9.8807705,-77.45946964000665,-77.81507172501252,-77.14605208247986
hosted-final-saturated/ubuntu-net8.0-checkpoint/readers.jsonl,point,checkpoint,4,5,median_reader_arrival_p99_ms,43.463350000000446,9.88054999999963,-77.45977788127941,-77.81527617015453,-77.1465897796277
hosted-final-saturated/ubuntu-net8.0-writer/readers.jsonl,large,writer,1,5,read_calls_per_second,14.050347639737014,195.7720176123299,1464.6045440102928,1134.572158153024,2060.938512493563
hosted-final-saturated/ubuntu-net8.0-writer/readers.jsonl,large,writer,1,5,writer_transactions_per_second,14.050522532501406,16.895982922415076,25.54830813504125,-5.221999831308076,56.31861610139058
hosted-final-saturated/ubuntu-net8.0-writer/readers.jsonl,large,writer,1,5,writer_p99_ms,467.078994,356.094719,-4.877492267246895,-30.561817353483132,29.743770266224594
hosted-final-saturated/ubuntu-net8.0-writer/readers.jsonl,large,writer,1,5,total_active_cpu_ms,1950,3830,115.62032101525205,94.45509279183943,136.7855492386647
hosted-final-saturated/ubuntu-net8.0-writer/readers.jsonl,large,writer,1,5,read_completion_fraction,1.0,1.0,0.0,0.0,0.0
hosted-final-saturated/ubuntu-net8.0-writer/readers.jsonl,large,writer,1,5,median_reader_api_p99_ms,471.570424,83.556762,-83.10845482630819,-89.61223182020892,-76.88191808150118
hosted-final-saturated/ubuntu-net8.0-writer/readers.jsonl,large,writer,1,5,median_reader_arrival_p99_ms,471.5697,83.55610000000001,-83.10856267038413,-89.61230788670106,-76.88205510799862
hosted-final-saturated/ubuntu-net8.0-writer/readers.jsonl,large,writer,4,5,read_calls_per_second,60.73694893259981,514.747111980303,702.5720884606787,507.71847252619193,894.7582192539816
hosted-final-saturated/ubuntu-net8.0-writer/readers.jsonl,large,writer,4,5,writer_transactions_per_second,12.985150441657929,13.498271681293927,3.117596956767513,-19.83803023150859,26.08964376183136
hosted-final-saturated/ubuntu-net8.0-writer/readers.jsonl,large,writer,4,5,writer_p99_ms,385.346628,365.372085,-12.613057242850845,-22.28928458198079,-2.7968140440195377
hosted-final-saturated/ubuntu-net8.0-writer/readers.jsonl,large,writer,4,5,total_active_cpu_ms,3319.9999,9080,165.591425114083,109.79499514645934,221.11008755400317
hosted-final-saturated/ubuntu-net8.0-writer/readers.jsonl,large,writer,4,5,read_completion_fraction,1.0,1.0,0.0,0.0,0.0
hosted-final-saturated/ubuntu-net8.0-writer/readers.jsonl,large,writer,4,5,median_reader_api_p99_ms,386.08721149999997,155.9863335,-62.05023558745416,-68.58928307670294,-56.39047526513285
hosted-final-saturated/ubuntu-net8.0-writer/readers.jsonl,large,writer,4,5,median_reader_arrival_p99_ms,386.08629999999994,155.9855500000005,-62.041659834406744,-68.58928847227715,-56.38181641969231
hosted-final-saturated/ubuntu-net8.0-writer/readers.jsonl,medium,writer,1,5,read_calls_per_second,16.998757730785034,668.3205166409559,3792.160351680697,2497.5143678073932,5277.914747189646
hosted-final-saturated/ubuntu-net8.0-writer/readers.jsonl,medium,writer,1,5,writer_transactions_per_second,17.078570663460024,18.987127755035907,8.11211743404219,-21.214318213841505,39.24846733561831
hosted-final-saturated/ubuntu-net8.0-writer/readers.jsonl,medium,writer,1,5,writer_p99_ms,368.84124,427.097055,5.576658831470623,-22.230899500291596,31.565545664423933
hosted-final-saturated/ubuntu-net8.0-writer/readers.jsonl,medium,writer,1,5,total_active_cpu_ms,1970,4090,92.02215475056407,57.42393830961693,120.90110767360636
hosted-final-saturated/ubuntu-net8.0-writer/readers.jsonl,medium,writer,1,5,read_completion_fraction,1.0,1.0,0.0,0.0,0.0
hosted-final-saturated/ubuntu-net8.0-writer/readers.jsonl,medium,writer,1,5,median_reader_api_p99_ms,369.419289,12.591742,-94.29423273323056,-96.96718973568447,-91.58173641457672
hosted-final-saturated/ubuntu-net8.0-writer/readers.jsonl,medium,writer,1,5,median_reader_arrival_p99_ms,369.4160999999999,12.591400000000021,-94.29433689794743,-96.9672666955755,-91.58189232235215
hosted-final-saturated/ubuntu-net8.0-writer/readers.jsonl,medium,writer,4,5,read_calls_per_second,76.89370599520704,1801.0976007693305,2488.2595127711493,2229.027391237454,2883.2125619880608
hosted-final-saturated/ubuntu-net8.0-writer/readers.jsonl,medium,writer,4,5,writer_transactions_per_second,18.298537946818048,16.91669879180937,8.115327898315266,-18.557919835229974,34.7885756318605
hosted-final-saturated/ubuntu-net8.0-writer/readers.jsonl,medium,writer,4,5,writer_p99_ms,362.346271,249.325156,-19.681036067695093,-35.89349573595411,-2.750107573037179
hosted-final-saturated/ubuntu-net8.0-writer/readers.jsonl,medium,writer,4,5,total_active_cpu_ms,2780,8960.000100000001,271.12303302510935,241.5107949640288,297.1987229983124
hosted-final-saturated/ubuntu-net8.0-writer/readers.jsonl,medium,writer,4,5,read_completion_fraction,1.0,1.0,0.0,0.0,0.0
hosted-final-saturated/ubuntu-net8.0-writer/readers.jsonl,medium,writer,4,5,median_reader_api_p99_ms,362.0125335,23.7557975,-90.35613859454992,-94.09564598230861,-86.43530203421412
hosted-final-saturated/ubuntu-net8.0-writer/readers.jsonl,medium,writer,4,5,median_reader_arrival_p99_ms,362.01159999999936,23.75530000000026,-90.35627677424195,-94.09580677985822,-86.4354450339627
hosted-final-saturated/ubuntu-net8.0-writer/readers.jsonl,point,writer,1,5,read_calls_per_second,14.143028506628916,8658.281583079499,68080.21674593541,39223.77438213569,97219.57618435306
hosted-final-saturated/ubuntu-net8.0-writer/readers.jsonl,point,writer,1,5,writer_transactions_per_second,14.143270639247644,12.279459901833008,-7.030284560913991,-21.34172383150889,7.45298697037382
hosted-final-saturated/ubuntu-net8.0-writer/readers.jsonl,point,writer,1,5,writer_p99_ms,379.894774,447.744807,27.257112018773178,7.735217671132749,45.65582235146958
hosted-final-saturated/ubuntu-net8.0-writer/readers.jsonl,point,writer,1,5,total_active_cpu_ms,1400,3020,109.50618079678742,64.94374569539661,157.20169617896175
hosted-final-saturated/ubuntu-net8.0-writer/readers.jsonl,point,writer,1,5,read_completion_fraction,1.0,1.0,0.0,0.0,0.0
hosted-final-saturated/ubuntu-net8.0-writer/readers.jsonl,point,writer,1,5,median_reader_api_p99_ms,379.988752,1.097938,-99.68264060036942,-99.71568401776806,-99.63416854681314
hosted-final-saturated/ubuntu-net8.0-writer/readers.jsonl,point,writer,1,5,median_reader_arrival_p99_ms,379.9879000000001,1.0978999999999814,-99.68261562882911,-99.71560251190904,-99.63417506807012
hosted-final-saturated/ubuntu-net8.0-writer/readers.jsonl,point,writer,4,5,read_calls_per_second,225.76299909573322,23388.59496523758,8515.09654741521,5943.6674106310675,11531.700508506336
hosted-final-saturated/ubuntu-net8.0-writer/readers.jsonl,point,writer,4,5,writer_transactions_per_second,12.165061488451647,16.29626277805711,30.789833547351016,-11.920947085635497,73.50061418033752
hosted-final-saturated/ubuntu-net8.0-writer/readers.jsonl,point,writer,4,5,writer_p99_ms,437.344018,401.059857,-3.3325041073794837,-45.59178320396287,42.855639044218634
hosted-final-saturated/ubuntu-net8.0-writer/readers.jsonl,point,writer,4,5,total_active_cpu_ms,1630,7760.0,361.221336361407,270.0544403644798,445.95672244410935
hosted-final-saturated/ubuntu-net8.0-writer/readers.jsonl,point,writer,4,5,read_completion_fraction,1.0,1.0,0.0,0.0,0.0
hosted-final-saturated/ubuntu-net8.0-writer/readers.jsonl,point,writer,4,5,median_reader_api_p99_ms,372.1771415,1.1457994999999999,-99.57918046431833,-99.73330242777607,-99.40546327133066
hosted-final-saturated/ubuntu-net8.0-writer/readers.jsonl,point,writer,4,5,median_reader_arrival_p99_ms,372.1761499999993,1.1456000000000586,-99.57928848424595,-99.73341023998364,-99.40557610780206
hosted-final-saturated/windows-net10.0-checkpoint/readers.jsonl,large,checkpoint,1,5,read_calls_per_second,54.76963845092473,125.75844252434133,150.67108351201372,129.166659047664,176.7050076407457
hosted-final-saturated/windows-net10.0-checkpoint/readers.jsonl,large,checkpoint,1,5,writer_transactions_per_second,56.88898117323655,56.115069841794444,3.9408278297597543,-2.5226914621946106,10.750650797129989
hosted-final-saturated/windows-net10.0-checkpoint/readers.jsonl,large,checkpoint,1,5,writer_p99_ms,36.2888,36.9633,-7.700179695046101,-23.204441927786526,1.825831534834812
hosted-final-saturated/windows-net10.0-checkpoint/readers.jsonl,large,checkpoint,1,5,total_active_cpu_ms,9062.5,9296.875,8.237800678348739,-1.3744516237677429,19.679073524694406
hosted-final-saturated/windows-net10.0-checkpoint/readers.jsonl,large,checkpoint,1,5,read_completion_fraction,1.0,1.0,0.0,0.0,0.0
hosted-final-saturated/windows-net10.0-checkpoint/readers.jsonl,large,checkpoint,1,5,median_reader_api_p99_ms,37.4821,46.2062,4.083598428771298,-14.393164334663982,20.558175782919204
hosted-final-saturated/windows-net10.0-checkpoint/readers.jsonl,large,checkpoint,1,5,median_reader_arrival_p99_ms,37.48149999999987,46.20550000000003,4.083874264653038,-14.393593004124671,20.559344967954395
hosted-final-saturated/windows-net10.0-checkpoint/readers.jsonl,large,checkpoint,4,5,read_calls_per_second,211.0337887607283,386.50961842029596,60.184437773808085,12.011013611160354,86.06717101324242
hosted-final-saturated/windows-net10.0-checkpoint/readers.jsonl,large,checkpoint,4,5,writer_transactions_per_second,36.717802425955185,39.433198190605204,-11.671213881793205,-50.74103302017812,8.997303422507178
hosted-final-saturated/windows-net10.0-checkpoint/readers.jsonl,large,checkpoint,4,5,writer_p99_ms,48.3908,51.8199,943.7415011568406,-0.8738907136835119,2826.2200572215843
hosted-final-saturated/windows-net10.0-checkpoint/readers.jsonl,large,checkpoint,4,5,total_active_cpu_ms,13781.25,14546.875,-7.344010509031771,-35.43303946651373,8.225149099383424
hosted-final-saturated/windows-net10.0-checkpoint/readers.jsonl,large,checkpoint,4,5,read_completion_fraction,1.0,1.0,0.0,0.0,0.0
hosted-final-saturated/windows-net10.0-checkpoint/readers.jsonl,large,checkpoint,4,5,median_reader_api_p99_ms,47.11435,53.50195,277.5192697092471,9.115365486640439,810.8916937776523
hosted-final-saturated/windows-net10.0-checkpoint/readers.jsonl,large,checkpoint,4,5,median_reader_arrival_p99_ms,47.11359999999968,53.5010999999995,277.523402720633,9.11549586064412,810.9037666154794
hosted-final-saturated/windows-net10.0-checkpoint/readers.jsonl,medium,checkpoint,1,5,read_calls_per_second,64.41600024735745,405.40060759728334,515.1921663401628,456.50220388612786,571.2982034067069
hosted-final-saturated/windows-net10.0-checkpoint/readers.jsonl,medium,checkpoint,1,5,writer_transactions_per_second,58.60194546678661,59.87162803290777,-0.32707040830396894,-3.486254417145627,3.229591091680257
hosted-final-saturated/windows-net10.0-checkpoint/readers.jsonl,medium,checkpoint,1,5,writer_p99_ms,36.7959,35.682,1.1650867213108373,-1.2973266340460143,3.592894880000059
hosted-final-saturated/windows-net10.0-checkpoint/readers.jsonl,medium,checkpoint,1,5,total_active_cpu_ms,7656.25,8578.125,11.89625212275553,10.351707462975469,13.440796782535594
hosted-final-saturated/windows-net10.0-checkpoint/readers.jsonl,medium,checkpoint,1,5,read_completion_fraction,1.0,1.0,0.0,0.0,0.0
hosted-final-saturated/windows-net10.0-checkpoint/readers.jsonl,medium,checkpoint,1,5,median_reader_api_p99_ms,35.7975,28.2761,-18.090232386577696,-23.341168832463286,-13.565599496858628
hosted-final-saturated/windows-net10.0-checkpoint/readers.jsonl,medium,checkpoint,1,5,median_reader_arrival_p99_ms,35.796800000000076,28.27539999999999,-18.090438419343016,-23.341733037894386,-13.565424044379563
hosted-final-saturated/windows-net10.0-checkpoint/readers.jsonl,medium,checkpoint,4,5,read_calls_per_second,327.1030484736691,1237.9614510757701,269.92297909384746,262.71123635039817,277.49259094022017
hosted-final-saturated/windows-net10.0-checkpoint/readers.jsonl,medium,checkpoint,4,5,writer_transactions_per_second,44.886569489543035,46.75697049519269,3.807486628113117,-0.600112613239645,8.084335068380332
hosted-final-saturated/windows-net10.0-checkpoint/readers.jsonl,medium,checkpoint,4,5,writer_p99_ms,38.2668,44.5061,16.208499526339697,8.220287653692964,27.03043373156259
hosted-final-saturated/windows-net10.0-checkpoint/readers.jsonl,medium,checkpoint,4,5,total_active_cpu_ms,9500.0,12468.75,33.02288333864956,28.28288543891528,37.762881238383834
hosted-final-saturated/windows-net10.0-checkpoint/readers.jsonl,medium,checkpoint,4,5,read_completion_fraction,1.0,1.0,0.0,0.0,0.0
hosted-final-saturated/windows-net10.0-checkpoint/readers.jsonl,medium,checkpoint,4,5,median_reader_api_p99_ms,33.775999999999996,39.72635,14.636062580261981,7.901886355255425,20.06815099623486
hosted-final-saturated/windows-net10.0-checkpoint/readers.jsonl,medium,checkpoint,4,5,median_reader_arrival_p99_ms,33.77554999999995,39.7251,14.574682342792862,7.840253020880477,20.067320986871998
hosted-final-saturated/windows-net10.0-checkpoint/readers.jsonl,point,checkpoint,1,5,read_calls_per_second,127.42686080470392,1807.257356003757,1296.1288939617687,1231.6769903278462,1379.3145281833804
hosted-final-saturated/windows-net10.0-checkpoint/readers.jsonl,point,checkpoint,1,5,writer_transactions_per_second,63.3830740741018,61.61029848591943,-2.5919137454103325,-4.34880810408838,-0.9346819883348356
hosted-final-saturated/windows-net10.0-checkpoint/readers.jsonl,point,checkpoint,1,5,writer_p99_ms,33.0366,35.0657,5.0754136667733185,3.098078991051887,7.115452391916111
hosted-final-saturated/windows-net10.0-checkpoint/readers.jsonl,point,checkpoint,1,5,total_active_cpu_ms,7437.5,8125.0,9.865330919609834,7.714777115745335,11.624039938556061
hosted-final-saturated/windows-net10.0-checkpoint/readers.jsonl,point,checkpoint,1,5,read_completion_fraction,1.0,1.0,0.0,0.0,0.0
hosted-final-saturated/windows-net10.0-checkpoint/readers.jsonl,point,checkpoint,1,5,median_reader_api_p99_ms,30.4137,21.305,-32.18900335947113,-35.93229593502993,-28.975237205640873
hosted-final-saturated/windows-net10.0-checkpoint/readers.jsonl,point,checkpoint,1,5,median_reader_arrival_p99_ms,30.412899999999993,21.304699999999684,-32.18855895813293,-35.93196578382017,-28.974721079547095
hosted-final-saturated/windows-net10.0-checkpoint/readers.jsonl,point,checkpoint,4,5,read_calls_per_second,435.9287509418469,4047.9429777693585,828.367904810883,807.0329607957896,852.1778781247816
hosted-final-saturated/windows-net10.0-checkpoint/readers.jsonl,point,checkpoint,4,5,writer_transactions_per_second,54.451514193701364,51.55267515973012,-4.242093198261814,-5.965112273000774,-2.519074123522853
hosted-final-saturated/windows-net10.0-checkpoint/readers.jsonl,point,checkpoint,4,5,writer_p99_ms,33.7534,37.4123,9.578644701990893,7.777854831244149,12.055864573143937
hosted-final-saturated/windows-net10.0-checkpoint/readers.jsonl,point,checkpoint,4,5,total_active_cpu_ms,7953.125,10734.375,40.627813170899366,35.716750097826335,45.915579191495496
hosted-final-saturated/windows-net10.0-checkpoint/readers.jsonl,point,checkpoint,4,5,read_completion_fraction,1.0,1.0,0.0,0.0,0.0
hosted-final-saturated/windows-net10.0-checkpoint/readers.jsonl,point,checkpoint,4,5,median_reader_api_p99_ms,31.50355,25.99485,-18.19500991979233,-19.09121460434837,-17.425985949998484
hosted-final-saturated/windows-net10.0-checkpoint/readers.jsonl,point,checkpoint,4,5,median_reader_arrival_p99_ms,31.50215,25.994250000000193,-18.1950166443854,-19.090974352517087,-17.425524472501078
hosted-final-saturated/windows-net10.0-writer/readers.jsonl,large,writer,1,5,read_calls_per_second,55.347872819899486,122.13724954530112,119.5796096300765,89.23353969814018,149.54647090556406
hosted-final-saturated/windows-net10.0-writer/readers.jsonl,large,writer,1,5,writer_transactions_per_second,58.235177841193185,55.734097773428786,-4.5728953284809855,-10.523929458583963,1.3781388016219909
hosted-final-saturated/windows-net10.0-writer/readers.jsonl,large,writer,1,5,writer_p99_ms,35.0119,37.1784,22.07365341542277,4.011974174619688,53.518798494520375
hosted-final-saturated/windows-net10.0-writer/readers.jsonl,large,writer,1,5,total_active_cpu_ms,9062.5,9250.0,1.0644593127888813,-1.2134034858005127,4.36756982477555
hosted-final-saturated/windows-net10.0-writer/readers.jsonl,large,writer,1,5,read_completion_fraction,1.0,1.0,0.0,0.0,0.0
hosted-final-saturated/windows-net10.0-writer/readers.jsonl,large,writer,1,5,median_reader_api_p99_ms,39.6704,48.4545,17.718094050238445,9.493637696740427,30.767892058682644
hosted-final-saturated/windows-net10.0-writer/readers.jsonl,large,writer,1,5,median_reader_arrival_p99_ms,39.67000000000007,48.45350000000053,17.71827063497184,9.49373276548178,30.767698201188786
hosted-final-saturated/windows-net10.0-writer/readers.jsonl,large,writer,4,5,read_calls_per_second,164.25268218069158,338.14787276772086,124.46810273844227,67.24340989669517,201.12044066881677
hosted-final-saturated/windows-net10.0-writer/readers.jsonl,large,writer,4,5,writer_transactions_per_second,45.087369224385476,45.306537596657236,25.82972696356935,-19.41112787363216,96.61967076159846
hosted-final-saturated/windows-net10.0-writer/readers.jsonl,large,writer,4,5,writer_p99_ms,41.706,44.8297,-4.883889995175809,-49.10370973542738,26.890915454951045
hosted-final-saturated/windows-net10.0-writer/readers.jsonl,large,writer,4,5,total_active_cpu_ms,12875.0,14281.25,1.1603684773663723,-9.896230982745491,11.282504670633426
hosted-final-saturated/windows-net10.0-writer/readers.jsonl,large,writer,4,5,read_completion_fraction,1.0,1.0,0.0,0.0,0.0
hosted-final-saturated/windows-net10.0-writer/readers.jsonl,large,writer,4,5,median_reader_api_p99_ms,49.20975,57.074650000000005,1.168933125232207,-37.80514527993559,23.55588240279477
hosted-final-saturated/windows-net10.0-writer/readers.jsonl,large,writer,4,5,median_reader_arrival_p99_ms,49.208900000000085,57.07365000000004,1.1811811986678293,-37.76921807734528,23.556804420786207
hosted-final-saturated/windows-net10.0-writer/readers.jsonl,medium,writer,1,5,read_calls_per_second,60.64569784215214,416.5723806854697,578.0978716637563,552.8228189496964,601.8121538160658
hosted-final-saturated/windows-net10.0-writer/readers.jsonl,medium,writer,1,5,writer_transactions_per_second,60.15178233128324,61.352306557451435,1.0682923289421022,-1.9704054143610406,5.173415915511495
hosted-final-saturated/windows-net10.0-writer/readers.jsonl,medium,writer,1,5,writer_p99_ms,35.1985,35.7828,1.2205044482485852,-6.393353652694058,8.255273823199364
hosted-final-saturated/windows-net10.0-writer/readers.jsonl,medium,writer,1,5,total_active_cpu_ms,7953.125,8890.625,12.519729448410647,8.036766475380853,16.92361096814188
hosted-final-saturated/windows-net10.0-writer/readers.jsonl,medium,writer,1,5,read_completion_fraction,1.0,1.0,0.0,0.0,0.0
hosted-final-saturated/windows-net10.0-writer/readers.jsonl,medium,writer,1,5,median_reader_api_p99_ms,35.0483,29.587,-15.877046208833603,-19.510174195529846,-11.347246198346417
hosted-final-saturated/windows-net10.0-writer/readers.jsonl,medium,writer,1,5,median_reader_arrival_p99_ms,35.0476000000001,29.586699999999837,-15.876617692724473,-19.50984558680599,-11.346634660877246
hosted-final-saturated/windows-net10.0-writer/readers.jsonl,medium,writer,4,5,read_calls_per_second,201.9300690784886,1092.3116442513574,451.2219562231296,427.2793766146077,475.73028330592416
hosted-final-saturated/windows-net10.0-writer/readers.jsonl,medium,writer,4,5,writer_transactions_per_second,50.39702355178903,48.5621026207358,-2.5640302621548483,-5.875061311152521,2.297353778570139
hosted-final-saturated/windows-net10.0-writer/readers.jsonl,medium,writer,4,5,writer_p99_ms,34.6969,39.0243,20.90831537900224,9.568952643332507,37.431305430013374
hosted-final-saturated/windows-net10.0-writer/readers.jsonl,medium,writer,4,5,total_active_cpu_ms,8875.0,12250.0,36.44663019144431,32.79391661215103,40.09934377073758
hosted-final-saturated/windows-net10.0-writer/readers.jsonl,medium,writer,4,5,read_completion_fraction,1.0,1.0,0.0,0.0,0.0
hosted-final-saturated/windows-net10.0-writer/readers.jsonl,medium,writer,4,5,median_reader_api_p99_ms,35.917950000000005,42.0037,17.50691396091736,15.053960108181352,19.88012751835755
hosted-final-saturated/windows-net10.0-writer/readers.jsonl,medium,writer,4,5,median_reader_arrival_p99_ms,35.91745000000083,42.002899999999954,17.506519657097762,15.053761099474531,19.87927294507977
hosted-final-saturated/windows-net10.0-writer/readers.jsonl,point,writer,1,5,read_calls_per_second,64.08432112999235,1757.302193428379,2694.9211902692505,2546.1817100350354,2796.576653089366
hosted-final-saturated/windows-net10.0-writer/readers.jsonl,point,writer,1,5,writer_transactions_per_second,64.08553909810252,62.95607680433515,-1.1189556103745457,-5.284259831820277,3.0463486110711857
hosted-final-saturated/windows-net10.0-writer/readers.jsonl,point,writer,1,5,writer_p99_ms,35.2153,35.137,3.784073934175351,-2.1908071190355294,10.719141808261911
hosted-final-saturated/windows-net10.0-writer/readers.jsonl,point,writer,1,5,total_active_cpu_ms,7796.875,8296.875,8.71347172936885,4.883848554956605,12.329688172524289
hosted-final-saturated/windows-net10.0-writer/readers.jsonl,point,writer,1,5,read_completion_fraction,1.0,1.0,0.0,0.0,0.0
hosted-final-saturated/windows-net10.0-writer/readers.jsonl,point,writer,1,5,median_reader_api_p99_ms,35.2843,21.8168,-35.31774546685339,-38.213639711341116,-31.471180508633164
hosted-final-saturated/windows-net10.0-writer/readers.jsonl,point,writer,1,5,median_reader_arrival_p99_ms,35.2837999999997,21.816800000000057,-35.31705700949715,-38.21296250473222,-31.470464636763246
hosted-final-saturated/windows-net10.0-writer/readers.jsonl,point,writer,4,5,read_calls_per_second,232.89562483680447,3879.7761925240025,1662.204001304735,1548.8004638008113,1775.607538808658
hosted-final-saturated/windows-net10.0-writer/readers.jsonl,point,writer,4,5,writer_transactions_per_second,57.09829504490996,52.07043937415801,-6.925834072507011,-11.496138102812106,-2.617209476572644
hosted-final-saturated/windows-net10.0-writer/readers.jsonl,point,writer,4,5,writer_p99_ms,35.0638,36.5752,2.496019480659988,-1.1223720778034618,4.9017137016658685
hosted-final-saturated/windows-net10.0-writer/readers.jsonl,point,writer,4,5,total_active_cpu_ms,7484.375,10828.125,41.39950970896069,36.809224239670655,45.536727905664875
hosted-final-saturated/windows-net10.0-writer/readers.jsonl,point,writer,4,5,read_completion_fraction,1.0,1.0,0.0,0.0,0.0
hosted-final-saturated/windows-net10.0-writer/readers.jsonl,point,writer,4,5,median_reader_api_p99_ms,35.1649,27.0334,-25.34707589570838,-28.275917255724135,-22.25026420828629
hosted-final-saturated/windows-net10.0-writer/readers.jsonl,point,writer,4,5,median_reader_arrival_p99_ms,35.16424999999981,27.03264999999942,-25.347522032503946,-28.276232420397076,-22.25038486157901
hosted-final-saturated/windows-net8.0-checkpoint/readers.jsonl,large,checkpoint,1,5,read_calls_per_second,52.52868347699496,116.08486239008701,128.4354748187649,108.90798871306129,147.96296092446852
hosted-final-saturated/windows-net8.0-checkpoint/readers.jsonl,large,checkpoint,1,5,writer_transactions_per_second,55.17547064101712,54.27342013522298,-4.563958680004944,-11.831350573974309,2.36256402203473
hosted-final-saturated/windows-net8.0-checkpoint/readers.jsonl,large,checkpoint,1,5,writer_p99_ms,35.9137,39.0228,9.489566007442225,-1.1422306565870932,22.578852541512436
hosted-final-saturated/windows-net8.0-checkpoint/readers.jsonl,large,checkpoint,1,5,total_active_cpu_ms,8890.625,9656.25,8.39995886308593,1.5207002037403083,15.009693258203033
hosted-final-saturated/windows-net8.0-checkpoint/readers.jsonl,large,checkpoint,1,5,read_completion_fraction,1.0,1.0,0.0,0.0,0.0
hosted-final-saturated/windows-net8.0-checkpoint/readers.jsonl,large,checkpoint,1,5,median_reader_api_p99_ms,38.8987,46.3114,13.432594399918539,5.322462670958901,20.398792317112488
hosted-final-saturated/windows-net8.0-checkpoint/readers.jsonl,large,checkpoint,1,5,median_reader_arrival_p99_ms,38.89820000000009,46.31029999999987,13.448358288239517,5.321701914967957,20.43085270085303
hosted-final-saturated/windows-net8.0-checkpoint/readers.jsonl,large,checkpoint,4,5,read_calls_per_second,203.86750337139247,375.9077729946331,82.40755971063588,79.09563064831733,85.71948877295445
hosted-final-saturated/windows-net8.0-checkpoint/readers.jsonl,large,checkpoint,4,5,writer_transactions_per_second,36.19224617317985,42.01499442298353,9.851104082959745,7.534259682876652,13.362208773632185
hosted-final-saturated/windows-net8.0-checkpoint/readers.jsonl,large,checkpoint,4,5,writer_p99_ms,48.6305,46.732,-0.9954599351471047,-5.080110701119516,5.241744977632711
hosted-final-saturated/windows-net8.0-checkpoint/readers.jsonl,large,checkpoint,4,5,total_active_cpu_ms,13843.75,14703.125,8.09049754965983,5.420839079889017,11.164473707755423
hosted-final-saturated/windows-net8.0-checkpoint/readers.jsonl,large,checkpoint,4,5,read_completion_fraction,1.0,1.0,0.0,0.0,0.0
hosted-final-saturated/windows-net8.0-checkpoint/readers.jsonl,large,checkpoint,4,5,median_reader_api_p99_ms,47.950950000000006,51.2114,7.939013164191202,5.941513012057511,9.959104186130597
hosted-final-saturated/windows-net8.0-checkpoint/readers.jsonl,large,checkpoint,4,5,median_reader_arrival_p99_ms,47.950250000000324,51.210349999999835,7.94477212307648,5.941177111607745,9.964760063648637
hosted-final-saturated/windows-net8.0-checkpoint/readers.jsonl,medium,checkpoint,1,5,read_calls_per_second,59.73337041197396,376.88483038557695,528.3112171202733,500.2071071210633,550.6503584133807
hosted-final-saturated/windows-net8.0-checkpoint/readers.jsonl,medium,checkpoint,1,5,writer_transactions_per_second,58.335446578171066,58.52198434267278,0.5730611462135005,-1.715802804466653,2.861925096893654
hosted-final-saturated/windows-net8.0-checkpoint/readers.jsonl,medium,checkpoint,1,5,writer_p99_ms,34.3756,35.4508,4.723877439651152,1.9377400984676598,7.510014780834645
hosted-final-saturated/windows-net8.0-checkpoint/readers.jsonl,medium,checkpoint,1,5,total_active_cpu_ms,8031.25,8859.375,12.536387467642754,9.10222323763346,15.553895375130816
hosted-final-saturated/windows-net8.0-checkpoint/readers.jsonl,medium,checkpoint,1,5,read_completion_fraction,1.0,1.0,0.0,0.0,0.0
hosted-final-saturated/windows-net8.0-checkpoint/readers.jsonl,medium,checkpoint,1,5,median_reader_api_p99_ms,34.3775,30.4151,-11.260111925642,-15.970986269443802,-5.549803619298485
hosted-final-saturated/windows-net8.0-checkpoint/readers.jsonl,medium,checkpoint,1,5,median_reader_arrival_p99_ms,34.37669999999889,30.41449999999986,-11.260174912731678,-15.971250025059723,-5.549684257947282
hosted-final-saturated/windows-net8.0-checkpoint/readers.jsonl,medium,checkpoint,4,5,read_calls_per_second,305.98891340722855,1134.6166313933293,262.2972874653332,248.94118825399295,275.65338667667345
hosted-final-saturated/windows-net8.0-checkpoint/readers.jsonl,medium,checkpoint,4,5,writer_transactions_per_second,42.39021506665616,44.848319039554774,7.133341566589952,3.7433590912722314,11.201062747462895
hosted-final-saturated/windows-net8.0-checkpoint/readers.jsonl,medium,checkpoint,4,5,writer_p99_ms,39.7301,40.755,4.929177042942232,1.7516490038219157,8.172954973794106
hosted-final-saturated/windows-net8.0-checkpoint/readers.jsonl,medium,checkpoint,4,5,total_active_cpu_ms,9500.0,13093.75,35.40080469146473,33.86291437161513,37.29041539325918
hosted-final-saturated/windows-net8.0-checkpoint/readers.jsonl,medium,checkpoint,4,5,read_completion_fraction,1.0,1.0,0.0,0.0,0.0
hosted-final-saturated/windows-net8.0-checkpoint/readers.jsonl,medium,checkpoint,4,5,median_reader_api_p99_ms,35.38295,38.840050000000005,8.824780259280546,1.2309444950153452,13.764706497948158
hosted-final-saturated/windows-net8.0-checkpoint/readers.jsonl,medium,checkpoint,4,5,median_reader_arrival_p99_ms,35.382100000000264,38.8390500000003,8.824711919990504,1.2306066743237547,13.764811112458096
hosted-final-saturated/windows-net8.0-checkpoint/readers.jsonl,point,checkpoint,1,5,read_calls_per_second,124.53554956144862,1546.096799579625,1157.5609797017519,1135.5874697873483,1172.105632793561
hosted-final-saturated/windows-net8.0-checkpoint/readers.jsonl,point,checkpoint,1,5,writer_transactions_per_second,62.31596194004689,60.83285512782412,-2.0345171483947277,-4.828569107596374,0.7595348108069189
hosted-final-saturated/windows-net8.0-checkpoint/readers.jsonl,point,checkpoint,1,5,writer_p99_ms,34.333,35.2764,6.212873634508707,0.9736114410573116,11.542156559256757
hosted-final-saturated/windows-net8.0-checkpoint/readers.jsonl,point,checkpoint,1,5,total_active_cpu_ms,7687.5,8328.125,8.995230856840854,6.184853497388447,12.36706082277137
hosted-final-saturated/windows-net8.0-checkpoint/readers.jsonl,point,checkpoint,1,5,read_completion_fraction,1.0,1.0,0.0,0.0,0.0
hosted-final-saturated/windows-net8.0-checkpoint/readers.jsonl,point,checkpoint,1,5,median_reader_api_p99_ms,31.1607,22.4389,-26.941197258494935,-30.146962176326724,-23.549231530989562
hosted-final-saturated/windows-net8.0-checkpoint/readers.jsonl,point,checkpoint,1,5,median_reader_arrival_p99_ms,31.160100000000057,22.4382999999998,-26.941305049060954,-30.147013601645824,-23.549128305827782
hosted-final-saturated/windows-net8.0-checkpoint/readers.jsonl,point,checkpoint,4,5,read_calls_per_second,410.14103359955453,3549.459278177179,788.1549248163702,763.9997735860885,811.0352680839384
hosted-final-saturated/windows-net8.0-checkpoint/readers.jsonl,point,checkpoint,4,5,writer_transactions_per_second,49.28541633556146,50.04480058495479,1.3939019283983733,-2.746780774389517,5.270098749988206
hosted-final-saturated/windows-net8.0-checkpoint/readers.jsonl,point,checkpoint,4,5,writer_p99_ms,36.039,36.6481,-2.577139618253254,-16.53371535108129,7.603318984357026
hosted-final-saturated/windows-net8.0-checkpoint/readers.jsonl,point,checkpoint,4,5,total_active_cpu_ms,8078.125,10921.875,35.51475386965533,30.887906712687688,40.30124365935696
hosted-final-saturated/windows-net8.0-checkpoint/readers.jsonl,point,checkpoint,4,5,read_completion_fraction,1.0,1.0,0.0,0.0,0.0
hosted-final-saturated/windows-net8.0-checkpoint/readers.jsonl,point,checkpoint,4,5,median_reader_api_p99_ms,33.5713,27.6141,-25.155819634836064,-41.64610713062619,-16.124018223566644
hosted-final-saturated/windows-net8.0-checkpoint/readers.jsonl,point,checkpoint,4,5,median_reader_arrival_p99_ms,33.57050000000004,27.574750000000222,-25.179971180426612,-41.64654531581648,-16.170881515995497
hosted-final-saturated/windows-net8.0-writer/readers.jsonl,large,writer,1,5,read_calls_per_second,49.58764077641289,123.01900337053097,196.87122827656648,122.39227521770519,328.7016504355012
hosted-final-saturated/windows-net8.0-writer/readers.jsonl,large,writer,1,5,writer_transactions_per_second,53.464409277388135,58.190020411499425,37.173071579513135,3.214621978107073,100.53574076026496
hosted-final-saturated/windows-net8.0-writer/readers.jsonl,large,writer,1,5,writer_p99_ms,35.806,36.4249,-15.719086591770527,-52.502837602154,4.4808810644942465
hosted-final-saturated/windows-net8.0-writer/readers.jsonl,large,writer,1,5,total_active_cpu_ms,8546.875,9375.0,16.88182897797239,0.4838111163548355,38.40225130884663
hosted-final-saturated/windows-net8.0-writer/readers.jsonl,large,writer,1,5,read_completion_fraction,1.0,1.0,0.0,0.0,0.0
hosted-final-saturated/windows-net8.0-writer/readers.jsonl,large,writer,1,5,median_reader_api_p99_ms,40.0561,46.4599,-4.025762481903925,-46.30912739514109,18.126942965507745
hosted-final-saturated/windows-net8.0-writer/readers.jsonl,large,writer,1,5,median_reader_arrival_p99_ms,40.05549999999994,46.45920000000024,-4.025930452470175,-46.309373972138545,18.127099262475376
hosted-final-saturated/windows-net8.0-writer/readers.jsonl,large,writer,4,5,read_calls_per_second,165.05923982159453,344.11165137054235,92.27400165810138,63.53941792652516,110.64121896143577
hosted-final-saturated/windows-net8.0-writer/readers.jsonl,large,writer,4,5,writer_transactions_per_second,45.037124121385375,44.68821527075095,-8.12679227474884,-22.52854854642326,0.35949280595355626
hosted-final-saturated/windows-net8.0-writer/readers.jsonl,large,writer,4,5,writer_p99_ms,39.3782,46.6752,37.74606734570737,9.95387083740288,87.25648749604414
hosted-final-saturated/windows-net8.0-writer/readers.jsonl,large,writer,4,5,total_active_cpu_ms,13234.375,14328.125,4.247995839234917,-10.86034609927744,12.848977812280216
hosted-final-saturated/windows-net8.0-writer/readers.jsonl,large,writer,4,5,read_completion_fraction,1.0,1.0,0.0,0.0,0.0
hosted-final-saturated/windows-net8.0-writer/readers.jsonl,large,writer,4,5,median_reader_api_p99_ms,47.35035,56.1576,21.95584211653256,17.162627175412844,29.479473682274993
hosted-final-saturated/windows-net8.0-writer/readers.jsonl,large,writer,4,5,median_reader_arrival_p99_ms,47.34979999999996,56.15660000000037,21.95568356951165,17.161869842039355,29.479601021356576
hosted-final-saturated/windows-net8.0-writer/readers.jsonl,medium,writer,1,5,read_calls_per_second,59.82402767253781,398.8922335682124,557.2638222420818,540.7319719319546,572.1725237643661
hosted-final-saturated/windows-net8.0-writer/readers.jsonl,medium,writer,1,5,writer_transactions_per_second,59.819054649819506,61.86991884545734,2.2207534046511967,0.053660927999141794,4.55134800687123
hosted-final-saturated/windows-net8.0-writer/readers.jsonl,medium,writer,1,5,writer_p99_ms,35.4939,35.3971,-1.5629739428210287,-5.155342691066631,1.4889576322180376
hosted-final-saturated/windows-net8.0-writer/readers.jsonl,medium,writer,1,5,total_active_cpu_ms,7593.75,8968.75,16.924689942784262,12.380040743195147,20.95089410404272
hosted-final-saturated/windows-net8.0-writer/readers.jsonl,medium,writer,1,5,read_completion_fraction,1.0,1.0,0.0,0.0,0.0
hosted-final-saturated/windows-net8.0-writer/readers.jsonl,medium,writer,1,5,median_reader_api_p99_ms,35.2711,29.3833,-17.28370573553416,-19.55282611719629,-14.922221819167357
hosted-final-saturated/windows-net8.0-writer/readers.jsonl,medium,writer,1,5,median_reader_arrival_p99_ms,35.27070000000003,29.382700000000114,-17.28398325166877,-19.5531416326591,-14.922099688027483
hosted-final-saturated/windows-net8.0-writer/readers.jsonl,medium,writer,4,5,read_calls_per_second,191.60960548699506,1084.8861421552915,456.37811284438095,407.1821555065811,494.0999524304704
hosted-final-saturated/windows-net8.0-writer/readers.jsonl,medium,writer,4,5,writer_transactions_per_second,47.9066161122785,50.06433717006028,4.33210575128411,-0.9076604198721938,8.228324337374122
hosted-final-saturated/windows-net8.0-writer/readers.jsonl,medium,writer,4,5,writer_p99_ms,37.8874,39.0506,0.582592923149934,-7.049951319803698,7.174504113909293
hosted-final-saturated/windows-net8.0-writer/readers.jsonl,medium,writer,4,5,total_active_cpu_ms,8906.25,12578.125,41.50236919381388,33.093179358421665,49.91155902920609
hosted-final-saturated/windows-net8.0-writer/readers.jsonl,medium,writer,4,5,read_completion_fraction,1.0,1.0,0.0,0.0,0.0
hosted-final-saturated/windows-net8.0-writer/readers.jsonl,medium,writer,4,5,median_reader_api_p99_ms,39.06455,42.2712,5.828855329455152,-7.48387355134634,15.789596427093215
hosted-final-saturated/windows-net8.0-writer/readers.jsonl,medium,writer,4,5,median_reader_arrival_p99_ms,39.06385000000023,42.270249999999805,5.828098128569925,-7.484711824219656,15.788788878074334
hosted-final-saturated/windows-net8.0-writer/readers.jsonl,point,writer,1,5,read_calls_per_second,65.62534854102064,1591.989795345412,2274.8685188517225,2046.33007681105,2466.758387261475
hosted-final-saturated/windows-net8.0-writer/readers.jsonl,point,writer,1,5,writer_transactions_per_second,65.51547586396886,62.48108163176272,-4.236484285776714,-7.682233089712286,-1.5981589660791995
hosted-final-saturated/windows-net8.0-writer/readers.jsonl,point,writer,1,5,writer_p99_ms,32.1397,35.8021,8.46611445695535,3.870394523961127,13.061834389949572
hosted-final-saturated/windows-net8.0-writer/readers.jsonl,point,writer,1,5,total_active_cpu_ms,7640.625,8343.75,11.783152195622044,8.94465506447978,14.76339423554523
hosted-final-saturated/windows-net8.0-writer/readers.jsonl,point,writer,1,5,read_completion_fraction,1.0,1.0,0.0,0.0,0.0
hosted-final-saturated/windows-net8.0-writer/readers.jsonl,point,writer,1,5,median_reader_api_p99_ms,32.1732,22.1472,-32.64917995388374,-34.888956536583805,-30.462425570858944
hosted-final-saturated/windows-net8.0-writer/readers.jsonl,point,writer,1,5,median_reader_arrival_p99_ms,32.172599999999875,22.14689999999996,-32.64936525930927,-34.88919720326185,-30.46248763371126
hosted-final-saturated/windows-net8.0-writer/readers.jsonl,point,writer,4,5,read_calls_per_second,229.18387986883033,3692.7667111344135,1487.7634917441198,1404.8084848027233,1570.718498685516
hosted-final-saturated/windows-net8.0-writer/readers.jsonl,point,writer,4,5,writer_transactions_per_second,57.27274504608747,53.15335155560776,-6.733577737955878,-10.638642216295663,-2.18581306185458
hosted-final-saturated/windows-net8.0-writer/readers.jsonl,point,writer,4,5,writer_p99_ms,34.4989,36.9726,9.178926071575644,6.777385185772973,11.923237934005604
hosted-final-saturated/windows-net8.0-writer/readers.jsonl,point,writer,4,5,total_active_cpu_ms,7593.75,11031.25,42.79639388601607,38.762184846419714,46.830602925612425
hosted-final-saturated/windows-net8.0-writer/readers.jsonl,point,writer,4,5,read_completion_fraction,1.0,1.0,0.0,0.0,0.0
hosted-final-saturated/windows-net8.0-writer/readers.jsonl,point,writer,4,5,median_reader_api_p99_ms,34.6902,26.6042,-22.561462036970447,-25.08338207329649,-19.797473153427873
hosted-final-saturated/windows-net8.0-writer/readers.jsonl,point,writer,4,5,median_reader_arrival_p99_ms,34.68965000000014,26.603650000000016,-22.561625979537265,-25.083319153788594,-19.797709469313297
hosted-hint/ubuntu-checkpoint/readers.jsonl,point,checkpoint,4,5,read_calls_per_second,11656.228040913527,12700.78092415605,8.468400163089655,5.556804425513344,10.394834544646825
hosted-hint/ubuntu-checkpoint/readers.jsonl,point,checkpoint,4,5,writer_transactions_per_second,57.746645564297324,57.42439733544405,-0.5770457491724001,-0.8295868669987548,-0.2094790326368301
hosted-hint/ubuntu-checkpoint/readers.jsonl,point,checkpoint,4,5,writer_p99_ms,24.996236,25.914092,2.552954442783386,-1.2731011588655594,6.246922449139665
hosted-hint/ubuntu-checkpoint/readers.jsonl,point,checkpoint,4,5,total_active_cpu_ms,14075.268,14146.474999999999,-0.10907170855363413,-1.5956629551053347,1.0273357835677288
hosted-hint/ubuntu-checkpoint/readers.jsonl,point,checkpoint,4,5,read_completion_fraction,1.0,1.0,0.0,0.0,0.0
hosted-hint/ubuntu-checkpoint/readers.jsonl,point,checkpoint,4,5,median_reader_api_p99_ms,13.135614499999999,12.8698985,-1.4793527850509336,-2.697696901089608,0.16664432171410892
hosted-hint/ubuntu-checkpoint/readers.jsonl,point,checkpoint,4,5,median_reader_arrival_p99_ms,13.135400000000118,12.869899999999916,-1.4789126818710785,-2.6973836080395563,0.16714911271697996
hosted-hint/ubuntu-idle/readers.jsonl,point,idle,4,5,read_calls_per_second,226569.66900893825,273526.53275040275,20.076118887001552,18.488600089649115,21.563414897861144
hosted-hint/ubuntu-idle/readers.jsonl,point,idle,4,5,total_active_cpu_ms,39729.313,39735.236000000004,0.13155001951811407,-0.39638910399491634,0.7896869958673514
hosted-hint/ubuntu-idle/readers.jsonl,point,idle,4,5,read_completion_fraction,1.0,1.0,0.0,0.0,0.0
hosted-hint/ubuntu-idle/readers.jsonl,point,idle,4,5,median_reader_api_p99_ms,0.032449000000000006,0.027517,-15.037057017646374,-16.772406315437433,-12.681259902924932
hosted-hint/ubuntu-idle/readers.jsonl,point,idle,4,5,median_reader_arrival_p99_ms,0.032449999999698775,0.02750000000014552,-15.006103321648107,-16.805359879445273,-12.536017469420814
hosted-hint/ubuntu-writer/readers.jsonl,point,writer,4,5,read_calls_per_second,12538.101650922921,13424.97777897593,8.043880351876775,7.030936401931362,9.056824301822187
hosted-hint/ubuntu-writer/readers.jsonl,point,writer,4,5,writer_transactions_per_second,56.68670923415296,56.834526057636346,0.146316961824966,-0.9373301748211649,0.9337144248147711
hosted-hint/ubuntu-writer/readers.jsonl,point,writer,4,5,writer_p99_ms,24.626302,24.554107,-0.059850415415585445,-2.231450892073723,2.69986357243984
hosted-hint/ubuntu-writer/readers.jsonl,point,writer,4,5,total_active_cpu_ms,14124.77,14134.201000000001,0.09914339115587589,-0.5598034378424299,0.6597886395299302
hosted-hint/ubuntu-writer/readers.jsonl,point,writer,4,5,read_completion_fraction,1.0,1.0,0.0,0.0,0.0
hosted-hint/ubuntu-writer/readers.jsonl,point,writer,4,5,median_reader_api_p99_ms,13.357718,13.041684499999999,-2.5328677360854313,-2.9523110902967598,-2.0043104006967205
hosted-hint/ubuntu-writer/readers.jsonl,point,writer,4,5,median_reader_arrival_p99_ms,13.357449999999972,13.041299999999865,-2.532867984706586,-2.9529808868607743,-2.0044011054187294
hosted-hint/windows-checkpoint/readers.jsonl,point,checkpoint,4,5,read_calls_per_second,5435.768555347795,6559.140016806967,20.19684870054659,15.50434966539982,25.456552309994166
hosted-hint/windows-checkpoint/readers.jsonl,point,checkpoint,4,5,writer_transactions_per_second,49.011101214062876,49.71430744825145,1.3592721198189217,0.49124124624168264,2.0944686568010296
hosted-hint/windows-checkpoint/readers.jsonl,point,checkpoint,4,5,writer_p99_ms,36.7972,36.7482,-1.7125265366470122,-4.904288484433472,1.479235411139448
hosted-hint/windows-checkpoint/readers.jsonl,point,checkpoint,4,5,total_active_cpu_ms,12687.5,12578.125,-1.6987549696830917,-6.437937552229142,2.469142616058595
hosted-hint/windows-checkpoint/readers.jsonl,point,checkpoint,4,5,read_completion_fraction,1.0,1.0,0.0,0.0,0.0
hosted-hint/windows-checkpoint/readers.jsonl,point,checkpoint,4,5,median_reader_api_p99_ms,17.46415,16.135199999999998,-7.519795082192533,-10.705638494658823,-4.670399602106643
hosted-hint/windows-checkpoint/readers.jsonl,point,checkpoint,4,5,median_reader_arrival_p99_ms,17.463999999999686,16.13509999999974,-7.519910527100319,-10.705833645571115,-4.670372683817922
hosted-hint/windows-idle/readers.jsonl,point,idle,4,5,read_calls_per_second,51805.57544493935,66052.65910692854,30.820619495688852,27.06013785159222,37.27247430702676
hosted-hint/windows-idle/readers.jsonl,point,idle,4,5,total_active_cpu_ms,37484.375,37281.25,1.2378229369517246,-1.1153370335488044,5.23237453157178
hosted-hint/windows-idle/readers.jsonl,point,idle,4,5,read_completion_fraction,1.0,1.0,0.0,0.0,0.0
hosted-hint/windows-idle/readers.jsonl,point,idle,4,5,median_reader_api_p99_ms,0.211,0.19669999999999999,-12.180485296485692,-29.557537715321423,3.425158958358156
hosted-hint/windows-idle/readers.jsonl,point,idle,4,5,median_reader_arrival_p99_ms,0.21079999999983556,0.19640000000026703,-12.201213961943541,-29.546894184634503,3.302849138210069
hosted-hint/windows-writer/readers.jsonl,point,writer,4,5,read_calls_per_second,3548.4081629887296,4181.304265975262,17.569765044363756,11.791562869585649,24.609006515965206
hosted-hint/windows-writer/readers.jsonl,point,writer,4,5,writer_transactions_per_second,52.044302183814814,53.38427566160387,1.0322292249589915,-0.03718668798071034,2.673061778048127
hosted-hint/windows-writer/readers.jsonl,point,writer,4,5,writer_p99_ms,34.3133,34.4603,-0.20633529956394892,-1.41292035685598,0.7863814404114722
hosted-hint/windows-writer/readers.jsonl,point,writer,4,5,total_active_cpu_ms,10406.25,11093.75,2.069555070978897,-2.9621689811533214,6.824754824754824
hosted-hint/windows-writer/readers.jsonl,point,writer,4,5,read_completion_fraction,1.0,1.0,0.0,0.0,0.0
hosted-hint/windows-writer/readers.jsonl,point,writer,4,5,median_reader_api_p99_ms,23.27205,21.19115,-9.285642296368287,-15.960057312457703,-3.5647644964889857
hosted-hint/windows-writer/readers.jsonl,point,writer,4,5,median_reader_arrival_p99_ms,23.27190000000064,21.190950000000157,-9.285324333725821,-15.960097652255934,-3.5640728604731087
hosted-hint-500/ubuntu-net10.0-writer/readers.jsonl,large,writer,1,5,read_calls_per_second,209.89727343441808,210.12486092841618,0.36187492308098257,-7.303961286075418,7.5059625055977985
hosted-hint-500/ubuntu-net10.0-writer/readers.jsonl,large,writer,1,5,writer_transactions_per_second,73.1409525775746,72.12938965529085,-0.5387018806437729,-6.920846676153093,6.833381596510168
hosted-hint-500/ubuntu-net10.0-writer/readers.jsonl,large,writer,1,5,writer_p99_ms,24.610678,21.24678,-9.021229522201235,-21.616808790762732,7.530328219247781
hosted-hint-500/ubuntu-net10.0-writer/readers.jsonl,large,writer,1,5,total_active_cpu_ms,8110.914000000001,8041.763000000001,1.095664393619602,-4.345171963396888,7.253919222234096
hosted-hint-500/ubuntu-net10.0-writer/readers.jsonl,large,writer,1,5,read_completion_fraction,1.0,1.0,0.0,0.0,0.0
hosted-hint-500/ubuntu-net10.0-writer/readers.jsonl,large,writer,1,5,median_reader_api_p99_ms,21.069108,19.054849,-8.239728377017284,-15.618447968932518,1.8459325507820874
hosted-hint-500/ubuntu-net10.0-writer/readers.jsonl,large,writer,1,5,median_reader_arrival_p99_ms,21.067999999999756,19.054399999999987,-8.239060938154978,-15.61794899170628,1.84705319900619
hosted-hint-500/ubuntu-net10.0-writer/readers.jsonl,large,writer,4,5,read_calls_per_second,638.2337652170972,640.5885516717858,0.16476720827540703,-1.0221987912204211,1.1091588044571
hosted-hint-500/ubuntu-net10.0-writer/readers.jsonl,large,writer,4,5,writer_transactions_per_second,68.0057189114727,68.55629810221177,-2.19880350338971,-4.691083215883505,0.04882084884846973
hosted-hint-500/ubuntu-net10.0-writer/readers.jsonl,large,writer,4,5,writer_p99_ms,25.044275,25.542106,35.36484129870119,-1.206383113363729,103.67953261276409
hosted-hint-500/ubuntu-net10.0-writer/readers.jsonl,large,writer,4,5,total_active_cpu_ms,13959.999,13955.741,-1.7472794746332276,-3.722144308508981,-0.3208325476089047
hosted-hint-500/ubuntu-net10.0-writer/readers.jsonl,large,writer,4,5,read_completion_fraction,1.0,1.0,0.0,0.0,0.0
hosted-hint-500/ubuntu-net10.0-writer/readers.jsonl,large,writer,4,5,median_reader_api_p99_ms,25.765196,26.074165,0.9866825786763564,-1.2327656957253041,4.7349344983704045
hosted-hint-500/ubuntu-net10.0-writer/readers.jsonl,large,writer,4,5,median_reader_arrival_p99_ms,25.764149999999972,26.072999999999638,0.9866622327809258,-1.23332729996541,4.735479143444891
hosted-hint-500/ubuntu-net10.0-writer/readers.jsonl,medium,writer,1,5,read_calls_per_second,699.3596901326894,763.7718626445802,3.202241089553466,-2.813564835464999,8.642685365200249
hosted-hint-500/ubuntu-net10.0-writer/readers.jsonl,medium,writer,1,5,writer_transactions_per_second,69.71845729235086,70.86228779905622,3.3546725007666116,-3.134204345996179,11.238202784693971
hosted-hint-500/ubuntu-net10.0-writer/readers.jsonl,medium,writer,1,5,writer_p99_ms,22.785891,21.463059,-4.525266052894585,-33.60984440618727,24.351670962924004
hosted-hint-500/ubuntu-net10.0-writer/readers.jsonl,medium,writer,1,5,total_active_cpu_ms,7156.191000000001,7434.191,4.160822321297255,-0.9369226887344295,10.04268167793608
hosted-hint-500/ubuntu-net10.0-writer/readers.jsonl,medium,writer,1,5,read_completion_fraction,1.0,1.0,0.0,0.0,0.0
hosted-hint-500/ubuntu-net10.0-writer/readers.jsonl,medium,writer,1,5,median_reader_api_p99_ms,13.075822,12.154348,-4.421181313247093,-11.614475227297337,1.908683128553721
hosted-hint-500/ubuntu-net10.0-writer/readers.jsonl,medium,writer,1,5,median_reader_arrival_p99_ms,13.07549999999992,12.153599999999642,-4.42165417032588,-11.614597183747037,1.909520609782629
hosted-hint-500/ubuntu-net10.0-writer/readers.jsonl,medium,writer,4,5,read_calls_per_second,2377.7980283610846,2462.9197093119806,1.2902062031240666,-3.243452265372273,5.823864671620407
hosted-hint-500/ubuntu-net10.0-writer/readers.jsonl,medium,writer,4,5,writer_transactions_per_second,65.34072159055862,67.89024049039438,1.1757124559971088,-1.8636969941553172,4.215121906149535
hosted-hint-500/ubuntu-net10.0-writer/readers.jsonl,medium,writer,4,5,writer_p99_ms,26.014945,26.87017,6.297337464286096,-2.6800986501661876,14.140456018684086
hosted-hint-500/ubuntu-net10.0-writer/readers.jsonl,medium,writer,4,5,total_active_cpu_ms,11974.368,12485.214,0.6141475379406037,-2.3743648161488906,3.4326845502931476
hosted-hint-500/ubuntu-net10.0-writer/readers.jsonl,medium,writer,4,5,read_completion_fraction,1.0,1.0,0.0,0.0,0.0
hosted-hint-500/ubuntu-net10.0-writer/readers.jsonl,medium,writer,4,5,median_reader_api_p99_ms,16.3466475,16.782981499999998,1.315733388001723,-4.184098061154149,6.067042859781662
hosted-hint-500/ubuntu-net10.0-writer/readers.jsonl,medium,writer,4,5,median_reader_arrival_p99_ms,16.3458999999998,16.782599999999547,1.3163413448717187,-4.182965473218825,6.066433484252913
hosted-hint-500/ubuntu-net10.0-writer/readers.jsonl,point,writer,1,5,read_calls_per_second,3349.451740954166,3432.00033471028,2.0444679488207873,-2.8371857404726653,8.932927193541715
hosted-hint-500/ubuntu-net10.0-writer/readers.jsonl,point,writer,1,5,writer_transactions_per_second,68.32610599962247,66.49438654388797,-3.2603393367121702,-8.115834506137004,-0.2757306996105169
hosted-hint-500/ubuntu-net10.0-writer/readers.jsonl,point,writer,1,5,writer_p99_ms,20.318988,24.337444,17.682351232871934,-0.3173089896760839,43.52139901190361
hosted-hint-500/ubuntu-net10.0-writer/readers.jsonl,point,writer,1,5,total_active_cpu_ms,6228.723,6159.665,-1.7776214166296134,-6.179819916559405,1.0153798727368635
hosted-hint-500/ubuntu-net10.0-writer/readers.jsonl,point,writer,1,5,read_completion_fraction,1.0,1.0,0.0,0.0,0.0
hosted-hint-500/ubuntu-net10.0-writer/readers.jsonl,point,writer,1,5,median_reader_api_p99_ms,8.882691,9.165707,-3.3055189405495784,-15.883178988217045,4.439350969768658
hosted-hint-500/ubuntu-net10.0-writer/readers.jsonl,point,writer,1,5,median_reader_arrival_p99_ms,8.882700000000114,9.165500000000065,-3.311664470653015,-15.883565796469702,4.437837795339878
hosted-hint-500/ubuntu-net10.0-writer/readers.jsonl,point,writer,4,5,read_calls_per_second,11143.703919544836,11310.080234196468,5.6705840649079,-4.0843548669911955,15.425522996806995
hosted-hint-500/ubuntu-net10.0-writer/readers.jsonl,point,writer,4,5,writer_transactions_per_second,63.223506511706546,67.55785740854856,2.3168593428990447,-1.5439290968212571,6.292962482026761
hosted-hint-500/ubuntu-net10.0-writer/readers.jsonl,point,writer,4,5,writer_p99_ms,23.925181,24.618669,8.719815967675228,-10.66959011201567,28.109222047366124
hosted-hint-500/ubuntu-net10.0-writer/readers.jsonl,point,writer,4,5,total_active_cpu_ms,9490.613,9939.785,3.773125982199148,1.2034826973441426,6.825401871510178
hosted-hint-500/ubuntu-net10.0-writer/readers.jsonl,point,writer,4,5,read_completion_fraction,1.0,1.0,0.0,0.0,0.0
hosted-hint-500/ubuntu-net10.0-writer/readers.jsonl,point,writer,4,5,median_reader_api_p99_ms,9.429385,9.2267315,-4.673657037453822,-9.822981523649034,0.43017268897925104
hosted-hint-500/ubuntu-net10.0-writer/readers.jsonl,point,writer,4,5,median_reader_arrival_p99_ms,9.429349999999658,9.22669999999971,-4.674049486305365,-9.823231802419905,0.42963158837912924
hosted-hint-500/windows-net10.0-writer/readers.jsonl,large,writer,1,5,read_calls_per_second,127.39518191422002,121.68805672285951,5.422280822693468,-12.077367868879204,22.92192951426614
hosted-hint-500/windows-net10.0-writer/readers.jsonl,large,writer,1,5,writer_transactions_per_second,60.51251524134014,57.96992809979823,1.0448464878902608,-3.462790245633294,5.455354698479766
hosted-hint-500/windows-net10.0-writer/readers.jsonl,large,writer,1,5,writer_p99_ms,36.5579,35.9541,-1.9810717702022873,-5.898051173220402,1.8174890578285363
hosted-hint-500/windows-net10.0-writer/readers.jsonl,large,writer,1,5,total_active_cpu_ms,9281.25,9218.75,-0.3557202953667925,-4.173695165060691,2.42334165498415
hosted-hint-500/windows-net10.0-writer/readers.jsonl,large,writer,1,5,read_completion_fraction,1.0,1.0,0.0,0.0,0.0
hosted-hint-500/windows-net10.0-writer/readers.jsonl,large,writer,1,5,median_reader_api_p99_ms,42.2638,45.2692,0.6253982162522,-9.878338832527742,10.878337111023813
hosted-hint-500/windows-net10.0-writer/readers.jsonl,large,writer,1,5,median_reader_arrival_p99_ms,42.263000000000375,45.26850000000013,0.6257668314778077,-9.87829039649688,10.87847957508763
hosted-hint-500/windows-net10.0-writer/readers.jsonl,large,writer,4,5,read_calls_per_second,353.44656539277963,359.29711016805027,30.44099878760774,-1.6449620657099473,90.96513007135334
hosted-hint-500/windows-net10.0-writer/readers.jsonl,large,writer,4,5,writer_transactions_per_second,46.05992464136729,46.178048802721136,43.40917525337613,-0.9129258388074458,130.505157554586
hosted-hint-500/windows-net10.0-writer/readers.jsonl,large,writer,4,5,writer_p99_ms,45.8528,44.4248,-19.01861041506249,-59.51682391995549,4.89721803659835
hosted-hint-500/windows-net10.0-writer/readers.jsonl,large,writer,4,5,total_active_cpu_ms,14093.75,14171.875,29.792249514291488,-2.9428998171299137,89.81861898824617
hosted-hint-500/windows-net10.0-writer/readers.jsonl,large,writer,4,5,read_completion_fraction,1.0,1.0,0.0,0.0,0.0
hosted-hint-500/windows-net10.0-writer/readers.jsonl,large,writer,4,5,median_reader_api_p99_ms,57.952,57.217,-18.5676643224878,-53.640969703647656,0.8036468229616833
hosted-hint-500/windows-net10.0-writer/readers.jsonl,large,writer,4,5,median_reader_arrival_p99_ms,57.95084999999972,57.216049999999996,-18.56778270121831,-53.64104772066948,0.803522051974095
hosted-hint-500/windows-net10.0-writer/readers.jsonl,medium,writer,1,5,read_calls_per_second,442.18105771728466,423.2881225352817,0.8744857867759512,-4.25002909254759,6.784838850105243
hosted-hint-500/windows-net10.0-writer/readers.jsonl,medium,writer,1,5,writer_transactions_per_second,62.38051324590313,61.99324025708237,0.15795472608049144,-3.8382003182073077,3.606943612713067
hosted-hint-500/windows-net10.0-writer/readers.jsonl,medium,writer,1,5,writer_p99_ms,35.8946,36.2586,4.706246165562861,-1.0322080793790844,11.90204431873296
hosted-hint-500/windows-net10.0-writer/readers.jsonl,medium,writer,1,5,total_active_cpu_ms,8453.125,8640.625,4.152311609340242,0.9964097179410603,7.308213500739424
hosted-hint-500/windows-net10.0-writer/readers.jsonl,medium,writer,1,5,read_completion_fraction,1.0,1.0,0.0,0.0,0.0
hosted-hint-500/windows-net10.0-writer/readers.jsonl,medium,writer,1,5,median_reader_api_p99_ms,28.7719,28.6495,0.15446648293834464,-1.7794383187870146,3.5389705253578896
hosted-hint-500/windows-net10.0-writer/readers.jsonl,medium,writer,1,5,median_reader_arrival_p99_ms,28.771099999999933,28.64890000000014,0.15516549410696356,-1.778956026057792,3.5386234319030407
hosted-hint-500/windows-net10.0-writer/readers.jsonl,medium,writer,4,5,read_calls_per_second,1179.3554280840472,1146.8915676295346,-2.8070370680766676,-5.372605982660166,0.2804540543704537
hosted-hint-500/windows-net10.0-writer/readers.jsonl,medium,writer,4,5,writer_transactions_per_second,52.56129964068756,49.628853410149496,-4.906368829724507,-7.3174468576953355,-2.4516352068700886
hosted-hint-500/windows-net10.0-writer/readers.jsonl,medium,writer,4,5,writer_p99_ms,38.306,39.6596,7.247128607199378,-1.808514550424998,16.83211043792117
hosted-hint-500/windows-net10.0-writer/readers.jsonl,medium,writer,4,5,total_active_cpu_ms,12406.25,12187.5,-1.1408067064726901,-4.120365086957662,2.4397998233735674
hosted-hint-500/windows-net10.0-writer/readers.jsonl,medium,writer,4,5,read_completion_fraction,1.0,1.0,0.0,0.0,0.0
hosted-hint-500/windows-net10.0-writer/readers.jsonl,medium,writer,4,5,median_reader_api_p99_ms,41.82685,41.71395,1.6855488935937668,-0.7058518353554311,4.28835249145747
hosted-hint-500/windows-net10.0-writer/readers.jsonl,medium,writer,4,5,median_reader_arrival_p99_ms,41.825950000000375,41.71329999999966,1.6858929699559533,-0.70569431886776,4.288869217238722
hosted-hint-500/windows-net10.0-writer/readers.jsonl,point,writer,1,5,read_calls_per_second,1861.2479587082685,1831.7252350953195,10.369206099377537,-4.038667503079305,33.880340406880315
hosted-hint-500/windows-net10.0-writer/readers.jsonl,point,writer,1,5,writer_transactions_per_second,65.39949707786747,64.87043011184211,0.8268186267765507,-1.338445968742965,4.82186328706665
hosted-hint-500/windows-net10.0-writer/readers.jsonl,point,writer,1,5,writer_p99_ms,32.4761,33.7129,3.3372184521175363,0.5581684484318927,6.338284105067462
hosted-hint-500/windows-net10.0-writer/readers.jsonl,point,writer,1,5,total_active_cpu_ms,8375.0,7984.375,-3.2939358296736,-6.50086680932904,-0.675672410875443
hosted-hint-500/windows-net10.0-writer/readers.jsonl,point,writer,1,5,read_completion_fraction,1.0,1.0,0.0,0.0,0.0
hosted-hint-500/windows-net10.0-writer/readers.jsonl,point,writer,1,5,median_reader_api_p99_ms,20.9671,21.1614,13.537122079799516,-0.05283788494526487,38.89945392643191
hosted-hint-500/windows-net10.0-writer/readers.jsonl,point,writer,1,5,median_reader_arrival_p99_ms,20.966999999999643,21.161299999999756,13.537129033552056,-0.053430322978731404,38.899668076785154
hosted-hint-500/windows-net10.0-writer/readers.jsonl,point,writer,4,5,read_calls_per_second,4284.823762479924,4345.664306101831,0.570216655688338,-8.673712832175337,8.707995714966247
hosted-hint-500/windows-net10.0-writer/readers.jsonl,point,writer,4,5,writer_transactions_per_second,54.950800350414255,55.82059576073632,0.9297335569350837,-3.33768519621666,5.418527182835864
hosted-hint-500/windows-net10.0-writer/readers.jsonl,point,writer,4,5,writer_p99_ms,37.1769,37.253,-0.006999635030258133,-0.805330141508227,0.5165193947871405
hosted-hint-500/windows-net10.0-writer/readers.jsonl,point,writer,4,5,total_active_cpu_ms,11812.5,11312.5,1.320671505890567,-4.820251249720487,8.144823262942015
hosted-hint-500/windows-net10.0-writer/readers.jsonl,point,writer,4,5,read_completion_fraction,1.0,1.0,0.0,0.0,0.0
hosted-hint-500/windows-net10.0-writer/readers.jsonl,point,writer,4,5,median_reader_api_p99_ms,24.5852,24.7843,-0.1799706290936906,-6.296407163748247,6.833188349580763
hosted-hint-500/windows-net10.0-writer/readers.jsonl,point,writer,4,5,median_reader_arrival_p99_ms,24.584700000000453,24.78360000000002,-0.17974556604275244,-6.2956430790675695,6.8335217537421995
hosted-hint-completion/ubuntu-net10.0-checkpoint/readers.jsonl,large,checkpoint,4,5,read_calls_per_second,483.090619820769,481.2008996438716,0.42280853799564255,-0.5073809380565519,1.352998014047837
hosted-hint-completion/ubuntu-net10.0-checkpoint/readers.jsonl,large,checkpoint,4,5,writer_transactions_per_second,51.385541650145896,51.23774102088552,-0.2780913674922503,-1.2506870766048417,0.6018797252374819
hosted-hint-completion/ubuntu-net10.0-checkpoint/readers.jsonl,large,checkpoint,4,5,writer_p99_ms,29.005795,28.930805,0.7371346406371894,-5.129635347355001,7.071831931120329
hosted-hint-completion/ubuntu-net10.0-checkpoint/readers.jsonl,large,checkpoint,4,5,total_active_cpu_ms,17380.091,17408.666,0.29664250402289705,-0.3459046687551104,0.7721532209595505
hosted-hint-completion/ubuntu-net10.0-checkpoint/readers.jsonl,large,checkpoint,4,5,read_completion_fraction,1.0,1.0,0.0,0.0,0.0
hosted-hint-completion/ubuntu-net10.0-checkpoint/readers.jsonl,large,checkpoint,4,5,median_reader_api_p99_ms,31.894481499999998,32.424458,1.61723968231132,0.2678068237837916,3.023703589856477
hosted-hint-completion/ubuntu-net10.0-checkpoint/readers.jsonl,large,checkpoint,4,5,median_reader_arrival_p99_ms,31.8933999999997,32.42380000000003,1.617374692117075,0.2680825570617684,3.02340016017439
hosted-hint-completion/ubuntu-net10.0-checkpoint/readers.jsonl,point,checkpoint,4,5,read_calls_per_second,7252.802431273206,7373.264711594791,1.0934645785416675,-3.0280495736591972,5.507256159992409
hosted-hint-completion/ubuntu-net10.0-checkpoint/readers.jsonl,point,checkpoint,4,5,writer_transactions_per_second,63.66788655470067,63.524977002160455,-0.07948316051191506,-0.7785850337794376,0.6196187127556074
hosted-hint-completion/ubuntu-net10.0-checkpoint/readers.jsonl,point,checkpoint,4,5,writer_p99_ms,21.859512,22.833702,2.4223566346849212,-0.8518681589679655,4.4168710322358695
hosted-hint-completion/ubuntu-net10.0-checkpoint/readers.jsonl,point,checkpoint,4,5,total_active_cpu_ms,12550.372,12618.346,0.20500215041287184,-0.7089771370585196,1.180017504813644
hosted-hint-completion/ubuntu-net10.0-checkpoint/readers.jsonl,point,checkpoint,4,5,read_completion_fraction,1.0,1.0,0.0,0.0,0.0
hosted-hint-completion/ubuntu-net10.0-checkpoint/readers.jsonl,point,checkpoint,4,5,median_reader_api_p99_ms,7.659734,7.511862,-1.2700030964494657,-8.423877586924757,5.612223787633233
hosted-hint-completion/ubuntu-net10.0-checkpoint/readers.jsonl,point,checkpoint,4,5,median_reader_arrival_p99_ms,7.659700000000157,7.511699999999337,-1.2696857282056873,-8.423145445836113,5.612398038345128
hosted-hint-completion/ubuntu-net10.0-writer/readers.jsonl,large,writer,4,5,read_calls_per_second,483.96700989984197,492.1680185946884,1.0945086342541877,-0.47966945043701914,2.4765670245971716
hosted-hint-completion/ubuntu-net10.0-writer/readers.jsonl,large,writer,4,5,writer_transactions_per_second,59.57526845194753,59.63819574498556,0.2523597473307593,-0.39459760337101635,0.8993170980325349
hosted-hint-completion/ubuntu-net10.0-writer/readers.jsonl,large,writer,4,5,writer_p99_ms,26.827841,27.175748,3.7584438835002687,-0.18381328706864375,6.929938977422102
hosted-hint-completion/ubuntu-net10.0-writer/readers.jsonl,large,writer,4,5,total_active_cpu_ms,17337.453,17361.598,0.34700879678734253,-0.3703866471255557,1.0644042407002408
hosted-hint-completion/ubuntu-net10.0-writer/readers.jsonl,large,writer,4,5,read_completion_fraction,1.0,1.0,0.0,0.0,0.0
hosted-hint-completion/ubuntu-net10.0-writer/readers.jsonl,large,writer,4,5,median_reader_api_p99_ms,29.595454,29.784225,-0.21251472995984955,-2.5191934950033,1.5287152168739215
hosted-hint-completion/ubuntu-net10.0-writer/readers.jsonl,large,writer,4,5,median_reader_arrival_p99_ms,29.594350000000077,29.783449999999675,-0.2778847155780094,-2.7161791161133304,1.529410962224147
hosted-hint-completion/ubuntu-net10.0-writer/readers.jsonl,point,writer,4,5,read_calls_per_second,7418.347492040072,7385.526042876413,-1.4876510108236918,-4.038028489589241,1.0627264679418569
hosted-hint-completion/ubuntu-net10.0-writer/readers.jsonl,point,writer,4,5,writer_transactions_per_second,65.89432649848848,65.34112242140851,-0.50282586417572,-1.2119449237754654,0.32356686767777143
hosted-hint-completion/ubuntu-net10.0-writer/readers.jsonl,point,writer,4,5,writer_p99_ms,21.805439,22.455742,2.6816544254846275,-0.6325853018844452,5.9958941528537
hosted-hint-completion/ubuntu-net10.0-writer/readers.jsonl,point,writer,4,5,total_active_cpu_ms,12675.293,12644.944,-0.20112378676227616,-0.8827309655069481,0.48048339198239587
hosted-hint-completion/ubuntu-net10.0-writer/readers.jsonl,point,writer,4,5,read_completion_fraction,1.0,1.0,0.0,0.0,0.0
hosted-hint-completion/ubuntu-net10.0-writer/readers.jsonl,point,writer,4,5,median_reader_api_p99_ms,7.633623500000001,7.6570545,1.1970898984893295,-6.453187995169339,8.954480061446798
hosted-hint-completion/ubuntu-net10.0-writer/readers.jsonl,point,writer,4,5,median_reader_arrival_p99_ms,7.633550000000014,7.656999999999385,1.1971220106362999,-6.453604350377501,8.95528875890135
hosted-hint-completion/windows-net10.0-checkpoint/readers.jsonl,large,checkpoint,4,5,read_calls_per_second,392.23701527889875,391.7696423024816,1.898721808292962,-3.6726499459410022,9.701450864662137
hosted-hint-completion/windows-net10.0-checkpoint/readers.jsonl,large,checkpoint,4,5,writer_transactions_per_second,43.70666921562365,45.15498138665713,6.761278327097508,-1.2727663782673533,15.611143791858762
hosted-hint-completion/windows-net10.0-checkpoint/readers.jsonl,large,checkpoint,4,5,writer_p99_ms,44.8451,42.2451,-17.037056272135857,-37.195421012552465,0.8267378506962955
hosted-hint-completion/windows-net10.0-checkpoint/readers.jsonl,large,checkpoint,4,5,total_active_cpu_ms,14968.75,14859.375,-2.914470572890584,-6.629315967816976,0.49084725559862097
hosted-hint-completion/windows-net10.0-checkpoint/readers.jsonl,large,checkpoint,4,5,read_completion_fraction,1.0,1.0,0.0,0.0,0.0
hosted-hint-completion/windows-net10.0-checkpoint/readers.jsonl,large,checkpoint,4,5,median_reader_api_p99_ms,55.1723,51.7136,-4.977392685662803,-12.649835807771082,1.24726434526367
hosted-hint-completion/windows-net10.0-checkpoint/readers.jsonl,large,checkpoint,4,5,median_reader_arrival_p99_ms,55.17130000000003,51.71205000000009,-4.977689067415256,-12.649867054541904,1.246841309874458
hosted-hint-completion/windows-net10.0-checkpoint/readers.jsonl,point,checkpoint,4,5,read_calls_per_second,4166.513006102334,4059.64530913661,-1.5568898545707,-6.499308529638517,5.0203402169777505
hosted-hint-completion/windows-net10.0-checkpoint/readers.jsonl,point,checkpoint,4,5,writer_transactions_per_second,51.999305425016665,51.79634266024476,-0.8191887776199568,-4.974691902779962,3.7529378414139174
hosted-hint-completion/windows-net10.0-checkpoint/readers.jsonl,point,checkpoint,4,5,writer_p99_ms,36.1178,37.4462,0.2621532306690467,-9.512402271595409,6.661267849633221
hosted-hint-completion/windows-net10.0-checkpoint/readers.jsonl,point,checkpoint,4,5,total_active_cpu_ms,10546.875,10906.25,0.9825512291683114,-1.9424120040970738,4.178526470470998
hosted-hint-completion/windows-net10.0-checkpoint/readers.jsonl,point,checkpoint,4,5,read_completion_fraction,1.0,1.0,0.0,0.0,0.0
hosted-hint-completion/windows-net10.0-checkpoint/readers.jsonl,point,checkpoint,4,5,median_reader_api_p99_ms,26.1348,26.2741,-0.2512730866461621,-1.2260309423365867,1.135546086813095
hosted-hint-completion/windows-net10.0-checkpoint/readers.jsonl,point,checkpoint,4,5,median_reader_arrival_p99_ms,26.134050000000343,26.273299999999836,-0.25135671495269074,-1.2260143641040755,1.1355539996682218
hosted-hint-completion/windows-net10.0-writer/readers.jsonl,large,writer,4,5,read_calls_per_second,365.3875663765306,369.9078833965251,0.6739337968470307,-2.956323173305173,5.044357397744191
hosted-hint-completion/windows-net10.0-writer/readers.jsonl,large,writer,4,5,writer_transactions_per_second,48.169176062545816,49.7374688938979,2.746266306398406,-0.8616580372134219,6.778584368899968
hosted-hint-completion/windows-net10.0-writer/readers.jsonl,large,writer,4,5,writer_p99_ms,42.0827,40.5249,-5.971432408206973,-14.260540708356462,0.675578934088219
hosted-hint-completion/windows-net10.0-writer/readers.jsonl,large,writer,4,5,total_active_cpu_ms,14343.75,14171.875,0.648159598656366,-1.7572778213294484,3.2952299048274214
hosted-hint-completion/windows-net10.0-writer/readers.jsonl,large,writer,4,5,read_completion_fraction,1.0,1.0,0.0,0.0,0.0
hosted-hint-completion/windows-net10.0-writer/readers.jsonl,large,writer,4,5,median_reader_api_p99_ms,56.108850000000004,55.672,-0.6170336015856103,-4.012643086450511,3.2378288530060844
hosted-hint-completion/windows-net10.0-writer/readers.jsonl,large,writer,4,5,median_reader_arrival_p99_ms,56.10730000000004,55.67104999999992,-0.6168215825632138,-4.012305877717661,3.237903703681268
hosted-hint-completion/windows-net10.0-writer/readers.jsonl,point,writer,4,5,read_calls_per_second,4277.614383816098,4207.302162306324,-2.113121534491722,-4.972695817103551,0.49734536302668664
hosted-hint-completion/windows-net10.0-writer/readers.jsonl,point,writer,4,5,writer_transactions_per_second,56.01700184904035,53.87334185425026,-3.9662214676836083,-5.06140994206106,-2.9152298601575843
hosted-hint-completion/windows-net10.0-writer/readers.jsonl,point,writer,4,5,writer_p99_ms,37.2895,36.4353,-2.2159008701974647,-2.6117371779773246,-1.8200645624176048
hosted-hint-completion/windows-net10.0-writer/readers.jsonl,point,writer,4,5,total_active_cpu_ms,11093.75,10812.5,-3.073111536941935,-5.369791473592775,-1.1741497689342184
hosted-hint-completion/windows-net10.0-writer/readers.jsonl,point,writer,4,5,read_completion_fraction,1.0,1.0,0.0,0.0,0.0
hosted-hint-completion/windows-net10.0-writer/readers.jsonl,point,writer,4,5,median_reader_api_p99_ms,25.3065,25.91705,4.889565383496013,2.2884545795750633,7.774788164806905
hosted-hint-completion/windows-net10.0-writer/readers.jsonl,point,writer,4,5,median_reader_arrival_p99_ms,25.305100000000202,25.916249999999764,4.8902989184601875,2.290089158713071,7.7752633247831096
hosted-mapped/ubuntu-checkpoint/readers.jsonl,large,checkpoint,4,5,read_calls_per_second,153.64619759240966,126.04422129436725,-18.518590245661354,-30.83675244610982,-0.5010498056246334
hosted-mapped/ubuntu-checkpoint/readers.jsonl,large,checkpoint,4,5,writer_transactions_per_second,22.673009142995813,19.162830432694616,-17.022265499781035,-29.222466053952758,-0.1740922082846783
hosted-mapped/ubuntu-checkpoint/readers.jsonl,large,checkpoint,4,5,writer_p99_ms,278.028175,265.856665,20.997921365772623,-10.174599040647239,50.212563377154495
hosted-mapped/ubuntu-checkpoint/readers.jsonl,large,checkpoint,4,5,total_active_cpu_ms,6390.104,5176.205,-17.889840448083568,-30.717998231207833,-0.15583455455909742
hosted-mapped/ubuntu-checkpoint/readers.jsonl,large,checkpoint,4,5,read_completion_fraction,1.0,1.0,0.0,0.0,0.0
hosted-mapped/ubuntu-checkpoint/readers.jsonl,large,checkpoint,4,5,median_reader_api_p99_ms,234.3433395,242.5654605,21.437195565735564,-7.1046983943766495,48.73627498610593
hosted-mapped/ubuntu-checkpoint/readers.jsonl,large,checkpoint,4,5,median_reader_arrival_p99_ms,234.3425500000003,242.56459999999998,21.437274007349963,-7.104752625243984,48.73647532093956
hosted-mapped/ubuntu-checkpoint/readers.jsonl,point,checkpoint,4,5,read_calls_per_second,7166.55901790498,6797.283197880023,6.006840966968516,-14.967631607742877,26.981313541679906
hosted-mapped/ubuntu-checkpoint/readers.jsonl,point,checkpoint,4,5,writer_transactions_per_second,21.186028026376885,20.650468101931782,-1.6744898469504528,-17.557401263168106,14.208421569267202
hosted-mapped/ubuntu-checkpoint/readers.jsonl,point,checkpoint,4,5,writer_p99_ms,315.01695,263.735506,2.9972856832376142,-17.78515879425236,22.943513828125447
hosted-mapped/ubuntu-checkpoint/readers.jsonl,point,checkpoint,4,5,total_active_cpu_ms,5221.116,4982.6939999999995,-3.520781628685188,-20.06036842470739,13.018805167337018
hosted-mapped/ubuntu-checkpoint/readers.jsonl,point,checkpoint,4,5,read_completion_fraction,1.0,1.0,0.0,0.0,0.0
hosted-mapped/ubuntu-checkpoint/readers.jsonl,point,checkpoint,4,5,median_reader_api_p99_ms,14.553167,12.923435999999999,-5.494534997087856,-12.545767257904489,1.0295303029784697
hosted-mapped/ubuntu-checkpoint/readers.jsonl,point,checkpoint,4,5,median_reader_arrival_p99_ms,14.552949999999328,12.923400000000129,-5.49348979737891,-12.544524567590823,1.0302611027392827
hosted-mapped/ubuntu-writer/readers.jsonl,large,writer,4,5,read_calls_per_second,296.2700980955269,303.0557957342731,0.5800469188943969,-1.0750224922516138,2.2351163300404076
hosted-mapped/ubuntu-writer/readers.jsonl,large,writer,4,5,writer_transactions_per_second,54.320030051757804,53.74133434718658,-1.5023472575350816,-2.312552727570898,-0.8158654995823976
hosted-mapped/ubuntu-writer/readers.jsonl,large,writer,4,5,writer_p99_ms,25.649877,25.389326,0.10376071301396284,-2.3779888743323774,3.1092630727452253
hosted-mapped/ubuntu-writer/readers.jsonl,large,writer,4,5,total_active_cpu_ms,15523.028999999999,15531.275,-0.052365310715576374,-0.46821524251430047,0.3929286571835888
hosted-mapped/ubuntu-writer/readers.jsonl,large,writer,4,5,read_completion_fraction,1.0,1.0,0.0,0.0,0.0
hosted-mapped/ubuntu-writer/readers.jsonl,large,writer,4,5,median_reader_api_p99_ms,25.842132499999998,25.8109895,-0.0992074870425097,-2.3200300166920407,2.6832631789452854
hosted-mapped/ubuntu-writer/readers.jsonl,large,writer,4,5,median_reader_arrival_p99_ms,25.84120000000007,25.809999999999945,-0.09935461528543632,-2.3197460396438685,2.68278536977151
hosted-mapped/ubuntu-writer/readers.jsonl,point,writer,4,5,read_calls_per_second,11900.3879953182,13293.728255729116,11.885065623246293,9.39572808618471,14.331342638036006
hosted-mapped/ubuntu-writer/readers.jsonl,point,writer,4,5,writer_transactions_per_second,55.945939997639684,55.433055715934096,-1.0469321516585484,-1.6116383034516635,-0.43935279580961994
hosted-mapped/ubuntu-writer/readers.jsonl,point,writer,4,5,writer_p99_ms,25.037729,25.484502,1.2953516696496026,-2.0252164782640003,4.2421022823504995
hosted-mapped/ubuntu-writer/readers.jsonl,point,writer,4,5,total_active_cpu_ms,14168.836,13943.362,-1.2661239878264374,-2.0560906523142464,-0.4761573233386285
hosted-mapped/ubuntu-writer/readers.jsonl,point,writer,4,5,read_completion_fraction,1.0,1.0,0.0,0.0,0.0
hosted-mapped/ubuntu-writer/readers.jsonl,point,writer,4,5,median_reader_api_p99_ms,13.689166,13.468167000000001,-0.9760479711638226,-2.6851961853963924,0.7812776051419967
hosted-mapped/ubuntu-writer/readers.jsonl,point,writer,4,5,median_reader_arrival_p99_ms,13.688899999999776,13.467799999999897,-0.9762079594646589,-2.685161691104838,0.7808436096918658
hosted-mapped/windows-checkpoint/readers.jsonl,large,checkpoint,4,5,read_calls_per_second,334.9762758205396,341.35424260188324,-1.366056001580229,-6.439912723838982,3.060237458419477
hosted-mapped/windows-checkpoint/readers.jsonl,large,checkpoint,4,5,writer_transactions_per_second,40.153288474918476,38.824038439351106,-3.9012818248243453,-7.777296298559724,0.2697325629556736
hosted-mapped/windows-checkpoint/readers.jsonl,large,checkpoint,4,5,writer_p99_ms,49.8494,55.0947,6.185176238447081,-2.45530901299301,15.750017002886509
hosted-mapped/windows-checkpoint/readers.jsonl,large,checkpoint,4,5,total_active_cpu_ms,15921.875,14828.125,-6.021661863714229,-9.78387083842055,-2.0401115951911497
hosted-mapped/windows-checkpoint/readers.jsonl,large,checkpoint,4,5,read_completion_fraction,1.0,1.0,0.0,0.0,0.0
hosted-mapped/windows-checkpoint/readers.jsonl,large,checkpoint,4,5,median_reader_api_p99_ms,44.263850000000005,46.2793,5.343294900923619,0.7227736972475896,10.099067115322677
hosted-mapped/windows-checkpoint/readers.jsonl,large,checkpoint,4,5,median_reader_arrival_p99_ms,44.26255000000003,46.27840000000015,5.343457090465751,0.7229616174336795,10.099158653294085
hosted-mapped/windows-checkpoint/readers.jsonl,point,checkpoint,4,5,read_calls_per_second,4773.381215400741,5269.3281441522195,8.549208454812147,2.55123315646018,15.119879128772556
hosted-mapped/windows-checkpoint/readers.jsonl,point,checkpoint,4,5,writer_transactions_per_second,48.88874336683978,48.6744322942045,-0.7647665971593209,-2.0284904182416152,0.9052066555910688
hosted-mapped/windows-checkpoint/readers.jsonl,point,checkpoint,4,5,writer_p99_ms,37.0932,37.5493,1.558602107932594,-0.6928861558041932,4.584231444015286
hosted-mapped/windows-checkpoint/readers.jsonl,point,checkpoint,4,5,total_active_cpu_ms,12687.5,12078.125,-0.7970718937346487,-3.813800207528974,3.1296641211895437
hosted-mapped/windows-checkpoint/readers.jsonl,point,checkpoint,4,5,read_completion_fraction,1.0,1.0,0.0,0.0,0.0
hosted-mapped/windows-checkpoint/readers.jsonl,point,checkpoint,4,5,median_reader_api_p99_ms,18.7389,18.8457,-1.2976902133000665,-4.324540561524195,1.9520343308995813
hosted-mapped/windows-checkpoint/readers.jsonl,point,checkpoint,4,5,median_reader_arrival_p99_ms,18.738550000000032,18.845300000000115,-1.294992616407158,-4.324374313737634,1.9560474409895878
hosted-mapped/windows-writer/readers.jsonl,large,writer,4,5,read_calls_per_second,574.7090578841985,493.2790824712534,-4.950701424534533,-32.81436307702148,30.68988291325117
hosted-mapped/windows-writer/readers.jsonl,large,writer,4,5,writer_transactions_per_second,34.6437596669942,38.630491769853585,6.335882732962837,-14.035497921380918,23.41940655122873
hosted-mapped/windows-writer/readers.jsonl,large,writer,4,5,writer_p99_ms,58.239,56.8076,-1.8775139883015737,-20.026594225749484,17.4237778419076
hosted-mapped/windows-writer/readers.jsonl,large,writer,4,5,total_active_cpu_ms,15968.75,15875.0,-2.8124703461427436,-6.714762529741837,0.9323248422245746
hosted-mapped/windows-writer/readers.jsonl,large,writer,4,5,read_completion_fraction,1.0,1.0,0.0,0.0,0.0
hosted-mapped/windows-writer/readers.jsonl,large,writer,4,5,median_reader_api_p99_ms,48.25275,47.613550000000004,-3.679096016162313,-11.236115851127781,3.877923818803155
hosted-mapped/windows-writer/readers.jsonl,large,writer,4,5,median_reader_arrival_p99_ms,48.25219999999979,47.612600000000384,-3.6796600023212123,-11.23684290887166,3.877522904229236
hosted-mapped/windows-writer/readers.jsonl,point,writer,4,5,read_calls_per_second,4888.252925220145,5144.220500831025,3.6261065671422132,-11.4975579075147,19.111012658522117
hosted-mapped/windows-writer/readers.jsonl,point,writer,4,5,writer_transactions_per_second,45.899759026265116,47.68339616462152,3.04114338581772,-6.55633443288732,11.902694259779896
hosted-mapped/windows-writer/readers.jsonl,point,writer,4,5,writer_p99_ms,55.7341,45.6725,-10.9330784653295,-31.612969420451975,16.692652337913273
hosted-mapped/windows-writer/readers.jsonl,point,writer,4,5,total_active_cpu_ms,11531.25,11375.0,-2.10709139741657,-10.376558489726184,3.621295381177041
hosted-mapped/windows-writer/readers.jsonl,point,writer,4,5,read_completion_fraction,1.0,1.0,0.0,0.0,0.0
hosted-mapped/windows-writer/readers.jsonl,point,writer,4,5,median_reader_api_p99_ms,20.768099999999997,20.08965,-1.8039374103098482,-4.809136807172442,1.2765415592270735
hosted-mapped/windows-writer/readers.jsonl,point,writer,4,5,median_reader_arrival_p99_ms,20.76785000000018,20.089449999999943,-1.8135129749384737,-4.838338159940991,1.2760643052180942
hosted-narrow/ubuntu-checkpoint/readers.jsonl,large,checkpoint,4,5,read_calls_per_second,305.78585782391167,1065.3024373369271,251.950313426352,244.20541058354098,261.7694773955577
hosted-narrow/ubuntu-checkpoint/readers.jsonl,large,checkpoint,4,5,writer_transactions_per_second,50.95782373802675,31.966551159862853,-38.15579065096502,-39.29706466796682,-37.30145046556655
hosted-narrow/ubuntu-checkpoint/readers.jsonl,large,checkpoint,4,5,writer_p99_ms,27.152411,52.59369,91.1249445653639,86.99767351854858,95.22467484284319
hosted-narrow/ubuntu-checkpoint/readers.jsonl,large,checkpoint,4,5,total_active_cpu_ms,16133.989,25901.325,60.71034760864414,59.023628210134916,62.28656118687768
hosted-narrow/ubuntu-checkpoint/readers.jsonl,large,checkpoint,4,5,read_completion_fraction,1.0,1.0,0.0,0.0,0.0
hosted-narrow/ubuntu-checkpoint/readers.jsonl,large,checkpoint,4,5,median_reader_api_p99_ms,26.424875999999998,28.9497955,8.496305745350293,4.888945660417869,11.863014967784954
hosted-narrow/ubuntu-checkpoint/readers.jsonl,large,checkpoint,4,5,median_reader_arrival_p99_ms,26.42409999999927,28.948849999999993,8.496551631937237,4.8885215690317185,11.8635886130884
hosted-narrow/ubuntu-checkpoint/readers.jsonl,point,checkpoint,4,5,read_calls_per_second,12218.177540017747,56797.59246828263,373.9685814964132,363.233527046082,387.15668454894
hosted-narrow/ubuntu-checkpoint/readers.jsonl,point,checkpoint,4,5,writer_transactions_per_second,54.944726154935395,33.47590136812312,-38.91968385734462,-39.686064020478454,-38.36149648047655
hosted-narrow/ubuntu-checkpoint/readers.jsonl,point,checkpoint,4,5,writer_p99_ms,26.699323,47.444295,80.64088349042036,76.87610961880611,85.3375395596244
hosted-narrow/ubuntu-checkpoint/readers.jsonl,point,checkpoint,4,5,total_active_cpu_ms,14160.735,29718.762000000002,111.2305649498005,108.18429970376742,114.27683019583355
hosted-narrow/ubuntu-checkpoint/readers.jsonl,point,checkpoint,4,5,read_completion_fraction,1.0,1.0,0.0,0.0,0.0
hosted-narrow/ubuntu-checkpoint/readers.jsonl,point,checkpoint,4,5,median_reader_api_p99_ms,13.72082,0.30145999999999995,-97.74752738861785,-97.832613417898,-97.65540827688685
hosted-narrow/ubuntu-checkpoint/readers.jsonl,point,checkpoint,4,5,median_reader_arrival_p99_ms,13.72059999999999,0.2993500000006861,-97.76204003782942,-97.84794462483099,-97.66529742845
hosted-narrow/ubuntu-writer/readers.jsonl,large,writer,4,5,read_calls_per_second,317.1794415370803,1314.3126003084276,309.9350320849889,306.0510458071984,313.4802854185259
hosted-narrow/ubuntu-writer/readers.jsonl,large,writer,4,5,writer_transactions_per_second,56.47855641927389,36.259841500341544,-36.02785666141398,-36.98656025489878,-35.442217734183494
hosted-narrow/ubuntu-writer/readers.jsonl,large,writer,4,5,writer_p99_ms,24.26647,55.927958,128.9298077955088,126.37788578204645,131.59309330199136
hosted-narrow/ubuntu-writer/readers.jsonl,large,writer,4,5,total_active_cpu_ms,15508.515,27950.114,80.02889769594107,79.22089928403345,80.89702961694135
hosted-narrow/ubuntu-writer/readers.jsonl,large,writer,4,5,read_completion_fraction,1.0,1.0,0.0,0.0,0.0
hosted-narrow/ubuntu-writer/readers.jsonl,large,writer,4,5,median_reader_api_p99_ms,24.9525765,28.967534,16.230592652639114,13.380938605475507,19.128565980520843
hosted-narrow/ubuntu-writer/readers.jsonl,large,writer,4,5,median_reader_arrival_p99_ms,24.95199999999977,28.966699999999946,16.230788151539116,13.380931287201193,19.129064122685403
hosted-narrow/ubuntu-writer/readers.jsonl,point,writer,4,5,read_calls_per_second,13999.14396139811,60854.83148992747,332.6263930687461,320.9397362248351,344.2800205408424
hosted-narrow/ubuntu-writer/readers.jsonl,point,writer,4,5,writer_transactions_per_second,58.256384027842195,34.68873171239055,-40.24824601917078,-41.05308845931408,-39.44743068799147
hosted-narrow/ubuntu-writer/readers.jsonl,point,writer,4,5,writer_p99_ms,24.031857,50.852463,106.16317515937452,93.83725128761554,117.64500702242667
hosted-narrow/ubuntu-writer/readers.jsonl,point,writer,4,5,total_active_cpu_ms,14174.92,31738.195,124.02730934927408,121.4251085160503,127.408876910148
hosted-narrow/ubuntu-writer/readers.jsonl,point,writer,4,5,read_completion_fraction,1.0,1.0,0.0,0.0,0.0
hosted-narrow/ubuntu-writer/readers.jsonl,point,writer,4,5,median_reader_api_p99_ms,12.4939415,0.20469500000000002,-98.21050409708138,-98.414595839567,-97.95755735914223
hosted-narrow/ubuntu-writer/readers.jsonl,point,writer,4,5,median_reader_arrival_p99_ms,12.493800000000022,0.20260000000007494,-98.22959380522634,-98.4259153407414,-97.98853950695683
hosted-narrow/windows-checkpoint/readers.jsonl,large,checkpoint,4,5,read_calls_per_second,340.5320064512084,1050.2363902255297,199.24372600121515,182.0592707773216,215.00560781174977
hosted-narrow/windows-checkpoint/readers.jsonl,large,checkpoint,4,5,writer_transactions_per_second,41.789952441734435,25.37059674690018,-40.40543079048537,-48.8438265126752,-34.86331167493036
hosted-narrow/windows-checkpoint/readers.jsonl,large,checkpoint,4,5,writer_p99_ms,60.5939,84.4685,74.62752234980327,39.622177369159004,120.18628334348254
hosted-narrow/windows-checkpoint/readers.jsonl,large,checkpoint,4,5,total_active_cpu_ms,14343.75,23953.125,63.68370265700516,57.806373101166585,69.4245473281203
hosted-narrow/windows-checkpoint/readers.jsonl,large,checkpoint,4,5,read_completion_fraction,1.0,1.0,0.0,0.0,0.0
hosted-narrow/windows-checkpoint/readers.jsonl,large,checkpoint,4,5,median_reader_api_p99_ms,43.432,32.25475,-21.138543502641156,-26.919997896255676,-14.015209422433092
hosted-narrow/windows-checkpoint/readers.jsonl,large,checkpoint,4,5,median_reader_arrival_p99_ms,43.430850000000646,32.22160000000012,-21.170385977149582,-26.920575257255404,-14.046428871385757
hosted-narrow/windows-checkpoint/readers.jsonl,point,checkpoint,4,5,read_calls_per_second,11553.31693131069,53347.64319129133,356.57224069514217,309.42541844728873,394.8233022189967
hosted-narrow/windows-checkpoint/readers.jsonl,point,checkpoint,4,5,writer_transactions_per_second,45.19666267842783,33.85201544514681,-23.958947068791115,-25.240480171364716,-21.83250956021137
hosted-narrow/windows-checkpoint/readers.jsonl,point,checkpoint,4,5,writer_p99_ms,39.8751,58.9141,42.625634080235216,32.709905282473464,52.97926507509944
hosted-narrow/windows-checkpoint/readers.jsonl,point,checkpoint,4,5,total_active_cpu_ms,12796.875,28859.375,120.30499360304093,112.77164287302135,125.83984791579726
hosted-narrow/windows-checkpoint/readers.jsonl,point,checkpoint,4,5,read_completion_fraction,1.0,1.0,0.0,0.0,0.0
hosted-narrow/windows-checkpoint/readers.jsonl,point,checkpoint,4,5,median_reader_api_p99_ms,15.53315,0.37645,-97.71244698436966,-97.91833910177066,-97.54405298399539
hosted-narrow/windows-checkpoint/readers.jsonl,point,checkpoint,4,5,median_reader_arrival_p99_ms,15.532799999999952,0.37625000000025466,-97.71689867128136,-97.92597809958438,-97.54728247572407
hosted-narrow/windows-writer/readers.jsonl,large,writer,4,5,read_calls_per_second,359.86745631955387,1053.6155704223556,191.37763425329112,171.49984977090736,217.02340338952936
hosted-narrow/windows-writer/readers.jsonl,large,writer,4,5,writer_transactions_per_second,42.036043001294395,31.083420103716676,-27.31744781449025,-29.08651767664914,-24.83016550500596
hosted-narrow/windows-writer/readers.jsonl,large,writer,4,5,writer_p99_ms,49.4007,63.9264,23.794528248819113,16.170749409475874,31.509370169786486
hosted-narrow/windows-writer/readers.jsonl,large,writer,4,5,total_active_cpu_ms,15312.5,24609.375,61.07099564724704,56.22448979591836,66.82666798065765
hosted-narrow/windows-writer/readers.jsonl,large,writer,4,5,read_completion_fraction,1.0,1.0,0.0,0.0,0.0
hosted-narrow/windows-writer/readers.jsonl,large,writer,4,5,median_reader_api_p99_ms,45.10635,43.79365,-2.156981167526597,-5.389152537993686,0.8656038435968426
hosted-narrow/windows-writer/readers.jsonl,large,writer,4,5,median_reader_arrival_p99_ms,45.10534999999982,43.79249999999979,-2.152926066672325,-5.389316125678807,0.8738602805281716
hosted-narrow/windows-writer/readers.jsonl,point,writer,4,5,read_calls_per_second,4349.172267001153,31084.511499682674,613.5119970765337,587.1345248142445,638.5101332864617
hosted-narrow/windows-writer/readers.jsonl,point,writer,4,5,writer_transactions_per_second,48.89127437426242,36.583458789108505,-25.088114282021497,-26.318189953473087,-23.85803861056991
hosted-narrow/windows-writer/readers.jsonl,point,writer,4,5,writer_p99_ms,37.8269,56.1213,53.13626260095801,48.48000816910495,61.936465976073876
hosted-narrow/windows-writer/readers.jsonl,point,writer,4,5,total_active_cpu_ms,10921.875,29890.625,173.6275352907153,161.06892288997554,184.92478542288654
hosted-narrow/windows-writer/readers.jsonl,point,writer,4,5,read_completion_fraction,1.0,1.0,0.0,0.0,0.0
hosted-narrow/windows-writer/readers.jsonl,point,writer,4,5,median_reader_api_p99_ms,22.65085,0.7463,-96.62465813478651,-96.69932584703217,-96.54999042254086
hosted-narrow/windows-writer/readers.jsonl,point,writer,4,5,median_reader_arrival_p99_ms,22.650499999999965,0.7463000000000193,-96.62685804218673,-96.70209978626116,-96.5516162981123
hosted-narrow-yield/ubuntu-checkpoint/readers.jsonl,large,checkpoint,4,5,read_calls_per_second,335.0119332517225,1109.9941965030823,234.4253195841487,228.7117897936928,239.94847103774083
hosted-narrow-yield/ubuntu-checkpoint/readers.jsonl,large,checkpoint,4,5,writer_transactions_per_second,53.138409395206395,34.38709658587712,-35.499593357032765,-35.80590390947376,-35.193282804591774
hosted-narrow-yield/ubuntu-checkpoint/readers.jsonl,large,checkpoint,4,5,writer_p99_ms,25.931128,45.941206,77.8284692631672,72.43474100969634,83.51779342085513
hosted-narrow-yield/ubuntu-checkpoint/readers.jsonl,large,checkpoint,4,5,total_active_cpu_ms,16629.804,25698.53,54.36332717713767,53.23984403186595,55.42322381801705
hosted-narrow-yield/ubuntu-checkpoint/readers.jsonl,large,checkpoint,4,5,read_completion_fraction,1.0,1.0,0.0,0.0,0.0
hosted-narrow-yield/ubuntu-checkpoint/readers.jsonl,large,checkpoint,4,5,median_reader_api_p99_ms,24.004006500000003,27.387755,13.725243735967615,11.457737828625625,15.24965186947984
hosted-narrow-yield/ubuntu-checkpoint/readers.jsonl,large,checkpoint,4,5,median_reader_arrival_p99_ms,24.003099999999904,27.386950000000297,13.726095882488934,11.457493234275455,15.251743491421465
hosted-narrow-yield/ubuntu-checkpoint/readers.jsonl,point,checkpoint,4,5,read_calls_per_second,543.2769036396203,36281.2341267181,6588.648160822121,6338.129444305222,6829.066467273568
hosted-narrow-yield/ubuntu-checkpoint/readers.jsonl,point,checkpoint,4,5,writer_transactions_per_second,69.89777026112867,48.19034843701503,-30.805202742494725,-31.445970983043487,-30.26406299047351
hosted-narrow-yield/ubuntu-checkpoint/readers.jsonl,point,checkpoint,4,5,writer_p99_ms,20.807952,30.021511,44.45789041898462,41.89324349606697,47.22326513443122
hosted-narrow-yield/ubuntu-checkpoint/readers.jsonl,point,checkpoint,4,5,total_active_cpu_ms,8410.017,26134.906,212.367233489655,207.75573907932795,217.94120229879172
hosted-narrow-yield/ubuntu-checkpoint/readers.jsonl,point,checkpoint,4,5,read_completion_fraction,1.0,1.0,0.0,0.0,0.0
hosted-narrow-yield/ubuntu-checkpoint/readers.jsonl,point,checkpoint,4,5,median_reader_api_p99_ms,39.886970500000004,1.3374885,-96.64793805618436,-96.89039687929285,-96.39748722342036
hosted-narrow-yield/ubuntu-checkpoint/readers.jsonl,point,checkpoint,4,5,median_reader_arrival_p99_ms,39.88619999999992,1.3335000000001855,-96.6509063932012,-96.89438205698514,-96.40140623387083
hosted-narrow-yield/ubuntu-writer/readers.jsonl,large,writer,4,5,read_calls_per_second,254.07185055067643,1171.7233502914803,362.287272847302,352.95247032288523,371.6220753717187
hosted-narrow-yield/ubuntu-writer/readers.jsonl,large,writer,4,5,writer_transactions_per_second,55.71517086659706,40.283704168761126,-27.775871929460063,-29.175706816926038,-26.37603704199409
hosted-narrow-yield/ubuntu-writer/readers.jsonl,large,writer,4,5,writer_p99_ms,24.89068,49.702125,93.37496076586233,82.0540856995138,101.41659499843578
hosted-narrow-yield/ubuntu-writer/readers.jsonl,large,writer,4,5,total_active_cpu_ms,15030.468,27221.178,81.41912791482777,80.12567282053263,82.71258300912291
hosted-narrow-yield/ubuntu-writer/readers.jsonl,large,writer,4,5,read_completion_fraction,1.0,1.0,0.0,0.0,0.0
hosted-narrow-yield/ubuntu-writer/readers.jsonl,large,writer,4,5,median_reader_api_p99_ms,26.6562135,29.707873499999998,11.108028221903085,4.379045666437717,17.741658510270867
hosted-narrow-yield/ubuntu-writer/readers.jsonl,large,writer,4,5,median_reader_arrival_p99_ms,26.655500000000302,29.707200000000057,11.107432784374383,4.378592358707484,17.741079427235892
hosted-narrow-yield/ubuntu-writer/readers.jsonl,point,writer,4,5,read_calls_per_second,394.63209690797567,41096.80846196461,10302.720695569447,9887.89752083993,10728.310719617055
hosted-narrow-yield/ubuntu-writer/readers.jsonl,point,writer,4,5,writer_transactions_per_second,67.85513554148268,49.96000751358545,-26.583899289653015,-27.870113993248673,-25.297684586057358
hosted-narrow-yield/ubuntu-writer/readers.jsonl,point,writer,4,5,writer_p99_ms,21.536655,33.024373,54.27266080354052,50.87324263325997,59.155074794190206
hosted-narrow-yield/ubuntu-writer/readers.jsonl,point,writer,4,5,total_active_cpu_ms,8479.998,29533.891,246.90386932818924,245.3485568078184,248.62090536688828
hosted-narrow-yield/ubuntu-writer/readers.jsonl,point,writer,4,5,read_completion_fraction,1.0,1.0,0.0,0.0,0.0
hosted-narrow-yield/ubuntu-writer/readers.jsonl,point,writer,4,5,median_reader_api_p99_ms,42.6267165,0.7289035,-98.17189694734566,-98.33167171637338,-97.99627643388253
hosted-narrow-yield/ubuntu-writer/readers.jsonl,point,writer,4,5,median_reader_arrival_p99_ms,42.62594999999919,0.7287000000001171,-98.17256720353161,-98.3321120328878,-97.99757021330295
hosted-narrow-yield/windows-checkpoint/readers.jsonl,large,checkpoint,4,5,read_calls_per_second,217.53898722291856,736.3611480683821,282.5990983074444,219.61343968455344,345.5847569303354
hosted-narrow-yield/windows-checkpoint/readers.jsonl,large,checkpoint,4,5,writer_transactions_per_second,43.177802291841765,23.49466530129669,-41.008930147735285,-45.82854140181932,-37.2542500922539
hosted-narrow-yield/windows-checkpoint/readers.jsonl,large,checkpoint,4,5,writer_p99_ms,44.9608,74.6403,76.98543238675303,61.86129545994809,98.6527086528101
hosted-narrow-yield/windows-checkpoint/readers.jsonl,large,checkpoint,4,5,total_active_cpu_ms,14015.625,21953.125,63.5050570710966,52.56107618973432,76.64526091742817
hosted-narrow-yield/windows-checkpoint/readers.jsonl,large,checkpoint,4,5,read_completion_fraction,1.0,1.0,0.0,0.0,0.0
hosted-narrow-yield/windows-checkpoint/readers.jsonl,large,checkpoint,4,5,median_reader_api_p99_ms,46.1201,35.418350000000004,-25.961638598383104,-33.32362615929719,-17.891593121175656
hosted-narrow-yield/windows-checkpoint/readers.jsonl,large,checkpoint,4,5,median_reader_arrival_p99_ms,46.11935000000085,35.417399999999816,-25.96267841613715,-33.324542017247644,-17.89305904361544
hosted-narrow-yield/windows-checkpoint/readers.jsonl,point,checkpoint,4,5,read_calls_per_second,439.97758887097075,18372.514188013134,4157.50350282949,3654.599444140497,4731.800949361188
hosted-narrow-yield/windows-checkpoint/readers.jsonl,point,checkpoint,4,5,writer_transactions_per_second,54.98272552729384,45.179843013039736,-18.696128621914305,-21.219528644305495,-16.17272859952311
hosted-narrow-yield/windows-checkpoint/readers.jsonl,point,checkpoint,4,5,writer_p99_ms,34.9575,38.1168,10.118122162418523,5.927083060734897,14.896519929603448
hosted-narrow-yield/windows-checkpoint/readers.jsonl,point,checkpoint,4,5,total_active_cpu_ms,7812.5,24609.375,217.75786184593017,200.29017515948402,232.69643837048267
hosted-narrow-yield/windows-checkpoint/readers.jsonl,point,checkpoint,4,5,read_completion_fraction,1.0,1.0,0.0,0.0,0.0
hosted-narrow-yield/windows-checkpoint/readers.jsonl,point,checkpoint,4,5,median_reader_api_p99_ms,31.8856,5.222049999999999,-87.48135219892258,-93.59660156566731,-81.78151339553622
hosted-narrow-yield/windows-checkpoint/readers.jsonl,point,checkpoint,4,5,median_reader_arrival_p99_ms,31.885000000000048,5.222000000000037,-87.48150066929954,-93.59700672760096,-81.7814726851727
hosted-narrow-yield/windows-writer/readers.jsonl,large,writer,4,5,read_calls_per_second,186.3961132449751,919.5576020558321,374.10112707686244,343.011450773519,405.19080338020586
hosted-narrow-yield/windows-writer/readers.jsonl,large,writer,4,5,writer_transactions_per_second,50.554044856604,36.722903569018165,-27.593370164379373,-29.29033752242172,-25.865345237545675
hosted-narrow-yield/windows-writer/readers.jsonl,large,writer,4,5,writer_p99_ms,38.4617,57.2436,45.78380036734572,41.70343537228888,48.52471248966474
hosted-narrow-yield/windows-writer/readers.jsonl,large,writer,4,5,total_active_cpu_ms,13203.125,22437.5,68.96973794107923,65.62021018353576,72.31926569862271
hosted-narrow-yield/windows-writer/readers.jsonl,large,writer,4,5,read_completion_fraction,1.0,1.0,0.0,0.0,0.0
hosted-narrow-yield/windows-writer/readers.jsonl,large,writer,4,5,median_reader_api_p99_ms,46.3549,43.911500000000004,-2.5296511661978505,-5.446724957812521,0.38742262541682004
hosted-narrow-yield/windows-writer/readers.jsonl,large,writer,4,5,median_reader_arrival_p99_ms,46.353849999999966,43.91045000000008,-2.529446203061674,-5.446352444792398,0.38746003866904966
hosted-narrow-yield/windows-writer/readers.jsonl,point,writer,4,5,read_calls_per_second,240.6858960560811,23666.360649546597,9600.028840069222,9436.486422716614,9763.571257421829
hosted-narrow-yield/windows-writer/readers.jsonl,point,writer,4,5,writer_transactions_per_second,59.80638984249073,46.985075913866964,-21.56597947610744,-22.91205628162276,-20.44188956174385
hosted-narrow-yield/windows-writer/readers.jsonl,point,writer,4,5,writer_p99_ms,34.7331,37.3688,6.526731810998916,5.2582487412750245,7.561146106921347
hosted-narrow-yield/windows-writer/readers.jsonl,point,writer,4,5,total_active_cpu_ms,7609.375,29484.375,283.0671605051475,272.91688746108497,293.9604975396391
hosted-narrow-yield/windows-writer/readers.jsonl,point,writer,4,5,read_completion_fraction,1.0,1.0,0.0,0.0,0.0
hosted-narrow-yield/windows-writer/readers.jsonl,point,writer,4,5,median_reader_api_p99_ms,34.76905,0.63685,-98.195287364354,-98.23405996206188,-98.15651476664613
hosted-narrow-yield/windows-writer/readers.jsonl,point,writer,4,5,median_reader_arrival_p99_ms,34.768299999999726,0.633350000000064,-98.19857408103577,-98.23845766157781,-98.15869050049375
hosted-paced/ubuntu-checkpoint/readers.jsonl,large,checkpoint,4,5,read_calls_per_second,320.7571214657723,543.9086897686936,68.84552128840289,65.5457777945215,73.47842754575022
hosted-paced/ubuntu-checkpoint/readers.jsonl,large,checkpoint,4,5,writer_transactions_per_second,52.35719328234429,49.7771015377506,-5.075883177410909,-5.751214203855315,-4.1688290742386025
hosted-paced/ubuntu-checkpoint/readers.jsonl,large,checkpoint,4,5,writer_p99_ms,26.800937,30.074829,11.222828623354406,8.649643660947799,13.403864656281296
hosted-paced/ubuntu-checkpoint/readers.jsonl,large,checkpoint,4,5,total_active_cpu_ms,16640.514,18269.605,9.342765217397545,8.304700133595233,10.522978573986425
hosted-paced/ubuntu-checkpoint/readers.jsonl,large,checkpoint,4,5,read_completion_fraction,1.0,1.0,0.0,0.0,0.0
hosted-paced/ubuntu-checkpoint/readers.jsonl,large,checkpoint,4,5,median_reader_api_p99_ms,24.7256385,31.211649,26.48171253493614,22.849921062250512,29.473135842301154
hosted-paced/ubuntu-checkpoint/readers.jsonl,large,checkpoint,4,5,median_reader_arrival_p99_ms,24.725000000000136,31.210499999999854,26.481366892379974,22.850231960538622,29.472504031525933
hosted-paced/ubuntu-checkpoint/readers.jsonl,point,checkpoint,4,5,read_calls_per_second,542.5534089287751,10397.872782114304,1801.0223487235896,1758.8874766442837,1843.1572208028956
hosted-paced/ubuntu-checkpoint/readers.jsonl,point,checkpoint,4,5,writer_transactions_per_second,69.34983787526805,64.25026708076614,-7.085836898239581,-7.9108193477730255,-6.067584676757107
hosted-paced/ubuntu-checkpoint/readers.jsonl,point,checkpoint,4,5,writer_p99_ms,20.909605,22.268517,6.58851813004508,4.77075374943027,8.716538151951209
hosted-paced/ubuntu-checkpoint/readers.jsonl,point,checkpoint,4,5,total_active_cpu_ms,8403.945,13673.507,62.81377369123766,61.86331476887331,63.786059063884785
hosted-paced/ubuntu-checkpoint/readers.jsonl,point,checkpoint,4,5,read_completion_fraction,1.0,1.0,0.0,0.0,0.0
hosted-paced/ubuntu-checkpoint/readers.jsonl,point,checkpoint,4,5,median_reader_api_p99_ms,36.199559,6.1361785,-83.21410089547865,-84.67296588567686,-81.79814343473502
hosted-paced/ubuntu-checkpoint/readers.jsonl,point,checkpoint,4,5,median_reader_arrival_p99_ms,36.19875000000002,6.136099999999999,-83.21395328149158,-84.6727867883297,-81.79816127766443
hosted-paced/ubuntu-writer/readers.jsonl,large,writer,4,5,read_calls_per_second,274.4124443064508,711.2290256393219,154.75638802313082,140.6579704418847,171.3970732693834
hosted-paced/ubuntu-writer/readers.jsonl,large,writer,4,5,writer_transactions_per_second,57.2369935175359,66.40831402532407,19.149523498537846,15.806234072179532,23.688844072883303
hosted-paced/ubuntu-writer/readers.jsonl,large,writer,4,5,writer_p99_ms,30.116372,25.598972,-23.35644215032531,-42.09840520897936,-6.8701833346362395
hosted-paced/ubuntu-writer/readers.jsonl,large,writer,4,5,total_active_cpu_ms,11581.715,15183.996,35.648543806549824,30.963731992261433,43.81496575560128
hosted-paced/ubuntu-writer/readers.jsonl,large,writer,4,5,read_completion_fraction,1.0,1.0,0.0,0.0,0.0
hosted-paced/ubuntu-writer/readers.jsonl,large,writer,4,5,median_reader_api_p99_ms,30.254657,26.3973795,-20.170903963063022,-41.2530670601979,-4.07479677507367
hosted-paced/ubuntu-writer/readers.jsonl,large,writer,4,5,median_reader_arrival_p99_ms,30.253849999999602,26.396049999999832,-20.172404801382605,-41.253999547660854,-4.076973634154157
hosted-paced/ubuntu-writer/readers.jsonl,point,writer,4,5,read_calls_per_second,335.4816009966457,16404.854431453554,5076.708849540055,4526.624189641118,5938.273296033936
hosted-paced/ubuntu-writer/readers.jsonl,point,writer,4,5,writer_transactions_per_second,65.75435069957032,62.37945532638825,0.968935212458599,-5.066311420375471,9.31277871830795
hosted-paced/ubuntu-writer/readers.jsonl,point,writer,4,5,writer_p99_ms,26.654921,34.152326,2.0651403888471664,-38.58322026636941,45.74510442077891
hosted-paced/ubuntu-writer/readers.jsonl,point,writer,4,5,total_active_cpu_ms,6506.576999999999,11442.573,85.54990163906383,75.74584788929299,100.8292565277834
hosted-paced/ubuntu-writer/readers.jsonl,point,writer,4,5,read_completion_fraction,1.0,1.0,0.0,0.0,0.0
hosted-paced/ubuntu-writer/readers.jsonl,point,writer,4,5,median_reader_api_p99_ms,46.746224,6.1846084999999995,-88.14417066624038,-91.69662293703641,-85.38062060927354
hosted-paced/ubuntu-writer/readers.jsonl,point,writer,4,5,median_reader_arrival_p99_ms,46.74539999999979,6.1843000000000075,-88.14444054539776,-91.6968542750619,-85.38084606551297
hosted-paced/windows-checkpoint/readers.jsonl,large,checkpoint,4,5,read_calls_per_second,210.08436030580702,450.89293330362125,111.6843719963275,103.86544341035044,117.17358268996136
hosted-paced/windows-checkpoint/readers.jsonl,large,checkpoint,4,5,writer_transactions_per_second,42.159353324273,39.237763413938616,-4.473823561729486,-10.151221243776906,1.203574120317934
hosted-paced/windows-checkpoint/readers.jsonl,large,checkpoint,4,5,writer_p99_ms,46.5136,48.835,8.253263522770919,0.1416231039982918,16.910496004617034
hosted-paced/windows-checkpoint/readers.jsonl,large,checkpoint,4,5,total_active_cpu_ms,14234.375,16046.875,12.870494437051056,10.437150872057565,14.823039002576252
hosted-paced/windows-checkpoint/readers.jsonl,large,checkpoint,4,5,read_completion_fraction,1.0,1.0,0.0,0.0,0.0
hosted-paced/windows-checkpoint/readers.jsonl,large,checkpoint,4,5,median_reader_api_p99_ms,47.39935,50.2572,5.997252015237491,2.8878713258864064,8.858491937090713
hosted-paced/windows-checkpoint/readers.jsonl,large,checkpoint,4,5,median_reader_arrival_p99_ms,47.39820000000009,50.25610000000029,5.997157796267651,2.8875317087309766,8.85853441166591
hosted-paced/windows-checkpoint/readers.jsonl,point,checkpoint,4,5,read_calls_per_second,424.8677804849502,5384.597144240427,1176.5331871003589,1121.9968007124858,1231.0695734882322
hosted-paced/windows-checkpoint/readers.jsonl,point,checkpoint,4,5,writer_transactions_per_second,52.65067421586087,51.448689707268045,-1.8955084625503282,-2.2668396149202152,-1.4658810716990311
hosted-paced/windows-checkpoint/readers.jsonl,point,checkpoint,4,5,writer_p99_ms,34.6524,35.485,0.45312161469465806,-3.07261363167719,3.0445860352582033
hosted-paced/windows-checkpoint/readers.jsonl,point,checkpoint,4,5,total_active_cpu_ms,7906.25,11843.75,50.53246545987311,44.86138469413057,55.58551199750018
hosted-paced/windows-checkpoint/readers.jsonl,point,checkpoint,4,5,read_completion_fraction,1.0,1.0,0.0,0.0,0.0
hosted-paced/windows-checkpoint/readers.jsonl,point,checkpoint,4,5,median_reader_api_p99_ms,32.01165,24.89555,-22.205900170369194,-25.623783634381162,-19.369110293845626
hosted-paced/windows-checkpoint/readers.jsonl,point,checkpoint,4,5,median_reader_arrival_p99_ms,32.010899999999765,24.895249999999578,-22.205612050508684,-25.623818120094835,-19.36821459771007
hosted-paced/windows-writer/readers.jsonl,large,writer,4,5,read_calls_per_second,181.58207808197676,438.01321301346263,140.64405751675184,129.74303744614687,151.54507758735681
hosted-paced/windows-writer/readers.jsonl,large,writer,4,5,writer_transactions_per_second,49.11211632344501,48.59868151777042,-3.0234256117739533,-6.838630300225274,-0.3481331577827196
hosted-paced/windows-writer/readers.jsonl,large,writer,4,5,writer_p99_ms,38.6009,43.655,23.499583017376928,6.425438706792383,52.34661122315688
hosted-paced/windows-writer/readers.jsonl,large,writer,4,5,total_active_cpu_ms,13296.875,15546.875,16.214503392819037,9.513639305650745,22.64647949262299
hosted-paced/windows-writer/readers.jsonl,large,writer,4,5,read_completion_fraction,1.0,1.0,0.0,0.0,0.0
hosted-paced/windows-writer/readers.jsonl,large,writer,4,5,median_reader_api_p99_ms,46.51775,49.94475,7.769575419724038,0.1631512220635404,14.144350175883957
hosted-paced/windows-writer/readers.jsonl,large,writer,4,5,median_reader_arrival_p99_ms,46.51670000000013,49.94375000000082,7.769442686883463,0.16353815840436853,14.144077304869072
hosted-paced/windows-writer/readers.jsonl,point,writer,4,5,read_calls_per_second,224.44794599265674,5935.001583027813,2550.998443796661,2482.368355089578,2619.6285325037434
hosted-paced/windows-writer/readers.jsonl,point,writer,4,5,writer_transactions_per_second,56.06783556477156,52.56775441376506,-5.201724332512831,-6.490457010187747,-3.927755569524811
hosted-paced/windows-writer/readers.jsonl,point,writer,4,5,writer_p99_ms,35.1043,36.7469,4.9793938696645235,4.322168267882813,5.6984384411964895
hosted-paced/windows-writer/readers.jsonl,point,writer,4,5,total_active_cpu_ms,7484.375,12234.375,63.973859944489945,59.71783025988883,66.73709375201912
hosted-paced/windows-writer/readers.jsonl,point,writer,4,5,read_completion_fraction,1.0,1.0,0.0,0.0,0.0
hosted-paced/windows-writer/readers.jsonl,point,writer,4,5,median_reader_api_p99_ms,35.153400000000005,24.551099999999998,-30.40758986033105,-30.853766998514466,-29.868452013301617
hosted-paced/windows-writer/readers.jsonl,point,writer,4,5,median_reader_arrival_p99_ms,35.152649999999994,24.55040000000008,-30.408103046346874,-30.85394425584974,-29.868874783276993
hosted-paced-archived/ubuntu-checkpoint/readers.jsonl,large,checkpoint,1,5,read_calls_per_second,68.03647298444497,165.64038768087752,136.08574461054263,126.3363353136172,144.15564981270597
hosted-paced-archived/ubuntu-checkpoint/readers.jsonl,large,checkpoint,1,5,writer_transactions_per_second,68.02407492876826,64.87397385916718,-3.173332873152057,-4.67305712737088,-1.6736086189332333
hosted-paced-archived/ubuntu-checkpoint/readers.jsonl,large,checkpoint,1,5,writer_p99_ms,21.256496,22.002772,2.250194248112587,0.35535427697333866,4.405293357552247
hosted-paced-archived/ubuntu-checkpoint/readers.jsonl,large,checkpoint,1,5,total_active_cpu_ms,9815.027,10971.736,11.31765098227261,10.933234609726231,11.624823802419536
hosted-paced-archived/ubuntu-checkpoint/readers.jsonl,large,checkpoint,1,5,read_completion_fraction,1.0,1.0,0.0,0.0,0.0
hosted-paced-archived/ubuntu-checkpoint/readers.jsonl,large,checkpoint,1,5,median_reader_api_p99_ms,23.013108,24.854773,9.102971732943814,6.337123911577388,12.612105859701725
hosted-paced-archived/ubuntu-checkpoint/readers.jsonl,large,checkpoint,1,5,median_reader_arrival_p99_ms,23.010999999999967,24.853699999999662,9.104863290721937,6.33759709188741,12.616168500402148
hosted-paced-archived/ubuntu-checkpoint/readers.jsonl,large,checkpoint,4,5,read_calls_per_second,299.74105119101523,461.96384645794745,51.600829705581475,45.91691790870904,57.89283814663006
hosted-paced-archived/ubuntu-checkpoint/readers.jsonl,large,checkpoint,4,5,writer_transactions_per_second,51.764276954830706,50.37732566948942,-4.820636459905958,-7.497597625142331,-2.184253215682719
hosted-paced-archived/ubuntu-checkpoint/readers.jsonl,large,checkpoint,4,5,writer_p99_ms,27.152338,29.809326,11.901904959880678,8.925539632668892,15.933639110407091
hosted-paced-archived/ubuntu-checkpoint/readers.jsonl,large,checkpoint,4,5,total_active_cpu_ms,16265.162,17494.103,7.826955998005896,6.937971503486563,8.627183771903631
hosted-paced-archived/ubuntu-checkpoint/readers.jsonl,large,checkpoint,4,5,read_completion_fraction,1.0,1.0,0.0,0.0,0.0
hosted-paced-archived/ubuntu-checkpoint/readers.jsonl,large,checkpoint,4,5,median_reader_api_p99_ms,25.9858335,32.335654500000004,26.995705594173558,24.16538447231614,29.82602671603097
hosted-paced-archived/ubuntu-checkpoint/readers.jsonl,large,checkpoint,4,5,median_reader_arrival_p99_ms,25.985149999999976,32.334550000000036,26.995677858374588,24.16456557212708,29.826790144622095
hosted-paced-archived/ubuntu-checkpoint/readers.jsonl,medium,checkpoint,1,5,read_calls_per_second,67.78419475930797,480.34747400371765,598.2378674489653,580.4401904809116,614.4215864349892
hosted-paced-archived/ubuntu-checkpoint/readers.jsonl,medium,checkpoint,1,5,writer_transactions_per_second,66.98348120370036,67.03747280836218,-0.3303963477855021,-1.2093019649162762,0.7983335615402565
hosted-paced-archived/ubuntu-checkpoint/readers.jsonl,medium,checkpoint,1,5,writer_p99_ms,22.212048,21.84079,-2.920072700954879,-6.170247755383376,-0.21013118915714113
hosted-paced-archived/ubuntu-checkpoint/readers.jsonl,medium,checkpoint,1,5,total_active_cpu_ms,8373.618999999999,9915.753999999999,18.132349584625764,17.80257250833769,18.49336913804759
hosted-paced-archived/ubuntu-checkpoint/readers.jsonl,medium,checkpoint,1,5,read_completion_fraction,1.0,1.0,0.0,0.0,0.0
hosted-paced-archived/ubuntu-checkpoint/readers.jsonl,medium,checkpoint,1,5,median_reader_api_p99_ms,22.231414,9.556464,-56.70142288066836,-58.656194984809815,-54.496358316187845
hosted-paced-archived/ubuntu-checkpoint/readers.jsonl,medium,checkpoint,1,5,median_reader_arrival_p99_ms,22.230799999999363,9.555900000000292,-56.70251013010163,-58.6572269603149,-54.49766879436571
hosted-paced-archived/ubuntu-checkpoint/readers.jsonl,medium,checkpoint,4,5,read_calls_per_second,1346.765444011981,1533.257373216367,13.73951445919884,10.06246261710967,17.594948526017994
hosted-paced-archived/ubuntu-checkpoint/readers.jsonl,medium,checkpoint,4,5,writer_transactions_per_second,52.04380726042477,54.963262555308035,5.25476847625717,4.450929351015254,5.876363285355395
hosted-paced-archived/ubuntu-checkpoint/readers.jsonl,medium,checkpoint,4,5,writer_p99_ms,27.422791,26.027581,-3.519650815594133,-7.893818175436479,2.031422199588082
hosted-paced-archived/ubuntu-checkpoint/readers.jsonl,medium,checkpoint,4,5,total_active_cpu_ms,14308.996,14984.383,4.928588468929314,3.9146323548106787,5.855822699607955
hosted-paced-archived/ubuntu-checkpoint/readers.jsonl,medium,checkpoint,4,5,read_completion_fraction,1.0,1.0,0.0,0.0,0.0
hosted-paced-archived/ubuntu-checkpoint/readers.jsonl,medium,checkpoint,4,5,median_reader_api_p99_ms,21.0546535,22.4962395,7.744559440054686,3.07149096025356,12.41762791985581
hosted-paced-archived/ubuntu-checkpoint/readers.jsonl,medium,checkpoint,4,5,median_reader_arrival_p99_ms,21.05375000000072,22.495699999999488,7.744965209667423,3.0710228674564855,12.418907551878359
hosted-paced-archived/ubuntu-checkpoint/readers.jsonl,point,checkpoint,1,5,read_calls_per_second,182.73793306103582,1850.4990932554442,903.7335083305771,862.1668560049753,941.376257334565
hosted-paced-archived/ubuntu-checkpoint/readers.jsonl,point,checkpoint,1,5,writer_transactions_per_second,69.53559682557612,70.08447068298607,0.826158541756119,-0.16603398497795796,1.8136285894668227
hosted-paced-archived/ubuntu-checkpoint/readers.jsonl,point,checkpoint,1,5,writer_p99_ms,21.039183,20.788898,-1.5855750882102981,-3.9490279021891306,0.6573967056465291
hosted-paced-archived/ubuntu-checkpoint/readers.jsonl,point,checkpoint,1,5,total_active_cpu_ms,8162.4490000000005,9081.937,11.400330361996684,10.775922989881938,11.914822276562669
hosted-paced-archived/ubuntu-checkpoint/readers.jsonl,point,checkpoint,1,5,read_completion_fraction,1.0,1.0,0.0,0.0,0.0
hosted-paced-archived/ubuntu-checkpoint/readers.jsonl,point,checkpoint,1,5,median_reader_api_p99_ms,19.759451,8.154863,-57.689277407834815,-58.59889119137806,-56.26286555867493
hosted-paced-archived/ubuntu-checkpoint/readers.jsonl,point,checkpoint,1,5,median_reader_arrival_p99_ms,19.759000000000015,8.154700000000048,-57.68885239510654,-58.5984273189362,-56.26276622265215
hosted-paced-archived/ubuntu-checkpoint/readers.jsonl,point,checkpoint,4,5,read_calls_per_second,11101.52844198054,7122.638469942063,-34.602887211191394,-36.846065397511715,-32.064900037684076
hosted-paced-archived/ubuntu-checkpoint/readers.jsonl,point,checkpoint,4,5,writer_transactions_per_second,55.46386695459509,63.78223664709378,14.909060309064932,13.535721225592235,16.334519141859026
hosted-paced-archived/ubuntu-checkpoint/readers.jsonl,point,checkpoint,4,5,writer_p99_ms,25.035158,22.049282,-14.902751097810539,-18.9612439188714,-12.119316339296715
hosted-paced-archived/ubuntu-checkpoint/readers.jsonl,point,checkpoint,4,5,total_active_cpu_ms,14138.178,12431.156,-11.461508921130923,-12.161626047326408,-10.761391794935438
hosted-paced-archived/ubuntu-checkpoint/readers.jsonl,point,checkpoint,4,5,read_completion_fraction,1.0,1.0,0.0,0.0,0.0
hosted-paced-archived/ubuntu-checkpoint/readers.jsonl,point,checkpoint,4,5,median_reader_api_p99_ms,13.70262,8.141484,-43.11174211390117,-47.84706507901104,-39.56361865128145
hosted-paced-archived/ubuntu-checkpoint/readers.jsonl,point,checkpoint,4,5,median_reader_arrival_p99_ms,13.702350000000479,8.141349999999875,-43.11157147448104,-47.84638332727686,-39.563491331637564
hosted-paced-archived/ubuntu-idle/readers.jsonl,large,idle,1,5,read_calls_per_second,1634.5361877072319,1614.1084154885052,-0.4604378348562288,-2.874362025724455,1.9534863560119973
hosted-paced-archived/ubuntu-idle/readers.jsonl,large,idle,1,5,total_active_cpu_ms,10032.141,10027.061,-0.0552640007852645,-0.06371264522323283,-0.047673447056395535
hosted-paced-archived/ubuntu-idle/readers.jsonl,large,idle,1,5,read_completion_fraction,1.0,1.0,0.0,0.0,0.0
hosted-paced-archived/ubuntu-idle/readers.jsonl,large,idle,1,5,median_reader_api_p99_ms,0.825667,0.851517,0.16675217898136419,-2.574162956185011,2.9076673141477394
hosted-paced-archived/ubuntu-idle/readers.jsonl,large,idle,1,5,median_reader_arrival_p99_ms,0.82549999999992,0.8512000000000626,0.15439388680587918,-2.601340611431182,2.9101283850429405
hosted-paced-archived/ubuntu-idle/readers.jsonl,large,idle,4,5,read_calls_per_second,2933.270936640626,2946.165452379056,0.13467763892861528,-0.9552379996727843,0.8854385482440019
hosted-paced-archived/ubuntu-idle/readers.jsonl,large,idle,4,5,total_active_cpu_ms,39724.813,39757.829,0.2311980863568519,0.02010898859321042,0.5484296134612543
hosted-paced-archived/ubuntu-idle/readers.jsonl,large,idle,4,5,read_completion_fraction,1.0,1.0,0.0,0.0,0.0
hosted-paced-archived/ubuntu-idle/readers.jsonl,large,idle,4,5,median_reader_api_p99_ms,1.7364905,1.7177605,-1.0956170305329027,-3.7346235439964475,1.8881851740130884
hosted-paced-archived/ubuntu-idle/readers.jsonl,large,idle,4,5,median_reader_arrival_p99_ms,1.7362999999995736,1.7174999999997453,-1.0758141952213518,-3.7396440504450617,1.9739242265971633
hosted-paced-archived/ubuntu-idle/readers.jsonl,medium,idle,1,5,read_calls_per_second,5695.095324147942,5759.082319617279,3.1437780078970046,-0.004657932071900905,6.213169460069192
hosted-paced-archived/ubuntu-idle/readers.jsonl,medium,idle,1,5,total_active_cpu_ms,10032.157,10027.165,-0.04951977777291505,-0.07308064912845635,-0.0304477111389323
hosted-paced-archived/ubuntu-idle/readers.jsonl,medium,idle,1,5,read_completion_fraction,1.0,1.0,0.0,0.0,0.0
hosted-paced-archived/ubuntu-idle/readers.jsonl,medium,idle,1,5,median_reader_api_p99_ms,0.339833,0.328362,-3.3867879701381742,-5.031740834590775,-1.8473883381766185
hosted-paced-archived/ubuntu-idle/readers.jsonl,medium,idle,1,5,median_reader_arrival_p99_ms,0.3398000000001957,0.3282999999992171,-3.403805590649285,-5.051232503592842,-1.8702536767867215
hosted-paced-archived/ubuntu-idle/readers.jsonl,medium,idle,4,5,read_calls_per_second,10863.38632611065,11090.360855573963,2.451207000596227,1.7594255897307363,3.142988411461718
hosted-paced-archived/ubuntu-idle/readers.jsonl,medium,idle,4,5,total_active_cpu_ms,39714.769,39744.326,0.14624799967526636,0.02677955689235567,0.29520854549454967
hosted-paced-archived/ubuntu-idle/readers.jsonl,medium,idle,4,5,read_completion_fraction,1.0,1.0,0.0,0.0,0.0
hosted-paced-archived/ubuntu-idle/readers.jsonl,medium,idle,4,5,median_reader_api_p99_ms,0.6995935,0.6739055,-3.544464342715863,-5.668341773091258,-1.4205869123404669
hosted-paced-archived/ubuntu-idle/readers.jsonl,medium,idle,4,5,median_reader_arrival_p99_ms,0.6994499999996151,0.6738500000001295,-3.552517020364152,-5.670997018344799,-1.4340370223835053
hosted-paced-archived/ubuntu-idle/readers.jsonl,point,idle,1,5,read_calls_per_second,46593.118462042694,54117.09621180326,17.369518685311277,14.943289925409227,19.963092656663626
hosted-paced-archived/ubuntu-idle/readers.jsonl,point,idle,1,5,total_active_cpu_ms,10035.099,10030.515,-0.05066927724568071,-0.08350738044726969,-0.02310681191274533
hosted-paced-archived/ubuntu-idle/readers.jsonl,point,idle,1,5,read_completion_fraction,1.0,1.0,0.0,0.0,0.0
hosted-paced-archived/ubuntu-idle/readers.jsonl,point,idle,1,5,median_reader_api_p99_ms,0.042069,0.0378,-10.114175203097352,-11.885143696687743,-8.356390379774233
hosted-paced-archived/ubuntu-idle/readers.jsonl,point,idle,1,5,median_reader_arrival_p99_ms,0.042000000000371074,0.03780000000006112,-10.048292554710418,-11.833592391004156,-8.29985750193807
hosted-paced-archived/ubuntu-idle/readers.jsonl,point,idle,4,5,read_calls_per_second,97754.04187808972,111107.28060891849,13.48951859897598,12.70723886261587,14.25848634351927
hosted-paced-archived/ubuntu-idle/readers.jsonl,point,idle,4,5,total_active_cpu_ms,39713.072,39739.495,0.25868950701927407,-0.059585975603893004,0.6487678013716502
hosted-paced-archived/ubuntu-idle/readers.jsonl,point,idle,4,5,read_completion_fraction,1.0,1.0,0.0,0.0,0.0
hosted-paced-archived/ubuntu-idle/readers.jsonl,point,idle,4,5,median_reader_api_p99_ms,0.08713699999999999,0.08110149999999999,-6.835908478422028,-7.576913768674219,-6.1072256612109665
hosted-paced-archived/ubuntu-idle/readers.jsonl,point,idle,4,5,median_reader_arrival_p99_ms,0.08705000000009022,0.08104999999989104,-6.847824846019233,-7.592000065444408,-6.082823302863296
hosted-paced-archived/ubuntu-writer/readers.jsonl,large,writer,1,5,read_calls_per_second,71.55937002088955,157.78773515934606,125.43727423712227,119.91140204485473,131.94874379290474
hosted-paced-archived/ubuntu-writer/readers.jsonl,large,writer,1,5,writer_transactions_per_second,71.56991630138188,72.30507283902183,0.779853092991738,0.21635618553666358,1.345331181921816
hosted-paced-archived/ubuntu-writer/readers.jsonl,large,writer,1,5,writer_p99_ms,19.864799,20.897585,5.216279841076821,3.4844691209572347,6.647387925057311
hosted-paced-archived/ubuntu-writer/readers.jsonl,large,writer,1,5,total_active_cpu_ms,10062.287,10889.647,8.771450127984636,8.14911186025566,9.393788395713614
hosted-paced-archived/ubuntu-writer/readers.jsonl,large,writer,1,5,read_completion_fraction,1.0,1.0,0.0,0.0,0.0
hosted-paced-archived/ubuntu-writer/readers.jsonl,large,writer,1,5,median_reader_api_p99_ms,22.397313,24.041354,8.485152380808895,6.2578114047790745,10.657231951410603
hosted-paced-archived/ubuntu-writer/readers.jsonl,large,writer,1,5,median_reader_arrival_p99_ms,22.397000000000844,24.040500000000065,8.484038964150876,6.25624366068561,10.656674700389486
hosted-paced-archived/ubuntu-writer/readers.jsonl,large,writer,4,5,read_calls_per_second,315.81890201316156,486.005555093959,53.241965027853276,50.87335423973919,56.17251882310261
hosted-paced-archived/ubuntu-writer/readers.jsonl,large,writer,4,5,writer_transactions_per_second,56.24140657779912,60.392813626519384,6.99606505328104,6.3101043189694295,7.786877753146074
hosted-paced-archived/ubuntu-writer/readers.jsonl,large,writer,4,5,writer_p99_ms,24.831154,25.620874,5.647060413176059,1.6627779225918005,10.144227034811092
hosted-paced-archived/ubuntu-writer/readers.jsonl,large,writer,4,5,total_active_cpu_ms,15604.614000000001,17456.9,11.775566095609458,11.130365891175753,12.58797292576673
hosted-paced-archived/ubuntu-writer/readers.jsonl,large,writer,4,5,read_completion_fraction,1.0,1.0,0.0,0.0,0.0
hosted-paced-archived/ubuntu-writer/readers.jsonl,large,writer,4,5,median_reader_api_p99_ms,25.4522015,29.752343500000002,17.573088720264078,14.908922756002429,21.11168889520139
hosted-paced-archived/ubuntu-writer/readers.jsonl,large,writer,4,5,median_reader_arrival_p99_ms,25.451500000000124,29.75139999999982,17.572666114745566,14.90838805938345,21.111342290752212
hosted-paced-archived/ubuntu-writer/readers.jsonl,medium,writer,1,5,read_calls_per_second,71.85482702589363,504.74623443110846,600.0520996229142,579.0414830096013,622.1906115081058
hosted-paced-archived/ubuntu-writer/readers.jsonl,medium,writer,1,5,writer_transactions_per_second,71.85841338042435,72.37297376040866,-0.2512736366359203,-0.8187079982324663,0.39978153601837985
hosted-paced-archived/ubuntu-writer/readers.jsonl,medium,writer,1,5,writer_p99_ms,19.954004,20.835338,4.3785873631494265,2.8862743894209153,6.248017005305799
hosted-paced-archived/ubuntu-writer/readers.jsonl,medium,writer,1,5,total_active_cpu_ms,8669.012,10120.574,16.703756487542517,16.054834387003872,17.35267858808116
hosted-paced-archived/ubuntu-writer/readers.jsonl,medium,writer,1,5,read_completion_fraction,1.0,1.0,0.0,0.0,0.0
hosted-paced-archived/ubuntu-writer/readers.jsonl,medium,writer,1,5,median_reader_api_p99_ms,19.942377,12.544474,-37.729765612172585,-46.69044324847856,-29.65771318535551
hosted-paced-archived/ubuntu-writer/readers.jsonl,medium,writer,1,5,median_reader_arrival_p99_ms,19.94119999999998,12.544100000000071,-37.72903149065395,-46.68997197530196,-29.656835234240997
hosted-paced-archived/ubuntu-writer/readers.jsonl,medium,writer,4,5,read_calls_per_second,1501.1833409823705,1681.552132108452,12.072933813093488,10.621097041372195,13.496967330373511
hosted-paced-archived/ubuntu-writer/readers.jsonl,medium,writer,4,5,writer_transactions_per_second,56.91892695719925,61.28885278345575,7.58312487266898,6.410000393964114,8.829752274971531
hosted-paced-archived/ubuntu-writer/readers.jsonl,medium,writer,4,5,writer_p99_ms,24.075248,24.976569,1.7930332495944357,-1.4934771603988684,5.112019117687119
hosted-paced-archived/ubuntu-writer/readers.jsonl,medium,writer,4,5,total_active_cpu_ms,14080.64,15444.686,9.693514632088611,9.330723840832405,10.075240306342156
hosted-paced-archived/ubuntu-writer/readers.jsonl,medium,writer,4,5,read_completion_fraction,1.0,1.0,0.0,0.0,0.0
hosted-paced-archived/ubuntu-writer/readers.jsonl,medium,writer,4,5,median_reader_api_p99_ms,19.971832499999998,19.59507,-1.8640607116575647,-3.289555484099187,-0.27047960500841794
hosted-paced-archived/ubuntu-writer/readers.jsonl,medium,writer,4,5,median_reader_arrival_p99_ms,19.971100000000206,19.594550000000254,-1.8648096328347585,-3.2900857559070618,-0.27157249929663063
hosted-paced-archived/ubuntu-writer/readers.jsonl,point,writer,1,5,read_calls_per_second,119.0128159715319,2075.3023160487805,1655.0141575595824,1513.7418063029745,1782.0820549184532
hosted-paced-archived/ubuntu-writer/readers.jsonl,point,writer,1,5,writer_transactions_per_second,75.49613761759949,74.19177658348349,-1.7241066953435635,-2.0936690226084442,-1.302816114997316
hosted-paced-archived/ubuntu-writer/readers.jsonl,point,writer,1,5,writer_p99_ms,19.566265,19.385015,1.1363523625888594,-0.7829885650258617,2.967070961585967
hosted-paced-archived/ubuntu-writer/readers.jsonl,point,writer,1,5,total_active_cpu_ms,8063.442,9155.156,13.762286394272612,13.004385252456103,14.699160827808356
hosted-paced-archived/ubuntu-writer/readers.jsonl,point,writer,1,5,read_completion_fraction,1.0,1.0,0.0,0.0,0.0
hosted-paced-archived/ubuntu-writer/readers.jsonl,point,writer,1,5,median_reader_api_p99_ms,18.992222,7.121545,-63.78938088457121,-67.23542910026994,-60.834863590902145
hosted-paced-archived/ubuntu-writer/readers.jsonl,point,writer,1,5,median_reader_arrival_p99_ms,18.99200000000019,7.121599999999944,-63.788668300868494,-67.23463327775622,-60.83419249915128
hosted-paced-archived/ubuntu-writer/readers.jsonl,point,writer,4,5,read_calls_per_second,12625.55436418254,7242.881216605652,-42.24029616843127,-43.34513608803117,-41.00906408649313
hosted-paced-archived/ubuntu-writer/readers.jsonl,point,writer,4,5,writer_transactions_per_second,57.56899966936805,64.59660086695827,11.908532032771237,10.515091282756348,13.088258506268994
hosted-paced-archived/ubuntu-writer/readers.jsonl,point,writer,4,5,writer_p99_ms,24.203067,21.647319,-11.890507906872124,-14.799944496321856,-9.136633218664397
hosted-paced-archived/ubuntu-writer/readers.jsonl,point,writer,4,5,total_active_cpu_ms,14160.954,12721.264,-9.997647965210028,-10.493177999925384,-9.356758566707452
hosted-paced-archived/ubuntu-writer/readers.jsonl,point,writer,4,5,read_completion_fraction,1.0,1.0,0.0,0.0,0.0
hosted-paced-archived/ubuntu-writer/readers.jsonl,point,writer,4,5,median_reader_api_p99_ms,13.065230499999998,7.999447999999999,-38.95173979126315,-40.37957004709865,-37.71514997836657
hosted-paced-archived/ubuntu-writer/readers.jsonl,point,writer,4,5,median_reader_arrival_p99_ms,13.067000000000007,7.999400000000151,-38.95311362162084,-40.38415010571186,-37.71492375773671
hosted-paced-archived/windows-checkpoint/readers.jsonl,large,checkpoint,1,5,read_calls_per_second,63.2506050724747,238.17946178501026,318.0146862900684,232.32347262573722,437.48044425966475
hosted-paced-archived/windows-checkpoint/readers.jsonl,large,checkpoint,1,5,writer_transactions_per_second,66.76232601942723,62.02857409692739,-14.428015465658914,-31.36173154398856,-2.520861789149784
hosted-paced-archived/windows-checkpoint/readers.jsonl,large,checkpoint,1,5,writer_p99_ms,30.7129,38.0287,32.825123579619515,4.118373681153482,65.43603676580581
hosted-paced-archived/windows-checkpoint/readers.jsonl,large,checkpoint,1,5,total_active_cpu_ms,6562.5,7109.375,5.73244022687595,-5.30519817561441,15.159705805095877
hosted-paced-archived/windows-checkpoint/readers.jsonl,large,checkpoint,1,5,read_completion_fraction,1.0,1.0,0.0,0.0,0.0
hosted-paced-archived/windows-checkpoint/readers.jsonl,large,checkpoint,1,5,median_reader_api_p99_ms,34.64,33.8417,2.2616883017098592,-8.01741266617304,13.106346624422756
hosted-paced-archived/windows-checkpoint/readers.jsonl,large,checkpoint,1,5,median_reader_arrival_p99_ms,34.63959999999997,33.84130000000005,2.2616958425728106,-8.01700612471944,13.10562861806759
hosted-paced-archived/windows-checkpoint/readers.jsonl,large,checkpoint,4,5,read_calls_per_second,1045.5480451266073,587.9365365310026,-37.840602813715115,-51.362255416587026,-21.65082071028794
hosted-paced-archived/windows-checkpoint/readers.jsonl,large,checkpoint,4,5,writer_transactions_per_second,37.39027815377724,52.046070382330534,51.6010510813707,22.02929905697017,94.64326716604458
hosted-paced-archived/windows-checkpoint/readers.jsonl,large,checkpoint,4,5,writer_p99_ms,71.0131,40.6702,-45.33109266709612,-67.07676356859841,-26.92845657593249
hosted-paced-archived/windows-checkpoint/readers.jsonl,large,checkpoint,4,5,total_active_cpu_ms,15390.625,11718.75,-17.671739897691545,-28.062945319667307,-4.6560306988012705
hosted-paced-archived/windows-checkpoint/readers.jsonl,large,checkpoint,4,5,read_completion_fraction,1.0,1.0,0.0,0.0,0.0
hosted-paced-archived/windows-checkpoint/readers.jsonl,large,checkpoint,4,5,median_reader_api_p99_ms,35.3515,47.079750000000004,25.9394375183902,3.8800148410908184,40.51541979138039
hosted-paced-archived/windows-checkpoint/readers.jsonl,large,checkpoint,4,5,median_reader_arrival_p99_ms,35.350700000000415,47.07849999999996,25.93943196045467,3.879876664612973,40.51500885627267
hosted-paced-archived/windows-checkpoint/readers.jsonl,medium,checkpoint,1,5,read_calls_per_second,65.26879172723562,729.1254341286887,1047.0633383114214,937.0033633068857,1146.407890937517
hosted-paced-archived/windows-checkpoint/readers.jsonl,medium,checkpoint,1,5,writer_transactions_per_second,63.60014586299073,63.85779382974617,0.03593332093813295,-2.880743772642318,3.2840519339491214
hosted-paced-archived/windows-checkpoint/readers.jsonl,medium,checkpoint,1,5,writer_p99_ms,30.2599,30.362,-1.6825443969319753,-8.025692200690418,3.756260814189467
hosted-paced-archived/windows-checkpoint/readers.jsonl,medium,checkpoint,1,5,total_active_cpu_ms,4859.375,6234.375,26.29529814606256,23.907751423641646,29.283318154219792
hosted-paced-archived/windows-checkpoint/readers.jsonl,medium,checkpoint,1,5,read_completion_fraction,1.0,1.0,0.0,0.0,0.0
hosted-paced-archived/windows-checkpoint/readers.jsonl,medium,checkpoint,1,5,median_reader_api_p99_ms,32.0851,24.2104,-22.74525626817562,-25.83928262606533,-20.036851972159145
hosted-paced-archived/windows-checkpoint/readers.jsonl,medium,checkpoint,1,5,median_reader_arrival_p99_ms,32.08459999999923,24.21010000000024,-22.74511171676583,-25.839258206067267,-20.036483385059665
hosted-paced-archived/windows-checkpoint/readers.jsonl,medium,checkpoint,4,5,read_calls_per_second,2875.672601898894,2249.732578710247,-25.984538712238304,-42.390569573824784,-13.894972057084823
hosted-paced-archived/windows-checkpoint/readers.jsonl,medium,checkpoint,4,5,writer_transactions_per_second,49.04379483024864,59.066165718952874,35.30557109796953,16.819170767782527,66.0527385919379
hosted-paced-archived/windows-checkpoint/readers.jsonl,medium,checkpoint,4,5,writer_p99_ms,50.2257,36.6349,-30.15404109174516,-46.01379089183975,-19.479433257316984
hosted-paced-archived/windows-checkpoint/readers.jsonl,medium,checkpoint,4,5,total_active_cpu_ms,13796.875,10750.0,-21.983971719064193,-27.830645684169575,-17.092109266322034
hosted-paced-archived/windows-checkpoint/readers.jsonl,medium,checkpoint,4,5,read_completion_fraction,1.0,1.0,0.0,0.0,0.0
hosted-paced-archived/windows-checkpoint/readers.jsonl,medium,checkpoint,4,5,median_reader_api_p99_ms,24.02545,27.69575,24.218969074832415,14.819434457870267,37.15557346503596
hosted-paced-archived/windows-checkpoint/readers.jsonl,medium,checkpoint,4,5,median_reader_arrival_p99_ms,24.025200000000495,27.69509999999991,24.218227016754454,14.818740855247722,37.15505324089327
hosted-paced-archived/windows-checkpoint/readers.jsonl,point,checkpoint,1,5,read_calls_per_second,131.125954484762,4017.996182903626,3106.3442855486455,2848.984881055459,3566.759140248355
hosted-paced-archived/windows-checkpoint/readers.jsonl,point,checkpoint,1,5,writer_transactions_per_second,63.062090854703605,63.48895609608709,10.350928813999989,-0.393121322954868,24.49754454269606
hosted-paced-archived/windows-checkpoint/readers.jsonl,point,checkpoint,1,5,writer_p99_ms,31.1663,30.216,-13.805781992211205,-27.203511016864375,-0.6700126549551566
hosted-paced-archived/windows-checkpoint/readers.jsonl,point,checkpoint,1,5,total_active_cpu_ms,4343.75,5437.5,37.24587725607176,25.276416229370803,51.843639974722386
hosted-paced-archived/windows-checkpoint/readers.jsonl,point,checkpoint,1,5,read_completion_fraction,1.0,1.0,0.0,0.0,0.0
hosted-paced-archived/windows-checkpoint/readers.jsonl,point,checkpoint,1,5,median_reader_api_p99_ms,29.8823,9.7562,-70.23161237689038,-75.41825643223183,-65.50295696386004
hosted-paced-archived/windows-checkpoint/readers.jsonl,point,checkpoint,1,5,median_reader_arrival_p99_ms,29.88220000000001,9.75630000000001,-70.23162895250367,-75.4181031555006,-65.50309035022114
hosted-paced-archived/windows-checkpoint/readers.jsonl,point,checkpoint,4,5,read_calls_per_second,17639.85415698852,12421.650759630726,-20.89101712595363,-35.8594062086419,-4.745600077164116
hosted-paced-archived/windows-checkpoint/readers.jsonl,point,checkpoint,4,5,writer_transactions_per_second,51.558810697310136,61.25661928735308,12.673881505276954,-4.997420241804994,25.514019920013386
hosted-paced-archived/windows-checkpoint/readers.jsonl,point,checkpoint,4,5,writer_p99_ms,36.3769,35.4671,3.894925825455755,-16.6888037205634,32.218127721542984
hosted-paced-archived/windows-checkpoint/readers.jsonl,point,checkpoint,4,5,total_active_cpu_ms,12593.75,9265.625,-25.948750421640195,-36.80718954248366,-16.774625242946676
hosted-paced-archived/windows-checkpoint/readers.jsonl,point,checkpoint,4,5,read_completion_fraction,1.0,1.0,0.0,0.0,0.0
hosted-paced-archived/windows-checkpoint/readers.jsonl,point,checkpoint,4,5,median_reader_api_p99_ms,8.782399999999999,12.8354,33.84372333788251,7.824713565661474,59.86273311010355
hosted-paced-archived/windows-checkpoint/readers.jsonl,point,checkpoint,4,5,median_reader_arrival_p99_ms,8.782299999999708,12.83524999999986,33.84382614166675,7.824797580842464,59.86285470249104
hosted-paced-archived/windows-idle/readers.jsonl,large,idle,1,5,read_calls_per_second,1650.2090734800513,1545.919828597689,-4.520926339302589,-10.699763058285608,1.4279463209451415
hosted-paced-archived/windows-idle/readers.jsonl,large,idle,1,5,total_active_cpu_ms,9968.75,9953.125,-0.15644498817813268,-0.4074781498213609,0.09458817346509552
hosted-paced-archived/windows-idle/readers.jsonl,large,idle,1,5,read_completion_fraction,1.0,1.0,0.0,0.0,0.0
hosted-paced-archived/windows-idle/readers.jsonl,large,idle,1,5,median_reader_api_p99_ms,1.0503,1.1294,13.80753559564081,-1.889344077289601,30.45358075104962
hosted-paced-archived/windows-idle/readers.jsonl,large,idle,1,5,median_reader_arrival_p99_ms,1.0502000000001317,1.1293000000005122,13.808096364940907,-1.9017470114077508,30.45859473406241
hosted-paced-archived/windows-idle/readers.jsonl,large,idle,4,5,read_calls_per_second,3108.4680672379263,3134.3481583120683,0.8763172170532085,-1.933373840533248,3.244885578500751
hosted-paced-archived/windows-idle/readers.jsonl,large,idle,4,5,total_active_cpu_ms,38453.125,38421.875,0.035807125316666966,-0.4912793389891923,0.4469836868121213
hosted-paced-archived/windows-idle/readers.jsonl,large,idle,4,5,read_completion_fraction,1.0,1.0,0.0,0.0,0.0
hosted-paced-archived/windows-idle/readers.jsonl,large,idle,4,5,median_reader_api_p99_ms,1.7363,1.74985,1.305156639491476,-2.003843543651942,5.140369197833099
hosted-paced-archived/windows-idle/readers.jsonl,large,idle,4,5,median_reader_arrival_p99_ms,1.734799999999824,1.747950000000344,1.2114739194855395,-2.0929696429790985,4.904874273145312
hosted-paced-archived/windows-idle/readers.jsonl,medium,idle,1,5,read_calls_per_second,4649.089818493298,5025.239747375429,10.111700944044433,5.502392076984166,14.633236485607108
hosted-paced-archived/windows-idle/readers.jsonl,medium,idle,1,5,total_active_cpu_ms,9828.125,9890.625,0.5502170729508338,-0.2460225891871648,1.5156106474443165
hosted-paced-archived/windows-idle/readers.jsonl,medium,idle,1,5,read_completion_fraction,1.0,1.0,0.0,0.0,0.0
hosted-paced-archived/windows-idle/readers.jsonl,medium,idle,1,5,median_reader_api_p99_ms,0.416,0.3883,-12.139044630043152,-25.309172030344197,1.031082770257894
hosted-paced-archived/windows-idle/readers.jsonl,medium,idle,1,5,median_reader_arrival_p99_ms,0.4158999999999651,0.3882999999996173,-12.11145003392864,-25.244682098749507,1.0217820308922239
hosted-paced-archived/windows-idle/readers.jsonl,medium,idle,4,5,read_calls_per_second,9956.84720086342,10705.56959056743,3.1240628420173366,-0.23342682929214487,6.307835947998228
hosted-paced-archived/windows-idle/readers.jsonl,medium,idle,4,5,total_active_cpu_ms,38468.75,38187.5,-2.261632971591674,-6.145823365941601,0.3024411335049648
hosted-paced-archived/windows-idle/readers.jsonl,medium,idle,4,5,read_completion_fraction,1.0,1.0,0.0,0.0,0.0
hosted-paced-archived/windows-idle/readers.jsonl,medium,idle,4,5,median_reader_api_p99_ms,0.72315,0.6789000000000001,33.03375649367884,-5.323157069207058,100.6772003334353
hosted-paced-archived/windows-idle/readers.jsonl,medium,idle,4,5,median_reader_arrival_p99_ms,0.7229499999999689,0.6784500000001117,33.03436442108986,-5.338953920856076,100.71456928538659
hosted-paced-archived/windows-idle/readers.jsonl,point,idle,1,5,read_calls_per_second,25558.25425072489,32973.74064726684,31.0838444863699,24.624516111376344,37.61663193520835
hosted-paced-archived/windows-idle/readers.jsonl,point,idle,1,5,total_active_cpu_ms,9953.125,9953.125,0.32418777639691365,-0.43651574803149407,1.1892004336982742
hosted-paced-archived/windows-idle/readers.jsonl,point,idle,1,5,read_completion_fraction,1.0,1.0,0.0,0.0,0.0
hosted-paced-archived/windows-idle/readers.jsonl,point,idle,1,5,median_reader_api_p99_ms,0.0881,0.0754,-20.00998147215688,-32.114195712489796,-12.159098891016507
hosted-paced-archived/windows-idle/readers.jsonl,point,idle,1,5,median_reader_arrival_p99_ms,0.08800000000064756,0.07539999999971769,-19.986339333810815,-32.05014268270291,-12.139647853974916
hosted-paced-archived/windows-idle/readers.jsonl,point,idle,4,5,read_calls_per_second,49348.357194412885,59841.55499691421,36.353393576604304,21.58527024920038,54.51995714593079
hosted-paced-archived/windows-idle/readers.jsonl,point,idle,4,5,total_active_cpu_ms,37421.875,35234.375,7.695412529721966,-5.5504391260519625,24.376231982109893
hosted-paced-archived/windows-idle/readers.jsonl,point,idle,4,5,read_completion_fraction,1.0,1.0,0.0,0.0,0.0
hosted-paced-archived/windows-idle/readers.jsonl,point,idle,4,5,median_reader_api_p99_ms,0.23304999999999998,0.28275,-19.794749081143564,-51.953097840016916,12.36359967772978
hosted-paced-archived/windows-idle/readers.jsonl,point,idle,4,5,median_reader_arrival_p99_ms,0.23284999999987122,0.28254999999990105,-19.786503354916857,-51.97372883573185,12.400722125898131
hosted-paced-archived/windows-writer/readers.jsonl,large,writer,1,5,read_calls_per_second,33.27828931578801,110.99263230906732,240.43488594414845,235.56828299391455,245.30148889438232
hosted-paced-archived/windows-writer/readers.jsonl,large,writer,1,5,writer_transactions_per_second,33.84100193563543,34.23769150997482,1.6754311657065601,0.38291458473003637,3.096144808637842
hosted-paced-archived/windows-writer/readers.jsonl,large,writer,1,5,writer_p99_ms,46.0588,45.6951,2.134969109244431,-1.386944039868423,6.9962029277484366
hosted-paced-archived/windows-writer/readers.jsonl,large,writer,1,5,total_active_cpu_ms,6765.625,7718.75,15.415548683236691,12.704043903529435,16.96269193002474
hosted-paced-archived/windows-writer/readers.jsonl,large,writer,1,5,read_completion_fraction,1.0,1.0,0.0,0.0,0.0
hosted-paced-archived/windows-writer/readers.jsonl,large,writer,1,5,median_reader_api_p99_ms,48.1563,52.4445,6.94068562676462,2.9740241554164593,10.90734709811278
hosted-paced-archived/windows-writer/readers.jsonl,large,writer,1,5,median_reader_arrival_p99_ms,48.155799999998635,52.44369999999981,6.941749079466568,2.974158254357886,10.909339904575251
hosted-paced-archived/windows-writer/readers.jsonl,large,writer,4,5,read_calls_per_second,408.8875842893214,299.6045624221215,-13.039049823477836,-39.05845174785774,16.309294688710935
hosted-paced-archived/windows-writer/readers.jsonl,large,writer,4,5,writer_transactions_per_second,21.67586479158916,28.967262069426997,100.12887855322494,10.547547529246568,261.5497378990859
hosted-paced-archived/windows-writer/readers.jsonl,large,writer,4,5,writer_p99_ms,110.1528,61.0918,-43.48080068485506,-71.86364707379089,-15.09795429591924
hosted-paced-archived/windows-writer/readers.jsonl,large,writer,4,5,total_active_cpu_ms,14046.875,13046.875,17.71411923685051,-13.706632922071075,75.00796036264913
hosted-paced-archived/windows-writer/readers.jsonl,large,writer,4,5,read_completion_fraction,1.0,1.0,0.0,0.0,0.0
hosted-paced-archived/windows-writer/readers.jsonl,large,writer,4,5,median_reader_api_p99_ms,64.03345,70.77355,3.8038948785620006,-34.31203404121449,33.08750462602586
hosted-paced-archived/windows-writer/readers.jsonl,large,writer,4,5,median_reader_arrival_p99_ms,64.03234999999972,70.77235000000019,3.804059485229925,-34.31210783866802,33.08792617655833
hosted-paced-archived/windows-writer/readers.jsonl,medium,writer,1,5,read_calls_per_second,34.34106215208149,431.84973619105773,1243.1235959390583,1081.191348142538,1402.1589978240827
hosted-paced-archived/windows-writer/readers.jsonl,medium,writer,1,5,writer_transactions_per_second,33.48890412139746,33.19313933495063,4.259701942540832,-5.719100364190327,14.308390318139384
hosted-paced-archived/windows-writer/readers.jsonl,medium,writer,1,5,writer_p99_ms,44.1026,50.0017,8.033315952555633,-10.053336422827666,26.11996832793893
hosted-paced-archived/windows-writer/readers.jsonl,medium,writer,1,5,total_active_cpu_ms,5562.5,6890.625,31.27416311006591,13.821705426356592,54.8723543245362
hosted-paced-archived/windows-writer/readers.jsonl,medium,writer,1,5,read_completion_fraction,1.0,1.0,0.0,0.0,0.0
hosted-paced-archived/windows-writer/readers.jsonl,medium,writer,1,5,median_reader_api_p99_ms,44.737,36.6963,-25.45060441292862,-37.275340221992685,-14.683937025546442
hosted-paced-archived/windows-writer/readers.jsonl,medium,writer,1,5,median_reader_arrival_p99_ms,44.735999999999876,36.69550000000163,-25.450925184165957,-37.275919144937276,-14.684033894628604
hosted-paced-archived/windows-writer/readers.jsonl,medium,writer,4,5,read_calls_per_second,2867.3636175161923,1258.4772270832048,-53.16237655617077,-58.67660649431308,-46.27141275640602
hosted-paced-archived/windows-writer/readers.jsonl,medium,writer,4,5,writer_transactions_per_second,18.563154551425512,25.45074974515316,33.81297184617309,19.238219123310984,43.086100699284756
hosted-paced-archived/windows-writer/readers.jsonl,medium,writer,4,5,writer_p99_ms,87.4171,66.0306,-19.170260020011767,-31.8635718457498,-0.8531483954615957
hosted-paced-archived/windows-writer/readers.jsonl,medium,writer,4,5,total_active_cpu_ms,16546.875,12531.25,-23.828494331046915,-25.13267765898602,-22.524311003107815
hosted-paced-archived/windows-writer/readers.jsonl,medium,writer,4,5,read_completion_fraction,1.0,1.0,0.0,0.0,0.0
hosted-paced-archived/windows-writer/readers.jsonl,medium,writer,4,5,median_reader_api_p99_ms,34.1477,33.433099999999996,-1.5662586218105279,-5.179659700984991,1.703969749188068
hosted-paced-archived/windows-writer/readers.jsonl,medium,writer,4,5,median_reader_arrival_p99_ms,34.14680000000044,33.431899999999814,-1.5667230811956867,-5.1799838902567785,1.70339135141393
hosted-paced-archived/windows-writer/readers.jsonl,point,writer,1,5,read_calls_per_second,53.69229272387298,2008.6485361550137,3455.157603059401,3035.5439493297235,3852.3027637811574
hosted-paced-archived/windows-writer/readers.jsonl,point,writer,1,5,writer_transactions_per_second,28.842423024612884,27.836592973427337,-9.675103372266385,-19.96822016286954,0.6180134183367713
hosted-paced-archived/windows-writer/readers.jsonl,point,writer,1,5,writer_p99_ms,54.5519,57.3928,25.319106862432964,8.740039945826755,41.89817377903917
hosted-paced-archived/windows-writer/readers.jsonl,point,writer,1,5,total_active_cpu_ms,4953.125,5171.875,10.343171437109353,-5.118561110489859,28.609759637089763
hosted-paced-archived/windows-writer/readers.jsonl,point,writer,1,5,read_completion_fraction,1.0,1.0,0.0,0.0,0.0
hosted-paced-archived/windows-writer/readers.jsonl,point,writer,1,5,median_reader_api_p99_ms,52.1464,20.4547,-56.67517266729591,-61.34376802514544,-52.00657730944639
hosted-paced-archived/windows-writer/readers.jsonl,point,writer,1,5,median_reader_arrival_p99_ms,52.14580000000001,20.454499999999825,-56.675077385251704,-61.34378025939954,-52.006374511103864
hosted-paced-archived/windows-writer/readers.jsonl,point,writer,4,5,read_calls_per_second,4431.58982549692,4843.622327985537,8.717337470546914,-12.325071009754549,22.66031201538914
hosted-paced-archived/windows-writer/readers.jsonl,point,writer,4,5,writer_transactions_per_second,24.677894282638437,25.94645300760555,15.04706439113694,6.2808362641804205,23.91296580958312
hosted-paced-archived/windows-writer/readers.jsonl,point,writer,4,5,writer_p99_ms,65.0487,56.471,-17.333081367522393,-28.246194761244293,-5.970706608339072
hosted-paced-archived/windows-writer/readers.jsonl,point,writer,4,5,total_active_cpu_ms,7828.125,8609.375,11.684143378793319,7.164712209516554,14.413032581453638
hosted-paced-archived/windows-writer/readers.jsonl,point,writer,4,5,read_completion_fraction,1.0,1.0,0.0,0.0,0.0
hosted-paced-archived/windows-writer/readers.jsonl,point,writer,4,5,median_reader_api_p99_ms,37.731449999999995,27.02915,-28.761021729716298,-36.01897841637112,-21.031002535293382
hosted-paced-archived/windows-writer/readers.jsonl,point,writer,4,5,median_reader_arrival_p99_ms,37.73114999999984,27.02845000000002,-28.76142266023874,-36.01953789109774,-21.031175673246093
hosted-paced-merged/ubuntu-net10.0-checkpoint/readers.jsonl,large,checkpoint,1,5,read_calls_per_second,26.179310522388064,193.4913760893677,698.1818639259068,475.93989758451914,920.4238302672944
hosted-paced-merged/ubuntu-net10.0-checkpoint/readers.jsonl,large,checkpoint,1,5,writer_transactions_per_second,26.17793679004525,22.94978243356799,-11.669106508808888,-34.594485401244064,10.262402382991928
hosted-paced-merged/ubuntu-net10.0-checkpoint/readers.jsonl,large,checkpoint,1,5,writer_p99_ms,241.80748,286.470831,89.14573753868962,-19.964226773503732,290.62789524610247
hosted-paced-merged/ubuntu-net10.0-checkpoint/readers.jsonl,large,checkpoint,1,5,total_active_cpu_ms,3209.253,4275.084,32.607227743793366,0.9808542381814206,61.260502668741125
hosted-paced-merged/ubuntu-net10.0-checkpoint/readers.jsonl,large,checkpoint,1,5,read_completion_fraction,1.0,1.0,0.0,0.0,0.0
hosted-paced-merged/ubuntu-net10.0-checkpoint/readers.jsonl,large,checkpoint,1,5,median_reader_api_p99_ms,239.350348,55.67045,-56.67209633955375,-81.2069595271599,-15.183588855979314
hosted-paced-merged/ubuntu-net10.0-checkpoint/readers.jsonl,large,checkpoint,1,5,median_reader_arrival_p99_ms,239.34929999999986,55.66960000000017,-56.67230853227557,-81.20730739496612,-15.18350785032824
hosted-paced-merged/ubuntu-net10.0-checkpoint/readers.jsonl,large,checkpoint,4,5,read_calls_per_second,157.65705368177146,540.7541980147723,275.3832833082683,172.28195636041528,384.20061998770194
hosted-paced-merged/ubuntu-net10.0-checkpoint/readers.jsonl,large,checkpoint,4,5,writer_transactions_per_second,24.597639364550187,20.02155993292598,-3.6006972437467915,-28.27103948698352,23.203545907117608
hosted-paced-merged/ubuntu-net10.0-checkpoint/readers.jsonl,large,checkpoint,4,5,writer_p99_ms,216.337015,288.98274,26.014600752161567,-18.69453225407529,74.54898068538273
hosted-paced-merged/ubuntu-net10.0-checkpoint/readers.jsonl,large,checkpoint,4,5,total_active_cpu_ms,6872.425,10530.19,61.518440840850346,17.011636797071596,106.32598151533753
hosted-paced-merged/ubuntu-net10.0-checkpoint/readers.jsonl,large,checkpoint,4,5,read_completion_fraction,1.0,1.0,0.0,0.0,0.0
hosted-paced-merged/ubuntu-net10.0-checkpoint/readers.jsonl,large,checkpoint,4,5,median_reader_api_p99_ms,190.6295265,90.512869,-39.36355639908951,-66.05538306565427,-14.295942557695989
hosted-paced-merged/ubuntu-net10.0-checkpoint/readers.jsonl,large,checkpoint,4,5,median_reader_arrival_p99_ms,190.62845000000016,90.51159999999982,-39.36351569464442,-66.05540786035469,-14.295630382898025
hosted-paced-merged/ubuntu-net10.0-checkpoint/readers.jsonl,medium,checkpoint,1,5,read_calls_per_second,28.706057302637003,724.9047546824286,2491.959172653484,1877.6415714438149,3331.2478639533147
hosted-paced-merged/ubuntu-net10.0-checkpoint/readers.jsonl,medium,checkpoint,1,5,writer_transactions_per_second,28.312988346640353,21.661538422223654,-22.487518574106424,-33.792956325186324,-11.18208082302652
hosted-paced-merged/ubuntu-net10.0-checkpoint/readers.jsonl,medium,checkpoint,1,5,writer_p99_ms,220.261768,259.677777,42.51177260416419,13.288305242186135,80.63907610879681
hosted-paced-merged/ubuntu-net10.0-checkpoint/readers.jsonl,medium,checkpoint,1,5,total_active_cpu_ms,2980.806,3876.331,28.268801127292615,16.13387373375117,40.21656302398687
hosted-paced-merged/ubuntu-net10.0-checkpoint/readers.jsonl,medium,checkpoint,1,5,read_completion_fraction,1.0,1.0,0.0,0.0,0.0
hosted-paced-merged/ubuntu-net10.0-checkpoint/readers.jsonl,medium,checkpoint,1,5,median_reader_api_p99_ms,220.274366,11.79173,-93.51974637160487,-94.64875992660765,-92.49140663594548
hosted-paced-merged/ubuntu-net10.0-checkpoint/readers.jsonl,medium,checkpoint,1,5,median_reader_arrival_p99_ms,220.27379999999994,11.791499999999814,-93.5199563956693,-94.64904107470454,-92.49155361946211
hosted-paced-merged/ubuntu-net10.0-checkpoint/readers.jsonl,medium,checkpoint,4,5,read_calls_per_second,151.9692380588117,1881.5257383760409,1167.6647002497753,903.2820523486802,1432.0473481508704
hosted-paced-merged/ubuntu-net10.0-checkpoint/readers.jsonl,medium,checkpoint,4,5,writer_transactions_per_second,23.442546070388847,23.813174926770767,0.960896748875417,-12.08317796620342,11.883307633839276
hosted-paced-merged/ubuntu-net10.0-checkpoint/readers.jsonl,medium,checkpoint,4,5,writer_p99_ms,224.372639,234.788982,11.587303321447926,-13.387078235624916,35.35772937524317
hosted-paced-merged/ubuntu-net10.0-checkpoint/readers.jsonl,medium,checkpoint,4,5,total_active_cpu_ms,3989.3940000000002,9860.726999999999,130.77856297482109,93.18331425525635,168.82358850104876
hosted-paced-merged/ubuntu-net10.0-checkpoint/readers.jsonl,medium,checkpoint,4,5,read_completion_fraction,1.0,1.0,0.0,0.0,0.0
hosted-paced-merged/ubuntu-net10.0-checkpoint/readers.jsonl,medium,checkpoint,4,5,median_reader_api_p99_ms,209.45169299999998,15.6824455,-90.14802929055612,-92.90239958067805,-87.39365900043421
hosted-paced-merged/ubuntu-net10.0-checkpoint/readers.jsonl,medium,checkpoint,4,5,median_reader_arrival_p99_ms,209.45085000000017,15.681749999999852,-90.14841469923125,-92.90273540775401,-87.3940939907085
hosted-paced-merged/ubuntu-net10.0-checkpoint/readers.jsonl,point,checkpoint,1,5,read_calls_per_second,41.14012877060014,5165.990597897112,12613.614848892661,9928.830768608725,15298.398929176596
hosted-paced-merged/ubuntu-net10.0-checkpoint/readers.jsonl,point,checkpoint,1,5,writer_transactions_per_second,20.669651577375003,22.757651878654645,23.027745000594294,-6.872405556716229,64.71346110541566
hosted-paced-merged/ubuntu-net10.0-checkpoint/readers.jsonl,point,checkpoint,1,5,writer_p99_ms,265.926689,248.071474,-0.46084032353767485,-29.199211743960443,35.21237223214522
hosted-paced-merged/ubuntu-net10.0-checkpoint/readers.jsonl,point,checkpoint,1,5,total_active_cpu_ms,2003.5929999999998,3321.983,77.38169845142568,36.30333778687459,127.90155259480086
hosted-paced-merged/ubuntu-net10.0-checkpoint/readers.jsonl,point,checkpoint,1,5,read_completion_fraction,1.0,1.0,0.0,0.0,0.0
hosted-paced-merged/ubuntu-net10.0-checkpoint/readers.jsonl,point,checkpoint,1,5,median_reader_api_p99_ms,239.387184,1.121876,-99.53689077774432,-99.63898379884242,-99.45965245468534
hosted-paced-merged/ubuntu-net10.0-checkpoint/readers.jsonl,point,checkpoint,1,5,median_reader_arrival_p99_ms,239.38630000000012,1.121900000000096,-99.5369043745095,-99.63899693956635,-99.45965580694298
hosted-paced-merged/ubuntu-net10.0-checkpoint/readers.jsonl,point,checkpoint,4,5,read_calls_per_second,212.87948207941497,17670.091106399726,7914.457684855372,6937.365163540448,9031.943775556409
hosted-paced-merged/ubuntu-net10.0-checkpoint/readers.jsonl,point,checkpoint,4,5,writer_transactions_per_second,24.14341059237916,23.661116504192837,-15.929379245806404,-34.88944337264744,3.744880623438184
hosted-paced-merged/ubuntu-net10.0-checkpoint/readers.jsonl,point,checkpoint,4,5,writer_p99_ms,221.916654,314.194271,49.40746165758299,-1.9171744810543558,100.73209779622034
hosted-paced-merged/ubuntu-net10.0-checkpoint/readers.jsonl,point,checkpoint,4,5,total_active_cpu_ms,2857.601,7401.715,151.4675482227453,126.9823629724247,181.62758290637512
hosted-paced-merged/ubuntu-net10.0-checkpoint/readers.jsonl,point,checkpoint,4,5,read_completion_fraction,1.0,1.0,0.0,0.0,0.0
hosted-paced-merged/ubuntu-net10.0-checkpoint/readers.jsonl,point,checkpoint,4,5,median_reader_api_p99_ms,194.0174905,1.1342755,-99.31340858786243,-99.43032871162987,-99.12835953309836
hosted-paced-merged/ubuntu-net10.0-checkpoint/readers.jsonl,point,checkpoint,4,5,median_reader_arrival_p99_ms,194.0163,1.1341499999998632,-99.31344591876757,-99.43036373145462,-99.1284155253394
hosted-paced-merged/ubuntu-net10.0-idle/readers.jsonl,large,idle,1,5,read_calls_per_second,490.4678596411577,1617.9976862633084,232.66110061563484,225.80224629698486,240.89636665004673
hosted-paced-merged/ubuntu-net10.0-idle/readers.jsonl,large,idle,1,5,total_active_cpu_ms,9103.464,10026.788,10.414781147448483,9.781975173944556,11.358720075851338
hosted-paced-merged/ubuntu-net10.0-idle/readers.jsonl,large,idle,1,5,read_completion_fraction,1.0,1.0,0.0,0.0,0.0
hosted-paced-merged/ubuntu-net10.0-idle/readers.jsonl,large,idle,1,5,median_reader_api_p99_ms,3.975073,0.825065,-79.3497966545774,-79.60440402332547,-79.12029868197996
hosted-paced-merged/ubuntu-net10.0-idle/readers.jsonl,large,idle,1,5,median_reader_arrival_p99_ms,3.9749999999994543,0.8249999999998181,-79.35087340396466,-79.60805399424653,-79.12024353664114
hosted-paced-merged/ubuntu-net10.0-idle/readers.jsonl,large,idle,4,5,read_calls_per_second,1070.3267618966124,2977.157169547763,178.8070865733084,177.17440738616165,180.71994225364793
hosted-paced-merged/ubuntu-net10.0-idle/readers.jsonl,large,idle,4,5,total_active_cpu_ms,31978.292999999998,39752.172,24.171944911360963,23.940264974439497,24.403624848282433
hosted-paced-merged/ubuntu-net10.0-idle/readers.jsonl,large,idle,4,5,read_completion_fraction,1.0,1.0,0.0,0.0,0.0
hosted-paced-merged/ubuntu-net10.0-idle/readers.jsonl,large,idle,4,5,median_reader_api_p99_ms,7.037406,1.709552,-75.64866927983009,-75.78458469462281,-75.5354190228367
hosted-paced-merged/ubuntu-net10.0-idle/readers.jsonl,large,idle,4,5,median_reader_arrival_p99_ms,7.037000000000148,1.709199999999555,-75.65473598562974,-75.78915207665025,-75.54435954120547
hosted-paced-merged/ubuntu-net10.0-idle/readers.jsonl,medium,idle,1,5,read_calls_per_second,1506.177045861821,5998.875344622334,294.6802216510934,279.74065841190634,305.3937998787616
hosted-paced-merged/ubuntu-net10.0-idle/readers.jsonl,medium,idle,1,5,total_active_cpu_ms,10178.472,10026.091,-1.5354427728404407,-1.6290550463012152,-1.4435348279203186
hosted-paced-merged/ubuntu-net10.0-idle/readers.jsonl,medium,idle,1,5,read_completion_fraction,1.0,1.0,0.0,0.0,0.0
hosted-paced-merged/ubuntu-net10.0-idle/readers.jsonl,medium,idle,1,5,median_reader_api_p99_ms,1.011116,0.311437,-68.84792947348205,-69.31556171787943,-68.0765839619942
hosted-paced-merged/ubuntu-net10.0-idle/readers.jsonl,medium,idle,1,5,median_reader_arrival_p99_ms,1.0110999999999422,0.3114000000005035,-68.85047453021939,-69.3207253584147,-68.07580120078167
hosted-paced-merged/ubuntu-net10.0-idle/readers.jsonl,medium,idle,4,5,read_calls_per_second,2149.3353294521444,11195.787475684701,425.06871473344523,419.8415707332164,430.7452616496247
hosted-paced-merged/ubuntu-net10.0-idle/readers.jsonl,medium,idle,4,5,total_active_cpu_ms,20436.718,39752.49,94.1390694666902,93.63288105267836,94.45866502414056
hosted-paced-merged/ubuntu-net10.0-idle/readers.jsonl,medium,idle,4,5,read_completion_fraction,1.0,1.0,0.0,0.0,0.0
hosted-paced-merged/ubuntu-net10.0-idle/readers.jsonl,medium,idle,4,5,median_reader_api_p99_ms,3.1391615,0.655811,-78.48613452514942,-79.3561603129418,-77.41936350520322
hosted-paced-merged/ubuntu-net10.0-idle/readers.jsonl,medium,idle,4,5,median_reader_arrival_p99_ms,3.1390499999999975,0.6556500000001506,-78.48808628970406,-79.35801606746676,-77.4205421018246
hosted-paced-merged/ubuntu-net10.0-idle/readers.jsonl,point,idle,1,5,read_calls_per_second,11603.767625488326,52910.73915264997,355.08074751662497,345.4038098533941,364.7576851798559
hosted-paced-merged/ubuntu-net10.0-idle/readers.jsonl,point,idle,1,5,total_active_cpu_ms,10115.869,10029.49,-0.8451905634556423,-0.8726523604770842,-0.8139437716639385
hosted-paced-merged/ubuntu-net10.0-idle/readers.jsonl,point,idle,1,5,read_completion_fraction,1.0,1.0,0.0,0.0,0.0
hosted-paced-merged/ubuntu-net10.0-idle/readers.jsonl,point,idle,1,5,median_reader_api_p99_ms,0.422165,0.039514,-90.93216292762273,-91.4985055247582,-90.36582033048724
hosted-paced-merged/ubuntu-net10.0-idle/readers.jsonl,point,idle,1,5,median_reader_arrival_p99_ms,0.422099999999773,0.03949999999986176,-90.93563761238998,-91.50017994467153,-90.37109528010845
hosted-paced-merged/ubuntu-net10.0-idle/readers.jsonl,point,idle,4,5,read_calls_per_second,7668.396789260256,111156.49987837134,1346.7439614302668,1335.7917697034407,1359.896859837134
hosted-paced-merged/ubuntu-net10.0-idle/readers.jsonl,point,idle,4,5,total_active_cpu_ms,11667.422999999999,39750.168000000005,240.46681425585427,239.65208744424976,241.38015922775713
hosted-paced-merged/ubuntu-net10.0-idle/readers.jsonl,point,idle,4,5,read_completion_fraction,1.0,1.0,0.0,0.0,0.0
hosted-paced-merged/ubuntu-net10.0-idle/readers.jsonl,point,idle,4,5,median_reader_api_p99_ms,1.1841115,0.08072750000000001,-93.17171769848305,-93.26165938030606,-93.0642157318973
hosted-paced-merged/ubuntu-net10.0-idle/readers.jsonl,point,idle,4,5,median_reader_arrival_p99_ms,1.184099999999944,0.0806999999999789,-93.17542145680088,-93.26519790693337,-93.06752310398556
hosted-paced-merged/ubuntu-net10.0-writer/readers.jsonl,large,writer,1,5,read_calls_per_second,53.25717590485491,190.86896088958014,276.0119471263891,233.49984173088495,317.59355086959033
hosted-paced-merged/ubuntu-net10.0-writer/readers.jsonl,large,writer,1,5,writer_transactions_per_second,53.24402296134005,54.6196641615606,5.876023139873601,-3.6573379487925983,17.124602790094638
hosted-paced-merged/ubuntu-net10.0-writer/readers.jsonl,large,writer,1,5,writer_p99_ms,66.633176,36.483656,7.542680468738489,-54.752092124074956,75.08330645065669
hosted-paced-merged/ubuntu-net10.0-writer/readers.jsonl,large,writer,1,5,total_active_cpu_ms,6217.215,7395.848,23.1669679411376,13.598366544494098,34.22206505640372
hosted-paced-merged/ubuntu-net10.0-writer/readers.jsonl,large,writer,1,5,read_completion_fraction,1.0,1.0,0.0,0.0,0.0
hosted-paced-merged/ubuntu-net10.0-writer/readers.jsonl,large,writer,1,5,median_reader_api_p99_ms,64.203594,25.523836,-50.04444863031907,-81.2330435090474,-18.85585375159073
hosted-paced-merged/ubuntu-net10.0-writer/readers.jsonl,large,writer,1,5,median_reader_arrival_p99_ms,64.20300000000043,25.523400000000038,-50.04490612272164,-81.2335012668511,-18.856310978592177
hosted-paced-merged/ubuntu-net10.0-writer/readers.jsonl,large,writer,4,5,read_calls_per_second,228.09610542354199,527.5506956707536,137.6675663916909,122.9235618059417,160.5718729411602
hosted-paced-merged/ubuntu-net10.0-writer/readers.jsonl,large,writer,4,5,writer_transactions_per_second,47.771121401690245,47.17124124808723,-0.03372651965819014,-7.718917205024328,7.651464165707949
hosted-paced-merged/ubuntu-net10.0-writer/readers.jsonl,large,writer,4,5,writer_p99_ms,32.090052,105.433616,122.21403587015786,15.886408918745833,228.5416628215699
hosted-paced-merged/ubuntu-net10.0-writer/readers.jsonl,large,writer,4,5,total_active_cpu_ms,10773.25,13549.103,24.27996008817143,15.3158640201866,33.244056156156255
hosted-paced-merged/ubuntu-net10.0-writer/readers.jsonl,large,writer,4,5,read_completion_fraction,1.0,1.0,0.0,0.0,0.0
hosted-paced-merged/ubuntu-net10.0-writer/readers.jsonl,large,writer,4,5,median_reader_api_p99_ms,33.518246000000005,32.690526500000004,16.30724381084094,-16.25338690349359,55.39108337636674
hosted-paced-merged/ubuntu-net10.0-writer/readers.jsonl,large,writer,4,5,median_reader_arrival_p99_ms,33.51735000000011,32.68319999999994,16.30387809050411,-16.257677314221283,55.38449599911534
hosted-paced-merged/ubuntu-net10.0-writer/readers.jsonl,medium,writer,1,5,read_calls_per_second,53.470039132972616,588.0190753627892,1161.5168502850697,1015.521949517825,1410.0065521609583
hosted-paced-merged/ubuntu-net10.0-writer/readers.jsonl,medium,writer,1,5,writer_transactions_per_second,53.36686504716087,57.02728963544192,1.7382637919084032,-13.310272275301022,14.369429373221987
hosted-paced-merged/ubuntu-net10.0-writer/readers.jsonl,medium,writer,1,5,writer_p99_ms,54.085389,54.695514,101.11601816678842,-63.0519070946395,363.04572622743643
hosted-paced-merged/ubuntu-net10.0-writer/readers.jsonl,medium,writer,1,5,total_active_cpu_ms,5244.984,6853.357999999999,28.966357719137445,16.83283832920832,40.443386087897046
hosted-paced-merged/ubuntu-net10.0-writer/readers.jsonl,medium,writer,1,5,read_completion_fraction,1.0,1.0,0.0,0.0,0.0
hosted-paced-merged/ubuntu-net10.0-writer/readers.jsonl,medium,writer,1,5,median_reader_api_p99_ms,54.827489,17.917069,-74.45190100932778,-83.65770055476293,-66.3084082181719
hosted-paced-merged/ubuntu-net10.0-writer/readers.jsonl,medium,writer,1,5,median_reader_arrival_p99_ms,54.82729999999901,17.916599999999562,-74.4523554778828,-83.65813114463026,-66.30884548318609
hosted-paced-merged/ubuntu-net10.0-writer/readers.jsonl,medium,writer,4,5,read_calls_per_second,200.5286255790938,1839.903637956189,899.2651014956015,815.5520006285524,985.6769368273883
hosted-paced-merged/ubuntu-net10.0-writer/readers.jsonl,medium,writer,4,5,writer_transactions_per_second,49.92991138619075,51.407007294155235,5.717409550547754,-10.588935600313864,19.94821965309338
hosted-paced-merged/ubuntu-net10.0-writer/readers.jsonl,medium,writer,4,5,writer_p99_ms,42.002818,35.837362,37.99735772323151,-67.63037433346402,196.3467914645387
hosted-paced-merged/ubuntu-net10.0-writer/readers.jsonl,medium,writer,4,5,total_active_cpu_ms,6579.62,11924.242,91.52878447777218,71.90020072846445,114.24415881510035
hosted-paced-merged/ubuntu-net10.0-writer/readers.jsonl,medium,writer,4,5,read_completion_fraction,1.0,1.0,0.0,0.0,0.0
hosted-paced-merged/ubuntu-net10.0-writer/readers.jsonl,medium,writer,4,5,median_reader_api_p99_ms,41.069684,22.442186,-58.40726560451469,-81.35959148009184,-36.84421719700014
hosted-paced-merged/ubuntu-net10.0-writer/readers.jsonl,medium,writer,4,5,median_reader_arrival_p99_ms,41.06914999999981,22.441400000000158,-58.40793905373434,-81.3600903008983,-36.84494016313897
hosted-paced-merged/ubuntu-net10.0-writer/readers.jsonl,point,writer,1,5,read_calls_per_second,56.25324455325711,3512.6834369686603,7084.00340230219,5518.880131691544,9738.578828878493
hosted-paced-merged/ubuntu-net10.0-writer/readers.jsonl,point,writer,1,5,writer_transactions_per_second,55.754373965608984,54.67513757469066,5.811333206762616,-5.808337034322607,17.43100344784784
hosted-paced-merged/ubuntu-net10.0-writer/readers.jsonl,point,writer,1,5,writer_p99_ms,72.200705,41.348407,28.3624512587761,-58.42093683867995,134.83892379143745
hosted-paced-merged/ubuntu-net10.0-writer/readers.jsonl,point,writer,1,5,total_active_cpu_ms,4950.659,5973.389,31.649047796790626,16.71371155460796,46.58438403897329
hosted-paced-merged/ubuntu-net10.0-writer/readers.jsonl,point,writer,1,5,read_completion_fraction,1.0,1.0,0.0,0.0,0.0
hosted-paced-merged/ubuntu-net10.0-writer/readers.jsonl,point,writer,1,5,median_reader_api_p99_ms,72.240954,7.249247,-87.06430337057262,-95.53444374059572,-77.22664481194201
hosted-paced-merged/ubuntu-net10.0-writer/readers.jsonl,point,writer,1,5,median_reader_arrival_p99_ms,72.24009999999998,7.249200000000201,-87.06431258301987,-95.53449683299637,-77.22651638809415
hosted-paced-merged/ubuntu-net10.0-writer/readers.jsonl,point,writer,4,5,read_calls_per_second,308.88363624227117,11196.601692958955,4369.988163459326,3588.036140672227,5072.374019592305
hosted-paced-merged/ubuntu-net10.0-writer/readers.jsonl,point,writer,4,5,writer_transactions_per_second,49.39166021817216,49.36901156513068,-2.5895649698646883,-14.48301615756227,9.073680779765654
hosted-paced-merged/ubuntu-net10.0-writer/readers.jsonl,point,writer,4,5,writer_p99_ms,97.081123,92.450015,60.95812154047452,-54.63048120978182,236.76691080787842
hosted-paced-merged/ubuntu-net10.0-writer/readers.jsonl,point,writer,4,5,total_active_cpu_ms,5066.211,9282.9,86.06837205849921,75.02193862429986,97.11480549269854
hosted-paced-merged/ubuntu-net10.0-writer/readers.jsonl,point,writer,4,5,read_completion_fraction,1.0,1.0,0.0,0.0,0.0
hosted-paced-merged/ubuntu-net10.0-writer/readers.jsonl,point,writer,4,5,median_reader_api_p99_ms,64.59543099999999,7.876895,-91.78065579467939,-95.3913904087405,-87.91485902643562
hosted-paced-merged/ubuntu-net10.0-writer/readers.jsonl,point,writer,4,5,median_reader_arrival_p99_ms,64.59475000000066,7.8766499999996995,-91.78066252675137,-95.39145498472553,-87.91478283652536
hosted-paced-merged/ubuntu-net8.0-checkpoint/readers.jsonl,large,checkpoint,1,5,read_calls_per_second,70.80116016438731,170.64593766048978,139.67113019791327,136.30246170497406,143.03979869085248
hosted-paced-merged/ubuntu-net8.0-checkpoint/readers.jsonl,large,checkpoint,1,5,writer_transactions_per_second,70.78403168952178,68.08366332498517,-3.3344730623736507,-3.7637696686625803,-2.8616591287250315
hosted-paced-merged/ubuntu-net8.0-checkpoint/readers.jsonl,large,checkpoint,1,5,writer_p99_ms,20.086477,21.01765,5.122764057740223,3.737538232114921,6.7040843417582865
hosted-paced-merged/ubuntu-net8.0-checkpoint/readers.jsonl,large,checkpoint,1,5,total_active_cpu_ms,9860,11050,11.887197712502946,11.263685363087292,12.566680248629018
hosted-paced-merged/ubuntu-net8.0-checkpoint/readers.jsonl,large,checkpoint,1,5,read_completion_fraction,1.0,1.0,0.0,0.0,0.0
hosted-paced-merged/ubuntu-net8.0-checkpoint/readers.jsonl,large,checkpoint,1,5,median_reader_api_p99_ms,21.995668,24.327973,9.658150248229127,7.055915018766737,12.710625232741226
hosted-paced-merged/ubuntu-net8.0-checkpoint/readers.jsonl,large,checkpoint,1,5,median_reader_arrival_p99_ms,21.994999999999997,24.327400000000125,9.658818131262358,7.056417963994868,12.711939671943721
hosted-paced-merged/ubuntu-net8.0-checkpoint/readers.jsonl,large,checkpoint,4,5,read_calls_per_second,307.90953868688405,483.77542880414506,55.917731222084925,54.91187970481004,56.9235827393598
hosted-paced-merged/ubuntu-net8.0-checkpoint/readers.jsonl,large,checkpoint,4,5,writer_transactions_per_second,51.976381932050074,50.86993688469988,-2.242966131221431,-2.725767335242497,-1.7601649272003648
hosted-paced-merged/ubuntu-net8.0-checkpoint/readers.jsonl,large,checkpoint,4,5,writer_p99_ms,26.208554,28.535604,8.633465835092506,6.676385677513297,10.225801685358112
hosted-paced-merged/ubuntu-net8.0-checkpoint/readers.jsonl,large,checkpoint,4,5,total_active_cpu_ms,16710,17490,4.603721989642868,3.8917263230052512,5.315717656280485
hosted-paced-merged/ubuntu-net8.0-checkpoint/readers.jsonl,large,checkpoint,4,5,read_completion_fraction,1.0,1.0,0.0,0.0,0.0
hosted-paced-merged/ubuntu-net8.0-checkpoint/readers.jsonl,large,checkpoint,4,5,median_reader_api_p99_ms,25.473623,31.8847805,25.333758760105642,23.092064918339915,27.814621360382972
hosted-paced-merged/ubuntu-net8.0-checkpoint/readers.jsonl,large,checkpoint,4,5,median_reader_arrival_p99_ms,25.473099999999704,31.884050000000002,25.333128045984505,23.091489265296083,27.81443790135355
hosted-paced-merged/ubuntu-net8.0-checkpoint/readers.jsonl,medium,checkpoint,1,5,read_calls_per_second,71.90413381359302,492.41831764946835,584.2764390055164,579.1209839450338,590.1013173378972
hosted-paced-merged/ubuntu-net8.0-checkpoint/readers.jsonl,medium,checkpoint,1,5,writer_transactions_per_second,71.30507440664542,69.38624487081681,-2.3481013457189492,-2.9018683671294476,-1.8064499144063029
hosted-paced-merged/ubuntu-net8.0-checkpoint/readers.jsonl,medium,checkpoint,1,5,writer_p99_ms,20.06179,20.622849,2.4406354656660034,0.13885337166221312,5.279693932534983
hosted-paced-merged/ubuntu-net8.0-checkpoint/readers.jsonl,medium,checkpoint,1,5,total_active_cpu_ms,8500,10060,18.151310398584787,17.29296386691403,18.78926885051286
hosted-paced-merged/ubuntu-net8.0-checkpoint/readers.jsonl,medium,checkpoint,1,5,read_completion_fraction,1.0,1.0,0.0,0.0,0.0
hosted-paced-merged/ubuntu-net8.0-checkpoint/readers.jsonl,medium,checkpoint,1,5,median_reader_api_p99_ms,20.031667,9.109501,-54.402894802053346,-55.206540277747465,-53.718626519089426
hosted-paced-merged/ubuntu-net8.0-checkpoint/readers.jsonl,medium,checkpoint,1,5,median_reader_arrival_p99_ms,20.03139999999985,9.109300000000076,-54.40280518343723,-55.20665157750132,-53.71810272363281
hosted-paced-merged/ubuntu-net8.0-checkpoint/readers.jsonl,medium,checkpoint,4,5,read_calls_per_second,330.9465210414092,1604.79437217512,386.81947256830443,381.49312491659055,391.247853654319
hosted-paced-merged/ubuntu-net8.0-checkpoint/readers.jsonl,medium,checkpoint,4,5,writer_transactions_per_second,57.08538157548615,56.409036480043376,-1.2848931145476516,-2.155755162418671,-0.7454994328706444
hosted-paced-merged/ubuntu-net8.0-checkpoint/readers.jsonl,medium,checkpoint,4,5,writer_p99_ms,24.565482,25.092579,2.1536483402072415,-2.4119327669419643,6.803546697227807
hosted-paced-merged/ubuntu-net8.0-checkpoint/readers.jsonl,medium,checkpoint,4,5,total_active_cpu_ms,10480,15250,45.829841379663826,45.22820859103631,46.56693955326701
hosted-paced-merged/ubuntu-net8.0-checkpoint/readers.jsonl,medium,checkpoint,4,5,read_completion_fraction,1.0,1.0,0.0,0.0,0.0
hosted-paced-merged/ubuntu-net8.0-checkpoint/readers.jsonl,medium,checkpoint,4,5,median_reader_api_p99_ms,23.207044,18.4770635,-23.342718529224005,-32.48839132756991,-15.946129036575158
hosted-paced-merged/ubuntu-net8.0-checkpoint/readers.jsonl,medium,checkpoint,4,5,median_reader_arrival_p99_ms,23.20634999999993,18.476750000000038,-23.343181158177984,-32.48965001014231,-15.946063630805089
hosted-paced-merged/ubuntu-net8.0-checkpoint/readers.jsonl,point,checkpoint,1,5,read_calls_per_second,145.98581573436522,1801.6298540765808,1140.1820161997325,1115.6347720263154,1167.940091453464
hosted-paced-merged/ubuntu-net8.0-checkpoint/readers.jsonl,point,checkpoint,1,5,writer_transactions_per_second,72.84798799353237,72.3163805691479,-1.080176652889877,-1.4361802439728621,-0.6873852063920971
hosted-paced-merged/ubuntu-net8.0-checkpoint/readers.jsonl,point,checkpoint,1,5,writer_p99_ms,19.526909,19.605915,1.1531386099227925,-0.24718772099960873,3.1555345974459614
hosted-paced-merged/ubuntu-net8.0-checkpoint/readers.jsonl,point,checkpoint,1,5,total_active_cpu_ms,8170,9200,12.338841279067033,11.58973985763661,13.087942700497456
hosted-paced-merged/ubuntu-net8.0-checkpoint/readers.jsonl,point,checkpoint,1,5,read_completion_fraction,1.0,1.0,0.0,0.0,0.0
hosted-paced-merged/ubuntu-net8.0-checkpoint/readers.jsonl,point,checkpoint,1,5,median_reader_api_p99_ms,18.856055,8.13706,-57.793191436053476,-59.99506974345538,-56.51283030190832
hosted-paced-merged/ubuntu-net8.0-checkpoint/readers.jsonl,point,checkpoint,1,5,median_reader_arrival_p99_ms,18.85529999999926,8.136899999999514,-57.792963797384786,-59.995090893803805,-56.51225481983264
hosted-paced-merged/ubuntu-net8.0-checkpoint/readers.jsonl,point,checkpoint,4,5,read_calls_per_second,797.9815271931993,6428.844656746632,707.2323360829294,693.6213534193847,725.9602910091255
hosted-paced-merged/ubuntu-net8.0-checkpoint/readers.jsonl,point,checkpoint,4,5,writer_transactions_per_second,63.88100945350966,64.05159748880965,0.21357833175600582,-0.3126797945999682,0.6816246802116233
hosted-paced-merged/ubuntu-net8.0-checkpoint/readers.jsonl,point,checkpoint,4,5,writer_p99_ms,25.081646,21.713233,-13.137637846722656,-16.366232500866012,-10.327568182301857
hosted-paced-merged/ubuntu-net8.0-checkpoint/readers.jsonl,point,checkpoint,4,5,total_active_cpu_ms,8639.9999,12650,46.088786144411436,45.33512933596267,46.80018525956035
hosted-paced-merged/ubuntu-net8.0-checkpoint/readers.jsonl,point,checkpoint,4,5,read_completion_fraction,1.0,1.0,0.0,0.0,0.0
hosted-paced-merged/ubuntu-net8.0-checkpoint/readers.jsonl,point,checkpoint,4,5,median_reader_api_p99_ms,41.9988225,8.667759,-79.01436571337129,-80.5157597095188,-77.10728449488045
hosted-paced-merged/ubuntu-net8.0-checkpoint/readers.jsonl,point,checkpoint,4,5,median_reader_arrival_p99_ms,41.99815000000012,8.667500000000018,-79.0215194739562,-80.52994900313098,-77.11447109427301
hosted-paced-merged/ubuntu-net8.0-idle/readers.jsonl,large,idle,1,5,read_calls_per_second,446.7609530926997,1462.9489577108654,227.70844613042547,225.29416949995797,230.4878744237454
hosted-paced-merged/ubuntu-net8.0-idle/readers.jsonl,large,idle,1,5,total_active_cpu_ms,9020,10029.9999,11.550142617756048,11.005380882475938,12.196634974586829
hosted-paced-merged/ubuntu-net8.0-idle/readers.jsonl,large,idle,1,5,read_completion_fraction,1.0,1.0,0.0,0.0,0.0
hosted-paced-merged/ubuntu-net8.0-idle/readers.jsonl,large,idle,1,5,median_reader_api_p99_ms,4.179301,0.936207,-77.78180858768128,-78.07699421464253,-77.54157375660279
hosted-paced-merged/ubuntu-net8.0-idle/readers.jsonl,large,idle,1,5,median_reader_arrival_p99_ms,4.179199999999582,0.9359999999996944,-77.78736505832653,-78.0817256917945,-77.54350760512379
hosted-paced-merged/ubuntu-net8.0-idle/readers.jsonl,large,idle,4,5,read_calls_per_second,1031.7324432007272,2753.6204787329116,166.6606008508697,166.19012259236624,167.0862122559841
hosted-paced-merged/ubuntu-net8.0-idle/readers.jsonl,large,idle,4,5,total_active_cpu_ms,32539.9999,39769.9999,21.98954481856209,21.723515611488256,22.196334353218656
hosted-paced-merged/ubuntu-net8.0-idle/readers.jsonl,large,idle,4,5,read_completion_fraction,1.0,1.0,0.0,0.0,0.0
hosted-paced-merged/ubuntu-net8.0-idle/readers.jsonl,large,idle,4,5,median_reader_api_p99_ms,7.0686634999999995,1.8713525,-73.56034708463919,-73.72433384295405,-73.37002329170755
hosted-paced-merged/ubuntu-net8.0-idle/readers.jsonl,large,idle,4,5,median_reader_arrival_p99_ms,7.068199999999997,1.8694499999999863,-73.57147344683004,-73.73630462161059,-73.38584285174849
hosted-paced-merged/ubuntu-net8.0-idle/readers.jsonl,medium,idle,1,5,read_calls_per_second,1471.591779140562,5297.0104275536705,260.534078123284,249.43622369971905,276.39579377633896
hosted-paced-merged/ubuntu-net8.0-idle/readers.jsonl,medium,idle,1,5,total_active_cpu_ms,10160,10030,-1.2793980670125071,-1.434611575461635,-1.1241845585633792
hosted-paced-merged/ubuntu-net8.0-idle/readers.jsonl,medium,idle,1,5,read_completion_fraction,1.0,1.0,0.0,0.0,0.0
hosted-paced-merged/ubuntu-net8.0-idle/readers.jsonl,medium,idle,1,5,median_reader_api_p99_ms,1.133528,0.394781,-64.909443371191,-65.6540312255657,-64.11564222646848
hosted-paced-merged/ubuntu-net8.0-idle/readers.jsonl,medium,idle,1,5,median_reader_arrival_p99_ms,1.1333999999999378,0.3946000000000822,-64.9219777932999,-65.66374697498364,-64.13008320992586
hosted-paced-merged/ubuntu-net8.0-idle/readers.jsonl,medium,idle,4,5,read_calls_per_second,1923.0137845448423,10188.179018001358,431.051793273181,427.9092313342211,434.1943552121408
hosted-paced-merged/ubuntu-net8.0-idle/readers.jsonl,medium,idle,4,5,total_active_cpu_ms,19820,39750,100.30275554155044,100.05035751242283,100.58547204496509
hosted-paced-merged/ubuntu-net8.0-idle/readers.jsonl,medium,idle,4,5,read_completion_fraction,1.0,1.0,0.0,0.0,0.0
hosted-paced-merged/ubuntu-net8.0-idle/readers.jsonl,medium,idle,4,5,median_reader_api_p99_ms,3.7269595,0.762133,-79.68694203030682,-79.95181428728134,-79.3438930589524
hosted-paced-merged/ubuntu-net8.0-idle/readers.jsonl,medium,idle,4,5,median_reader_arrival_p99_ms,3.726799999999912,0.7618999999999687,-79.69202052655957,-79.95767851275215,-79.34903747147143
hosted-paced-merged/ubuntu-net8.0-idle/readers.jsonl,point,idle,1,5,read_calls_per_second,10777.8740253236,47281.827185986134,341.7125267453308,333.81862002732316,349.6064334633385
hosted-paced-merged/ubuntu-net8.0-idle/readers.jsonl,point,idle,1,5,total_active_cpu_ms,10120,10030,-0.8306265397378265,-0.8893278656126459,-0.7521232348421192
hosted-paced-merged/ubuntu-net8.0-idle/readers.jsonl,point,idle,1,5,read_completion_fraction,1.0,1.0,0.0,0.0,0.0
hosted-paced-merged/ubuntu-net8.0-idle/readers.jsonl,point,idle,1,5,median_reader_api_p99_ms,0.450254,0.042159,-90.54408613964438,-90.74854774103044,-90.32727927576437
hosted-paced-merged/ubuntu-net8.0-idle/readers.jsonl,point,idle,1,5,median_reader_arrival_p99_ms,0.4501000000000204,0.042100000000573345,-90.55326707238044,-90.75990326645616,-90.32973552742423
hosted-paced-merged/ubuntu-net8.0-idle/readers.jsonl,point,idle,4,5,read_calls_per_second,7153.246556072154,90981.41555858955,1171.7601223511633,1162.7988826541934,1177.88327570916
hosted-paced-merged/ubuntu-net8.0-idle/readers.jsonl,point,idle,4,5,total_active_cpu_ms,11600,39740,242.64634537899767,242.2321967835293,243.2803961341129
hosted-paced-merged/ubuntu-net8.0-idle/readers.jsonl,point,idle,4,5,read_completion_fraction,1.0,1.0,0.0,0.0,0.0
hosted-paced-merged/ubuntu-net8.0-idle/readers.jsonl,point,idle,4,5,median_reader_api_p99_ms,1.966772,0.0909655,-95.40409929861788,-95.53953171978412,-95.29244436694039
hosted-paced-merged/ubuntu-net8.0-idle/readers.jsonl,point,idle,4,5,median_reader_arrival_p99_ms,1.9666500000000724,0.09075000000029831,-95.41144895009455,-95.5474728934878,-95.29862555762004
hosted-paced-merged/ubuntu-net8.0-writer/readers.jsonl,large,writer,1,5,read_calls_per_second,68.53838262325404,155.4526631095565,124.1293289446717,117.68176774991002,130.21964928601446
hosted-paced-merged/ubuntu-net8.0-writer/readers.jsonl,large,writer,1,5,writer_transactions_per_second,68.53922695285317,69.49331613285435,1.0300786082891356,-0.7392410514932624,2.538276757368707
hosted-paced-merged/ubuntu-net8.0-writer/readers.jsonl,large,writer,1,5,writer_p99_ms,21.320161,21.767401,2.6659016704220972,0.9631164995744657,4.316347829811282
hosted-paced-merged/ubuntu-net8.0-writer/readers.jsonl,large,writer,1,5,total_active_cpu_ms,10199.999899999999,11140.0001,9.740234835823033,9.048152849234015,10.630804528938356
hosted-paced-merged/ubuntu-net8.0-writer/readers.jsonl,large,writer,1,5,read_completion_fraction,1.0,1.0,0.0,0.0,0.0
hosted-paced-merged/ubuntu-net8.0-writer/readers.jsonl,large,writer,1,5,median_reader_api_p99_ms,22.977034,24.628925,7.2102499587801105,5.2788647149855406,9.158029289992609
hosted-paced-merged/ubuntu-net8.0-writer/readers.jsonl,large,writer,1,5,median_reader_arrival_p99_ms,22.976400000000012,24.62850000000003,7.211993083888553,5.2794369019885945,9.162219918848065
hosted-paced-merged/ubuntu-net8.0-writer/readers.jsonl,large,writer,4,5,read_calls_per_second,243.06267742142455,456.9054454322695,88.97423038482333,86.8962783680884,90.86371170327389
hosted-paced-merged/ubuntu-net8.0-writer/readers.jsonl,large,writer,4,5,writer_transactions_per_second,54.81218703950962,56.607737313262604,3.585399741685915,2.881628009641659,4.263146376022404
hosted-paced-merged/ubuntu-net8.0-writer/readers.jsonl,large,writer,4,5,writer_p99_ms,25.032705,27.221071,6.930341324172833,4.4671400680032125,9.060394177429597
hosted-paced-merged/ubuntu-net8.0-writer/readers.jsonl,large,writer,4,5,total_active_cpu_ms,15100.000100000001,17670,16.818285961348224,15.824448815174089,17.688792971906352
hosted-paced-merged/ubuntu-net8.0-writer/readers.jsonl,large,writer,4,5,read_completion_fraction,1.0,1.0,0.0,0.0,0.0
hosted-paced-merged/ubuntu-net8.0-writer/readers.jsonl,large,writer,4,5,median_reader_api_p99_ms,26.427173,31.1139035,17.369384055045867,15.45309098601216,20.03218796040714
hosted-paced-merged/ubuntu-net8.0-writer/readers.jsonl,large,writer,4,5,median_reader_arrival_p99_ms,26.42659999999978,31.112899999999968,17.368821037270145,15.452165110496349,20.0316701110767
hosted-paced-merged/ubuntu-net8.0-writer/readers.jsonl,medium,writer,1,5,read_calls_per_second,70.35083391270344,468.3835410023692,562.0396639559129,548.1238922285564,574.1282260030625
hosted-paced-merged/ubuntu-net8.0-writer/readers.jsonl,medium,writer,1,5,writer_transactions_per_second,70.35368687146938,70.24942252326593,0.1339426983110159,-0.7285641164359702,1.027324290196996
hosted-paced-merged/ubuntu-net8.0-writer/readers.jsonl,medium,writer,1,5,writer_p99_ms,21.146365,21.597238,1.7729208855510437,-1.874094295919304,5.214380565751659
hosted-paced-merged/ubuntu-net8.0-writer/readers.jsonl,medium,writer,1,5,total_active_cpu_ms,8770,10260,17.00272360253303,16.008317421274647,18.0564422639186
hosted-paced-merged/ubuntu-net8.0-writer/readers.jsonl,medium,writer,1,5,read_completion_fraction,1.0,1.0,0.0,0.0,0.0
hosted-paced-merged/ubuntu-net8.0-writer/readers.jsonl,medium,writer,1,5,median_reader_api_p99_ms,21.108855,11.77826,-40.151390719713795,-45.27480206924361,-31.94588093942815
hosted-paced-merged/ubuntu-net8.0-writer/readers.jsonl,medium,writer,1,5,median_reader_arrival_p99_ms,21.10849999999982,11.777900000000045,-40.15191265947239,-45.275873132649274,-31.94606575911982
hosted-paced-merged/ubuntu-net8.0-writer/readers.jsonl,medium,writer,4,5,read_calls_per_second,238.88765519576606,1589.8091927555506,561.8388303809003,557.9206627552285,566.3538773433208
hosted-paced-merged/ubuntu-net8.0-writer/readers.jsonl,medium,writer,4,5,writer_transactions_per_second,59.45727756777645,57.48795397412426,-2.8849611919620166,-3.943393308409113,-1.6556080246250438
hosted-paced-merged/ubuntu-net8.0-writer/readers.jsonl,medium,writer,4,5,writer_p99_ms,24.25137,25.453655,5.111784967995341,2.8564946950389247,7.367075240951758
hosted-paced-merged/ubuntu-net8.0-writer/readers.jsonl,medium,writer,4,5,total_active_cpu_ms,9940,15660,57.843611327413626,56.35389792110243,59.468343305192604
hosted-paced-merged/ubuntu-net8.0-writer/readers.jsonl,medium,writer,4,5,read_completion_fraction,1.0,1.0,0.0,0.0,0.0
hosted-paced-merged/ubuntu-net8.0-writer/readers.jsonl,medium,writer,4,5,median_reader_api_p99_ms,28.7890145,18.7507935,-35.39652639949403,-41.0249830447737,-29.768069754214366
hosted-paced-merged/ubuntu-net8.0-writer/readers.jsonl,medium,writer,4,5,median_reader_arrival_p99_ms,28.788050000000112,18.749950000000354,-35.39851775785172,-41.02706583582416,-29.769969679879285
hosted-paced-merged/ubuntu-net8.0-writer/readers.jsonl,point,writer,1,5,read_calls_per_second,72.75556453895783,1694.5836525050847,2219.783334110808,2128.516224680433,2317.938276381445
hosted-paced-merged/ubuntu-net8.0-writer/readers.jsonl,point,writer,1,5,writer_transactions_per_second,72.45735305114115,69.49290130013219,-4.206293387021973,-6.213758567646941,-2.090633689209871
hosted-paced-merged/ubuntu-net8.0-writer/readers.jsonl,point,writer,1,5,writer_p99_ms,20.746481,21.413108,11.041647926939625,1.223166031777403,25.403988773603274
hosted-paced-merged/ubuntu-net8.0-writer/readers.jsonl,point,writer,1,5,total_active_cpu_ms,8150,9250,13.198238654116668,11.074209365254504,14.858700302192577
hosted-paced-merged/ubuntu-net8.0-writer/readers.jsonl,point,writer,1,5,read_completion_fraction,1.0,1.0,0.0,0.0,0.0
hosted-paced-merged/ubuntu-net8.0-writer/readers.jsonl,point,writer,1,5,median_reader_api_p99_ms,20.787066,8.47627,-57.71207906548713,-59.82158553959671,-55.516405794696155
hosted-paced-merged/ubuntu-net8.0-writer/readers.jsonl,point,writer,1,5,median_reader_arrival_p99_ms,20.786699999999655,8.47609999999986,-57.711751029344136,-59.82062914607707,-55.51660552409844
hosted-paced-merged/ubuntu-net8.0-writer/readers.jsonl,point,writer,4,5,read_calls_per_second,441.30353661777906,6126.040073695265,1298.6004916755917,1251.2878938020617,1348.9736435080106
hosted-paced-merged/ubuntu-net8.0-writer/readers.jsonl,point,writer,4,5,writer_transactions_per_second,65.63621734942852,63.71476875383799,-3.286765827172644,-4.485894163283361,-2.0876374910619266
hosted-paced-merged/ubuntu-net8.0-writer/readers.jsonl,point,writer,4,5,writer_p99_ms,22.119061,22.423055,-0.8502963706667477,-4.469396182488358,1.9410514620742525
hosted-paced-merged/ubuntu-net8.0-writer/readers.jsonl,point,writer,4,5,total_active_cpu_ms,8740,13060,49.61140418031996,49.40524330480758,49.85211405472045
hosted-paced-merged/ubuntu-net8.0-writer/readers.jsonl,point,writer,4,5,read_completion_fraction,1.0,1.0,0.0,0.0,0.0
hosted-paced-merged/ubuntu-net8.0-writer/readers.jsonl,point,writer,4,5,median_reader_api_p99_ms,46.7915295,9.159486000000001,-80.4728876472795,-81.6874853024478,-79.06038094684523
hosted-paced-merged/ubuntu-net8.0-writer/readers.jsonl,point,writer,4,5,median_reader_arrival_p99_ms,46.79085000000009,9.159299999999803,-80.47295569807774,-81.68753486150801,-79.06043771508674
hosted-paced-merged/windows-net10.0-checkpoint/readers.jsonl,large,checkpoint,1,5,read_calls_per_second,52.81315932212663,115.89616267805374,111.06777154367045,85.92713558531138,135.38684203901167
hosted-paced-merged/windows-net10.0-checkpoint/readers.jsonl,large,checkpoint,1,5,writer_transactions_per_second,55.03521859454455,54.63164052084907,-4.977611657412271,-13.947798954685037,3.0800456315127556
hosted-paced-merged/windows-net10.0-checkpoint/readers.jsonl,large,checkpoint,1,5,writer_p99_ms,35.0412,37.3474,94.73015840764673,4.0805081610430305,273.41840236821747
hosted-paced-merged/windows-net10.0-checkpoint/readers.jsonl,large,checkpoint,1,5,total_active_cpu_ms,9484.375,9531.25,0.2764901201132906,-12.358796769246286,11.211050797531112
hosted-paced-merged/windows-net10.0-checkpoint/readers.jsonl,large,checkpoint,1,5,read_completion_fraction,1.0,1.0,0.0,0.0,0.0
hosted-paced-merged/windows-net10.0-checkpoint/readers.jsonl,large,checkpoint,1,5,median_reader_api_p99_ms,38.6642,46.6981,33.27601800669699,4.84932539988056,76.07100640788045
hosted-paced-merged/windows-net10.0-checkpoint/readers.jsonl,large,checkpoint,1,5,median_reader_arrival_p99_ms,38.66370000000006,46.696900000000014,33.276791186470355,4.850194494171336,76.07163653659191
hosted-paced-merged/windows-net10.0-checkpoint/readers.jsonl,large,checkpoint,4,5,read_calls_per_second,211.98327440326415,375.7762257482896,74.86213770887402,69.84044239476114,79.53244829103095
hosted-paced-merged/windows-net10.0-checkpoint/readers.jsonl,large,checkpoint,4,5,writer_transactions_per_second,37.038482044402805,41.79722842578309,7.293000192360508,3.3369404686798547,11.249059916041162
hosted-paced-merged/windows-net10.0-checkpoint/readers.jsonl,large,checkpoint,4,5,writer_p99_ms,45.9016,44.5155,-2.190852999165316,-5.459040614390958,1.0773346160603259
hosted-paced-merged/windows-net10.0-checkpoint/readers.jsonl,large,checkpoint,4,5,total_active_cpu_ms,14515.625,14765.625,5.17011975451962,0.521212303401901,8.981479953803007
hosted-paced-merged/windows-net10.0-checkpoint/readers.jsonl,large,checkpoint,4,5,read_completion_fraction,1.0,1.0,0.0,0.0,0.0
hosted-paced-merged/windows-net10.0-checkpoint/readers.jsonl,large,checkpoint,4,5,median_reader_api_p99_ms,49.62105,52.9324,17.468278526544623,10.2900528981237,26.13160335617824
hosted-paced-merged/windows-net10.0-checkpoint/readers.jsonl,large,checkpoint,4,5,median_reader_arrival_p99_ms,49.62010000000009,52.93135000000029,17.469775361325794,10.289738808128298,26.13546422352307
hosted-paced-merged/windows-net10.0-checkpoint/readers.jsonl,medium,checkpoint,1,5,read_calls_per_second,76.42871799187769,390.0375042906875,451.29304228059254,363.4353013966018,571.2241333165367
hosted-paced-merged/windows-net10.0-checkpoint/readers.jsonl,medium,checkpoint,1,5,writer_transactions_per_second,56.847056630748085,59.55264909317952,5.319995310883645,-2.042541381788454,13.814992792352902
hosted-paced-merged/windows-net10.0-checkpoint/readers.jsonl,medium,checkpoint,1,5,writer_p99_ms,33.9227,35.4422,3.151565604150872,-2.704021242386614,9.007152450688357
hosted-paced-merged/windows-net10.0-checkpoint/readers.jsonl,medium,checkpoint,1,5,total_active_cpu_ms,7984.375,8671.875,8.956840979493593,6.036377994815667,11.62028155940594
hosted-paced-merged/windows-net10.0-checkpoint/readers.jsonl,medium,checkpoint,1,5,read_completion_fraction,1.0,1.0,0.0,0.0,0.0
hosted-paced-merged/windows-net10.0-checkpoint/readers.jsonl,medium,checkpoint,1,5,median_reader_api_p99_ms,33.2072,29.9847,-11.45669628823261,-17.900283210039362,-7.111323968985905
hosted-paced-merged/windows-net10.0-checkpoint/readers.jsonl,medium,checkpoint,1,5,median_reader_arrival_p99_ms,33.2041999999999,29.983699999998862,-11.456109189403577,-17.90110958864202,-7.110940459828683
hosted-paced-merged/windows-net10.0-checkpoint/readers.jsonl,medium,checkpoint,4,5,read_calls_per_second,306.997197524719,1166.731883332809,264.6889844186091,242.93595990976678,286.4420089274514
hosted-paced-merged/windows-net10.0-checkpoint/readers.jsonl,medium,checkpoint,4,5,writer_transactions_per_second,41.90944500489458,45.62107645016275,7.194882439027079,2.0621218381213025,12.327643039932855
hosted-paced-merged/windows-net10.0-checkpoint/readers.jsonl,medium,checkpoint,4,5,writer_p99_ms,42.5015,40.9879,-2.9876781768172926,-13.068907202169953,10.949495756535224
hosted-paced-merged/windows-net10.0-checkpoint/readers.jsonl,medium,checkpoint,4,5,total_active_cpu_ms,9937.5,13218.75,33.80279456062457,30.679862009911268,36.797290291624805
hosted-paced-merged/windows-net10.0-checkpoint/readers.jsonl,medium,checkpoint,4,5,read_completion_fraction,1.0,1.0,0.0,0.0,0.0
hosted-paced-merged/windows-net10.0-checkpoint/readers.jsonl,medium,checkpoint,4,5,median_reader_api_p99_ms,37.887699999999995,38.688649999999996,5.247940927198229,-4.267386495581668,16.98597394094221
hosted-paced-merged/windows-net10.0-checkpoint/readers.jsonl,medium,checkpoint,4,5,median_reader_arrival_p99_ms,37.88680000000113,38.68764999999985,5.24750199086466,-4.267935411086912,16.985497146301245
hosted-paced-merged/windows-net10.0-checkpoint/readers.jsonl,point,checkpoint,1,5,read_calls_per_second,119.78293015321476,1612.761955915655,1273.9403690579697,1214.3782626543111,1354.2284566164885
hosted-paced-merged/windows-net10.0-checkpoint/readers.jsonl,point,checkpoint,1,5,writer_transactions_per_second,59.8405155355319,58.35719849633485,-1.5688983402845214,-5.831823574893507,3.002748406294291
hosted-paced-merged/windows-net10.0-checkpoint/readers.jsonl,point,checkpoint,1,5,writer_p99_ms,33.8648,34.7112,3.132093733399639,1.023822811621331,5.688766727934382
hosted-paced-merged/windows-net10.0-checkpoint/readers.jsonl,point,checkpoint,1,5,total_active_cpu_ms,8156.25,8859.375,9.011019969028723,4.972892732670706,14.434247079729904
hosted-paced-merged/windows-net10.0-checkpoint/readers.jsonl,point,checkpoint,1,5,read_completion_fraction,1.0,1.0,0.0,0.0,0.0
hosted-paced-merged/windows-net10.0-checkpoint/readers.jsonl,point,checkpoint,1,5,median_reader_api_p99_ms,32.6222,23.8415,-23.875966610047065,-27.97988386413086,-19.275527002528886
hosted-paced-merged/windows-net10.0-checkpoint/readers.jsonl,point,checkpoint,1,5,median_reader_arrival_p99_ms,32.62149999999974,23.84110000000146,-23.87482871219244,-27.978700292641594,-19.274508400796854
hosted-paced-merged/windows-net10.0-checkpoint/readers.jsonl,point,checkpoint,4,5,read_calls_per_second,413.3508632174453,3971.182973993848,867.1484621391874,775.1453168511441,938.9549413196976
hosted-paced-merged/windows-net10.0-checkpoint/readers.jsonl,point,checkpoint,4,5,writer_transactions_per_second,51.181425237152936,49.56495212670169,-0.20727531952817949,-5.467090644105812,5.504434548852354
hosted-paced-merged/windows-net10.0-checkpoint/readers.jsonl,point,checkpoint,4,5,writer_p99_ms,34.8589,35.1642,-0.11684769799339412,-5.528616214084996,6.393522754367433
hosted-paced-merged/windows-net10.0-checkpoint/readers.jsonl,point,checkpoint,4,5,total_active_cpu_ms,8046.875,11437.5,37.17598682315721,27.87109446056197,45.42975402772561
hosted-paced-merged/windows-net10.0-checkpoint/readers.jsonl,point,checkpoint,4,5,read_completion_fraction,1.0,1.0,0.0,0.0,0.0
hosted-paced-merged/windows-net10.0-checkpoint/readers.jsonl,point,checkpoint,4,5,median_reader_api_p99_ms,32.38205,27.0263,-19.309296347649305,-22.07764853754709,-16.034486997283686
hosted-paced-merged/windows-net10.0-checkpoint/readers.jsonl,point,checkpoint,4,5,median_reader_arrival_p99_ms,32.38094999999976,27.025549999999953,-19.309581832781927,-22.077436688022377,-16.03519102933638
hosted-paced-merged/windows-net10.0-idle/readers.jsonl,large,idle,1,5,read_calls_per_second,278.3599877097819,1621.6043415598913,471.7006996297223,420.0525802287765,519.713780491309
hosted-paced-merged/windows-net10.0-idle/readers.jsonl,large,idle,1,5,total_active_cpu_ms,6125,9906.25,59.336868455966155,45.728010993926596,70.52857708180224
hosted-paced-merged/windows-net10.0-idle/readers.jsonl,large,idle,1,5,read_completion_fraction,1.0,1.0,0.0,0.0,0.0
hosted-paced-merged/windows-net10.0-idle/readers.jsonl,large,idle,1,5,median_reader_api_p99_ms,16.5349,0.965,-92.60079809909404,-94.3416743272621,-90.06852683651474
hosted-paced-merged/windows-net10.0-idle/readers.jsonl,large,idle,1,5,median_reader_arrival_p99_ms,16.534700000000157,0.964900000000398,-92.6021690596412,-94.34373096018206,-90.06920586189503
hosted-paced-merged/windows-net10.0-idle/readers.jsonl,large,idle,4,5,read_calls_per_second,612.8917040961779,2424.459421385397,329.7757831604599,296.2860208481837,363.7260536287614
hosted-paced-merged/windows-net10.0-idle/readers.jsonl,large,idle,4,5,total_active_cpu_ms,19687.5,28671.875,60.7526144893306,41.30063647554105,80.48280768574179
hosted-paced-merged/windows-net10.0-idle/readers.jsonl,large,idle,4,5,read_completion_fraction,1.0,1.0,0.0,0.0,0.0
hosted-paced-merged/windows-net10.0-idle/readers.jsonl,large,idle,4,5,median_reader_api_p99_ms,20.935299999999998,19.36065,-39.675623994846376,-72.92331781475815,-7.473094122386139
hosted-paced-merged/windows-net10.0-idle/readers.jsonl,large,idle,4,5,median_reader_arrival_p99_ms,20.92550000000017,19.359699999999748,-39.67156967719422,-72.93989183529837,-7.453535710218763
hosted-paced-merged/windows-net10.0-idle/readers.jsonl,medium,idle,1,5,read_calls_per_second,1347.4893144097368,5656.5454143367515,317.03582397865176,296.16696504281765,334.7355620930556
hosted-paced-merged/windows-net10.0-idle/readers.jsonl,medium,idle,1,5,total_active_cpu_ms,9984.375,9953.125,0.2398370631944302,-0.5935066980143966,1.6883122317923083
hosted-paced-merged/windows-net10.0-idle/readers.jsonl,medium,idle,1,5,read_completion_fraction,1.0,1.0,0.0,0.0,0.0
hosted-paced-merged/windows-net10.0-idle/readers.jsonl,medium,idle,1,5,median_reader_api_p99_ms,1.4086,0.36,-73.93738675167313,-75.73832153253588,-72.13645197081038
hosted-paced-merged/windows-net10.0-idle/readers.jsonl,medium,idle,1,5,median_reader_arrival_p99_ms,1.4086000000006607,0.35989999999992506,-73.93743930289823,-75.72963085859234,-72.14524774720412
hosted-paced-merged/windows-net10.0-idle/readers.jsonl,medium,idle,4,5,read_calls_per_second,1580.4676579154373,10476.724852484484,556.442886974602,527.1206776089018,592.4544665728679
hosted-paced-merged/windows-net10.0-idle/readers.jsonl,medium,idle,4,5,total_active_cpu_ms,16062.5,36890.625,128.65897409135272,122.16711796561472,135.15083021709074
hosted-paced-merged/windows-net10.0-idle/readers.jsonl,medium,idle,4,5,read_completion_fraction,1.0,1.0,0.0,0.0,0.0
hosted-paced-merged/windows-net10.0-idle/readers.jsonl,medium,idle,4,5,median_reader_api_p99_ms,4.0712,0.86015,-79.22481939550181,-82.31754882883251,-76.70884191371701
hosted-paced-merged/windows-net10.0-idle/readers.jsonl,medium,idle,4,5,median_reader_arrival_p99_ms,4.070899999999256,0.8600500000002285,-79.23260540340031,-82.32827072455747,-76.71106224775009
hosted-paced-merged/windows-net10.0-idle/readers.jsonl,point,idle,1,5,read_calls_per_second,5999.575701718409,36519.42294401759,525.9286008519007,506.6940509143289,559.5523642430375
hosted-paced-merged/windows-net10.0-idle/readers.jsonl,point,idle,1,5,total_active_cpu_ms,9953.125,9937.5,0.46952101603447316,-0.9054239720609235,2.213225272553534
hosted-paced-merged/windows-net10.0-idle/readers.jsonl,point,idle,1,5,read_completion_fraction,1.0,1.0,0.0,0.0,0.0
hosted-paced-merged/windows-net10.0-idle/readers.jsonl,point,idle,1,5,median_reader_api_p99_ms,0.5,0.0686,-86.79755461928285,-87.92301255892652,-86.04591945248573
hosted-paced-merged/windows-net10.0-idle/readers.jsonl,point,idle,1,5,median_reader_arrival_p99_ms,0.49870000000009895,0.06859999999960564,-86.79424543022242,-87.91922247636917,-86.03903662640026
hosted-paced-merged/windows-net10.0-idle/readers.jsonl,point,idle,4,5,read_calls_per_second,4503.578429589263,63971.8490787967,1295.7351979685973,1253.506618893059,1323.291692928165
hosted-paced-merged/windows-net10.0-idle/readers.jsonl,point,idle,4,5,total_active_cpu_ms,10562.5,37031.25,244.23269341650473,231.6828654182904,252.15863445234845
hosted-paced-merged/windows-net10.0-idle/readers.jsonl,point,idle,4,5,read_completion_fraction,1.0,1.0,0.0,0.0,0.0
hosted-paced-merged/windows-net10.0-idle/readers.jsonl,point,idle,4,5,median_reader_api_p99_ms,1.4813,0.2337,-83.74737906089334,-85.72534638101293,-80.8106190400092
hosted-paced-merged/windows-net10.0-idle/readers.jsonl,point,idle,4,5,median_reader_arrival_p99_ms,1.4811499999996158,0.23319999999966967,-83.76254415871833,-85.7458869692463,-80.81640659859164
hosted-paced-merged/windows-net10.0-writer/readers.jsonl,large,writer,1,5,read_calls_per_second,32.5979251420647,115.5142403948786,272.0999555388443,236.9970753914577,318.0179787217226
hosted-paced-merged/windows-net10.0-writer/readers.jsonl,large,writer,1,5,writer_transactions_per_second,33.46484350865199,34.22171850335794,7.547303313136937,-0.05621989839470931,19.948069813399552
hosted-paced-merged/windows-net10.0-writer/readers.jsonl,large,writer,1,5,writer_p99_ms,46.6532,44.9893,-5.877031937698701,-21.20647889331929,4.824661318486454
hosted-paced-merged/windows-net10.0-writer/readers.jsonl,large,writer,1,5,total_active_cpu_ms,6609.375,8031.25,28.833086228999445,17.9992963939415,42.77447350063958
hosted-paced-merged/windows-net10.0-writer/readers.jsonl,large,writer,1,5,read_completion_fraction,1.0,1.0,0.0,0.0,0.0
hosted-paced-merged/windows-net10.0-writer/readers.jsonl,large,writer,1,5,median_reader_api_p99_ms,49.4459,48.9674,-7.6493530029473344,-16.94778478915667,-0.1471891295824058
hosted-paced-merged/windows-net10.0-writer/readers.jsonl,large,writer,1,5,median_reader_arrival_p99_ms,49.44499999999971,48.966199999998935,-7.6499022002672294,-16.948424110712285,-0.14763785584100297
hosted-paced-merged/windows-net10.0-writer/readers.jsonl,large,writer,4,5,read_calls_per_second,111.33557838764659,289.9527748936202,154.39180954418035,121.37508482069964,178.59082443601136
hosted-paced-merged/windows-net10.0-writer/readers.jsonl,large,writer,4,5,writer_transactions_per_second,28.422154844318445,27.96540986419308,3.6532330640049318,-22.799116729870885,34.530332900495466
hosted-paced-merged/windows-net10.0-writer/readers.jsonl,large,writer,4,5,writer_p99_ms,54.8446,61.8423,27.97746124395508,-26.410267041931007,98.36093398971795
hosted-paced-merged/windows-net10.0-writer/readers.jsonl,large,writer,4,5,total_active_cpu_ms,10734.375,13562.5,14.493096071038474,-6.987146437135112,35.62916196017106
hosted-paced-merged/windows-net10.0-writer/readers.jsonl,large,writer,4,5,read_completion_fraction,1.0,1.0,0.0,0.0,0.0
hosted-paced-merged/windows-net10.0-writer/readers.jsonl,large,writer,4,5,median_reader_api_p99_ms,59.94565,68.60435,22.578172076883554,-5.407125353282537,59.69446304726902
hosted-paced-merged/windows-net10.0-writer/readers.jsonl,large,writer,4,5,median_reader_arrival_p99_ms,59.94489999999996,68.6031999999999,22.578174188266523,-5.40768465298606,59.695635571055526
hosted-paced-merged/windows-net10.0-writer/readers.jsonl,medium,writer,1,5,read_calls_per_second,26.032924088452177,358.69825436812516,1201.8582645442127,1032.6007164515163,1430.3297721097802
hosted-paced-merged/windows-net10.0-writer/readers.jsonl,medium,writer,1,5,writer_transactions_per_second,26.034413584609382,25.63093539410575,-6.477931538705131,-22.475581165015775,10.9708446526
hosted-paced-merged/windows-net10.0-writer/readers.jsonl,medium,writer,1,5,writer_p99_ms,61.0501,65.5083,8.732494983198748,-25.075848118395896,41.04493070166384
hosted-paced-merged/windows-net10.0-writer/readers.jsonl,medium,writer,1,5,total_active_cpu_ms,4281.25,5625.0,28.115403222962733,7.657161394971621,55.99915370781763
hosted-paced-merged/windows-net10.0-writer/readers.jsonl,medium,writer,1,5,read_completion_fraction,1.0,1.0,0.0,0.0,0.0
hosted-paced-merged/windows-net10.0-writer/readers.jsonl,medium,writer,1,5,median_reader_api_p99_ms,60.827,37.1805,-37.65031995525096,-56.27748168550998,-19.83322145937589
hosted-paced-merged/windows-net10.0-writer/readers.jsonl,medium,writer,1,5,median_reader_arrival_p99_ms,60.8261,37.17959999999948,-37.65098164578705,-56.278167054172556,-19.83384281126279
hosted-paced-merged/windows-net10.0-writer/readers.jsonl,medium,writer,4,5,read_calls_per_second,122.19014644697369,1272.6593042212899,951.5642358103391,904.858294249417,1005.5978615091842
hosted-paced-merged/windows-net10.0-writer/readers.jsonl,medium,writer,4,5,writer_transactions_per_second,30.530931705059544,24.885555179496063,-15.688231763761822,-25.583580203526633,-4.208099109258397
hosted-paced-merged/windows-net10.0-writer/readers.jsonl,medium,writer,4,5,writer_p99_ms,49.9863,62.3925,21.813433059385876,3.026691626790439,38.511312246270656
hosted-paced-merged/windows-net10.0-writer/readers.jsonl,medium,writer,4,5,total_active_cpu_ms,6921.875,12171.875,87.77579241879059,66.63697923434555,112.11815789372676
hosted-paced-merged/windows-net10.0-writer/readers.jsonl,medium,writer,4,5,read_completion_fraction,1.0,1.0,0.0,0.0,0.0
hosted-paced-merged/windows-net10.0-writer/readers.jsonl,medium,writer,4,5,median_reader_api_p99_ms,49.18745,35.11705,-31.503662819434343,-38.055788449442524,-24.742576315346106
hosted-paced-merged/windows-net10.0-writer/readers.jsonl,medium,writer,4,5,median_reader_arrival_p99_ms,49.18650000000025,35.115949999999884,-31.50451559134203,-38.056973387591576,-24.742836318900792
hosted-paced-merged/windows-net10.0-writer/readers.jsonl,point,writer,1,5,read_calls_per_second,37.61919885136312,2033.3939765222988,4902.757245858358,4176.887786444804,5628.626705271912
hosted-paced-merged/windows-net10.0-writer/readers.jsonl,point,writer,1,5,writer_transactions_per_second,34.987984776148025,30.382019920610983,-11.595621665463632,-23.559312947165306,-3.774748120310387
hosted-paced-merged/windows-net10.0-writer/readers.jsonl,point,writer,1,5,writer_p99_ms,42.0339,50.1694,10.404795604434689,5.663232469343624,16.85302076901649
hosted-paced-merged/windows-net10.0-writer/readers.jsonl,point,writer,1,5,total_active_cpu_ms,5265.625,5890.625,8.389790472463957,-8.937479939449902,20.81937777660697
hosted-paced-merged/windows-net10.0-writer/readers.jsonl,point,writer,1,5,read_completion_fraction,1.0,1.0,0.0,0.0,0.0
hosted-paced-merged/windows-net10.0-writer/readers.jsonl,point,writer,1,5,median_reader_api_p99_ms,42.1277,16.9292,-61.97988328311711,-64.76181210645188,-60.02995037259677
hosted-paced-merged/windows-net10.0-writer/readers.jsonl,point,writer,1,5,median_reader_arrival_p99_ms,42.12659999999994,16.92869999999948,-61.98037956471322,-64.76218933907774,-60.03042620725597
hosted-paced-merged/windows-net10.0-writer/readers.jsonl,point,writer,4,5,read_calls_per_second,104.87274266203974,4998.814111609757,4589.246003665126,3851.6237807098987,5506.602607211859
hosted-paced-merged/windows-net10.0-writer/readers.jsonl,point,writer,4,5,writer_transactions_per_second,26.21932314268994,24.59879244527886,-14.0895093155713,-23.53850643205883,-4.64051219908377
hosted-paced-merged/windows-net10.0-writer/readers.jsonl,point,writer,4,5,writer_p99_ms,58.3744,63.038,39.44527468971823,13.155068573680978,75.96579986622606
hosted-paced-merged/windows-net10.0-writer/readers.jsonl,point,writer,4,5,total_active_cpu_ms,4593.75,8734.375,78.64769390481689,64.480021893815,94.00143540141553
hosted-paced-merged/windows-net10.0-writer/readers.jsonl,point,writer,4,5,read_completion_fraction,1.0,1.0,0.0,0.0,0.0
hosted-paced-merged/windows-net10.0-writer/readers.jsonl,point,writer,4,5,median_reader_api_p99_ms,58.606700000000004,26.861649999999997,-50.027346973456545,-56.10620840441269,-43.33238096736484
hosted-paced-merged/windows-net10.0-writer/readers.jsonl,point,writer,4,5,median_reader_arrival_p99_ms,58.605899999999565,26.861150000000634,-50.027504143447196,-56.106909448800124,-43.33222466078483
hosted-paced-merged/windows-net8.0-checkpoint/readers.jsonl,large,checkpoint,1,5,read_calls_per_second,62.24835813960381,215.16016311777426,233.36688848292695,202.83324991989198,257.77125967352055
hosted-paced-merged/windows-net8.0-checkpoint/readers.jsonl,large,checkpoint,1,5,writer_transactions_per_second,64.14789651253666,64.23898003525431,-1.2156275015929996,-3.406894550642292,0.8142565892082798
hosted-paced-merged/windows-net8.0-checkpoint/readers.jsonl,large,checkpoint,1,5,writer_p99_ms,30.1302,32.3436,8.895762336278397,0.12587789398872395,20.430496687708466
hosted-paced-merged/windows-net8.0-checkpoint/readers.jsonl,large,checkpoint,1,5,total_active_cpu_ms,7093.75,7937.5,14.867469113020988,11.354703338241482,19.475627474483318
hosted-paced-merged/windows-net8.0-checkpoint/readers.jsonl,large,checkpoint,1,5,read_completion_fraction,1.0,1.0,0.0,0.0,0.0
hosted-paced-merged/windows-net8.0-checkpoint/readers.jsonl,large,checkpoint,1,5,median_reader_api_p99_ms,35.7212,32.311,-9.433271150708585,-17.088629800978463,-1.7779125004387055
hosted-paced-merged/windows-net8.0-checkpoint/readers.jsonl,large,checkpoint,1,5,median_reader_arrival_p99_ms,35.72029999999995,32.31009999999992,-9.433301428452337,-17.08841946846621,-1.7781833884384632
hosted-paced-merged/windows-net8.0-checkpoint/readers.jsonl,large,checkpoint,4,5,read_calls_per_second,244.33038089592173,546.056479812356,113.47358712486495,98.91420553143749,127.2990784611568
hosted-paced-merged/windows-net8.0-checkpoint/readers.jsonl,large,checkpoint,4,5,writer_transactions_per_second,51.26815785983484,52.52782781513856,0.4414253634269705,-2.300907076454155,2.822150671103567
hosted-paced-merged/windows-net8.0-checkpoint/readers.jsonl,large,checkpoint,4,5,writer_p99_ms,37.2447,40.3297,4.923366471520325,-1.3362670599820394,11.18300000302269
hosted-paced-merged/windows-net8.0-checkpoint/readers.jsonl,large,checkpoint,4,5,total_active_cpu_ms,11562.5,12562.5,7.876899231076644,7.110595464801799,8.66316540710812
hosted-paced-merged/windows-net8.0-checkpoint/readers.jsonl,large,checkpoint,4,5,read_completion_fraction,1.0,1.0,0.0,0.0,0.0
hosted-paced-merged/windows-net8.0-checkpoint/readers.jsonl,large,checkpoint,4,5,median_reader_api_p99_ms,38.5069,46.9593,21.94833053930397,17.255188753776206,26.64147232483173
hosted-paced-merged/windows-net8.0-checkpoint/readers.jsonl,large,checkpoint,4,5,median_reader_arrival_p99_ms,38.506049999999505,46.95814999999993,21.948752486416506,17.255179959999953,26.642325012833055
hosted-paced-merged/windows-net8.0-checkpoint/readers.jsonl,medium,checkpoint,1,5,read_calls_per_second,65.03947816398929,730.5630512980953,967.2133920334247,846.3531258366329,1056.674744889087
hosted-paced-merged/windows-net8.0-checkpoint/readers.jsonl,medium,checkpoint,1,5,writer_transactions_per_second,62.0205535315427,61.63580815488094,-0.7680640233788428,-7.207045077853023,4.4028089672576165
hosted-paced-merged/windows-net8.0-checkpoint/readers.jsonl,medium,checkpoint,1,5,writer_p99_ms,30.7773,34.2031,17.861337668423726,1.6745126861919826,35.81001206827661
hosted-paced-merged/windows-net8.0-checkpoint/readers.jsonl,medium,checkpoint,1,5,total_active_cpu_ms,5843.75,7062.5,18.611688143218558,11.214777869189643,25.668619040503394
hosted-paced-merged/windows-net8.0-checkpoint/readers.jsonl,medium,checkpoint,1,5,read_completion_fraction,1.0,1.0,0.0,0.0,0.0
hosted-paced-merged/windows-net8.0-checkpoint/readers.jsonl,medium,checkpoint,1,5,median_reader_api_p99_ms,30.7839,24.8924,-16.533410490237582,-20.81373783206032,-10.0139982138805
hosted-paced-merged/windows-net8.0-checkpoint/readers.jsonl,medium,checkpoint,1,5,median_reader_arrival_p99_ms,30.78319999999985,24.891999999999825,-16.5338592739043,-20.81531218589246,-10.01392205725705
hosted-paced-merged/windows-net8.0-checkpoint/readers.jsonl,medium,checkpoint,4,5,read_calls_per_second,369.9015191000251,1920.7847405315192,427.2346971325149,399.91301812362974,459.11831142234314
hosted-paced-merged/windows-net8.0-checkpoint/readers.jsonl,medium,checkpoint,4,5,writer_transactions_per_second,49.68610428721399,56.374613384100876,12.899422980018604,7.433606860120214,18.408679998372815
hosted-paced-merged/windows-net8.0-checkpoint/readers.jsonl,medium,checkpoint,4,5,writer_p99_ms,37.9291,38.1818,3.260151840301777,-0.19457303162898842,7.723585935784021
hosted-paced-merged/windows-net8.0-checkpoint/readers.jsonl,medium,checkpoint,4,5,total_active_cpu_ms,8125.0,11156.25,40.54239882970771,32.87683012713592,50.90348830583527
hosted-paced-merged/windows-net8.0-checkpoint/readers.jsonl,medium,checkpoint,4,5,read_completion_fraction,1.0,1.0,0.0,0.0,0.0
hosted-paced-merged/windows-net8.0-checkpoint/readers.jsonl,medium,checkpoint,4,5,median_reader_api_p99_ms,31.54195,29.8735,-5.85538665540291,-10.882746971228034,-0.9685053648834476
hosted-paced-merged/windows-net8.0-checkpoint/readers.jsonl,medium,checkpoint,4,5,median_reader_arrival_p99_ms,31.541149999999902,29.872150000000147,-5.856570901986831,-10.883725620240341,-0.9690317747959544
hosted-paced-merged/windows-net8.0-checkpoint/readers.jsonl,point,checkpoint,1,5,read_calls_per_second,127.68031680236174,3377.558741929799,2574.846175313099,2411.7439666065675,2737.8848896753575
hosted-paced-merged/windows-net8.0-checkpoint/readers.jsonl,point,checkpoint,1,5,writer_transactions_per_second,63.3094086678549,63.27657903259693,0.0545693269450398,-2.214346340291873,2.0607476531413216
hosted-paced-merged/windows-net8.0-checkpoint/readers.jsonl,point,checkpoint,1,5,writer_p99_ms,30.1136,30.4839,11.268013091944052,1.764154147653705,26.145663026723334
hosted-paced-merged/windows-net8.0-checkpoint/readers.jsonl,point,checkpoint,1,5,total_active_cpu_ms,5171.875,6125.0,15.408779214995501,8.792414017325672,22.02514441266533
hosted-paced-merged/windows-net8.0-checkpoint/readers.jsonl,point,checkpoint,1,5,read_completion_fraction,1.0,1.0,0.0,0.0,0.0
hosted-paced-merged/windows-net8.0-checkpoint/readers.jsonl,point,checkpoint,1,5,median_reader_api_p99_ms,27.3655,11.379,-59.80912376459126,-63.85819964337003,-56.961203700842574
hosted-paced-merged/windows-net8.0-checkpoint/readers.jsonl,point,checkpoint,1,5,median_reader_arrival_p99_ms,27.364500000000135,11.37880000000041,-59.809062844699845,-63.8576322420118,-56.96110880116434
hosted-paced-merged/windows-net8.0-checkpoint/readers.jsonl,point,checkpoint,4,5,read_calls_per_second,483.2718207717983,10406.3306374376,2157.7505848281835,2034.96301053051,2296.808428166467
hosted-paced-merged/windows-net8.0-checkpoint/readers.jsonl,point,checkpoint,4,5,writer_transactions_per_second,60.36322913533992,57.62979941244172,-0.728163241371693,-6.467407541771498,6.287476505680969
hosted-paced-merged/windows-net8.0-checkpoint/readers.jsonl,point,checkpoint,4,5,writer_p99_ms,34.2959,36.7534,5.692655917961522,2.6427649744656767,9.563183210212047
hosted-paced-merged/windows-net8.0-checkpoint/readers.jsonl,point,checkpoint,4,5,total_active_cpu_ms,6203.125,9718.75,58.27641780613946,48.04498791252038,69.50444661491801
hosted-paced-merged/windows-net8.0-checkpoint/readers.jsonl,point,checkpoint,4,5,read_completion_fraction,1.0,1.0,0.0,0.0,0.0
hosted-paced-merged/windows-net8.0-checkpoint/readers.jsonl,point,checkpoint,4,5,median_reader_api_p99_ms,29.620350000000002,16.28595,-44.717721020176086,-48.30693108982238,-40.16994852079175
hosted-paced-merged/windows-net8.0-checkpoint/readers.jsonl,point,checkpoint,4,5,median_reader_arrival_p99_ms,29.619700000000194,16.285649999999947,-44.71824349447843,-48.30691537054678,-40.17073251649748
hosted-paced-merged/windows-net8.0-idle/readers.jsonl,large,idle,1,5,read_calls_per_second,203.65007012101177,1267.934663326799,546.4230800252035,493.8926641684569,588.8588200354203
hosted-paced-merged/windows-net8.0-idle/readers.jsonl,large,idle,1,5,total_active_cpu_ms,5093.75,9859.375,94.72246072815952,80.05665872065117,109.38826273566785
hosted-paced-merged/windows-net8.0-idle/readers.jsonl,large,idle,1,5,read_completion_fraction,1.0,1.0,0.0,0.0,0.0
hosted-paced-merged/windows-net8.0-idle/readers.jsonl,large,idle,1,5,median_reader_api_p99_ms,17.5115,1.3298,-91.19060026074057,-93.34047656204454,-87.85268827997498
hosted-paced-merged/windows-net8.0-idle/readers.jsonl,large,idle,1,5,median_reader_arrival_p99_ms,17.51090000000022,1.3296999999993204,-91.19285515109144,-93.34668249536362,-87.85286797013521
hosted-paced-merged/windows-net8.0-idle/readers.jsonl,large,idle,4,5,read_calls_per_second,533.5457205735147,2760.5673344482075,381.1652091523484,324.3137207396521,420.92949799453726
hosted-paced-merged/windows-net8.0-idle/readers.jsonl,large,idle,4,5,total_active_cpu_ms,18968.75,38437.5,92.1178547672846,71.11505318637172,104.52067649573539
hosted-paced-merged/windows-net8.0-idle/readers.jsonl,large,idle,4,5,read_completion_fraction,1.0,1.0,0.0,0.0,0.0
hosted-paced-merged/windows-net8.0-idle/readers.jsonl,large,idle,4,5,median_reader_api_p99_ms,20.926650000000002,2.0252499999999998,-73.2372999219976,-90.88167820666214,-38.452913807648535
hosted-paced-merged/windows-net8.0-idle/readers.jsonl,large,idle,4,5,median_reader_arrival_p99_ms,20.925499999999886,2.0206000000007407,-73.25604586549893,-90.89958111706501,-38.46851113024079
hosted-paced-merged/windows-net8.0-idle/readers.jsonl,medium,idle,1,5,read_calls_per_second,1223.050185165958,4884.515351348961,297.39614111523736,283.56296298371916,313.57895092250055
hosted-paced-merged/windows-net8.0-idle/readers.jsonl,medium,idle,1,5,total_active_cpu_ms,9953.125,9937.5,0.43326473942235433,-0.4704676558440668,2.0206046665188127
hosted-paced-merged/windows-net8.0-idle/readers.jsonl,medium,idle,1,5,read_completion_fraction,1.0,1.0,0.0,0.0,0.0
hosted-paced-merged/windows-net8.0-idle/readers.jsonl,medium,idle,1,5,median_reader_api_p99_ms,1.5294,0.4012,-74.45369674199581,-77.13895800647886,-72.9076726224106
hosted-paced-merged/windows-net8.0-idle/readers.jsonl,medium,idle,1,5,median_reader_arrival_p99_ms,1.5258999999996377,0.40090000000054715,-74.44153317946471,-77.13108957357176,-72.8832175558741
hosted-paced-merged/windows-net8.0-idle/readers.jsonl,medium,idle,4,5,read_calls_per_second,1376.2740002830913,9219.756730949426,557.7808711928039,524.9796439112707,590.5820984743372
hosted-paced-merged/windows-net8.0-idle/readers.jsonl,medium,idle,4,5,total_active_cpu_ms,15609.375,36609.375,128.59381876221576,118.49133872286957,138.69629880156197
hosted-paced-merged/windows-net8.0-idle/readers.jsonl,medium,idle,4,5,read_completion_fraction,1.0,1.0,0.0,0.0,0.0
hosted-paced-merged/windows-net8.0-idle/readers.jsonl,medium,idle,4,5,median_reader_api_p99_ms,4.363300000000001,1.27865,-70.49579583898529,-74.6087383586359,-65.79482561009883
hosted-paced-merged/windows-net8.0-idle/readers.jsonl,medium,idle,4,5,median_reader_arrival_p99_ms,4.362499999999756,1.2781500000002524,-70.52014342047642,-74.61105420653037,-65.86289710541735
hosted-paced-merged/windows-net8.0-idle/readers.jsonl,point,idle,1,5,read_calls_per_second,5497.451182633498,29987.037327091988,447.3646026625094,434.70032985811724,454.59127010759204
hosted-paced-merged/windows-net8.0-idle/readers.jsonl,point,idle,1,5,total_active_cpu_ms,9968.75,9921.875,-0.5925392600028312,-1.2453398634247348,-0.03110267316193127
hosted-paced-merged/windows-net8.0-idle/readers.jsonl,point,idle,1,5,read_completion_fraction,1.0,1.0,0.0,0.0,0.0
hosted-paced-merged/windows-net8.0-idle/readers.jsonl,point,idle,1,5,median_reader_api_p99_ms,0.5547,0.0822,-85.21815829739369,-85.89279733949657,-84.41938244672748
hosted-paced-merged/windows-net8.0-idle/readers.jsonl,point,idle,1,5,median_reader_arrival_p99_ms,0.5545000000001892,0.08219999999982974,-85.22819213592227,-85.89014181224952,-84.44670202412586
hosted-paced-merged/windows-net8.0-idle/readers.jsonl,point,idle,4,5,read_calls_per_second,4099.837262860098,54316.67530534094,1216.2121483983815,1203.4902346810863,1228.0657705569072
hosted-paced-merged/windows-net8.0-idle/readers.jsonl,point,idle,4,5,total_active_cpu_ms,10578.125,36781.25,248.20092241569907,247.32247816242096,249.00186037987046
hosted-paced-merged/windows-net8.0-idle/readers.jsonl,point,idle,4,5,read_completion_fraction,1.0,1.0,0.0,0.0,0.0
hosted-paced-merged/windows-net8.0-idle/readers.jsonl,point,idle,4,5,median_reader_api_p99_ms,1.77525,0.26735,-85.31735296522918,-86.47176331230165,-84.28633325058183
hosted-paced-merged/windows-net8.0-idle/readers.jsonl,point,idle,4,5,median_reader_arrival_p99_ms,1.7750499999997373,0.2667500000004708,-85.34296050065274,-86.49277423727547,-84.3182201734603
hosted-paced-merged/windows-net8.0-writer/readers.jsonl,large,writer,1,5,read_calls_per_second,37.27747471312984,90.65537307949417,139.37727416963074,110.0715807874902,159.2326698528932
hosted-paced-merged/windows-net8.0-writer/readers.jsonl,large,writer,1,5,writer_transactions_per_second,40.675735703380866,49.59421235541812,15.759881991502757,4.8920070769579365,25.632696371242957
hosted-paced-merged/windows-net8.0-writer/readers.jsonl,large,writer,1,5,writer_p99_ms,48.7238,37.9161,-14.175376196144837,-23.749846918288863,-3.391571967908471
hosted-paced-merged/windows-net8.0-writer/readers.jsonl,large,writer,1,5,total_active_cpu_ms,7437.5,9765.625,23.976758629321235,16.151239703802315,34.10196078431372
hosted-paced-merged/windows-net8.0-writer/readers.jsonl,large,writer,1,5,read_completion_fraction,1.0,1.0,0.0,0.0,0.0
hosted-paced-merged/windows-net8.0-writer/readers.jsonl,large,writer,1,5,median_reader_api_p99_ms,55.675,51.7894,2.1946252552481536,-12.92564643065433,23.134257898473926
hosted-paced-merged/windows-net8.0-writer/readers.jsonl,large,writer,1,5,median_reader_arrival_p99_ms,55.67409999999995,51.78859999999986,2.1954214126483995,-12.925952783799778,23.137442405060334
hosted-paced-merged/windows-net8.0-writer/readers.jsonl,large,writer,4,5,read_calls_per_second,155.59548644333177,304.3926827613965,134.0521554006582,19.472244347437844,286.3633816675094
hosted-paced-merged/windows-net8.0-writer/readers.jsonl,large,writer,4,5,writer_transactions_per_second,41.14601355000145,39.88584949076689,19.02525792179735,-46.201868388306565,105.52842892644294
hosted-paced-merged/windows-net8.0-writer/readers.jsonl,large,writer,4,5,writer_p99_ms,44.6903,49.4798,203.43335207295857,-29.800252873998737,632.0047758656748
hosted-paced-merged/windows-net8.0-writer/readers.jsonl,large,writer,4,5,total_active_cpu_ms,13046.875,15109.375,38.54988037744002,-23.727633136653246,123.70125492038724
hosted-paced-merged/windows-net8.0-writer/readers.jsonl,large,writer,4,5,read_completion_fraction,1.0,1.0,0.0,0.0,0.0
hosted-paced-merged/windows-net8.0-writer/readers.jsonl,large,writer,4,5,median_reader_api_p99_ms,48.4179,58.27945,144.26082518077098,-22.85512170682951,436.9434267091075
hosted-paced-merged/windows-net8.0-writer/readers.jsonl,large,writer,4,5,median_reader_arrival_p99_ms,48.41689999999994,58.27840000000015,144.26474940550528,-22.855373586826467,436.9555359459032
hosted-paced-merged/windows-net8.0-writer/readers.jsonl,medium,writer,1,5,read_calls_per_second,36.28775505993257,400.3764777580627,1011.534436508815,923.8734703849419,1131.8167587115604
hosted-paced-merged/windows-net8.0-writer/readers.jsonl,medium,writer,1,5,writer_transactions_per_second,36.28853826518894,36.171380480336346,-1.569406683261485,-3.781574722260592,0.8366890796389992
hosted-paced-merged/windows-net8.0-writer/readers.jsonl,medium,writer,1,5,writer_p99_ms,53.3161,56.1728,18.378139644072053,0.822496424916532,41.37365986892042
hosted-paced-merged/windows-net8.0-writer/readers.jsonl,medium,writer,1,5,total_active_cpu_ms,5468.75,6859.375,24.086612581717468,13.736332432855374,34.74135338345864
hosted-paced-merged/windows-net8.0-writer/readers.jsonl,medium,writer,1,5,read_completion_fraction,1.0,1.0,0.0,0.0,0.0
hosted-paced-merged/windows-net8.0-writer/readers.jsonl,medium,writer,1,5,median_reader_api_p99_ms,51.6807,34.6456,-29.653475376540264,-36.75100635357517,-22.88386540185484
hosted-paced-merged/windows-net8.0-writer/readers.jsonl,medium,writer,1,5,median_reader_arrival_p99_ms,51.679800000000114,34.644799999999975,-29.65442897720352,-36.75156827729554,-22.884854071773283
hosted-paced-merged/windows-net8.0-writer/readers.jsonl,medium,writer,4,5,read_calls_per_second,128.95600609595763,1140.0360708479973,718.8564398088835,583.104979511195,884.1892366902536
hosted-paced-merged/windows-net8.0-writer/readers.jsonl,medium,writer,4,5,writer_transactions_per_second,32.2259852905438,34.98268916609305,-3.360767362292505,-15.12273757584524,6.929566327361809
hosted-paced-merged/windows-net8.0-writer/readers.jsonl,medium,writer,4,5,writer_p99_ms,56.9716,55.734,10.044922262349575,-0.9546204493201937,27.011588184839173
hosted-paced-merged/windows-net8.0-writer/readers.jsonl,medium,writer,4,5,total_active_cpu_ms,6687.5,12109.375,75.56087559791817,57.4367692369025,93.68498195893383
hosted-paced-merged/windows-net8.0-writer/readers.jsonl,medium,writer,4,5,read_completion_fraction,1.0,1.0,0.0,0.0,0.0
hosted-paced-merged/windows-net8.0-writer/readers.jsonl,medium,writer,4,5,median_reader_api_p99_ms,56.7714,43.67005,-18.64696608689925,-33.160639915845515,0.7779341485939412
hosted-paced-merged/windows-net8.0-writer/readers.jsonl,medium,writer,4,5,median_reader_arrival_p99_ms,56.77054999999973,43.66899999999987,-18.644342133584733,-33.15944975511958,0.7856409603279403
hosted-paced-merged/windows-net8.0-writer/readers.jsonl,point,writer,1,5,read_calls_per_second,52.51807233234227,2205.4462182103744,4129.704932365917,4016.205317733033,4251.183800142339
hosted-paced-merged/windows-net8.0-writer/readers.jsonl,point,writer,1,5,writer_transactions_per_second,52.51921861427283,51.048273805118754,-0.5205683105827588,-5.270630408422983,6.339767000328093
hosted-paced-merged/windows-net8.0-writer/readers.jsonl,point,writer,1,5,writer_p99_ms,35.897,35.1231,-5.103275789932344,-14.130191471666677,0.9809473125874458
hosted-paced-merged/windows-net8.0-writer/readers.jsonl,point,writer,1,5,total_active_cpu_ms,7328.125,8109.375,13.376275786386271,6.577773571122836,22.614151863761446
hosted-paced-merged/windows-net8.0-writer/readers.jsonl,point,writer,1,5,read_completion_fraction,1.0,1.0,0.0,0.0,0.0
hosted-paced-merged/windows-net8.0-writer/readers.jsonl,point,writer,1,5,median_reader_api_p99_ms,35.9538,15.9644,-56.644105446427,-59.31973018848237,-55.18246166908578
hosted-paced-merged/windows-net8.0-writer/readers.jsonl,point,writer,1,5,median_reader_arrival_p99_ms,35.95309999999972,15.963799999999992,-56.64450948792829,-59.31980067267517,-55.18268087500503
hosted-paced-merged/windows-net8.0-writer/readers.jsonl,point,writer,4,5,read_calls_per_second,192.02034339005723,4931.578751080935,2602.5701225855014,2324.935532149814,2833.7389651078024
hosted-paced-merged/windows-net8.0-writer/readers.jsonl,point,writer,4,5,writer_transactions_per_second,45.09589221517812,44.493980632827714,-6.358388420609799,-13.360877336805364,1.0358034241230762
hosted-paced-merged/windows-net8.0-writer/readers.jsonl,point,writer,4,5,writer_p99_ms,50.6964,41.8008,-7.234012762003225,-26.769209724885293,12.452017014509348
hosted-paced-merged/windows-net8.0-writer/readers.jsonl,point,writer,4,5,total_active_cpu_ms,7265.625,11109.375,53.839634463033775,48.46861128725428,58.218115703317025
hosted-paced-merged/windows-net8.0-writer/readers.jsonl,point,writer,4,5,read_completion_fraction,1.0,1.0,0.0,0.0,0.0
hosted-paced-merged/windows-net8.0-writer/readers.jsonl,point,writer,4,5,median_reader_api_p99_ms,50.72265,26.5431,-44.94640115630898,-52.07148765152391,-36.08270023293922
hosted-paced-merged/windows-net8.0-writer/readers.jsonl,point,writer,4,5,median_reader_arrival_p99_ms,50.298950000000005,26.54239999999993,-44.86198538003765,-51.987111555831106,-36.0829126321412
hosted-paced-one/ubuntu-checkpoint/readers.jsonl,large,checkpoint,1,5,read_calls_per_second,54.52212713625383,232.9630054747306,412.8544868390659,324.61408036965304,511.6027663505955
hosted-paced-one/ubuntu-checkpoint/readers.jsonl,large,checkpoint,1,5,writer_transactions_per_second,54.538111242124664,48.13681513508554,9.830263136548679,-16.26106761175486,47.43806468919426
hosted-paced-one/ubuntu-checkpoint/readers.jsonl,large,checkpoint,1,5,writer_p99_ms,137.865252,103.784007,-0.31246196386310743,-43.554327346045476,30.47897059242254
hosted-paced-one/ubuntu-checkpoint/readers.jsonl,large,checkpoint,1,5,total_active_cpu_ms,6532.215,7779.419,41.36348524793606,10.774958518582881,86.64668874485963
hosted-paced-one/ubuntu-checkpoint/readers.jsonl,large,checkpoint,1,5,read_completion_fraction,1.0,1.0,0.0,0.0,0.0
hosted-paced-one/ubuntu-checkpoint/readers.jsonl,large,checkpoint,1,5,median_reader_api_p99_ms,135.192361,24.727698,-80.98602040187946,-88.77295967541832,-73.00572421259872
hosted-paced-one/ubuntu-checkpoint/readers.jsonl,large,checkpoint,1,5,median_reader_arrival_p99_ms,135.19129999999996,24.72690000000057,-80.98657761077689,-88.77339212367148,-73.00641685975987
hosted-paced-one/ubuntu-checkpoint/readers.jsonl,point,checkpoint,1,5,read_calls_per_second,83.82586775559166,4362.980368058236,4903.94938458722,3788.971268316338,6078.946176770185
hosted-paced-one/ubuntu-checkpoint/readers.jsonl,point,checkpoint,1,5,writer_transactions_per_second,42.06181082010211,53.44960403865208,19.312945224103224,-0.25056093362235704,39.03403699219915
hosted-paced-one/ubuntu-checkpoint/readers.jsonl,point,checkpoint,1,5,writer_p99_ms,113.44109,56.513973,-19.174798009404146,-50.258174781149066,15.88452544515589
hosted-paced-one/ubuntu-checkpoint/readers.jsonl,point,checkpoint,1,5,total_active_cpu_ms,5452.834,8633.006,52.71574042515867,27.871292695887348,77.93402644806473
hosted-paced-one/ubuntu-checkpoint/readers.jsonl,point,checkpoint,1,5,read_completion_fraction,1.0,1.0,0.0,0.0,0.0
hosted-paced-one/ubuntu-checkpoint/readers.jsonl,point,checkpoint,1,5,median_reader_api_p99_ms,107.154474,5.076251,-91.07253221328084,-96.21097386855499,-85.73475221565548
hosted-paced-one/ubuntu-checkpoint/readers.jsonl,point,checkpoint,1,5,median_reader_arrival_p99_ms,107.15359999999964,5.076300000000174,-91.07233135888441,-96.21099783009802,-85.73429512536518
hosted-paced-one/ubuntu-writer/readers.jsonl,large,writer,1,5,read_calls_per_second,72.4920439981712,155.1022663247532,116.45471576628265,111.85201973493277,121.01772657258023
hosted-paced-one/ubuntu-writer/readers.jsonl,large,writer,1,5,writer_transactions_per_second,72.48825182902607,73.07978101698603,0.8879135693297258,0.4448249220627787,1.397149769819257
hosted-paced-one/ubuntu-writer/readers.jsonl,large,writer,1,5,writer_p99_ms,22.953644,22.258476,1.5411636185368762,-2.5338471863340972,5.61617442340785
hosted-paced-one/ubuntu-writer/readers.jsonl,large,writer,1,5,total_active_cpu_ms,10403.252,11705.331999999999,12.046910501471185,11.810715943424182,12.298503860787294
hosted-paced-one/ubuntu-writer/readers.jsonl,large,writer,1,5,read_completion_fraction,1.0,1.0,0.0,0.0,0.0
hosted-paced-one/ubuntu-writer/readers.jsonl,large,writer,1,5,median_reader_api_p99_ms,23.129237,23.51182,2.274775900184869,-1.7898306444646739,6.339382444834412
hosted-paced-one/ubuntu-writer/readers.jsonl,large,writer,1,5,median_reader_arrival_p99_ms,23.128499999999804,23.511099999999715,2.273667144657041,-1.7909216284303753,6.3382559177444575
hosted-paced-one/ubuntu-writer/readers.jsonl,point,writer,1,5,read_calls_per_second,77.73748118550618,3120.2109014224206,3770.1263112904517,3395.808285519562,4171.53779082789
hosted-paced-one/ubuntu-writer/readers.jsonl,point,writer,1,5,writer_transactions_per_second,75.63965921825523,72.09278783750473,-3.6371527091919886,-5.339383660490318,-2.175687658996164
hosted-paced-one/ubuntu-writer/readers.jsonl,point,writer,1,5,writer_p99_ms,22.551036,24.120834,3.3013882025604624,-3.3133814332892397,9.916157838410165
hosted-paced-one/ubuntu-writer/readers.jsonl,point,writer,1,5,total_active_cpu_ms,8314.424,9712.541,16.756729639030482,15.436661468150632,17.943875620924395
hosted-paced-one/ubuntu-writer/readers.jsonl,point,writer,1,5,read_completion_fraction,1.0,1.0,0.0,0.0,0.0
hosted-paced-one/ubuntu-writer/readers.jsonl,point,writer,1,5,median_reader_api_p99_ms,22.505161,5.79249,-72.85555851922133,-75.65268446369595,-69.96306916946523
hosted-paced-one/ubuntu-writer/readers.jsonl,point,writer,1,5,median_reader_arrival_p99_ms,22.504500000000007,5.792300000000068,-72.85519471182702,-75.65246448527003,-69.96264952022828
hosted-paced-one/windows-checkpoint/readers.jsonl,large,checkpoint,1,5,read_calls_per_second,55.28954474708833,143.9711530166078,155.75797955645803,146.90124176411152,166.49630001731603
hosted-paced-one/windows-checkpoint/readers.jsonl,large,checkpoint,1,5,writer_transactions_per_second,58.22938231659555,56.17945854277842,-4.38711523955482,-6.536139285600325,-2.379672008953537
hosted-paced-one/windows-checkpoint/readers.jsonl,large,checkpoint,1,5,writer_p99_ms,33.4699,36.5058,9.917284402794305,5.282572968919381,13.712578205226032
hosted-paced-one/windows-checkpoint/readers.jsonl,large,checkpoint,1,5,total_active_cpu_ms,9281.25,10656.25,13.680120904481031,10.163009975052022,17.19723183391004
hosted-paced-one/windows-checkpoint/readers.jsonl,large,checkpoint,1,5,read_completion_fraction,1.0,1.0,0.0,0.0,0.0
hosted-paced-one/windows-checkpoint/readers.jsonl,large,checkpoint,1,5,median_reader_api_p99_ms,37.7526,45.622,21.69480955395749,18.709734074006846,26.949262674250726
hosted-paced-one/windows-checkpoint/readers.jsonl,large,checkpoint,1,5,median_reader_arrival_p99_ms,37.752299999999195,45.62159999999949,21.693825569939975,18.708304464460063,26.948541450732428
hosted-paced-one/windows-checkpoint/readers.jsonl,point,checkpoint,1,5,read_calls_per_second,121.18080413743434,2921.746035350727,2292.2465498112033,2215.626943257933,2369.4882764775602
hosted-paced-one/windows-checkpoint/readers.jsonl,point,checkpoint,1,5,writer_transactions_per_second,60.439990946189255,61.345122493770745,1.1920970561601396,-0.7713548302846451,3.9951154011528005
hosted-paced-one/windows-checkpoint/readers.jsonl,point,checkpoint,1,5,writer_p99_ms,31.975,31.091,-2.8848496584645056,-4.850304991245753,-1.1054628099102004
hosted-paced-one/windows-checkpoint/readers.jsonl,point,checkpoint,1,5,total_active_cpu_ms,8375,9125.0,9.95146362343784,6.904823488060731,13.63417000977837
hosted-paced-one/windows-checkpoint/readers.jsonl,point,checkpoint,1,5,read_completion_fraction,1.0,1.0,0.0,0.0,0.0
hosted-paced-one/windows-checkpoint/readers.jsonl,point,checkpoint,1,5,median_reader_api_p99_ms,30.2179,14.0978,-53.983822615621364,-57.247081175827645,-50.61291170413996
hosted-paced-one/windows-checkpoint/readers.jsonl,point,checkpoint,1,5,median_reader_arrival_p99_ms,30.217200000000048,14.097400000000562,-53.983841824868456,-57.24712030799939,-50.61252196980652
hosted-paced-one/windows-writer/readers.jsonl,large,writer,1,5,read_calls_per_second,55.34458844460338,142.18627980282835,192.40541216580692,149.09974700302502,271.2691092973741
hosted-paced-one/windows-writer/readers.jsonl,large,writer,1,5,writer_transactions_per_second,59.14860754935859,57.66617238376383,9.493040518364415,-4.323757230893401,34.6584819039727
hosted-paced-one/windows-writer/readers.jsonl,large,writer,1,5,writer_p99_ms,35.5885,37.1648,-10.644561035560548,-51.92505515638926,14.421283201953335
hosted-paced-one/windows-writer/readers.jsonl,large,writer,1,5,total_active_cpu_ms,9031.25,9890.625,18.19744748623277,4.928458945767358,39.67161957044548
hosted-paced-one/windows-writer/readers.jsonl,large,writer,1,5,read_completion_fraction,1.0,1.0,0.0,0.0,0.0
hosted-paced-one/windows-writer/readers.jsonl,large,writer,1,5,median_reader_api_p99_ms,40.1945,44.913,-5.396396307828964,-45.91710367634511,16.723075520385535
hosted-paced-one/windows-writer/readers.jsonl,large,writer,1,5,median_reader_arrival_p99_ms,40.19380000000001,44.91190000000006,-5.3963745797917655,-45.91725406634033,16.723392942245997
hosted-paced-one/windows-writer/readers.jsonl,point,writer,1,5,read_calls_per_second,59.04773360934159,1945.82497954913,3206.6360464416716,2959.692144442435,3524.502071945587
hosted-paced-one/windows-writer/readers.jsonl,point,writer,1,5,writer_transactions_per_second,59.04867242425801,59.46090089001076,2.418099627331467,-1.2187145321290793,7.767345395188393
hosted-paced-one/windows-writer/readers.jsonl,point,writer,1,5,writer_p99_ms,35.4876,36.9131,3.7002638786831454,1.0728565950747448,5.567013554280149
hosted-paced-one/windows-writer/readers.jsonl,point,writer,1,5,total_active_cpu_ms,7421.875,8437.5,17.147767440790595,14.074275084801394,20.77950250880752
hosted-paced-one/windows-writer/readers.jsonl,point,writer,1,5,read_completion_fraction,1.0,1.0,0.0,0.0,0.0
hosted-paced-one/windows-writer/readers.jsonl,point,writer,1,5,median_reader_api_p99_ms,35.5894,20.6281,-41.978906588232,-43.78203619945103,-39.89246933218942
hosted-paced-one/windows-writer/readers.jsonl,point,writer,1,5,median_reader_arrival_p99_ms,35.587999999999965,20.627799999999297,-41.978176908480506,-43.781414027362835,-39.89196821985472
hosted-paced-seven/ubuntu-checkpoint/readers.jsonl,large,checkpoint,4,5,read_calls_per_second,794.8947790641387,694.1078884238757,-15.056637723408226,-17.478247566472458,-12.635027880343994
hosted-paced-seven/ubuntu-checkpoint/readers.jsonl,large,checkpoint,4,5,writer_transactions_per_second,56.73902370600363,57.29999598900028,3.296122763003111,0.5013547446110511,6.090890781395171
hosted-paced-seven/ubuntu-checkpoint/readers.jsonl,large,checkpoint,4,5,writer_p99_ms,26.791835,30.784365,9.661763608577738,-4.15582063537732,20.165916792228906
hosted-paced-seven/ubuntu-checkpoint/readers.jsonl,large,checkpoint,4,5,total_active_cpu_ms,15235.886,13960.339,-6.459695894660951,-7.831029014250875,-5.045397120391508
hosted-paced-seven/ubuntu-checkpoint/readers.jsonl,large,checkpoint,4,5,read_completion_fraction,1.0,1.0,0.0,0.0,0.0
hosted-paced-seven/ubuntu-checkpoint/readers.jsonl,large,checkpoint,4,5,median_reader_api_p99_ms,23.1492025,25.724103,11.22956226604424,6.222019633710998,17.079558052472045
hosted-paced-seven/ubuntu-checkpoint/readers.jsonl,large,checkpoint,4,5,median_reader_arrival_p99_ms,23.148050000000012,25.72310000000016,11.229933134504218,6.222818547939131,17.078903575612433
hosted-paced-seven/ubuntu-checkpoint/readers.jsonl,point,checkpoint,4,5,read_calls_per_second,18923.243029986512,11912.228404739988,-34.78038558402823,-42.73588015248316,-24.95599057468407
hosted-paced-seven/ubuntu-checkpoint/readers.jsonl,point,checkpoint,4,5,writer_transactions_per_second,68.51425851632233,69.58554569444178,2.0337282463770623,-0.6159521359013675,4.683408628655492
hosted-paced-seven/ubuntu-checkpoint/readers.jsonl,point,checkpoint,4,5,writer_p99_ms,27.557598,23.750703,-16.15956282510232,-33.14678323796043,-0.4857552106447674
hosted-paced-seven/ubuntu-checkpoint/readers.jsonl,point,checkpoint,4,5,total_active_cpu_ms,11292.729,9747.812,-11.583043089310587,-15.240333338698377,-7.925752839922798
hosted-paced-seven/ubuntu-checkpoint/readers.jsonl,point,checkpoint,4,5,read_completion_fraction,1.0,1.0,0.0,0.0,0.0
hosted-paced-seven/ubuntu-checkpoint/readers.jsonl,point,checkpoint,4,5,median_reader_api_p99_ms,5.2996894999999995,8.694931,49.97449493565338,11.784172951309136,84.24031422606598
hosted-paced-seven/ubuntu-checkpoint/readers.jsonl,point,checkpoint,4,5,median_reader_arrival_p99_ms,5.2995500000000675,8.69484999999986,49.97437699413286,11.785002905451288,84.2386522995115
hosted-paced-seven/ubuntu-writer/readers.jsonl,large,writer,4,5,read_calls_per_second,515.657435455877,456.27341581118463,-10.803911061966428,-13.464997049218852,-8.94445340200026
hosted-paced-seven/ubuntu-writer/readers.jsonl,large,writer,4,5,writer_transactions_per_second,57.35493393421053,57.958305374696494,1.3061581320168347,0.7155368632932735,1.8230117489154907
hosted-paced-seven/ubuntu-writer/readers.jsonl,large,writer,4,5,writer_p99_ms,28.363852,27.028169,-2.7775655517037445,-5.672620713429977,0.11748961002248759
hosted-paced-seven/ubuntu-writer/readers.jsonl,large,writer,4,5,total_active_cpu_ms,18312.871,17470.401,-4.42927570538355,-5.394720459102255,-3.755573243405519
hosted-paced-seven/ubuntu-writer/readers.jsonl,large,writer,4,5,read_completion_fraction,1.0,1.0,0.0,0.0,0.0
hosted-paced-seven/ubuntu-writer/readers.jsonl,large,writer,4,5,median_reader_api_p99_ms,30.3998865,31.1420295,2.2868073302420777,0.2244307320924177,4.408908961936229
hosted-paced-seven/ubuntu-writer/readers.jsonl,large,writer,4,5,median_reader_arrival_p99_ms,30.39884999999981,31.141099999999824,2.2869369181513943,0.2242445874287724,4.40968694889293
hosted-paced-seven/ubuntu-writer/readers.jsonl,point,writer,4,5,read_calls_per_second,9975.478497142401,7085.615354426564,-29.501849315328155,-30.439156085022386,-28.564542545633923
hosted-paced-seven/ubuntu-writer/readers.jsonl,point,writer,4,5,writer_transactions_per_second,62.58766710019791,63.46302961209947,1.2515694244371378,0.016184616171504018,2.4869542327027716
hosted-paced-seven/ubuntu-writer/readers.jsonl,point,writer,4,5,writer_p99_ms,22.308662,22.189602,-1.2064461338020416,-3.9501822237343243,1.5162955423338809
hosted-paced-seven/ubuntu-writer/readers.jsonl,point,writer,4,5,total_active_cpu_ms,14111.039999999999,12855.405,-8.915784465393088,-9.50760177590207,-8.494337371002926
hosted-paced-seven/ubuntu-writer/readers.jsonl,point,writer,4,5,read_completion_fraction,1.0,1.0,0.0,0.0,0.0
hosted-paced-seven/ubuntu-writer/readers.jsonl,point,writer,4,5,median_reader_api_p99_ms,6.2218255,8.1638875,29.728808812652073,27.45365799793663,31.476301592464786
hosted-paced-seven/ubuntu-writer/readers.jsonl,point,writer,4,5,median_reader_arrival_p99_ms,6.2216500000001815,8.163750000000164,29.728891647369224,27.452763741385702,31.47685017454491
hosted-paced-seven/windows-checkpoint/readers.jsonl,large,checkpoint,4,5,read_calls_per_second,453.91094548563603,383.5035549463525,-24.511942145751327,-39.50337109580987,-14.945500508183883
hosted-paced-seven/windows-checkpoint/readers.jsonl,large,checkpoint,4,5,writer_transactions_per_second,41.769151810621786,44.482644109005854,7.423432208514962,-6.453842252798504,22.098407567724838
hosted-paced-seven/windows-checkpoint/readers.jsonl,large,checkpoint,4,5,writer_p99_ms,45.7918,44.1533,-0.8895865344924054,-19.763901956702025,17.984728887717218
hosted-paced-seven/windows-checkpoint/readers.jsonl,large,checkpoint,4,5,total_active_cpu_ms,16796.875,14343.75,-16.085894127200234,-21.975439590144948,-11.16426449766131
hosted-paced-seven/windows-checkpoint/readers.jsonl,large,checkpoint,4,5,read_completion_fraction,1.0,1.0,0.0,0.0,0.0
hosted-paced-seven/windows-checkpoint/readers.jsonl,large,checkpoint,4,5,median_reader_api_p99_ms,48.3571,51.237449999999995,10.333049908036118,5.976833187513022,14.47837517577479
hosted-paced-seven/windows-checkpoint/readers.jsonl,large,checkpoint,4,5,median_reader_arrival_p99_ms,48.35589999999979,51.23655000000042,10.334262215593686,5.977507156735724,14.481253112198079
hosted-paced-seven/windows-checkpoint/readers.jsonl,point,checkpoint,4,5,read_calls_per_second,5968.54291037005,4356.044404662243,-28.857018817228973,-30.14973492406571,-27.359248928630745
hosted-paced-seven/windows-checkpoint/readers.jsonl,point,checkpoint,4,5,writer_transactions_per_second,56.349712389669214,56.310005911652055,2.04402087248732,-1.7793556225775629,6.27264176809136
hosted-paced-seven/windows-checkpoint/readers.jsonl,point,checkpoint,4,5,writer_p99_ms,35.4081,35.7246,-0.19504600519302473,-2.244065450994488,1.6625934439050518
hosted-paced-seven/windows-checkpoint/readers.jsonl,point,checkpoint,4,5,total_active_cpu_ms,12734.375,11296.875,-10.26584623010871,-12.514201290478198,-8.441510612937247
hosted-paced-seven/windows-checkpoint/readers.jsonl,point,checkpoint,4,5,read_completion_fraction,1.0,1.0,0.0,0.0,0.0
hosted-paced-seven/windows-checkpoint/readers.jsonl,point,checkpoint,4,5,median_reader_api_p99_ms,23.5581,25.26845,5.64200730566963,3.0471941946965364,8.532000590871949
hosted-paced-seven/windows-checkpoint/readers.jsonl,point,checkpoint,4,5,median_reader_arrival_p99_ms,23.55769999999984,25.267700000000332,5.640525006044297,3.0461886181417386,8.530626445147913
hosted-paced-seven/windows-writer/readers.jsonl,large,writer,4,5,read_calls_per_second,518.3593978837534,434.9169973150718,-15.186778827043863,-18.89475946258489,-11.561131335428444
hosted-paced-seven/windows-writer/readers.jsonl,large,writer,4,5,writer_transactions_per_second,57.705430609154796,57.98089355614644,1.6451248823336484,-0.9953075229673303,4.3164251770388145
hosted-paced-seven/windows-writer/readers.jsonl,large,writer,4,5,writer_p99_ms,39.2054,39.1734,-1.7950242548937312,-5.741010486256102,1.7028766355003544
hosted-paced-seven/windows-writer/readers.jsonl,large,writer,4,5,total_active_cpu_ms,15203.125,14453.125,-6.012858867847341,-8.87498837864508,-2.904597407774885
hosted-paced-seven/windows-writer/readers.jsonl,large,writer,4,5,read_completion_fraction,1.0,1.0,0.0,0.0,0.0
hosted-paced-seven/windows-writer/readers.jsonl,large,writer,4,5,median_reader_api_p99_ms,48.243449999999996,49.1312,2.630622090945951,-0.688895658661961,6.068017531053718
hosted-paced-seven/windows-writer/readers.jsonl,large,writer,4,5,median_reader_arrival_p99_ms,48.241900000000214,49.13020000000006,2.6311060707404366,-0.6883440255346107,6.06858684184461
hosted-paced-seven/windows-writer/readers.jsonl,point,writer,4,5,read_calls_per_second,10319.320568926762,7160.8408465550465,-30.607914443309852,-34.19587632734652,-26.49916806683524
hosted-paced-seven/windows-writer/readers.jsonl,point,writer,4,5,writer_transactions_per_second,57.11377704420967,57.35331440207671,1.2946129185252753,-0.39734562330670853,3.9586649560852587
hosted-paced-seven/windows-writer/readers.jsonl,point,writer,4,5,writer_p99_ms,36.9771,36.0446,-0.005626901851021504,-2.7041043727390313,4.290523625754167
hosted-paced-seven/windows-writer/readers.jsonl,point,writer,4,5,total_active_cpu_ms,11843.75,11078.125,-9.614358657188829,-14.587579130639005,-4.641138183738652
hosted-paced-seven/windows-writer/readers.jsonl,point,writer,4,5,read_completion_fraction,1.0,1.0,0.0,0.0,0.0
hosted-paced-seven/windows-writer/readers.jsonl,point,writer,4,5,median_reader_api_p99_ms,14.96925,20.90775,40.142856536693635,36.68328654824614,43.45387164582976
hosted-paced-seven/windows-writer/readers.jsonl,point,writer,4,5,median_reader_arrival_p99_ms,14.968900000000303,20.907400000000003,40.14314532319828,36.68460129113401,43.45346823554912
hosted-paced-ten/ubuntu-net10.0-checkpoint/readers.jsonl,large,checkpoint,4,5,read_calls_per_second,491.44739907918296,411.0570112708439,-16.480690393629757,-17.357585969740455,-15.50942523297906
hosted-paced-ten/ubuntu-net10.0-checkpoint/readers.jsonl,large,checkpoint,4,5,writer_transactions_per_second,50.96056060293817,53.402050493006236,4.717801806455761,3.4931477310631904,5.475157998552991
hosted-paced-ten/ubuntu-net10.0-checkpoint/readers.jsonl,large,checkpoint,4,5,writer_p99_ms,27.668819,27.108535,2.0109635108007606,-8.509189019243209,17.165045982965307
hosted-paced-ten/ubuntu-net10.0-checkpoint/readers.jsonl,large,checkpoint,4,5,total_active_cpu_ms,18837.016,17600.566,-6.683258350234942,-7.115434902543612,-6.281114583619731
hosted-paced-ten/ubuntu-net10.0-checkpoint/readers.jsonl,large,checkpoint,4,5,read_completion_fraction,1.0,1.0,0.0,0.0,0.0
hosted-paced-ten/ubuntu-net10.0-checkpoint/readers.jsonl,large,checkpoint,4,5,median_reader_api_p99_ms,31.255865,31.6261805,2.1764900884373706,-0.4374499495511852,4.790430126425926
hosted-paced-ten/ubuntu-net10.0-checkpoint/readers.jsonl,large,checkpoint,4,5,median_reader_arrival_p99_ms,31.254700000000412,31.6249499999999,2.1759240151239823,-0.43794881875446556,4.78979684900243
hosted-paced-ten/ubuntu-net10.0-checkpoint/readers.jsonl,medium,checkpoint,4,5,read_calls_per_second,1655.656649971917,1314.8597185279807,-20.58922209235002,-22.12246929786761,-18.912461498685353
hosted-paced-ten/ubuntu-net10.0-checkpoint/readers.jsonl,medium,checkpoint,4,5,writer_transactions_per_second,55.77773129855637,57.8807939949366,4.030188944720492,3.8907654481454927,4.134131094426006
hosted-paced-ten/ubuntu-net10.0-checkpoint/readers.jsonl,medium,checkpoint,4,5,writer_p99_ms,25.454975,24.944726,-3.679288636389706,-5.524167033099981,-1.8344102396794315
hosted-paced-ten/ubuntu-net10.0-checkpoint/readers.jsonl,medium,checkpoint,4,5,total_active_cpu_ms,16103.926,14860.768,-7.675053663223926,-8.324047574111624,-7.050963477473715
hosted-paced-ten/ubuntu-net10.0-checkpoint/readers.jsonl,medium,checkpoint,4,5,read_completion_fraction,1.0,1.0,0.0,0.0,0.0
hosted-paced-ten/ubuntu-net10.0-checkpoint/readers.jsonl,medium,checkpoint,4,5,median_reader_api_p99_ms,15.6045345,19.1076005,23.879793180204345,4.545969020092007,43.21361734031669
hosted-paced-ten/ubuntu-net10.0-checkpoint/readers.jsonl,medium,checkpoint,4,5,median_reader_arrival_p99_ms,15.603350000000319,19.10654999999997,23.881113536851988,4.5465586040353525,43.21566846966862
hosted-paced-ten/ubuntu-net10.0-checkpoint/readers.jsonl,point,checkpoint,4,5,read_calls_per_second,8132.5281112546,5089.42468692811,-38.333086803666916,-41.57400036221324,-35.614388406510855
hosted-paced-ten/ubuntu-net10.0-checkpoint/readers.jsonl,point,checkpoint,4,5,writer_transactions_per_second,64.45696788367118,65.04545483294073,0.8873306719720819,-0.6254763986795187,2.4001377426236825
hosted-paced-ten/ubuntu-net10.0-checkpoint/readers.jsonl,point,checkpoint,4,5,writer_p99_ms,21.663366,21.638182,0.5293285191292973,-1.2355298907761858,2.7759260360831983
hosted-paced-ten/ubuntu-net10.0-checkpoint/readers.jsonl,point,checkpoint,4,5,total_active_cpu_ms,13344.03,12251.756,-7.5127562896657185,-8.293936029625385,-6.731576549706051
hosted-paced-ten/ubuntu-net10.0-checkpoint/readers.jsonl,point,checkpoint,4,5,read_completion_fraction,1.0,1.0,0.0,0.0,0.0
hosted-paced-ten/ubuntu-net10.0-checkpoint/readers.jsonl,point,checkpoint,4,5,median_reader_api_p99_ms,7.86653,11.773876,58.70581037518896,43.42709633689693,74.68929286328391
hosted-paced-ten/ubuntu-net10.0-checkpoint/readers.jsonl,point,checkpoint,4,5,median_reader_arrival_p99_ms,7.866250000000052,11.772900000000163,58.703229393510995,43.42204889609407,74.68923240003387
hosted-paced-ten/ubuntu-net10.0-writer/readers.jsonl,large,writer,4,5,read_calls_per_second,471.74762039756166,407.9053028501261,-14.250465197733554,-16.921812723192364,-11.579117672274748
hosted-paced-ten/ubuntu-net10.0-writer/readers.jsonl,large,writer,4,5,writer_transactions_per_second,58.6437723510698,59.10913212227974,1.2072285865517962,0.3564456998363186,2.2665692419619177
hosted-paced-ten/ubuntu-net10.0-writer/readers.jsonl,large,writer,4,5,writer_p99_ms,28.772287,27.39454,-2.8163068185611495,-6.2765133607362795,2.3625488871112665
hosted-paced-ten/ubuntu-net10.0-writer/readers.jsonl,large,writer,4,5,total_active_cpu_ms,16815.336,15964.739,-5.06761755147537,-5.578128762003997,-4.609633639678094
hosted-paced-ten/ubuntu-net10.0-writer/readers.jsonl,large,writer,4,5,read_completion_fraction,1.0,1.0,0.0,0.0,0.0
hosted-paced-ten/ubuntu-net10.0-writer/readers.jsonl,large,writer,4,5,median_reader_api_p99_ms,30.798764499999997,31.830478499999998,3.5836334949137827,2.965839626304212,4.4482776084161335
hosted-paced-ten/ubuntu-net10.0-writer/readers.jsonl,large,writer,4,5,median_reader_arrival_p99_ms,30.797750000000406,31.829750000000047,3.585257805257336,2.9675294946181285,4.449522204835055
hosted-paced-ten/ubuntu-net10.0-writer/readers.jsonl,medium,writer,4,5,read_calls_per_second,1649.4087543490573,1302.0275308952382,-21.63447960612923,-22.910745140613727,-20.314511751077898
hosted-paced-ten/ubuntu-net10.0-writer/readers.jsonl,medium,writer,4,5,writer_transactions_per_second,58.534506910907524,59.54648378862465,1.327139886221449,0.30064023716813715,1.9474392526393025
hosted-paced-ten/ubuntu-net10.0-writer/readers.jsonl,medium,writer,4,5,writer_p99_ms,27.228204,27.24628,0.25656615577533515,-3.4370822025737247,4.194652215899383
hosted-paced-ten/ubuntu-net10.0-writer/readers.jsonl,medium,writer,4,5,total_active_cpu_ms,14800.134,13516.453,-8.526319376853056,-8.94617175078915,-8.1703050379709
hosted-paced-ten/ubuntu-net10.0-writer/readers.jsonl,medium,writer,4,5,read_completion_fraction,1.0,1.0,0.0,0.0,0.0
hosted-paced-ten/ubuntu-net10.0-writer/readers.jsonl,medium,writer,4,5,median_reader_api_p99_ms,21.002443999999997,21.855884000000003,5.192362300709608,2.334496607537062,8.246194039561896
hosted-paced-ten/ubuntu-net10.0-writer/readers.jsonl,medium,writer,4,5,median_reader_arrival_p99_ms,21.00180000000023,21.854900000000043,5.192535611757356,2.3348399039742462,8.247270598855732
hosted-paced-ten/ubuntu-net10.0-writer/readers.jsonl,point,writer,4,5,read_calls_per_second,7302.47160862471,4552.0492064861955,-37.52446445111401,-39.82998941885419,-36.23053476740462
hosted-paced-ten/ubuntu-net10.0-writer/readers.jsonl,point,writer,4,5,writer_transactions_per_second,62.31581880669042,63.40374487279626,1.420134031769047,0.9052732984612755,1.9349947650768187
hosted-paced-ten/ubuntu-net10.0-writer/readers.jsonl,point,writer,4,5,writer_p99_ms,23.791584,24.376641,5.694238987898956,-1.6134231307444715,13.224736403847668
hosted-paced-ten/ubuntu-net10.0-writer/readers.jsonl,point,writer,4,5,total_active_cpu_ms,12186.694,11273.562,-8.05883632373412,-8.765802198382652,-7.4431085135387764
hosted-paced-ten/ubuntu-net10.0-writer/readers.jsonl,point,writer,4,5,read_completion_fraction,1.0,1.0,0.0,0.0,0.0
hosted-paced-ten/ubuntu-net10.0-writer/readers.jsonl,point,writer,4,5,median_reader_api_p99_ms,8.145586999999999,12.1633305,56.31221084683525,47.58266216181872,69.7288405406634
hosted-paced-ten/ubuntu-net10.0-writer/readers.jsonl,point,writer,4,5,median_reader_arrival_p99_ms,8.145300000000134,12.162900000000036,56.31076916154928,47.58265234488854,69.72658513611978
hosted-paced-ten/windows-net10.0-checkpoint/readers.jsonl,large,checkpoint,4,5,read_calls_per_second,408.4769055104813,335.824317089049,-18.16205709539523,-19.74087132135694,-16.597352363378256
hosted-paced-ten/windows-net10.0-checkpoint/readers.jsonl,large,checkpoint,4,5,writer_transactions_per_second,46.25309335044052,47.62726602069649,2.5313501295845375,1.5434192619518594,3.2685617534854794
hosted-paced-ten/windows-net10.0-checkpoint/readers.jsonl,large,checkpoint,4,5,writer_p99_ms,41.4849,39.5133,-1.8822226999207528,-6.085442361373343,4.011014707647957
hosted-paced-ten/windows-net10.0-checkpoint/readers.jsonl,large,checkpoint,4,5,total_active_cpu_ms,14562.5,13875.0,-4.909387697562546,-7.669542325281526,-2.1492330698435658
hosted-paced-ten/windows-net10.0-checkpoint/readers.jsonl,large,checkpoint,4,5,read_completion_fraction,1.0,1.0,0.0,0.0,0.0
hosted-paced-ten/windows-net10.0-checkpoint/readers.jsonl,large,checkpoint,4,5,median_reader_api_p99_ms,49.0137,51.85635,5.996399224053484,4.0792149866993155,7.913583461407652
hosted-paced-ten/windows-net10.0-checkpoint/readers.jsonl,large,checkpoint,4,5,median_reader_arrival_p99_ms,49.012750000000324,51.85529999999926,5.9963205768997785,4.079055232038824,7.913585921760733
hosted-paced-ten/windows-net10.0-checkpoint/readers.jsonl,medium,checkpoint,4,5,read_calls_per_second,1241.802436452767,1002.14865947928,-19.646523236840043,-21.386051143727787,-18.34067969309008
hosted-paced-ten/windows-net10.0-checkpoint/readers.jsonl,medium,checkpoint,4,5,writer_transactions_per_second,50.335575496921486,50.45309018746125,0.6871246699305433,-0.3069057993905444,1.681155139251631
hosted-paced-ten/windows-net10.0-checkpoint/readers.jsonl,medium,checkpoint,4,5,writer_p99_ms,37.5834,37.6707,0.5862812966005548,-1.2630500213993345,2.7549390196286527
hosted-paced-ten/windows-net10.0-checkpoint/readers.jsonl,medium,checkpoint,4,5,total_active_cpu_ms,12187.5,11828.125,-3.8032001783072067,-6.515788721575075,-1.3383136629141945
hosted-paced-ten/windows-net10.0-checkpoint/readers.jsonl,medium,checkpoint,4,5,read_completion_fraction,1.0,1.0,0.0,0.0,0.0
hosted-paced-ten/windows-net10.0-checkpoint/readers.jsonl,medium,checkpoint,4,5,median_reader_api_p99_ms,42.005449999999996,43.12935,3.7715099059450585,2.417969441295398,5.677546981151709
hosted-paced-ten/windows-net10.0-checkpoint/readers.jsonl,medium,checkpoint,4,5,median_reader_arrival_p99_ms,42.00440000000053,43.128850000000284,3.771986480831644,2.4187406717532767,5.677820535730742
hosted-paced-ten/windows-net10.0-checkpoint/readers.jsonl,point,checkpoint,4,5,read_calls_per_second,4386.37725646575,3261.7091075420103,-26.602688945448328,-29.21968791201224,-24.323459428595843
hosted-paced-ten/windows-net10.0-checkpoint/readers.jsonl,point,checkpoint,4,5,writer_transactions_per_second,56.17539068484878,57.16577932341098,1.8853346510512579,-1.594312088745331,6.112990489566167
hosted-paced-ten/windows-net10.0-checkpoint/readers.jsonl,point,checkpoint,4,5,writer_p99_ms,36.5084,36.2066,-1.1658076750707336,-2.5610229201971046,-0.18100330776674944
hosted-paced-ten/windows-net10.0-checkpoint/readers.jsonl,point,checkpoint,4,5,total_active_cpu_ms,11109.375,10468.75,-5.168568497770258,-10.340244558698066,-0.7083154059008567
hosted-paced-ten/windows-net10.0-checkpoint/readers.jsonl,point,checkpoint,4,5,read_completion_fraction,1.0,1.0,0.0,0.0,0.0
hosted-paced-ten/windows-net10.0-checkpoint/readers.jsonl,point,checkpoint,4,5,median_reader_api_p99_ms,24.7276,25.63465,4.491885611388195,1.1013295613357377,8.202797051099795
hosted-paced-ten/windows-net10.0-checkpoint/readers.jsonl,point,checkpoint,4,5,median_reader_arrival_p99_ms,24.726999999999407,25.633899999999812,4.4912839960597495,1.1007076314438669,8.202678319767816
hosted-paced-ten/windows-net10.0-writer/readers.jsonl,large,writer,4,5,read_calls_per_second,380.8069414134873,321.543571179865,-13.12343560353221,-18.306784298774183,-7.940086908290236
hosted-paced-ten/windows-net10.0-writer/readers.jsonl,large,writer,4,5,writer_transactions_per_second,53.17310185469578,55.06852005357568,5.008403533525178,-0.23995069801004743,10.256757765060405
hosted-paced-ten/windows-net10.0-writer/readers.jsonl,large,writer,4,5,writer_p99_ms,42.1622,38.7929,-11.254413941029851,-20.60721939066485,-5.3113955891617275
hosted-paced-ten/windows-net10.0-writer/readers.jsonl,large,writer,4,5,total_active_cpu_ms,13812.5,13203.125,-3.7970598007562106,-8.494077216640864,1.932352715252876
hosted-paced-ten/windows-net10.0-writer/readers.jsonl,large,writer,4,5,read_completion_fraction,1.0,1.0,0.0,0.0,0.0
hosted-paced-ten/windows-net10.0-writer/readers.jsonl,large,writer,4,5,median_reader_api_p99_ms,54.478300000000004,54.2947,-0.9030079734363005,-7.690897713691804,4.582368902260372
hosted-paced-ten/windows-net10.0-writer/readers.jsonl,large,writer,4,5,median_reader_arrival_p99_ms,54.477249999999685,54.29360000000088,-0.9032381498363294,-7.691402282813444,4.581652781473222
hosted-paced-ten/windows-net10.0-writer/readers.jsonl,medium,writer,4,5,read_calls_per_second,1364.0707454041176,1077.6992671207008,-21.170630392914667,-23.840898152374898,-18.23542416216072
hosted-paced-ten/windows-net10.0-writer/readers.jsonl,medium,writer,4,5,writer_transactions_per_second,56.24207282193672,56.248216204715455,0.954775135102528,-3.0718940470488443,4.9814443172539
hosted-paced-ten/windows-net10.0-writer/readers.jsonl,medium,writer,4,5,writer_p99_ms,37.7758,38.025,4.026624595005419,-0.41420726237120675,9.72634635738865
hosted-paced-ten/windows-net10.0-writer/readers.jsonl,medium,writer,4,5,total_active_cpu_ms,12218.75,10578.125,-12.864950425595275,-16.50251004016064,-9.337462158776551
hosted-paced-ten/windows-net10.0-writer/readers.jsonl,medium,writer,4,5,read_completion_fraction,1.0,1.0,0.0,0.0,0.0
hosted-paced-ten/windows-net10.0-writer/readers.jsonl,medium,writer,4,5,median_reader_api_p99_ms,38.366249999999994,41.29835,10.2292184807033,6.51336726079324,16.758744626206852
hosted-paced-ten/windows-net10.0-writer/readers.jsonl,medium,writer,4,5,median_reader_arrival_p99_ms,38.36344999999977,41.297349999999824,10.183717899124165,6.4203515278631915,16.732529098467634
hosted-paced-ten/windows-net10.0-writer/readers.jsonl,point,writer,4,5,read_calls_per_second,6984.133069046291,4909.915426098845,-29.591234395817935,-35.28659555747505,-24.021468722434154
hosted-paced-ten/windows-net10.0-writer/readers.jsonl,point,writer,4,5,writer_transactions_per_second,55.88691128537696,58.292323483920406,2.5170821388147013,-1.9169337050258584,6.411362741504307
hosted-paced-ten/windows-net10.0-writer/readers.jsonl,point,writer,4,5,writer_p99_ms,36.0607,35.0869,-2.907514850516164,-8.582694344885779,2.9377880587599026
hosted-paced-ten/windows-net10.0-writer/readers.jsonl,point,writer,4,5,total_active_cpu_ms,10437.5,9593.75,-12.010672749622644,-20.098177801837785,-4.634234715282812
hosted-paced-ten/windows-net10.0-writer/readers.jsonl,point,writer,4,5,read_completion_fraction,1.0,1.0,0.0,0.0,0.0
hosted-paced-ten/windows-net10.0-writer/readers.jsonl,point,writer,4,5,median_reader_api_p99_ms,21.1156,24.2635,21.27005261218122,8.124131452947596,35.474540703127936
hosted-paced-ten/windows-net10.0-writer/readers.jsonl,point,writer,4,5,median_reader_arrival_p99_ms,21.115200000000186,24.26265000000012,21.268742291143372,8.123059374237695,35.47298219741696
hosted-phase-tails/ubuntu-net10.0-checkpoint/readers.jsonl,large,checkpoint,4,5,read_calls_per_second,323.3366322153509,478.9021784778037,49.81154173075258,46.61594910539694,53.007134356108224
hosted-phase-tails/ubuntu-net10.0-checkpoint/readers.jsonl,large,checkpoint,4,5,writer_transactions_per_second,52.77029876504309,51.947722409553144,-1.534430890019003,-2.700128129860919,-0.3687336501770866
hosted-phase-tails/ubuntu-net10.0-checkpoint/readers.jsonl,large,checkpoint,4,5,writer_p99_ms,26.411694,28.35467,6.449444846894847,4.486776227346665,8.107028202974295
hosted-phase-tails/ubuntu-net10.0-checkpoint/readers.jsonl,large,checkpoint,4,5,total_active_cpu_ms,16848.993000000002,17572.321,4.497393039230495,4.142713179380064,4.877979031306219
hosted-phase-tails/ubuntu-net10.0-checkpoint/readers.jsonl,large,checkpoint,4,5,read_completion_fraction,1.0,1.0,0.0,0.0,0.0
hosted-phase-tails/ubuntu-net10.0-checkpoint/readers.jsonl,large,checkpoint,4,5,median_reader_api_p99_ms,24.688077,31.4140815,28.401996689062123,24.90304266411419,32.14970062681173
hosted-phase-tails/ubuntu-net10.0-checkpoint/readers.jsonl,large,checkpoint,4,5,median_reader_arrival_p99_ms,24.687399999999798,31.41294999999991,28.40258507425442,24.902944299259453,32.150342522481786
hosted-phase-tails/ubuntu-net10.0-checkpoint/readers.jsonl,medium,checkpoint,4,5,read_calls_per_second,341.843039791872,1585.576531053931,361.9519998564476,352.41820916249213,371.4857905504032
hosted-phase-tails/ubuntu-net10.0-checkpoint/readers.jsonl,medium,checkpoint,4,5,writer_transactions_per_second,58.496835321209126,56.93305412964058,-2.7548944297152222,-3.749892694784265,-1.776697467246575
hosted-phase-tails/ubuntu-net10.0-checkpoint/readers.jsonl,medium,checkpoint,4,5,writer_p99_ms,24.86554,25.437857,4.542155575235737,1.6300943910613008,7.261733708794749
hosted-phase-tails/ubuntu-net10.0-checkpoint/readers.jsonl,medium,checkpoint,4,5,total_active_cpu_ms,10554.589,15031.009,42.65446983094424,41.74797600168522,43.56096366020325
hosted-phase-tails/ubuntu-net10.0-checkpoint/readers.jsonl,medium,checkpoint,4,5,read_completion_fraction,1.0,1.0,0.0,0.0,0.0
hosted-phase-tails/ubuntu-net10.0-checkpoint/readers.jsonl,medium,checkpoint,4,5,median_reader_api_p99_ms,23.333148,21.879489,-5.981888337504557,-9.482960880427282,-3.065109024078107
hosted-phase-tails/ubuntu-net10.0-checkpoint/readers.jsonl,medium,checkpoint,4,5,median_reader_arrival_p99_ms,23.33244999999988,21.878699999999753,-5.982396743226097,-9.483598779634137,-3.0654928669689063
hosted-phase-tails/ubuntu-net10.0-checkpoint/readers.jsonl,point,checkpoint,4,5,read_calls_per_second,582.7137883923826,7486.075221609078,1199.9105991869437,1130.972686527669,1251.6593448448186
hosted-phase-tails/ubuntu-net10.0-checkpoint/readers.jsonl,point,checkpoint,4,5,writer_transactions_per_second,68.43020529640998,65.77369578358223,-3.7607690183294906,-5.639005861471558,-2.2980764233614237
hosted-phase-tails/ubuntu-net10.0-checkpoint/readers.jsonl,point,checkpoint,4,5,writer_p99_ms,21.489325,21.41346,-0.06637441173487968,-1.8955492305279154,2.400665687572703
hosted-phase-tails/ubuntu-net10.0-checkpoint/readers.jsonl,point,checkpoint,4,5,total_active_cpu_ms,8593.178,12628.199,47.573170170697544,46.22752780587192,49.09612084580075
hosted-phase-tails/ubuntu-net10.0-checkpoint/readers.jsonl,point,checkpoint,4,5,read_completion_fraction,1.0,1.0,0.0,0.0,0.0
hosted-phase-tails/ubuntu-net10.0-checkpoint/readers.jsonl,point,checkpoint,4,5,median_reader_api_p99_ms,38.677126,7.178457,-81.45656222164988,-83.76682660465534,-79.41540563786167
hosted-phase-tails/ubuntu-net10.0-checkpoint/readers.jsonl,point,checkpoint,4,5,median_reader_arrival_p99_ms,38.67654999999991,7.178399999999783,-81.45643772146701,-83.7665643394419,-79.41537501393317
hosted-phase-tails/ubuntu-net10.0-writer/readers.jsonl,large,writer,4,5,read_calls_per_second,177.198541590291,566.5588889597143,209.4716552040246,154.47435449373856,264.46895591431064
hosted-phase-tails/ubuntu-net10.0-writer/readers.jsonl,large,writer,4,5,writer_transactions_per_second,37.13307839478613,37.3378306450844,7.018178776370869,-2.2534172905915772,16.289774843333316
hosted-phase-tails/ubuntu-net10.0-writer/readers.jsonl,large,writer,4,5,writer_p99_ms,141.671844,183.412071,12.977627234407448,-16.446260640206372,50.47437938544193
hosted-phase-tails/ubuntu-net10.0-writer/readers.jsonl,large,writer,4,5,total_active_cpu_ms,8814.357,13527.314,45.25866198817561,36.58140326008055,54.060328624120984
hosted-phase-tails/ubuntu-net10.0-writer/readers.jsonl,large,writer,4,5,read_completion_fraction,1.0,1.0,0.0,0.0,0.0
hosted-phase-tails/ubuntu-net10.0-writer/readers.jsonl,large,writer,4,5,median_reader_api_p99_ms,128.654035,58.085982,-54.20859183559456,-69.30462129791171,-32.0639156072192
hosted-phase-tails/ubuntu-net10.0-writer/readers.jsonl,large,writer,4,5,median_reader_arrival_p99_ms,128.65324999999984,58.08500000000015,-54.2090639268749,-69.30515743696652,-32.064344267489616
hosted-phase-tails/ubuntu-net10.0-writer/readers.jsonl,medium,writer,4,5,read_calls_per_second,144.09567344880153,2232.9855793590937,1486.4127604363764,1157.0371097545171,1784.0028580643598
hosted-phase-tails/ubuntu-net10.0-writer/readers.jsonl,medium,writer,4,5,writer_transactions_per_second,35.489779852766574,37.826963606816584,8.151047391065083,-16.76688619208417,33.18618482440816
hosted-phase-tails/ubuntu-net10.0-writer/readers.jsonl,medium,writer,4,5,writer_p99_ms,195.922376,195.117689,-1.8044249462058293,-40.638284492161304,37.02943459974965
hosted-phase-tails/ubuntu-net10.0-writer/readers.jsonl,medium,writer,4,5,total_active_cpu_ms,4849.033,11799.079,143.52893506820342,93.85157654301611,191.09842307459064
hosted-phase-tails/ubuntu-net10.0-writer/readers.jsonl,medium,writer,4,5,read_completion_fraction,1.0,1.0,0.0,0.0,0.0
hosted-phase-tails/ubuntu-net10.0-writer/readers.jsonl,medium,writer,4,5,median_reader_api_p99_ms,195.53861799999999,18.3001035,-91.3598939089637,-93.9251746850961,-87.76677078494097
hosted-phase-tails/ubuntu-net10.0-writer/readers.jsonl,medium,writer,4,5,median_reader_arrival_p99_ms,195.5376500000002,18.29914999999994,-91.3602576043944,-93.92547685027655,-87.7672490811984
hosted-phase-tails/ubuntu-net10.0-writer/readers.jsonl,point,writer,4,5,read_calls_per_second,306.53849909800573,16029.348886503016,6877.112305415495,4888.150955675554,8697.869069586177
hosted-phase-tails/ubuntu-net10.0-writer/readers.jsonl,point,writer,4,5,writer_transactions_per_second,55.95922840543101,39.495353371675826,-17.29568115986584,-35.3728317327825,8.199885536389916
hosted-phase-tails/ubuntu-net10.0-writer/readers.jsonl,point,writer,4,5,writer_p99_ms,95.895702,205.200815,82.57639580614743,-5.877882570625895,171.03067418292076
hosted-phase-tails/ubuntu-net10.0-writer/readers.jsonl,point,writer,4,5,total_active_cpu_ms,5910.235,9341.955,100.03955096597609,64.48436518712799,141.70085540764632
hosted-phase-tails/ubuntu-net10.0-writer/readers.jsonl,point,writer,4,5,read_completion_fraction,1.0,1.0,0.0,0.0,0.0
hosted-phase-tails/ubuntu-net10.0-writer/readers.jsonl,point,writer,4,5,median_reader_api_p99_ms,107.862938,2.6040929999999998,-97.09633153929751,-98.8039889478293,-94.32101522427273
hosted-phase-tails/ubuntu-net10.0-writer/readers.jsonl,point,writer,4,5,median_reader_arrival_p99_ms,107.8621499999997,2.6040999999997894,-97.09638324873858,-98.80405672230765,-94.3210735356781
hosted-phase-tails/windows-net10.0-checkpoint/readers.jsonl,large,checkpoint,4,5,read_calls_per_second,213.76380356346323,373.74394391586907,74.0027915647334,68.11123874205829,77.78796141990087
hosted-phase-tails/windows-net10.0-checkpoint/readers.jsonl,large,checkpoint,4,5,writer_transactions_per_second,41.693135225285154,43.862454798369626,2.5280191062678825,-3.8640394978832604,7.029260001585658
hosted-phase-tails/windows-net10.0-checkpoint/readers.jsonl,large,checkpoint,4,5,writer_p99_ms,42.6566,44.7417,9.869463611878071,-1.7274736587138981,25.309901405967814
hosted-phase-tails/windows-net10.0-checkpoint/readers.jsonl,large,checkpoint,4,5,total_active_cpu_ms,14218.75,14937.5,5.4217554588556505,0.9161668026296832,9.927344115081619
hosted-phase-tails/windows-net10.0-checkpoint/readers.jsonl,large,checkpoint,4,5,read_completion_fraction,1.0,1.0,0.0,0.0,0.0
hosted-phase-tails/windows-net10.0-checkpoint/readers.jsonl,large,checkpoint,4,5,median_reader_api_p99_ms,46.34465,52.694,18.326861433006073,10.91601951937351,29.14503279904764
hosted-phase-tails/windows-net10.0-checkpoint/readers.jsonl,large,checkpoint,4,5,median_reader_arrival_p99_ms,46.343949999999495,52.69315000000006,18.32677668308302,10.915564981280061,29.14550493208194
hosted-phase-tails/windows-net10.0-checkpoint/readers.jsonl,medium,checkpoint,4,5,read_calls_per_second,340.1713552206521,1186.7751561824373,255.30001908126656,239.64361158728866,276.11419828254304
hosted-phase-tails/windows-net10.0-checkpoint/readers.jsonl,medium,checkpoint,4,5,writer_transactions_per_second,44.480294187479714,47.56535342448657,6.407919625615808,3.2601921726967875,9.555647078534829
hosted-phase-tails/windows-net10.0-checkpoint/readers.jsonl,medium,checkpoint,4,5,writer_p99_ms,40.9813,41.0288,2.7321895672958507,-3.5058047651653106,8.970183899757012
hosted-phase-tails/windows-net10.0-checkpoint/readers.jsonl,medium,checkpoint,4,5,total_active_cpu_ms,9546.875,12906.25,36.43131071558129,31.128747194560987,43.60967306085936
hosted-phase-tails/windows-net10.0-checkpoint/readers.jsonl,medium,checkpoint,4,5,read_completion_fraction,1.0,1.0,0.0,0.0,0.0
hosted-phase-tails/windows-net10.0-checkpoint/readers.jsonl,medium,checkpoint,4,5,median_reader_api_p99_ms,35.34945,39.8508,12.416227591615183,1.7482239979332952,23.317173499418708
hosted-phase-tails/windows-net10.0-checkpoint/readers.jsonl,medium,checkpoint,4,5,median_reader_arrival_p99_ms,35.34880000000021,39.84979999999996,12.415534050441547,1.7477712872676805,23.316422370871702
hosted-phase-tails/windows-net10.0-checkpoint/readers.jsonl,point,checkpoint,4,5,read_calls_per_second,439.96184212446224,3922.4931380655316,822.3004961088557,787.2794595368711,855.7834404845083
hosted-phase-tails/windows-net10.0-checkpoint/readers.jsonl,point,checkpoint,4,5,writer_transactions_per_second,54.95580750183476,52.35143305204329,-2.5413476298613924,-5.5576286826109556,0.5592329123327389
hosted-phase-tails/windows-net10.0-checkpoint/readers.jsonl,point,checkpoint,4,5,writer_p99_ms,33.5876,36.4298,9.178017692637654,6.972117247034189,11.825016871558667
hosted-phase-tails/windows-net10.0-checkpoint/readers.jsonl,point,checkpoint,4,5,total_active_cpu_ms,7984.375,10984.375,38.70333983689515,32.971085349343944,44.43559432444634
hosted-phase-tails/windows-net10.0-checkpoint/readers.jsonl,point,checkpoint,4,5,read_completion_fraction,1.0,1.0,0.0,0.0,0.0
hosted-phase-tails/windows-net10.0-checkpoint/readers.jsonl,point,checkpoint,4,5,median_reader_api_p99_ms,31.31625,26.4208,-16.103524798438418,-18.342693048761742,-13.701943407351626
hosted-phase-tails/windows-net10.0-checkpoint/readers.jsonl,point,checkpoint,4,5,median_reader_arrival_p99_ms,31.31569999999988,26.420000000000073,-16.103876969115866,-18.343235483465286,-13.70181363769627
hosted-phase-tails/windows-net10.0-writer/readers.jsonl,large,writer,4,5,read_calls_per_second,222.3904190080062,606.2170178169016,183.0757084106033,169.29986031680158,196.85155650440504
hosted-phase-tails/windows-net10.0-writer/readers.jsonl,large,writer,4,5,writer_transactions_per_second,58.87285902326169,59.67660140135655,4.60721358972318,1.437009862742884,8.38513181373405
hosted-phase-tails/windows-net10.0-writer/readers.jsonl,large,writer,4,5,writer_p99_ms,35.0478,38.0006,9.375629732080357,1.2268458516511593,21.55334768309162
hosted-phase-tails/windows-net10.0-writer/readers.jsonl,large,writer,4,5,total_active_cpu_ms,11000.0,13062.5,21.660299453644495,14.210398762606081,29.11020014468291
hosted-phase-tails/windows-net10.0-writer/readers.jsonl,large,writer,4,5,read_completion_fraction,1.0,1.0,0.0,0.0,0.0
hosted-phase-tails/windows-net10.0-writer/readers.jsonl,large,writer,4,5,median_reader_api_p99_ms,38.509100000000004,47.1712,19.381482858030534,15.170838923391795,23.686183002298847
hosted-phase-tails/windows-net10.0-writer/readers.jsonl,large,writer,4,5,median_reader_arrival_p99_ms,38.5080499999998,47.16999999999962,19.382032882333856,15.170960694589507,23.68755278069676
hosted-phase-tails/windows-net10.0-writer/readers.jsonl,medium,writer,4,5,read_calls_per_second,228.01524771855443,2104.5087130948605,861.7834992326966,786.4981869916971,938.3424164072139
hosted-phase-tails/windows-net10.0-writer/readers.jsonl,medium,writer,4,5,writer_transactions_per_second,55.8410368907367,58.36829959280815,7.983159779405358,0.12667019203661756,15.839649366774097
hosted-phase-tails/windows-net10.0-writer/readers.jsonl,medium,writer,4,5,writer_p99_ms,35.0762,36.9079,1.358685409486924,-12.609058131177985,15.225041917700855
hosted-phase-tails/windows-net10.0-writer/readers.jsonl,medium,writer,4,5,total_active_cpu_ms,6750.0,11015.625,64.97597508983777,51.33608365244754,74.32215281805443
hosted-phase-tails/windows-net10.0-writer/readers.jsonl,medium,writer,4,5,read_completion_fraction,1.0,1.0,0.0,0.0,0.0
hosted-phase-tails/windows-net10.0-writer/readers.jsonl,medium,writer,4,5,median_reader_api_p99_ms,33.60615,29.90045,-17.97788632356735,-28.398609818671922,-7.64786714115372
hosted-phase-tails/windows-net10.0-writer/readers.jsonl,medium,writer,4,5,median_reader_arrival_p99_ms,33.60544999999979,29.89964999999995,-17.978499230802182,-28.398952557219236,-7.648445117409848
hosted-phase-tails/windows-net10.0-writer/readers.jsonl,point,writer,4,5,read_calls_per_second,259.0102392074292,12343.575722398522,4535.317783382016,4319.963557874672,4688.0580327702355
hosted-phase-tails/windows-net10.0-writer/readers.jsonl,point,writer,4,5,writer_transactions_per_second,64.73182961559523,60.65009043408089,-6.010060651626142,-7.911102624308202,-3.688481049129753
hosted-phase-tails/windows-net10.0-writer/readers.jsonl,point,writer,4,5,writer_p99_ms,30.2123,32.0122,11.558105267506026,2.576546641766053,25.691789512144858
hosted-phase-tails/windows-net10.0-writer/readers.jsonl,point,writer,4,5,total_active_cpu_ms,5781.25,9828.125,62.39372285196193,50.550392044367946,72.61535116329637
hosted-phase-tails/windows-net10.0-writer/readers.jsonl,point,writer,4,5,read_completion_fraction,1.0,1.0,0.0,0.0,0.0
hosted-phase-tails/windows-net10.0-writer/readers.jsonl,point,writer,4,5,median_reader_api_p99_ms,30.258000000000003,13.09045,-54.33359324035328,-57.57750009100978,-49.53204270998224
hosted-phase-tails/windows-net10.0-writer/readers.jsonl,point,writer,4,5,median_reader_arrival_p99_ms,30.25704999999971,13.0901999999993,-54.33297716875553,-57.57674139055284,-49.5316400827605
hosted-phases/linux-writer/readers.jsonl,large,writer,4,5,read_calls_per_second,271.01581169980705,316.7455349052669,20.369753643601513,15.750890563780711,26.865591196227506
hosted-phases/linux-writer/readers.jsonl,large,writer,4,5,writer_transactions_per_second,61.66339352643303,60.94030166168618,1.3108657258371115,-1.5666228372497604,5.50533554982404
hosted-phases/linux-writer/readers.jsonl,large,writer,4,5,writer_p99_ms,22.687263,22.682891,-15.00777382051907,-41.794960522532605,1.6905507779207274
hosted-phases/linux-writer/readers.jsonl,large,writer,4,5,total_active_cpu_ms,15890.431,16573.347999999998,6.353557139389339,3.8596246612930285,10.850538555483382
hosted-phases/linux-writer/readers.jsonl,large,writer,4,5,read_completion_fraction,1.0,1.0,0.0,0.0,0.0
hosted-phases/linux-writer/readers.jsonl,large,writer,4,5,median_reader_api_p99_ms,23.5539235,24.273427499999997,-15.002449731164274,-41.13220789207638,1.409506905310045
hosted-phases/linux-writer/readers.jsonl,large,writer,4,5,median_reader_arrival_p99_ms,23.55359999999996,24.27269999999953,-15.003632034015396,-41.13325817131893,1.408012610067666
hosted-phases/linux-writer/readers.jsonl,point,writer,4,5,read_calls_per_second,647.9417272273677,16592.144454153,2483.5576925250302,2409.7515968003777,2581.2120326228605
hosted-phases/linux-writer/readers.jsonl,point,writer,4,5,writer_transactions_per_second,75.92879473558492,65.08794571245404,-15.184250524025737,-16.65350849227874,-13.937894262416602
hosted-phases/linux-writer/readers.jsonl,point,writer,4,5,writer_p99_ms,20.054465,21.391719,7.464817570219382,4.487604901059101,11.11928966989372
hosted-phases/linux-writer/readers.jsonl,point,writer,4,5,total_active_cpu_ms,8779.956,14907.358,69.41276333543938,68.82618679534626,69.99933987553251
hosted-phases/linux-writer/readers.jsonl,point,writer,4,5,read_completion_fraction,1.0,1.0,0.0,0.0,0.0
hosted-phases/linux-writer/readers.jsonl,point,writer,4,5,median_reader_api_p99_ms,39.559073,11.071534,-71.84774680551688,-72.22781969682933,-71.46183583267744
hosted-phases/linux-writer/readers.jsonl,point,writer,4,5,median_reader_arrival_p99_ms,39.558350000000246,11.071249999999964,-71.84772752052035,-72.22783439177978,-71.46182078004733
hosted-phases/windows-writer/readers.jsonl,large,writer,4,5,read_calls_per_second,204.1377027951598,430.3019897882509,130.03140239719053,92.37632483591861,188.31501794604046
hosted-phases/windows-writer/readers.jsonl,large,writer,4,5,writer_transactions_per_second,55.95760428069278,50.56479123021848,-13.821464827995246,-20.66896154344096,-9.351805352586336
hosted-phases/windows-writer/readers.jsonl,large,writer,4,5,writer_p99_ms,37.7618,43.5546,26.70969361983302,17.139485431364868,39.10992680662095
hosted-phases/windows-writer/readers.jsonl,large,writer,4,5,total_active_cpu_ms,12093.75,14093.75,17.043975785012226,11.527724981798384,22.141290039491004
hosted-phases/windows-writer/readers.jsonl,large,writer,4,5,read_completion_fraction,1.0,1.0,0.0,0.0,0.0
hosted-phases/windows-writer/readers.jsonl,large,writer,4,5,median_reader_api_p99_ms,45.150400000000005,43.018550000000005,-9.076095491352472,-13.134939037905212,-3.1264117071767084
hosted-phases/windows-writer/readers.jsonl,large,writer,4,5,median_reader_arrival_p99_ms,45.14935000000014,43.01735000000008,-9.076489123046956,-13.13556366796825,-3.1265187745006644
hosted-phases/windows-writer/readers.jsonl,point,writer,4,5,read_calls_per_second,265.7935345872429,8200.011035399912,2936.1739458083402,2693.61465650517,3178.733235111511
hosted-phases/windows-writer/readers.jsonl,point,writer,4,5,writer_transactions_per_second,66.38685938505333,54.35674073145628,-20.72772852020057,-26.90301703210261,-15.560176380215097
hosted-phases/windows-writer/readers.jsonl,point,writer,4,5,writer_p99_ms,30.1313,38.4088,35.664423792678775,21.23455571083297,53.00770145394053
hosted-phases/windows-writer/readers.jsonl,point,writer,4,5,total_active_cpu_ms,6640.625,11296.875,64.24198523894178,46.28295998961584,77.1125256764575
hosted-phases/windows-writer/readers.jsonl,point,writer,4,5,read_completion_fraction,1.0,1.0,0.0,0.0,0.0
hosted-phases/windows-writer/readers.jsonl,point,writer,4,5,median_reader_api_p99_ms,30.15685,16.31645,-43.688848303686555,-46.62212022014624,-38.71837810367856
hosted-phases/windows-writer/readers.jsonl,point,writer,4,5,median_reader_arrival_p99_ms,30.156499999999937,16.315349999999853,-43.689299975544124,-46.62184169665484,-38.71948380241008
hosted-pressure/ubuntu-checkpoint/readers.jsonl,large,checkpoint,4,5,read_calls_per_second,319.9153144078574,314.528091537703,-1.979670441757091,-2.964812084660362,-0.9584361028847855
hosted-pressure/ubuntu-checkpoint/readers.jsonl,large,checkpoint,4,5,writer_transactions_per_second,53.20416918251016,53.499146153627386,0.5942033382049905,0.01753660867037876,1.1553257720899568
hosted-pressure/ubuntu-checkpoint/readers.jsonl,large,checkpoint,4,5,writer_p99_ms,26.030373,25.913922,-0.2994471129692622,-1.5685163807452107,1.0279408661132705
hosted-pressure/ubuntu-checkpoint/readers.jsonl,large,checkpoint,4,5,total_active_cpu_ms,16080.136,15860.583,-1.0216811749127608,-1.8828844185306928,-0.14169707523482344
hosted-pressure/ubuntu-checkpoint/readers.jsonl,large,checkpoint,4,5,read_completion_fraction,1.0,1.0,0.0,0.0,0.0
hosted-pressure/ubuntu-checkpoint/readers.jsonl,large,checkpoint,4,5,median_reader_api_p99_ms,24.946696000000003,25.66816,1.6437040954738835,-0.35887292969293494,4.015715895544017
hosted-pressure/ubuntu-checkpoint/readers.jsonl,large,checkpoint,4,5,median_reader_arrival_p99_ms,24.94565,25.667400000000043,1.5570761273340628,-0.4461275609364401,4.01553597792575
hosted-pressure/ubuntu-checkpoint/readers.jsonl,point,checkpoint,4,5,read_calls_per_second,12260.370464490747,2804.68230036072,-77.10806287483,-77.31998084151454,-76.81829209536477
hosted-pressure/ubuntu-checkpoint/readers.jsonl,point,checkpoint,4,5,writer_transactions_per_second,56.96199837240584,66.57856569655965,16.79666565830029,15.300785442673867,18.280652075103824
hosted-pressure/ubuntu-checkpoint/readers.jsonl,point,checkpoint,4,5,writer_p99_ms,25.164692,21.364066,-14.16406918679384,-16.43762762355578,-12.182160303447223
hosted-pressure/ubuntu-checkpoint/readers.jsonl,point,checkpoint,4,5,total_active_cpu_ms,14083.861,10376.862000000001,-26.21373752321026,-26.759847581388982,-25.504137848302154
hosted-pressure/ubuntu-checkpoint/readers.jsonl,point,checkpoint,4,5,read_completion_fraction,1.0,1.0,0.0,0.0,0.0
hosted-pressure/ubuntu-checkpoint/readers.jsonl,point,checkpoint,4,5,median_reader_api_p99_ms,13.1816755,18.1146015,35.958917367212,32.97395968147716,38.14554723342604
hosted-pressure/ubuntu-checkpoint/readers.jsonl,point,checkpoint,4,5,median_reader_arrival_p99_ms,13.181649999999081,18.113999999999805,35.956911488350535,32.969891879212135,38.14482481789837
hosted-pressure/ubuntu-writer/readers.jsonl,large,writer,4,5,read_calls_per_second,309.4260922909144,301.20573277482833,-3.6577290971459386,-4.82396608423187,-2.5423395759857526
hosted-pressure/ubuntu-writer/readers.jsonl,large,writer,4,5,writer_transactions_per_second,55.617209889874225,55.66996104571934,0.15282387963347466,-0.18595542368486706,0.440738644878933
hosted-pressure/ubuntu-writer/readers.jsonl,large,writer,4,5,writer_p99_ms,24.887581,25.182813,-0.37970552954175396,-2.6077695403525736,1.8483584812690659
hosted-pressure/ubuntu-writer/readers.jsonl,large,writer,4,5,total_active_cpu_ms,15528.074,15442.96,-0.7390216588360188,-1.211483012002177,-0.26656030566986066
hosted-pressure/ubuntu-writer/readers.jsonl,large,writer,4,5,read_completion_fraction,1.0,1.0,0.0,0.0,0.0
hosted-pressure/ubuntu-writer/readers.jsonl,large,writer,4,5,median_reader_api_p99_ms,25.294902999999998,25.5631825,0.3777946562656975,-1.607829395273379,2.363418707804774
hosted-pressure/ubuntu-writer/readers.jsonl,large,writer,4,5,median_reader_arrival_p99_ms,25.294099999999617,25.562150000000287,0.3778918575760515,-1.6077930165929732,2.363576731745076
hosted-pressure/ubuntu-writer/readers.jsonl,point,writer,4,5,read_calls_per_second,13358.39823942046,2354.1387500657356,-82.34476298230722,-82.73510069630039,-81.94570948338358
hosted-pressure/ubuntu-writer/readers.jsonl,point,writer,4,5,writer_transactions_per_second,57.478700692671325,67.27861280177643,17.1327803556517,16.148246180604026,17.967536072943666
hosted-pressure/ubuntu-writer/readers.jsonl,point,writer,4,5,writer_p99_ms,24.984868,20.922905,-15.8406758704612,-18.21836261744353,-13.582184615187419
hosted-pressure/ubuntu-writer/readers.jsonl,point,writer,4,5,total_active_cpu_ms,14085.679,10220.063,-27.960820625676043,-28.526623037243848,-27.39501821410824
hosted-pressure/ubuntu-writer/readers.jsonl,point,writer,4,5,read_completion_fraction,1.0,1.0,0.0,0.0,0.0
hosted-pressure/ubuntu-writer/readers.jsonl,point,writer,4,5,median_reader_api_p99_ms,12.886984,18.8193585,45.6807482311973,44.16865133234393,47.10698286771386
hosted-pressure/ubuntu-writer/readers.jsonl,point,writer,4,5,median_reader_arrival_p99_ms,12.886700000000019,18.81860000000006,45.66849349612154,44.166035465701356,47.08543838008973
hosted-pressure/windows-checkpoint/readers.jsonl,large,checkpoint,4,5,read_calls_per_second,337.8847825329102,236.42941888193505,-36.250569557290646,-47.76545152315592,-28.942712060474708
hosted-pressure/windows-checkpoint/readers.jsonl,large,checkpoint,4,5,writer_transactions_per_second,39.67244788167066,42.95920035864338,16.797959002353675,6.060933592956594,35.57381782942461
hosted-pressure/windows-checkpoint/readers.jsonl,large,checkpoint,4,5,writer_p99_ms,52.8087,42.3305,-24.92133554036264,-38.62315818796958,-13.498418714856385
hosted-pressure/windows-checkpoint/readers.jsonl,large,checkpoint,4,5,total_active_cpu_ms,15062.5,14296.875,-7.982451842862866,-12.363717139650754,-3.6011865460749775
hosted-pressure/windows-checkpoint/readers.jsonl,large,checkpoint,4,5,read_completion_fraction,1.0,1.0,0.0,0.0,0.0
hosted-pressure/windows-checkpoint/readers.jsonl,large,checkpoint,4,5,median_reader_api_p99_ms,43.536249999999995,45.230500000000006,2.2176601169746557,-2.4493261921061142,6.610295256990758
hosted-pressure/windows-checkpoint/readers.jsonl,large,checkpoint,4,5,median_reader_arrival_p99_ms,43.53550000000017,45.22945000000004,2.217389133145588,-2.4500827827558735,6.6108489163810615
hosted-pressure/windows-checkpoint/readers.jsonl,point,checkpoint,4,5,read_calls_per_second,6500.21374976403,2874.0523996366687,-58.07395919587161,-65.0972956646464,-52.47424230478466
hosted-pressure/windows-checkpoint/readers.jsonl,point,checkpoint,4,5,writer_transactions_per_second,47.78926557516651,52.93265537055171,10.939472608085659,6.742591223735323,16.749392559028905
hosted-pressure/windows-checkpoint/readers.jsonl,point,checkpoint,4,5,writer_p99_ms,39.9228,35.9163,-15.84549968440198,-25.702500884449716,-6.224803343323653
hosted-pressure/windows-checkpoint/readers.jsonl,point,checkpoint,4,5,total_active_cpu_ms,12750.0,10515.625,-17.854781830194877,-19.358823529411765,-16.40184065372429
hosted-pressure/windows-checkpoint/readers.jsonl,point,checkpoint,4,5,read_completion_fraction,1.0,1.0,0.0,0.0,0.0
hosted-pressure/windows-checkpoint/readers.jsonl,point,checkpoint,4,5,median_reader_api_p99_ms,16.61085,24.26955,48.519286456137706,44.32708002923622,54.89260046287336
hosted-pressure/windows-checkpoint/readers.jsonl,point,checkpoint,4,5,median_reader_arrival_p99_ms,16.610649999999623,24.268800000000212,48.51794446677608,44.325762144293044,54.891335159402594
hosted-pressure/windows-writer/readers.jsonl,large,writer,4,5,read_calls_per_second,458.3438393707958,264.39866535938074,-39.96059013076061,-45.34688186228046,-34.712356773498094
hosted-pressure/windows-writer/readers.jsonl,large,writer,4,5,writer_transactions_per_second,58.04114627767444,58.20496700422319,4.537835122004208,-1.5527465597741188,11.787992686559814
hosted-pressure/windows-writer/readers.jsonl,large,writer,4,5,writer_p99_ms,39.9363,35.7153,-17.891660279432994,-29.903366675929174,-9.88109382289574
hosted-pressure/windows-writer/readers.jsonl,large,writer,4,5,total_active_cpu_ms,12062.5,10859.375,-6.983780755280438,-9.900465199610082,-3.9188104697434922
hosted-pressure/windows-writer/readers.jsonl,large,writer,4,5,read_completion_fraction,1.0,1.0,0.0,0.0,0.0
hosted-pressure/windows-writer/readers.jsonl,large,writer,4,5,median_reader_api_p99_ms,35.28485,39.01245,6.609844181722442,-3.81593226583792,15.975907652150928
hosted-pressure/windows-writer/readers.jsonl,large,writer,4,5,median_reader_arrival_p99_ms,35.2837999999997,39.01164999999992,6.610755669800761,-3.81555195534994,15.977644489405407
hosted-pressure/windows-writer/readers.jsonl,point,writer,4,5,read_calls_per_second,15190.17157635634,6122.897536167854,-55.74040787922366,-60.586431767623914,-49.53170073516414
hosted-pressure/windows-writer/readers.jsonl,point,writer,4,5,writer_transactions_per_second,59.101907382279485,62.546520223348224,7.296244587644118,1.6764667158790414,14.076425780532208
hosted-pressure/windows-writer/readers.jsonl,point,writer,4,5,writer_p99_ms,33.134,30.2562,-8.842725669462245,-17.080531603254467,-0.31829646760982655
hosted-pressure/windows-writer/readers.jsonl,point,writer,4,5,total_active_cpu_ms,10609.375,8234.375,-16.2945042370874,-23.892578275112122,-5.052108118397265
hosted-pressure/windows-writer/readers.jsonl,point,writer,4,5,read_completion_fraction,1.0,1.0,0.0,0.0,0.0
hosted-pressure/windows-writer/readers.jsonl,point,writer,4,5,median_reader_api_p99_ms,9.99625,18.3458,66.55695192423498,41.396716605566624,91.71718724290334
hosted-pressure/windows-writer/readers.jsonl,point,writer,4,5,median_reader_arrival_p99_ms,9.996099999999842,18.345700000000306,66.55695489353472,41.396719882619266,91.71718990445018
hosted-readers/shared-readers-ubuntu-latest-net10.0-checkpoint/readers.jsonl,large,checkpoint,1,5,read_calls_per_second,69.35374937161906,68.947206434561,-0.5423335531133722,-1.3049438850025608,0.2985865710942104
hosted-readers/shared-readers-ubuntu-latest-net10.0-checkpoint/readers.jsonl,large,checkpoint,1,5,writer_transactions_per_second,69.35216226551249,68.79614879159064,-0.669401635461675,-1.360111384712892,0.09856557601944704
hosted-readers/shared-readers-ubuntu-latest-net10.0-checkpoint/readers.jsonl,large,checkpoint,1,5,writer_p99_ms,20.331283,20.808262,1.3852913886145402,-1.3403597289934766,4.244245740187407
hosted-readers/shared-readers-ubuntu-latest-net10.0-checkpoint/readers.jsonl,large,checkpoint,1,5,total_active_cpu_ms,9733.93,9724.560000000001,0.005586364918295228,-0.5882308580217166,0.6492249549737528
hosted-readers/shared-readers-ubuntu-latest-net10.0-checkpoint/readers.jsonl,large,checkpoint,1,5,read_completion_fraction,1.0,1.0,0.0,0.0,0.0
hosted-readers/shared-readers-ubuntu-latest-net10.0-checkpoint/readers.jsonl,large,checkpoint,1,5,median_reader_api_p99_ms,22.229567,22.441184,0.93286739414848,-1.0362363726392299,2.849620501451453
hosted-readers/shared-readers-ubuntu-latest-net10.0-checkpoint/readers.jsonl,large,checkpoint,1,5,median_reader_arrival_p99_ms,22.22900000000027,22.44069999999965,0.9336606127870617,-1.0349676769241922,2.8503206037883455
hosted-readers/shared-readers-ubuntu-latest-net10.0-checkpoint/readers.jsonl,large,checkpoint,4,5,read_calls_per_second,325.4828507315835,328.92965420572045,2.1947767613673497,0.6774557839663276,4.6020652602181045
hosted-readers/shared-readers-ubuntu-latest-net10.0-checkpoint/readers.jsonl,large,checkpoint,4,5,writer_transactions_per_second,51.881927968030894,53.019502080576125,1.9969702101194775,1.4849202913485993,2.479648271482464
hosted-readers/shared-readers-ubuntu-latest-net10.0-checkpoint/readers.jsonl,large,checkpoint,4,5,writer_p99_ms,27.034187,26.285352,-2.3024838823539606,-3.6554326315450525,-0.9394789729953711
hosted-readers/shared-readers-ubuntu-latest-net10.0-checkpoint/readers.jsonl,large,checkpoint,4,5,total_active_cpu_ms,16655.705,16143.788,-3.039086985611237,-3.6544785980795695,-2.2789139227270616
hosted-readers/shared-readers-ubuntu-latest-net10.0-checkpoint/readers.jsonl,large,checkpoint,4,5,read_completion_fraction,1.0,1.0,0.0,0.0,0.0
hosted-readers/shared-readers-ubuntu-latest-net10.0-checkpoint/readers.jsonl,large,checkpoint,4,5,median_reader_api_p99_ms,24.3991125,25.086398000000003,4.094704458324565,1.7009806414527073,6.531732366968299
hosted-readers/shared-readers-ubuntu-latest-net10.0-checkpoint/readers.jsonl,large,checkpoint,4,5,median_reader_arrival_p99_ms,24.39845000000014,25.085450000000037,4.094866398037902,1.7012732370286443,6.531807769453098
hosted-readers/shared-readers-ubuntu-latest-net10.0-checkpoint/readers.jsonl,medium,checkpoint,1,5,read_calls_per_second,68.99651360616747,69.67117146267218,-0.21399810224182358,-0.9714053567460222,0.651932912261517
hosted-readers/shared-readers-ubuntu-latest-net10.0-checkpoint/readers.jsonl,medium,checkpoint,1,5,writer_transactions_per_second,68.5899405993117,68.7193571471942,-0.6843190853333669,-1.3832814287835227,0.0057803883017149005
hosted-readers/shared-readers-ubuntu-latest-net10.0-checkpoint/readers.jsonl,medium,checkpoint,1,5,writer_p99_ms,21.066932,20.862822,-1.316869604079245,-4.031215674706634,1.401019331077804
hosted-readers/shared-readers-ubuntu-latest-net10.0-checkpoint/readers.jsonl,medium,checkpoint,1,5,total_active_cpu_ms,8414.378,8415.324,0.22414713618926108,-0.22097421250433236,0.6395672233944305
hosted-readers/shared-readers-ubuntu-latest-net10.0-checkpoint/readers.jsonl,medium,checkpoint,1,5,read_completion_fraction,1.0,1.0,0.0,0.0,0.0
hosted-readers/shared-readers-ubuntu-latest-net10.0-checkpoint/readers.jsonl,medium,checkpoint,1,5,median_reader_api_p99_ms,21.019594,20.847072,-1.009644835797161,-3.6972126786462822,1.9598045916133233
hosted-readers/shared-readers-ubuntu-latest-net10.0-checkpoint/readers.jsonl,medium,checkpoint,1,5,median_reader_arrival_p99_ms,21.018999999999323,20.846599999999853,-1.0090951355649724,-3.6942208918197372,1.9593785225067073
hosted-readers/shared-readers-ubuntu-latest-net10.0-checkpoint/readers.jsonl,medium,checkpoint,4,5,read_calls_per_second,321.24294210695007,1418.7029863024445,338.2676701445581,326.66029493794093,348.58297188333535
hosted-readers/shared-readers-ubuntu-latest-net10.0-checkpoint/readers.jsonl,medium,checkpoint,4,5,writer_transactions_per_second,56.16113256498575,52.67463031780004,-6.708397649432114,-7.350424024956273,-6.128778433985202
hosted-readers/shared-readers-ubuntu-latest-net10.0-checkpoint/readers.jsonl,medium,checkpoint,4,5,writer_p99_ms,24.377292,26.429672,7.052239485010197,5.1324870090676935,9.015675963691056
hosted-readers/shared-readers-ubuntu-latest-net10.0-checkpoint/readers.jsonl,medium,checkpoint,4,5,total_active_cpu_ms,10356.277,14156.123,37.26427083472294,36.65064361316716,37.91541712756661
hosted-readers/shared-readers-ubuntu-latest-net10.0-checkpoint/readers.jsonl,medium,checkpoint,4,5,read_completion_fraction,1.0,1.0,0.0,0.0,0.0
hosted-readers/shared-readers-ubuntu-latest-net10.0-checkpoint/readers.jsonl,medium,checkpoint,4,5,median_reader_api_p99_ms,23.5226635,20.824827499999998,-11.261544774724284,-12.618529288481827,-10.047861140321723
hosted-readers/shared-readers-ubuntu-latest-net10.0-checkpoint/readers.jsonl,medium,checkpoint,4,5,median_reader_arrival_p99_ms,23.52209999999991,20.823950000000195,-11.262438105475738,-12.619652201364076,-10.048526811636107
hosted-readers/shared-readers-ubuntu-latest-net10.0-checkpoint/readers.jsonl,point,checkpoint,1,5,read_calls_per_second,144.703436502753,193.58896254976094,38.09853718793182,31.987697184177648,46.275567575281
hosted-readers/shared-readers-ubuntu-latest-net10.0-checkpoint/readers.jsonl,point,checkpoint,1,5,writer_transactions_per_second,72.14797914259881,72.1873318451345,0.4536385889242256,-0.3166976818441336,1.5307709797795743
hosted-readers/shared-readers-ubuntu-latest-net10.0-checkpoint/readers.jsonl,point,checkpoint,1,5,writer_p99_ms,20.105639,19.742184,-1.289447004284039,-2.948846635274933,0.36995262670685536
hosted-readers/shared-readers-ubuntu-latest-net10.0-checkpoint/readers.jsonl,point,checkpoint,1,5,total_active_cpu_ms,8057.782,8131.548,0.8649756577365331,0.17144514033843983,1.3986147930457937
hosted-readers/shared-readers-ubuntu-latest-net10.0-checkpoint/readers.jsonl,point,checkpoint,1,5,read_completion_fraction,1.0,1.0,0.0,0.0,0.0
hosted-readers/shared-readers-ubuntu-latest-net10.0-checkpoint/readers.jsonl,point,checkpoint,1,5,median_reader_api_p99_ms,19.359976,18.950702,-2.3638244020942456,-3.590620600777936,-1.245776249387045
hosted-readers/shared-readers-ubuntu-latest-net10.0-checkpoint/readers.jsonl,point,checkpoint,1,5,median_reader_arrival_p99_ms,19.359400000000278,18.94979999999987,-2.3651892078672176,-3.590890071680552,-1.2480348650665762
hosted-readers/shared-readers-ubuntu-latest-net10.0-checkpoint/readers.jsonl,point,checkpoint,4,5,read_calls_per_second,522.6765755646528,11519.599714285412,2132.9541631418974,2077.842001806509,2188.0663244772863
hosted-readers/shared-readers-ubuntu-latest-net10.0-checkpoint/readers.jsonl,point,checkpoint,4,5,writer_transactions_per_second,65.61150189401532,54.96787402602549,-16.169653062854387,-16.766794356779897,-15.474513375654926
hosted-readers/shared-readers-ubuntu-latest-net10.0-checkpoint/readers.jsonl,point,checkpoint,4,5,writer_p99_ms,22.045054,26.748114,20.664362513840537,18.163623720566115,23.8677103469565
hosted-readers/shared-readers-ubuntu-latest-net10.0-checkpoint/readers.jsonl,point,checkpoint,4,5,total_active_cpu_ms,8467.849,14238.795,68.14254586802664,67.3853968745737,68.89969486147959
hosted-readers/shared-readers-ubuntu-latest-net10.0-checkpoint/readers.jsonl,point,checkpoint,4,5,read_completion_fraction,1.0,1.0,0.0,0.0,0.0
hosted-readers/shared-readers-ubuntu-latest-net10.0-checkpoint/readers.jsonl,point,checkpoint,4,5,median_reader_api_p99_ms,44.677842,13.730146999999999,-69.21693605822684,-69.63746075831116,-68.79256860810429
hosted-readers/shared-readers-ubuntu-latest-net10.0-checkpoint/readers.jsonl,point,checkpoint,4,5,median_reader_arrival_p99_ms,44.67735000000016,13.729849999999715,-69.21130966556046,-69.63767689047233,-68.78494244064859
hosted-readers/shared-readers-ubuntu-latest-net8.0-writer/readers.jsonl,large,writer,1,5,read_calls_per_second,66.63940279185928,66.55278213213289,0.2853609885316266,-0.8692266176948227,1.439948594758076
hosted-readers/shared-readers-ubuntu-latest-net8.0-writer/readers.jsonl,large,writer,1,5,writer_transactions_per_second,66.61132766672333,66.55665963437929,0.29530671569306444,-0.879989074016625,1.4706025054027538
hosted-readers/shared-readers-ubuntu-latest-net8.0-writer/readers.jsonl,large,writer,1,5,writer_p99_ms,21.769986,21.568782,-1.0701864929656812,-1.9520289068953844,-0.1955942102112873
hosted-readers/shared-readers-ubuntu-latest-net8.0-writer/readers.jsonl,large,writer,1,5,total_active_cpu_ms,9999.999899999999,9960.000100000001,0.18728737861250844,-0.8989414194675515,1.2928372690542989
hosted-readers/shared-readers-ubuntu-latest-net8.0-writer/readers.jsonl,large,writer,1,5,read_completion_fraction,1.0,1.0,0.0,0.0,0.0
hosted-readers/shared-readers-ubuntu-latest-net8.0-writer/readers.jsonl,large,writer,1,5,median_reader_api_p99_ms,23.663246,23.860844,0.6503645517350476,-0.7105761839340685,1.8064943724140605
hosted-readers/shared-readers-ubuntu-latest-net8.0-writer/readers.jsonl,large,writer,1,5,median_reader_arrival_p99_ms,23.66269999999986,23.860299999999825,0.650235392635965,-0.7087079560922271,1.8053957661722329
hosted-readers/shared-readers-ubuntu-latest-net8.0-writer/readers.jsonl,large,writer,4,5,read_calls_per_second,240.56663035975728,283.5831700774303,17.328499663236542,15.318822702884262,19.602374983678743
hosted-readers/shared-readers-ubuntu-latest-net8.0-writer/readers.jsonl,large,writer,4,5,writer_transactions_per_second,54.153994015923715,53.0307323180608,-2.3396021088206886,-3.0419989579822238,-1.523809163259735
hosted-readers/shared-readers-ubuntu-latest-net8.0-writer/readers.jsonl,large,writer,4,5,writer_p99_ms,25.637869,25.398461,0.5988561062300235,-1.6880200113901764,2.947097555220455
hosted-readers/shared-readers-ubuntu-latest-net8.0-writer/readers.jsonl,large,writer,4,5,total_active_cpu_ms,14879.999899999999,15510,3.5754168660136276,2.890561212607503,4.232394458332518
hosted-readers/shared-readers-ubuntu-latest-net8.0-writer/readers.jsonl,large,writer,4,5,read_completion_fraction,1.0,1.0,0.0,0.0,0.0
hosted-readers/shared-readers-ubuntu-latest-net8.0-writer/readers.jsonl,large,writer,4,5,median_reader_api_p99_ms,26.200966,26.606719,-1.7900929066210902,-7.080335678432621,3.5001498651904406
hosted-readers/shared-readers-ubuntu-latest-net8.0-writer/readers.jsonl,large,writer,4,5,median_reader_arrival_p99_ms,26.200499999999693,26.60590000000002,-1.790779818886341,-7.081182425059052,3.499622787286369
hosted-readers/shared-readers-ubuntu-latest-net8.0-writer/readers.jsonl,medium,writer,1,5,read_calls_per_second,67.15887324919966,66.61359883163543,-0.5215162221282488,-1.588509464029615,0.8189318851622552
hosted-readers/shared-readers-ubuntu-latest-net8.0-writer/readers.jsonl,medium,writer,1,5,writer_transactions_per_second,67.15969075360968,66.51545553024829,-0.6890634122755301,-1.7339233476700167,0.6652217535659588
hosted-readers/shared-readers-ubuntu-latest-net8.0-writer/readers.jsonl,medium,writer,1,5,writer_p99_ms,21.327821,21.928541,2.0741890884964453,0.9874064471857125,3.0163358148620834
hosted-readers/shared-readers-ubuntu-latest-net8.0-writer/readers.jsonl,medium,writer,1,5,total_active_cpu_ms,8590,8680,0.699604173156092,-0.021931741975280694,1.32957300602341
hosted-readers/shared-readers-ubuntu-latest-net8.0-writer/readers.jsonl,medium,writer,1,5,read_completion_fraction,1.0,1.0,0.0,0.0,0.0
hosted-readers/shared-readers-ubuntu-latest-net8.0-writer/readers.jsonl,medium,writer,1,5,median_reader_api_p99_ms,21.589641,21.617575,0.6275820243141395,-1.3189323491291294,1.8831715727898768
hosted-readers/shared-readers-ubuntu-latest-net8.0-writer/readers.jsonl,medium,writer,1,5,median_reader_arrival_p99_ms,21.587500000000006,21.61700000000019,0.6291743029107577,-1.3195705480832842,1.8856530210638756
hosted-readers/shared-readers-ubuntu-latest-net8.0-writer/readers.jsonl,medium,writer,4,5,read_calls_per_second,230.0884945219236,1307.822895018685,480.16865045446764,466.5632190883527,491.9290717051614
hosted-readers/shared-readers-ubuntu-latest-net8.0-writer/readers.jsonl,medium,writer,4,5,writer_transactions_per_second,57.400677312019916,53.43660655055088,-5.899865427205857,-6.964548439625716,-4.668881556819118
hosted-readers/shared-readers-ubuntu-latest-net8.0-writer/readers.jsonl,medium,writer,4,5,writer_p99_ms,24.38051,25.74745,4.723988113070556,1.4932246416968042,7.940817617074063
hosted-readers/shared-readers-ubuntu-latest-net8.0-writer/readers.jsonl,medium,writer,4,5,total_active_cpu_ms,9640,13829.9998,43.6079118042683,42.78458616883178,44.431237439704816
hosted-readers/shared-readers-ubuntu-latest-net8.0-writer/readers.jsonl,medium,writer,4,5,read_completion_fraction,1.0,1.0,0.0,0.0,0.0
hosted-readers/shared-readers-ubuntu-latest-net8.0-writer/readers.jsonl,medium,writer,4,5,median_reader_api_p99_ms,31.96036,21.2557245,-29.823491921872684,-33.9676716688578,-23.538067069960317
hosted-readers/shared-readers-ubuntu-latest-net8.0-writer/readers.jsonl,medium,writer,4,5,median_reader_arrival_p99_ms,31.959800000000087,21.255299999999806,-29.82443393435801,-33.968624130745624,-23.539298854883974
hosted-readers/shared-readers-ubuntu-latest-net8.0-writer/readers.jsonl,point,writer,1,5,read_calls_per_second,69.74635807600374,78.8508585679233,14.985280661706263,8.482299255766982,24.207125775427386
hosted-readers/shared-readers-ubuntu-latest-net8.0-writer/readers.jsonl,point,writer,1,5,writer_transactions_per_second,69.44758651750351,69.14972538365707,-0.07524035250908723,-0.9365296258995691,0.9713983303322958
hosted-readers/shared-readers-ubuntu-latest-net8.0-writer/readers.jsonl,point,writer,1,5,writer_p99_ms,21.145448,21.075944,-0.07775763698655735,-1.4765581630799862,1.4197043957251498
hosted-readers/shared-readers-ubuntu-latest-net8.0-writer/readers.jsonl,point,writer,1,5,total_active_cpu_ms,8010,8079.9999,0.7578684975099592,-0.46918644518954444,1.984923440209463
hosted-readers/shared-readers-ubuntu-latest-net8.0-writer/readers.jsonl,point,writer,1,5,read_completion_fraction,1.0,1.0,0.0,0.0,0.0
hosted-readers/shared-readers-ubuntu-latest-net8.0-writer/readers.jsonl,point,writer,1,5,median_reader_api_p99_ms,21.128025,20.759281,-1.0034532246107708,-1.9655221983511861,0.13741051723553
hosted-readers/shared-readers-ubuntu-latest-net8.0-writer/readers.jsonl,point,writer,1,5,median_reader_arrival_p99_ms,21.127300000000105,20.758699999999408,-1.00257679755678,-1.9639252068586277,0.13813928243078255
hosted-readers/shared-readers-ubuntu-latest-net8.0-writer/readers.jsonl,point,writer,4,5,read_calls_per_second,497.7739246641135,10277.815991253561,1941.4726607567004,1834.3110358057324,2022.179531429923
hosted-readers/shared-readers-ubuntu-latest-net8.0-writer/readers.jsonl,point,writer,4,5,writer_transactions_per_second,62.9137829518428,54.00708351316977,-14.176519545617987,-15.36950667906124,-13.186826980598024
hosted-readers/shared-readers-ubuntu-latest-net8.0-writer/readers.jsonl,point,writer,4,5,writer_p99_ms,23.28674,25.241108,11.264155875627825,8.006518067941325,14.463121431050826
hosted-readers/shared-readers-ubuntu-latest-net8.0-writer/readers.jsonl,point,writer,4,5,total_active_cpu_ms,8490,13930,64.59837223393883,63.19381153610982,66.38291862005443
hosted-readers/shared-readers-ubuntu-latest-net8.0-writer/readers.jsonl,point,writer,4,5,read_completion_fraction,1.0,1.0,0.0,0.0,0.0
hosted-readers/shared-readers-ubuntu-latest-net8.0-writer/readers.jsonl,point,writer,4,5,median_reader_api_p99_ms,47.2070845,14.493425,-69.2809277866794,-69.95352651510305,-68.67693639124194
hosted-readers/shared-readers-ubuntu-latest-net8.0-writer/readers.jsonl,point,writer,4,5,median_reader_arrival_p99_ms,47.205800000000124,14.493150000000242,-69.28131070512129,-69.95391840453455,-68.67736063975586
hosted-readers/shared-readers-windows-latest-net10.0-checkpoint/readers.jsonl,large,checkpoint,1,5,read_calls_per_second,46.66146696058395,45.348486839859135,-2.7191834827306316,-4.348513896314332,-0.7507947306672057
hosted-readers/shared-readers-windows-latest-net10.0-checkpoint/readers.jsonl,large,checkpoint,1,5,writer_transactions_per_second,51.39196024173979,48.79442621269373,-1.9041099897182476,-6.516578093677654,2.1783069660331167
hosted-readers/shared-readers-windows-latest-net10.0-checkpoint/readers.jsonl,large,checkpoint,1,5,writer_p99_ms,36.0198,38.5365,3.678949587558742,-1.364736399017541,8.655988531091499
hosted-readers/shared-readers-windows-latest-net10.0-checkpoint/readers.jsonl,large,checkpoint,1,5,total_active_cpu_ms,8937.5,9531.25,3.544603431414286,0.9051805959130199,6.185078734098345
hosted-readers/shared-readers-windows-latest-net10.0-checkpoint/readers.jsonl,large,checkpoint,1,5,read_completion_fraction,1.0,1.0,0.0,0.0,0.0
hosted-readers/shared-readers-windows-latest-net10.0-checkpoint/readers.jsonl,large,checkpoint,1,5,median_reader_api_p99_ms,45.5373,48.7138,7.253438941193684,6.701682030956545,7.649959962691533
hosted-readers/shared-readers-windows-latest-net10.0-checkpoint/readers.jsonl,large,checkpoint,1,5,median_reader_arrival_p99_ms,45.53610000000026,48.71320000000014,7.253262637997322,6.7016069646223455,7.649851891625533
hosted-readers/shared-readers-windows-latest-net10.0-checkpoint/readers.jsonl,large,checkpoint,4,5,read_calls_per_second,182.08704836158174,446.17957094963003,130.7781716458204,82.96819302581807,162.02924667328497
hosted-readers/shared-readers-windows-latest-net10.0-checkpoint/readers.jsonl,large,checkpoint,4,5,writer_transactions_per_second,30.88162605013269,24.050399418255765,-16.91103017443097,-23.52017248483823,-6.57847304353631
hosted-readers/shared-readers-windows-latest-net10.0-checkpoint/readers.jsonl,large,checkpoint,4,5,writer_p99_ms,54.3788,77.8071,43.351464605952785,25.870842011608524,60.83208720029704
hosted-readers/shared-readers-windows-latest-net10.0-checkpoint/readers.jsonl,large,checkpoint,4,5,total_active_cpu_ms,14953.125,17546.875,15.998997592026205,10.251232442897344,20.65254568868142
hosted-readers/shared-readers-windows-latest-net10.0-checkpoint/readers.jsonl,large,checkpoint,4,5,read_completion_fraction,1.0,1.0,0.0,0.0,0.0
hosted-readers/shared-readers-windows-latest-net10.0-checkpoint/readers.jsonl,large,checkpoint,4,5,median_reader_api_p99_ms,49.5522,52.23765,3.695918407975014,0.18400310921165897,7.207833706738368
hosted-readers/shared-readers-windows-latest-net10.0-checkpoint/readers.jsonl,large,checkpoint,4,5,median_reader_arrival_p99_ms,49.55125000000015,52.23669999999993,3.6956286411687755,0.18336436860995953,7.207892913727592
hosted-readers/shared-readers-windows-latest-net10.0-checkpoint/readers.jsonl,medium,checkpoint,1,5,read_calls_per_second,52.1137892008009,51.48772635579131,2.3582141612315333,-2.0213924518279303,7.1462939796472
hosted-readers/shared-readers-windows-latest-net10.0-checkpoint/readers.jsonl,medium,checkpoint,1,5,writer_transactions_per_second,50.884419190843765,49.740305664366076,-0.4252357468198943,-3.105827980016964,2.255356486377176
hosted-readers/shared-readers-windows-latest-net10.0-checkpoint/readers.jsonl,medium,checkpoint,1,5,writer_p99_ms,34.7479,35.6944,-0.21545932791537714,-3.9262575803904847,3.49533892455973
hosted-readers/shared-readers-windows-latest-net10.0-checkpoint/readers.jsonl,medium,checkpoint,1,5,total_active_cpu_ms,8171.875,8234.375,2.999479260331881,-0.5277349768875217,7.1279069852871
hosted-readers/shared-readers-windows-latest-net10.0-checkpoint/readers.jsonl,medium,checkpoint,1,5,read_completion_fraction,1.0,1.0,0.0,0.0,0.0
hosted-readers/shared-readers-windows-latest-net10.0-checkpoint/readers.jsonl,medium,checkpoint,1,5,median_reader_api_p99_ms,34.6539,35.2472,-0.5709447228916954,-4.199684394457952,3.132842023758242
hosted-readers/shared-readers-windows-latest-net10.0-checkpoint/readers.jsonl,medium,checkpoint,1,5,median_reader_arrival_p99_ms,34.65270000000055,35.2462000000005,-0.5707770751423901,-4.199672889579298,3.1329498118772863
hosted-readers/shared-readers-windows-latest-net10.0-checkpoint/readers.jsonl,medium,checkpoint,4,5,read_calls_per_second,266.80748321827326,1556.8956923522896,520.4092788868843,464.7379822107112,620.5683422761572
hosted-readers/shared-readers-windows-latest-net10.0-checkpoint/readers.jsonl,medium,checkpoint,4,5,writer_transactions_per_second,37.66434580033503,29.425657253974123,-22.72192734851189,-27.246813215738676,-18.367077522152748
hosted-readers/shared-readers-windows-latest-net10.0-checkpoint/readers.jsonl,medium,checkpoint,4,5,writer_p99_ms,43.367,73.8843,64.92423192444991,48.87020172918032,78.75831340428661
hosted-readers/shared-readers-windows-latest-net10.0-checkpoint/readers.jsonl,medium,checkpoint,4,5,total_active_cpu_ms,10046.875,16359.375,66.52055072896701,59.04154218959095,75.7763742651444
hosted-readers/shared-readers-windows-latest-net10.0-checkpoint/readers.jsonl,medium,checkpoint,4,5,read_completion_fraction,1.0,1.0,0.0,0.0,0.0
hosted-readers/shared-readers-windows-latest-net10.0-checkpoint/readers.jsonl,medium,checkpoint,4,5,median_reader_api_p99_ms,38.4024,31.62815,-18.26574380898902,-21.436472731576114,-16.058489621223696
hosted-readers/shared-readers-windows-latest-net10.0-checkpoint/readers.jsonl,medium,checkpoint,4,5,median_reader_arrival_p99_ms,38.40159999999992,31.627299999999877,-18.26701403201422,-21.438213068764636,-16.059676361716125
hosted-readers/shared-readers-windows-latest-net10.0-checkpoint/readers.jsonl,point,checkpoint,1,5,read_calls_per_second,100.94906312173003,151.2932970458441,53.225564790376076,46.647692022561195,62.71688334844248
hosted-readers/shared-readers-windows-latest-net10.0-checkpoint/readers.jsonl,point,checkpoint,1,5,writer_transactions_per_second,50.37446165917265,50.48269049508305,-0.257671195555913,-2.743846982650109,2.228504591538283
hosted-readers/shared-readers-windows-latest-net10.0-checkpoint/readers.jsonl,point,checkpoint,1,5,writer_p99_ms,34.1041,34.9814,1.6466964371282078,-0.16095720959428128,3.6527793992478648
hosted-readers/shared-readers-windows-latest-net10.0-checkpoint/readers.jsonl,point,checkpoint,1,5,total_active_cpu_ms,8062.5,7968.75,-1.9875769984656522,-4.860847845549174,-0.03669556442364996
hosted-readers/shared-readers-windows-latest-net10.0-checkpoint/readers.jsonl,point,checkpoint,1,5,read_completion_fraction,1.0,1.0,0.0,0.0,0.0
hosted-readers/shared-readers-windows-latest-net10.0-checkpoint/readers.jsonl,point,checkpoint,1,5,median_reader_api_p99_ms,32.2686,31.8373,-1.605979547178733,-2.924794283736143,-0.28716481062132315
hosted-readers/shared-readers-windows-latest-net10.0-checkpoint/readers.jsonl,point,checkpoint,1,5,median_reader_arrival_p99_ms,32.26770000000033,31.836099999999988,-1.606647631371092,-2.9256907647048114,-0.28760449803737265
hosted-readers/shared-readers-windows-latest-net10.0-checkpoint/readers.jsonl,point,checkpoint,4,5,read_calls_per_second,365.43581052627883,9258.137895230713,2705.305693427144,2226.565286096896,3477.1508487548954
hosted-readers/shared-readers-windows-latest-net10.0-checkpoint/readers.jsonl,point,checkpoint,4,5,writer_transactions_per_second,44.69993829412982,34.43473584515269,-28.192573792227552,-36.846867346304336,-21.406642558284283
hosted-readers/shared-readers-windows-latest-net10.0-checkpoint/readers.jsonl,point,checkpoint,4,5,writer_p99_ms,38.2706,53.5465,52.9877212797517,13.42516090459443,100.25186785402434
hosted-readers/shared-readers-windows-latest-net10.0-checkpoint/readers.jsonl,point,checkpoint,4,5,total_active_cpu_ms,8109.375,15343.75,93.99563464081074,82.19429205867883,110.18213581354503
hosted-readers/shared-readers-windows-latest-net10.0-checkpoint/readers.jsonl,point,checkpoint,4,5,read_completion_fraction,1.0,1.0,0.0,0.0,0.0
hosted-readers/shared-readers-windows-latest-net10.0-checkpoint/readers.jsonl,point,checkpoint,4,5,median_reader_api_p99_ms,35.14165,17.07155,-57.33233536939046,-72.61402866227616,-48.12020108604195
hosted-readers/shared-readers-windows-latest-net10.0-checkpoint/readers.jsonl,point,checkpoint,4,5,median_reader_arrival_p99_ms,35.140550000000076,17.07109999999966,-57.33220356261502,-72.61444162750097,-48.11945587927257
hosted-retire/ubuntu-checkpoint/readers.jsonl,large,checkpoint,4,5,read_calls_per_second,331.3833641312589,329.7291052927587,-0.3733799883527045,-1.648104002165185,0.9223535637078207
hosted-retire/ubuntu-checkpoint/readers.jsonl,large,checkpoint,4,5,writer_transactions_per_second,53.88500434214163,54.2850108228116,1.2001517538390005,0.49618430897561794,1.9041191987023829
hosted-retire/ubuntu-checkpoint/readers.jsonl,large,checkpoint,4,5,writer_p99_ms,26.03566,25.395028,-3.58302465144152,-6.062566714385239,-1.7078038484644864
hosted-retire/ubuntu-checkpoint/readers.jsonl,large,checkpoint,4,5,total_active_cpu_ms,16271.316,16440.701,1.2688119101806672,0.9294721583872567,1.589195844358522
hosted-retire/ubuntu-checkpoint/readers.jsonl,large,checkpoint,4,5,read_completion_fraction,1.0,1.0,0.0,0.0,0.0
hosted-retire/ubuntu-checkpoint/readers.jsonl,large,checkpoint,4,5,median_reader_api_p99_ms,24.991986,24.77974,-1.1981817413781437,-2.660811647464032,0.06535484767762778
hosted-retire/ubuntu-checkpoint/readers.jsonl,large,checkpoint,4,5,median_reader_arrival_p99_ms,24.99115000000029,24.779050000000097,-1.1981403668316037,-2.661822491816117,0.06670123572497522
hosted-retire/ubuntu-checkpoint/readers.jsonl,point,checkpoint,4,5,read_calls_per_second,11166.834127066584,11635.153083356197,3.3657171341073377,0.4334287780924351,5.691744066045468
hosted-retire/ubuntu-checkpoint/readers.jsonl,point,checkpoint,4,5,writer_transactions_per_second,57.058163242965364,57.499204785997804,0.5975621397199893,-1.278277320726553,2.584698923196953
hosted-retire/ubuntu-checkpoint/readers.jsonl,point,checkpoint,4,5,writer_p99_ms,25.232688,25.012284,-3.0562050768622306,-5.3650680769952785,-0.7473420767291827
hosted-retire/ubuntu-checkpoint/readers.jsonl,point,checkpoint,4,5,total_active_cpu_ms,14079.596000000001,14472.913,2.6422973673061634,1.3765224749100557,4.38683010739318
hosted-retire/ubuntu-checkpoint/readers.jsonl,point,checkpoint,4,5,read_completion_fraction,1.0,1.0,0.0,0.0,0.0
hosted-retire/ubuntu-checkpoint/readers.jsonl,point,checkpoint,4,5,median_reader_api_p99_ms,13.618863999999999,13.106559,-2.3915462496195183,-4.404135760827648,-0.5025184745135558
hosted-retire/ubuntu-checkpoint/readers.jsonl,point,checkpoint,4,5,median_reader_arrival_p99_ms,13.61869999999999,13.106449999999882,-2.3913989422579696,-4.403080496530727,-0.502754601289459
hosted-retire/ubuntu-writer/readers.jsonl,large,writer,4,5,read_calls_per_second,319.5350607151875,315.8879173155807,-1.7039544159742825,-2.8347451005805135,-0.6249358000322514
hosted-retire/ubuntu-writer/readers.jsonl,large,writer,4,5,writer_transactions_per_second,56.64308842333754,56.447443478800196,-0.06701508410391632,-0.9547349321847465,0.9946529931412629
hosted-retire/ubuntu-writer/readers.jsonl,large,writer,4,5,writer_p99_ms,24.765066,26.01075,4.4345637857387405,-2.8669384700808136,10.694815750037469
hosted-retire/ubuntu-writer/readers.jsonl,large,writer,4,5,total_active_cpu_ms,15578.736,15590.99,0.19997227160211795,0.029964362357306484,0.40218761534111636
hosted-retire/ubuntu-writer/readers.jsonl,large,writer,4,5,read_completion_fraction,1.0,1.0,0.0,0.0,0.0
hosted-retire/ubuntu-writer/readers.jsonl,large,writer,4,5,median_reader_api_p99_ms,25.085116,26.4855555,6.348343263464066,0.9010671367309309,11.795619390197203
hosted-retire/ubuntu-writer/readers.jsonl,large,writer,4,5,median_reader_arrival_p99_ms,25.084450000000174,26.48484999999937,6.4237350437727025,0.900631918878867,11.946838168666538
hosted-retire/ubuntu-writer/readers.jsonl,point,writer,4,5,read_calls_per_second,12828.659290730973,13037.883565531563,1.9989911962967821,0.14267101001087967,3.444534408286235
hosted-retire/ubuntu-writer/readers.jsonl,point,writer,4,5,writer_transactions_per_second,58.99230247275968,57.798369658726884,-2.015142253140896,-3.1422649916018925,-1.2281410794774517
hosted-retire/ubuntu-writer/readers.jsonl,point,writer,4,5,writer_p99_ms,23.778178,25.30951,5.323776287905191,3.5332103451269425,7.272972716387356
hosted-retire/ubuntu-writer/readers.jsonl,point,writer,4,5,total_active_cpu_ms,14271.378999999999,14446.668,1.797585860619857,0.925074206241665,3.1789978231482374
hosted-retire/ubuntu-writer/readers.jsonl,point,writer,4,5,read_completion_fraction,1.0,1.0,0.0,0.0,0.0
hosted-retire/ubuntu-writer/readers.jsonl,point,writer,4,5,median_reader_api_p99_ms,12.624781500000001,12.562355,-0.040901820311554093,-0.7214768325122467,0.8019577517091946
hosted-retire/ubuntu-writer/readers.jsonl,point,writer,4,5,median_reader_arrival_p99_ms,12.624749999999949,12.560150000000021,-0.0445234112893389,-0.7282617270875047,0.801326177810029
hosted-retire/windows-checkpoint/readers.jsonl,large,checkpoint,4,5,read_calls_per_second,343.5670441481803,401.56910825217534,10.946424231884334,-6.101608280830408,39.12013476946835
hosted-retire/windows-checkpoint/readers.jsonl,large,checkpoint,4,5,writer_transactions_per_second,37.89588829611987,37.64676559111589,-3.8201390201340675,-13.147496653780347,4.694745747497093
hosted-retire/windows-checkpoint/readers.jsonl,large,checkpoint,4,5,writer_p99_ms,63.134,65.4065,6.812397696190597,-11.81931765409516,29.51746723954792
hosted-retire/windows-checkpoint/readers.jsonl,large,checkpoint,4,5,total_active_cpu_ms,15765.625,15171.875,-1.0567622327203363,-4.605880992611648,4.2787316639577195
hosted-retire/windows-checkpoint/readers.jsonl,large,checkpoint,4,5,read_completion_fraction,1.0,1.0,0.0,0.0,0.0
hosted-retire/windows-checkpoint/readers.jsonl,large,checkpoint,4,5,median_reader_api_p99_ms,44.05945,45.0085,3.903817794635998,-1.364251564154899,9.171887153426894
hosted-retire/windows-checkpoint/readers.jsonl,large,checkpoint,4,5,median_reader_arrival_p99_ms,44.058550000000196,45.00740000000009,3.9039878223143876,-1.364216877469531,9.172192522098307
hosted-retire/windows-checkpoint/readers.jsonl,point,checkpoint,4,5,read_calls_per_second,4969.355487215906,5066.226866388305,1.1883918782418634,-3.521946604102264,5.898730360585991
hosted-retire/windows-checkpoint/readers.jsonl,point,checkpoint,4,5,writer_transactions_per_second,48.45915716856362,47.58247841568502,-1.3785895870754095,-2.726556039394623,-0.23756685834514624
hosted-retire/windows-checkpoint/readers.jsonl,point,checkpoint,4,5,writer_p99_ms,36.7516,38.121,1.802479628198772,-1.9602593861130568,6.890437207046051
hosted-retire/windows-checkpoint/readers.jsonl,point,checkpoint,4,5,total_active_cpu_ms,12343.75,12843.75,4.398455309288621,0.9475198476135382,7.849390770963703
hosted-retire/windows-checkpoint/readers.jsonl,point,checkpoint,4,5,read_completion_fraction,1.0,1.0,0.0,0.0,0.0
hosted-retire/windows-checkpoint/readers.jsonl,point,checkpoint,4,5,median_reader_api_p99_ms,18.477400000000003,18.98295,2.258220831521389,-0.4713936257584894,4.987835288801268
hosted-retire/windows-checkpoint/readers.jsonl,point,checkpoint,4,5,median_reader_arrival_p99_ms,18.477149999999938,18.98259999999982,2.2582954883652784,-0.471087528724663,4.98767850545522
hosted-retire/windows-writer/readers.jsonl,large,writer,4,5,read_calls_per_second,412.11925793159844,379.3458689150816,0.9809855210365569,-19.756833064894796,30.394824681002227
hosted-retire/windows-writer/readers.jsonl,large,writer,4,5,writer_transactions_per_second,43.06836885222588,44.36657688297098,-4.061885125361049,-17.336108852331126,4.962492004570729
hosted-retire/windows-writer/readers.jsonl,large,writer,4,5,writer_p99_ms,50.432,47.4607,0.9728256476016428,-8.315308000330484,15.025684847223705
hosted-retire/windows-writer/readers.jsonl,large,writer,4,5,total_active_cpu_ms,15125.0,14656.25,-2.4935801663366663,-8.782385147444932,6.646350241357029
hosted-retire/windows-writer/readers.jsonl,large,writer,4,5,read_completion_fraction,1.0,1.0,0.0,0.0,0.0
hosted-retire/windows-writer/readers.jsonl,large,writer,4,5,median_reader_api_p99_ms,43.3668,46.0694,8.130143448025864,6.140440607460289,10.399525440158225
hosted-retire/windows-writer/readers.jsonl,large,writer,4,5,median_reader_arrival_p99_ms,43.36584999999968,46.068399999999805,7.980458884289092,5.990309498822599,10.399985105489051
hosted-retire/windows-writer/readers.jsonl,point,writer,4,5,read_calls_per_second,3456.1661811477543,3738.1891807774655,3.019795288893248,-5.527228621956725,10.977187778903597
hosted-retire/windows-writer/readers.jsonl,point,writer,4,5,writer_transactions_per_second,54.12305271472495,52.557434259567515,-1.3468479446961392,-4.874000100002491,3.8072706877473634
hosted-retire/windows-writer/readers.jsonl,point,writer,4,5,writer_p99_ms,34.8471,34.6581,-12.379478755161534,-38.54370430190094,2.2676608865509795
hosted-retire/windows-writer/readers.jsonl,point,writer,4,5,total_active_cpu_ms,10437.5,10593.75,1.3358953920403471,-5.732111107957707,8.403901892038402
hosted-retire/windows-writer/readers.jsonl,point,writer,4,5,read_completion_fraction,1.0,1.0,0.0,0.0,0.0
hosted-retire/windows-writer/readers.jsonl,point,writer,4,5,median_reader_api_p99_ms,22.194450000000003,25.043,13.518169709070623,10.531428679276509,16.337102556005185
hosted-retire/windows-writer/readers.jsonl,point,writer,4,5,median_reader_arrival_p99_ms,22.194150000000263,25.042949999999962,13.518775802740954,10.532136776582579,16.33758920089138
hosted-sleep-zero/ubuntu-net10.0-checkpoint/readers.jsonl,large,checkpoint,4,5,read_calls_per_second,485.79954970715244,473.71968233999536,-2.241995943366637,-3.632251661147925,-0.1202067029673004
hosted-sleep-zero/ubuntu-net10.0-checkpoint/readers.jsonl,large,checkpoint,4,5,writer_transactions_per_second,51.779899043191435,50.85609085115911,-1.056782920107926,-3.1828965999759418,0.8103713893544207
hosted-sleep-zero/ubuntu-net10.0-checkpoint/readers.jsonl,large,checkpoint,4,5,writer_p99_ms,28.138367,28.80816,2.9002394738181225,-5.485059035880356,14.63264094985424
hosted-sleep-zero/ubuntu-net10.0-checkpoint/readers.jsonl,large,checkpoint,4,5,total_active_cpu_ms,17584.285,17550.600000000002,-0.19875594198261126,-0.7740050883242011,0.2781634262897059
hosted-sleep-zero/ubuntu-net10.0-checkpoint/readers.jsonl,large,checkpoint,4,5,read_completion_fraction,1.0,1.0,0.0,0.0,0.0
hosted-sleep-zero/ubuntu-net10.0-checkpoint/readers.jsonl,large,checkpoint,4,5,median_reader_api_p99_ms,32.049007,32.4598075,1.9516351558388934,-0.5297348376501132,4.939843269855868
hosted-sleep-zero/ubuntu-net10.0-checkpoint/readers.jsonl,large,checkpoint,4,5,median_reader_arrival_p99_ms,32.04814999999962,32.45854999999938,1.9509582937009329,-0.5300923798785062,4.939057587728959
hosted-sleep-zero/ubuntu-net10.0-checkpoint/readers.jsonl,medium,checkpoint,4,5,read_calls_per_second,1636.027445362742,1581.508884716965,-2.690323695902823,-4.720781863991002,-0.6598655278146448
hosted-sleep-zero/ubuntu-net10.0-checkpoint/readers.jsonl,medium,checkpoint,4,5,writer_transactions_per_second,56.06663810766042,55.58819195626465,-1.7711538812220873,-2.8182776604890636,-0.839810914160337
hosted-sleep-zero/ubuntu-net10.0-checkpoint/readers.jsonl,medium,checkpoint,4,5,writer_p99_ms,25.623792,26.773167,4.678699308721894,1.3874384668921946,9.476453223011472
hosted-sleep-zero/ubuntu-net10.0-checkpoint/readers.jsonl,medium,checkpoint,4,5,total_active_cpu_ms,15049.005000000001,15098.353000000001,0.45433381890812363,-0.611917407627165,1.5205850454434122
hosted-sleep-zero/ubuntu-net10.0-checkpoint/readers.jsonl,medium,checkpoint,4,5,read_completion_fraction,1.0,1.0,0.0,0.0,0.0
hosted-sleep-zero/ubuntu-net10.0-checkpoint/readers.jsonl,medium,checkpoint,4,5,median_reader_api_p99_ms,21.960259999999998,22.508243,2.9233550653250706,0.9717037787479743,5.741194758276237
hosted-sleep-zero/ubuntu-net10.0-checkpoint/readers.jsonl,medium,checkpoint,4,5,median_reader_arrival_p99_ms,21.959600000000478,22.507450000000063,2.9231932497087154,0.9704884490285215,5.742151511036706
hosted-sleep-zero/ubuntu-net10.0-checkpoint/readers.jsonl,point,checkpoint,4,5,read_calls_per_second,7242.523980511991,7180.465659657464,-1.5748437777545354,-4.01727130193245,0.5328957445602445
hosted-sleep-zero/ubuntu-net10.0-checkpoint/readers.jsonl,point,checkpoint,4,5,writer_transactions_per_second,64.36865439636861,63.075522282068,-1.7634292015812925,-3.6438229783573894,0.12934634252384605
hosted-sleep-zero/ubuntu-net10.0-checkpoint/readers.jsonl,point,checkpoint,4,5,writer_p99_ms,22.020571,22.962847,8.068445586065,1.9723105798345089,17.923434501511714
hosted-sleep-zero/ubuntu-net10.0-checkpoint/readers.jsonl,point,checkpoint,4,5,total_active_cpu_ms,12613.968,12618.447,-1.217032342676665,-3.0680873572737455,0.3913759495268332
hosted-sleep-zero/ubuntu-net10.0-checkpoint/readers.jsonl,point,checkpoint,4,5,read_completion_fraction,1.0,1.0,0.0,0.0,0.0
hosted-sleep-zero/ubuntu-net10.0-checkpoint/readers.jsonl,point,checkpoint,4,5,median_reader_api_p99_ms,7.991978,8.157681,1.1189363146473474,-1.7048934789916934,3.6571354389971544
hosted-sleep-zero/ubuntu-net10.0-checkpoint/readers.jsonl,point,checkpoint,4,5,median_reader_arrival_p99_ms,7.991849999999886,8.157600000000002,1.1109143338056904,-1.7049009132592374,3.6336286564515374
hosted-sleep-zero/ubuntu-net10.0-writer/readers.jsonl,large,writer,4,5,read_calls_per_second,466.5612368773463,469.8275153790197,-0.7917661025257106,-2.521382734035613,1.0330556623985254
hosted-sleep-zero/ubuntu-net10.0-writer/readers.jsonl,large,writer,4,5,writer_transactions_per_second,60.415778592169154,59.948340716354494,-0.5716663052787108,-1.0364540931486577,0.19181757917440034
hosted-sleep-zero/ubuntu-net10.0-writer/readers.jsonl,large,writer,4,5,writer_p99_ms,26.54579,25.454285,-3.344024985964713,-6.1003596942166505,-0.6146647448379629
hosted-sleep-zero/ubuntu-net10.0-writer/readers.jsonl,large,writer,4,5,total_active_cpu_ms,17867.342,17841.585,-0.14190708052040257,-0.9739480799699308,0.7620546508890413
hosted-sleep-zero/ubuntu-net10.0-writer/readers.jsonl,large,writer,4,5,read_completion_fraction,1.0,1.0,0.0,0.0,0.0
hosted-sleep-zero/ubuntu-net10.0-writer/readers.jsonl,large,writer,4,5,median_reader_api_p99_ms,30.452114,30.3945355,0.15976251643351036,-2.4286697065010343,2.9189433377953833
hosted-sleep-zero/ubuntu-net10.0-writer/readers.jsonl,large,writer,4,5,median_reader_arrival_p99_ms,30.450300000000027,30.39339999999993,0.16028028309447384,-2.4277348266615784,2.918379627086023
hosted-sleep-zero/ubuntu-net10.0-writer/readers.jsonl,medium,writer,4,5,read_calls_per_second,1641.428806041987,1629.8750269506604,-1.2274490355878909,-5.55969007011945,1.605949400818205
hosted-sleep-zero/ubuntu-net10.0-writer/readers.jsonl,medium,writer,4,5,writer_transactions_per_second,61.795205310019995,60.53957424015941,-1.1222314552307022,-2.4346323543794957,1.0236010529324546
hosted-sleep-zero/ubuntu-net10.0-writer/readers.jsonl,medium,writer,4,5,writer_p99_ms,23.996464,24.885897,3.6052891698074263,-1.770089241523771,9.196244237696986
hosted-sleep-zero/ubuntu-net10.0-writer/readers.jsonl,medium,writer,4,5,total_active_cpu_ms,15806.434000000001,15836.428,0.3843023305277682,-0.2720908785919951,1.1308597623598726
hosted-sleep-zero/ubuntu-net10.0-writer/readers.jsonl,medium,writer,4,5,read_completion_fraction,1.0,1.0,0.0,0.0,0.0
hosted-sleep-zero/ubuntu-net10.0-writer/readers.jsonl,medium,writer,4,5,median_reader_api_p99_ms,19.84317,20.154007,1.4916545731474629,-0.3211847423880476,4.4616257475503
hosted-sleep-zero/ubuntu-net10.0-writer/readers.jsonl,medium,writer,4,5,median_reader_arrival_p99_ms,19.842250000000377,20.15324999999973,1.490404587631593,-0.3216557286303301,4.461048786895709
hosted-sleep-zero/ubuntu-net10.0-writer/readers.jsonl,point,writer,4,5,read_calls_per_second,7409.231341584442,7448.584233867467,0.36273950648498365,-1.6461256598356844,2.3716046728056517
hosted-sleep-zero/ubuntu-net10.0-writer/readers.jsonl,point,writer,4,5,writer_transactions_per_second,68.50360036349647,68.49881628853123,-0.09911858041915522,-0.4031763036243685,0.19310116731217075
hosted-sleep-zero/ubuntu-net10.0-writer/readers.jsonl,point,writer,4,5,writer_p99_ms,20.847996,20.824522,0.09969519127827509,-0.431691311797866,0.6702571529142087
hosted-sleep-zero/ubuntu-net10.0-writer/readers.jsonl,point,writer,4,5,total_active_cpu_ms,13087.048999999999,13060.828,0.14656721848506749,-0.314760230047999,0.607894667018134
hosted-sleep-zero/ubuntu-net10.0-writer/readers.jsonl,point,writer,4,5,read_completion_fraction,1.0,1.0,0.0,0.0,0.0
hosted-sleep-zero/ubuntu-net10.0-writer/readers.jsonl,point,writer,4,5,median_reader_api_p99_ms,7.1677795,7.666092,0.9464367499762805,-6.860143492347457,8.753016992300017
hosted-sleep-zero/ubuntu-net10.0-writer/readers.jsonl,point,writer,4,5,median_reader_arrival_p99_ms,7.167799999999943,7.651999999999759,0.9095503249468375,-6.896475780433282,8.715576430326957
hosted-sleep-zero/windows-net10.0-checkpoint/readers.jsonl,large,checkpoint,4,5,read_calls_per_second,392.81076921030956,390.90650350765816,-3.410098891162685,-8.7562855644829,0.9257070229676456
hosted-sleep-zero/windows-net10.0-checkpoint/readers.jsonl,large,checkpoint,4,5,writer_transactions_per_second,44.882387702241765,45.0363361848058,-4.754665144056524,-15.03235780283122,2.203862562032677
hosted-sleep-zero/windows-net10.0-checkpoint/readers.jsonl,large,checkpoint,4,5,writer_p99_ms,42.3128,42.3143,18.75002299154093,-6.746597908056026,62.243251604330055
hosted-sleep-zero/windows-net10.0-checkpoint/readers.jsonl,large,checkpoint,4,5,total_active_cpu_ms,14156.25,14593.75,2.6333662091894805,-1.011004736205372,6.8755309543931915
hosted-sleep-zero/windows-net10.0-checkpoint/readers.jsonl,large,checkpoint,4,5,read_completion_fraction,1.0,1.0,0.0,0.0,0.0
hosted-sleep-zero/windows-net10.0-checkpoint/readers.jsonl,large,checkpoint,4,5,median_reader_api_p99_ms,51.653999999999996,51.486,2.3715804080995566,-4.422734801867638,10.549178798262284
hosted-sleep-zero/windows-net10.0-checkpoint/readers.jsonl,large,checkpoint,4,5,median_reader_arrival_p99_ms,51.652950000000374,51.48525000000018,2.3716985521804057,-4.422646554480769,10.54927998224943
hosted-sleep-zero/windows-net10.0-checkpoint/readers.jsonl,medium,checkpoint,4,5,read_calls_per_second,1215.3006908021803,1172.2640318114106,0.5332738584504024,-3.634845439438976,4.7013931563397815
hosted-sleep-zero/windows-net10.0-checkpoint/readers.jsonl,medium,checkpoint,4,5,writer_transactions_per_second,50.060700347798964,47.755316782745886,1.4006406164900722,-5.984943189446423,10.73354797137542
hosted-sleep-zero/windows-net10.0-checkpoint/readers.jsonl,medium,checkpoint,4,5,writer_p99_ms,38.766,40.6886,1.4777327525731345,-20.86687195469671,21.616175782582815
hosted-sleep-zero/windows-net10.0-checkpoint/readers.jsonl,medium,checkpoint,4,5,total_active_cpu_ms,12343.75,12906.25,3.384010558466914,-4.461192467345918,11.229213584279746
hosted-sleep-zero/windows-net10.0-checkpoint/readers.jsonl,medium,checkpoint,4,5,read_completion_fraction,1.0,1.0,0.0,0.0,0.0
hosted-sleep-zero/windows-net10.0-checkpoint/readers.jsonl,medium,checkpoint,4,5,median_reader_api_p99_ms,41.1084,40.9256,-2.2871256004500395,-10.29124440994682,2.5369144306354174
hosted-sleep-zero/windows-net10.0-checkpoint/readers.jsonl,medium,checkpoint,4,5,median_reader_arrival_p99_ms,41.107500000000044,40.92489999999998,-2.286932796942611,-10.29120322519317,2.5371419917412696
hosted-sleep-zero/windows-net10.0-checkpoint/readers.jsonl,point,checkpoint,4,5,read_calls_per_second,4287.126776840229,4326.160947411995,-0.08069477964978145,-2.336683241403139,2.6417740444605142
hosted-sleep-zero/windows-net10.0-checkpoint/readers.jsonl,point,checkpoint,4,5,writer_transactions_per_second,55.544102081987745,55.609718557719496,0.2407667885061726,-1.669795134463452,2.1045891167349806
hosted-sleep-zero/windows-net10.0-checkpoint/readers.jsonl,point,checkpoint,4,5,writer_p99_ms,35.6645,36.1539,0.5342832985600476,-0.25427329193289383,1.2993990843901582
hosted-sleep-zero/windows-net10.0-checkpoint/readers.jsonl,point,checkpoint,4,5,total_active_cpu_ms,10984.375,11171.875,0.25995632794238566,-4.153344994265124,3.5485765696262606
hosted-sleep-zero/windows-net10.0-checkpoint/readers.jsonl,point,checkpoint,4,5,read_completion_fraction,1.0,1.0,0.0,0.0,0.0
hosted-sleep-zero/windows-net10.0-checkpoint/readers.jsonl,point,checkpoint,4,5,median_reader_api_p99_ms,25.2426,25.46115,0.8093578253652511,-1.0820276289558928,2.6807627173749626
hosted-sleep-zero/windows-net10.0-checkpoint/readers.jsonl,point,checkpoint,4,5,median_reader_arrival_p99_ms,25.241999999999848,25.46029999999996,0.8089873628331445,-1.08275413703945,2.680551648064622
hosted-sleep-zero/windows-net10.0-writer/readers.jsonl,large,writer,4,5,read_calls_per_second,378.12131387715186,399.5714371908982,3.1460748084345846,1.0331628888915967,5.390374824284092
hosted-sleep-zero/windows-net10.0-writer/readers.jsonl,large,writer,4,5,writer_transactions_per_second,50.94854960717919,50.65655187545642,-0.32032229080938723,-2.6368434362589244,1.99619885464015
hosted-sleep-zero/windows-net10.0-writer/readers.jsonl,large,writer,4,5,writer_p99_ms,40.0488,38.5505,-0.9249041423427885,-4.579398449548129,2.7415193142611805
hosted-sleep-zero/windows-net10.0-writer/readers.jsonl,large,writer,4,5,total_active_cpu_ms,14250.0,14593.75,1.8180001997572148,-3.9761101030121004,7.50731664273386
hosted-sleep-zero/windows-net10.0-writer/readers.jsonl,large,writer,4,5,read_completion_fraction,1.0,1.0,0.0,0.0,0.0
hosted-sleep-zero/windows-net10.0-writer/readers.jsonl,large,writer,4,5,median_reader_api_p99_ms,53.4221,54.6469,0.6440208905170407,-3.6199956277280876,5.633671260025516
hosted-sleep-zero/windows-net10.0-writer/readers.jsonl,large,writer,4,5,median_reader_arrival_p99_ms,53.420849999999746,54.645750000000135,0.6439759121884813,-3.6202555429893395,5.634075652378103
hosted-sleep-zero/windows-net10.0-writer/readers.jsonl,medium,writer,4,5,read_calls_per_second,1252.4368140409629,1225.4783001331741,-1.075308925950631,-4.518093194407857,2.3674753425065953
hosted-sleep-zero/windows-net10.0-writer/readers.jsonl,medium,writer,4,5,writer_transactions_per_second,52.940789961691046,52.840181743855055,0.1697603503824574,-0.6188301032280052,1.3910412838158281
hosted-sleep-zero/windows-net10.0-writer/readers.jsonl,medium,writer,4,5,writer_p99_ms,39.0303,38.8477,-1.4350987318947261,-3.517586193536708,0.824522549940847
hosted-sleep-zero/windows-net10.0-writer/readers.jsonl,medium,writer,4,5,total_active_cpu_ms,12390.625,12109.375,-3.8432529420315364,-9.131129954604301,0.6780795229808767
hosted-sleep-zero/windows-net10.0-writer/readers.jsonl,medium,writer,4,5,read_completion_fraction,1.0,1.0,0.0,0.0,0.0
hosted-sleep-zero/windows-net10.0-writer/readers.jsonl,medium,writer,4,5,median_reader_api_p99_ms,41.79195,41.4856,0.8914843358731649,-2.87682679710696,4.659795468853289
hosted-sleep-zero/windows-net10.0-writer/readers.jsonl,medium,writer,4,5,median_reader_arrival_p99_ms,41.79109999999997,41.481649999999945,0.8899303514534673,-2.876802481184084,4.656663184091019
hosted-sleep-zero/windows-net10.0-writer/readers.jsonl,point,writer,4,5,read_calls_per_second,4279.508425605256,4325.386494268918,0.26374300580123133,-4.197497072496055,4.724983084098517
hosted-sleep-zero/windows-net10.0-writer/readers.jsonl,point,writer,4,5,writer_transactions_per_second,55.1762427651526,56.16717590240264,0.6617925322660058,-2.554752537105398,3.906862098852126
hosted-sleep-zero/windows-net10.0-writer/readers.jsonl,point,writer,4,5,writer_p99_ms,36.6581,37.6808,1.4467383074116058,-0.5205189264928967,3.623278175716802
hosted-sleep-zero/windows-net10.0-writer/readers.jsonl,point,writer,4,5,total_active_cpu_ms,11218.75,11187.5,-1.2314567082889738,-3.9741935726395483,1.5112801560616007
hosted-sleep-zero/windows-net10.0-writer/readers.jsonl,point,writer,4,5,read_completion_fraction,1.0,1.0,0.0,0.0,0.0
hosted-sleep-zero/windows-net10.0-writer/readers.jsonl,point,writer,4,5,median_reader_api_p99_ms,25.57245,24.8384,-1.2387432829190637,-4.190641676339773,2.089702593542777
hosted-sleep-zero/windows-net10.0-writer/readers.jsonl,point,writer,4,5,median_reader_arrival_p99_ms,25.571750000000065,24.837949999999864,-1.2388948472835049,-4.190760905395288,2.0896057138945845
hosted-spin35/ubuntu-checkpoint/readers.jsonl,large,checkpoint,4,5,read_calls_per_second,326.934449565091,313.2227793617079,-3.4821617228176827,-5.389337755493864,-1.9039003860618542
hosted-spin35/ubuntu-checkpoint/readers.jsonl,large,checkpoint,4,5,writer_transactions_per_second,53.59906791220901,53.53001058176455,0.29894183436664834,-0.7968352118869837,1.3229630075599097
hosted-spin35/ubuntu-checkpoint/readers.jsonl,large,checkpoint,4,5,writer_p99_ms,25.700915,25.968292,0.5012329597640819,-0.8031929705406249,1.985049101749361
hosted-spin35/ubuntu-checkpoint/readers.jsonl,large,checkpoint,4,5,total_active_cpu_ms,16938.943,16566.452,-1.9357716471116393,-2.332672556629465,-1.5841679883978887
hosted-spin35/ubuntu-checkpoint/readers.jsonl,large,checkpoint,4,5,read_completion_fraction,1.0,1.0,0.0,0.0,0.0
hosted-spin35/ubuntu-checkpoint/readers.jsonl,large,checkpoint,4,5,median_reader_api_p99_ms,24.790686,25.038314,0.7220480196288714,-1.3223529537286627,2.7664489929864056
hosted-spin35/ubuntu-checkpoint/readers.jsonl,large,checkpoint,4,5,median_reader_arrival_p99_ms,24.789499999999407,25.03740000000016,0.7220058624258274,-1.3223493750953397,2.7663610999469945
hosted-spin35/ubuntu-checkpoint/readers.jsonl,point,checkpoint,4,5,read_calls_per_second,13888.325896665237,13675.231758798695,-1.2569389957542199,-2.830084941333233,0.31620694982479325
hosted-spin35/ubuntu-checkpoint/readers.jsonl,point,checkpoint,4,5,writer_transactions_per_second,56.4783264422278,56.73852494299476,0.674173769091142,-1.0794198205175198,2.2877731982509175
hosted-spin35/ubuntu-checkpoint/readers.jsonl,point,checkpoint,4,5,writer_p99_ms,25.45026,25.002395,-0.9821331791410848,-4.595543478395163,1.5815901640238605
hosted-spin35/ubuntu-checkpoint/readers.jsonl,point,checkpoint,4,5,total_active_cpu_ms,14958.23,14836.934000000001,-1.4551473682332339,-2.5604149914617857,-0.4559684763175986
hosted-spin35/ubuntu-checkpoint/readers.jsonl,point,checkpoint,4,5,read_completion_fraction,1.0,1.0,0.0,0.0,0.0
hosted-spin35/ubuntu-checkpoint/readers.jsonl,point,checkpoint,4,5,median_reader_api_p99_ms,12.760645499999999,12.796979499999999,0.015302799297431946,-1.2936707167376404,1.6879502396932122
hosted-spin35/ubuntu-checkpoint/readers.jsonl,point,checkpoint,4,5,median_reader_arrival_p99_ms,12.760600000000096,12.799350000000004,0.019097637463432182,-1.2939387135548275,1.6920607623797501
hosted-spin35/ubuntu-writer/readers.jsonl,large,writer,4,5,read_calls_per_second,125.23179810030445,151.77187211335888,18.466519710675882,2.101195084036804,34.37658017103385
hosted-spin35/ubuntu-writer/readers.jsonl,large,writer,4,5,writer_transactions_per_second,20.474362821848995,25.17761382821692,20.2019336361193,3.435427498043633,36.317075715817666
hosted-spin35/ubuntu-writer/readers.jsonl,large,writer,4,5,writer_p99_ms,422.023932,259.195309,-34.1858873966699,-48.792378520345025,-21.69181045173176
hosted-spin35/ubuntu-writer/readers.jsonl,large,writer,4,5,total_active_cpu_ms,5086.767,6034.407,15.447907930915942,-0.5735536058902134,29.280250302542004
hosted-spin35/ubuntu-writer/readers.jsonl,large,writer,4,5,read_completion_fraction,1.0,1.0,0.0,0.0,0.0
hosted-spin35/ubuntu-writer/readers.jsonl,large,writer,4,5,median_reader_api_p99_ms,396.5339855,231.50789150000003,-34.442892408380466,-46.15476079952564,-22.73102401723529
hosted-spin35/ubuntu-writer/readers.jsonl,large,writer,4,5,median_reader_arrival_p99_ms,396.53324999999995,231.50700000000006,-34.44297740318595,-46.154822330120325,-22.731132476251567
hosted-spin35/ubuntu-writer/readers.jsonl,point,writer,4,5,read_calls_per_second,6723.894036863392,10689.837111324998,55.427795354092574,19.01126880701033,92.45090335474637
hosted-spin35/ubuntu-writer/readers.jsonl,point,writer,4,5,writer_transactions_per_second,22.651051304641186,35.185949898346095,55.73679556015042,17.516336558991135,90.93412337987915
hosted-spin35/ubuntu-writer/readers.jsonl,point,writer,4,5,writer_p99_ms,302.362729,215.432479,-18.305078316149896,-55.73614507393451,31.689582077753336
hosted-spin35/ubuntu-writer/readers.jsonl,point,writer,4,5,total_active_cpu_ms,5091.133,7692.187,49.14591905250607,13.89055382948769,80.49325599163764
hosted-spin35/ubuntu-writer/readers.jsonl,point,writer,4,5,read_completion_fraction,1.0,1.0,0.0,0.0,0.0
hosted-spin35/ubuntu-writer/readers.jsonl,point,writer,4,5,median_reader_api_p99_ms,14.2230275,11.676779,-15.519249866077717,-21.89144101360714,-9.470184092441936
hosted-spin35/ubuntu-writer/readers.jsonl,point,writer,4,5,median_reader_arrival_p99_ms,14.222800000000689,11.676649999999881,-15.5192069400528,-21.891272997992054,-9.469986149996185
hosted-spin35/windows-checkpoint/readers.jsonl,large,checkpoint,4,5,read_calls_per_second,556.6487837975274,578.1105233171163,-2.973606808280633,-29.395764155598943,18.822795873286598
hosted-spin35/windows-checkpoint/readers.jsonl,large,checkpoint,4,5,writer_transactions_per_second,54.444189261587944,55.830875792681084,6.54455719484117,-0.4825338415943148,18.03825571004165
hosted-spin35/windows-checkpoint/readers.jsonl,large,checkpoint,4,5,writer_p99_ms,50.737,49.0901,-0.718016846444594,-16.915948767637424,14.983238465452681
hosted-spin35/windows-checkpoint/readers.jsonl,large,checkpoint,4,5,total_active_cpu_ms,13500.0,13296.875,-2.1731077222348616,-6.275254140861248,1.722874895044122
hosted-spin35/windows-checkpoint/readers.jsonl,large,checkpoint,4,5,read_completion_fraction,1.0,1.0,0.0,0.0,0.0
hosted-spin35/windows-checkpoint/readers.jsonl,large,checkpoint,4,5,median_reader_api_p99_ms,34.40925,32.7881,-3.0522326237709207,-4.866017434846867,-1.2384478126949738
hosted-spin35/windows-checkpoint/readers.jsonl,large,checkpoint,4,5,median_reader_arrival_p99_ms,34.40849999999985,32.78684999999999,-3.0530844403548985,-4.866789277308333,-1.2393796034014626
hosted-spin35/windows-checkpoint/readers.jsonl,point,checkpoint,4,5,read_calls_per_second,14332.25461216841,14497.771848167604,1.3642563572061037,-12.773660354108618,16.690394522280435
hosted-spin35/windows-checkpoint/readers.jsonl,point,checkpoint,4,5,writer_transactions_per_second,56.49228032989292,52.939921659304154,-0.9877113441461514,-7.583919890445985,6.328543379584011
hosted-spin35/windows-checkpoint/readers.jsonl,point,checkpoint,4,5,writer_p99_ms,35.4472,35.9788,-0.8841825418517102,-8.011867346576793,5.644860781831378
hosted-spin35/windows-checkpoint/readers.jsonl,point,checkpoint,4,5,total_active_cpu_ms,11843.75,11781.25,-4.297130207372038,-10.326856930597213,2.118802672957125
hosted-spin35/windows-checkpoint/readers.jsonl,point,checkpoint,4,5,read_completion_fraction,1.0,1.0,0.0,0.0,0.0
hosted-spin35/windows-checkpoint/readers.jsonl,point,checkpoint,4,5,median_reader_api_p99_ms,10.11795,11.8041,25.75627736931112,-11.941530957180623,81.40025376785246
hosted-spin35/windows-checkpoint/readers.jsonl,point,checkpoint,4,5,median_reader_arrival_p99_ms,10.117849999999976,11.803949999999986,25.756338814383685,-11.942031560584123,81.4002845365482
hosted-spin35/windows-writer/readers.jsonl,large,writer,4,5,read_calls_per_second,322.56881478452704,371.00712169911617,16.770535469749042,-0.28887454727646505,42.26432756995043
hosted-spin35/windows-writer/readers.jsonl,large,writer,4,5,writer_transactions_per_second,43.97892793646852,43.99669100886923,-3.698286707027365,-10.017245204287494,1.6863099195484899
hosted-spin35/windows-writer/readers.jsonl,large,writer,4,5,writer_p99_ms,47.265,47.508,4.238952056635434,-4.13156375748177,14.140827490806036
hosted-spin35/windows-writer/readers.jsonl,large,writer,4,5,total_active_cpu_ms,14562.5,14937.5,2.3075426870880866,-1.387131383849094,5.693205768140395
hosted-spin35/windows-writer/readers.jsonl,large,writer,4,5,read_completion_fraction,1.0,1.0,0.0,0.0,0.0
hosted-spin35/windows-writer/readers.jsonl,large,writer,4,5,median_reader_api_p99_ms,45.9061,44.69185,-1.2386536425290908,-6.794346603181292,4.045388489488553
hosted-spin35/windows-writer/readers.jsonl,large,writer,4,5,median_reader_arrival_p99_ms,45.9048499999999,44.69080000000031,-1.2435708129073575,-6.799519997494107,4.03076596398416
hosted-spin35/windows-writer/readers.jsonl,point,writer,4,5,read_calls_per_second,3221.1605248469714,3400.1553256951165,3.8791863146643513,2.472453928339058,5.285918700989645
hosted-spin35/windows-writer/readers.jsonl,point,writer,4,5,writer_transactions_per_second,51.60023507350419,51.63126020541292,-0.959740512306808,-4.078984802206497,2.363906378137257
hosted-spin35/windows-writer/readers.jsonl,point,writer,4,5,writer_p99_ms,35.4019,38.1189,3.4390522561803794,-9.43827536873526,16.31637988109602
hosted-spin35/windows-writer/readers.jsonl,point,writer,4,5,total_active_cpu_ms,10203.125,10171.875,0.035604583694413175,-4.724596686641083,4.998975910183537
hosted-spin35/windows-writer/readers.jsonl,point,writer,4,5,read_completion_fraction,1.0,1.0,0.0,0.0,0.0
hosted-spin35/windows-writer/readers.jsonl,point,writer,4,5,median_reader_api_p99_ms,24.86645,24.7774,-2.4222067300066885,-3.8926263778486514,-0.5750311014773746
hosted-spin35/windows-writer/readers.jsonl,point,writer,4,5,median_reader_arrival_p99_ms,24.86635000000001,24.77724999999998,-2.4222715398299033,-3.8923351563667885,-0.5755603522105025
hosted-stream-yield/ubuntu-net10.0-checkpoint/readers.jsonl,large,checkpoint,4,5,read_calls_per_second,505.911236974066,493.3979705945581,-1.572989983025157,-3.478132924560704,0.9874490825018789
hosted-stream-yield/ubuntu-net10.0-checkpoint/readers.jsonl,large,checkpoint,4,5,writer_transactions_per_second,52.05884696088895,51.97129417537517,0.39006515316699186,-0.3557605673156017,1.1358908736495854
hosted-stream-yield/ubuntu-net10.0-checkpoint/readers.jsonl,large,checkpoint,4,5,writer_p99_ms,28.44064,27.505126,-3.993116344493479,-9.026295599362221,-0.3463622867246574
hosted-stream-yield/ubuntu-net10.0-checkpoint/readers.jsonl,large,checkpoint,4,5,total_active_cpu_ms,18777.609,18724.465,0.17394775837556775,-0.6634966556512789,1.2102432499383275
hosted-stream-yield/ubuntu-net10.0-checkpoint/readers.jsonl,large,checkpoint,4,5,read_completion_fraction,1.0,1.0,0.0,0.0,0.0
hosted-stream-yield/ubuntu-net10.0-checkpoint/readers.jsonl,large,checkpoint,4,5,median_reader_api_p99_ms,30.557251,30.5368115,-0.9059814003688804,-3.301016180334293,0.8923260070293427
hosted-stream-yield/ubuntu-net10.0-checkpoint/readers.jsonl,large,checkpoint,4,5,median_reader_arrival_p99_ms,30.556000000000267,30.535750000000007,-0.9066037931217318,-3.301664785921605,0.8917164208139372
hosted-stream-yield/ubuntu-net10.0-checkpoint/readers.jsonl,medium,checkpoint,4,5,read_calls_per_second,1720.8832382152627,1672.1674202688732,-2.4541928879004193,-4.379813150956331,-1.07057618167961
hosted-stream-yield/ubuntu-net10.0-checkpoint/readers.jsonl,medium,checkpoint,4,5,writer_transactions_per_second,57.29755912398132,56.926532893708696,-0.33091918223452144,-1.4169053829141598,0.7063868929918149
hosted-stream-yield/ubuntu-net10.0-checkpoint/readers.jsonl,medium,checkpoint,4,5,writer_p99_ms,25.747494,25.714941,-0.9894371084652898,-3.591433911679993,1.6125596947494139
hosted-stream-yield/ubuntu-net10.0-checkpoint/readers.jsonl,medium,checkpoint,4,5,total_active_cpu_ms,15971.644,15923.425000000001,-0.2824799885682694,-0.8269387202158708,0.15256757080530647
hosted-stream-yield/ubuntu-net10.0-checkpoint/readers.jsonl,medium,checkpoint,4,5,read_completion_fraction,1.0,1.0,0.0,0.0,0.0
hosted-stream-yield/ubuntu-net10.0-checkpoint/readers.jsonl,medium,checkpoint,4,5,median_reader_api_p99_ms,15.158591999999999,18.2548485,18.579896832847584,0.7603022570802273,37.15616006287145
hosted-stream-yield/ubuntu-net10.0-checkpoint/readers.jsonl,medium,checkpoint,4,5,median_reader_arrival_p99_ms,15.15765000000033,18.254050000000007,18.58186674599316,0.7615043115964152,37.15940468555699
hosted-stream-yield/ubuntu-net10.0-writer/readers.jsonl,large,writer,4,5,read_calls_per_second,491.0293104896911,480.48488880767104,-1.3642040320211968,-2.838330651219687,0.7010505743743778
hosted-stream-yield/ubuntu-net10.0-writer/readers.jsonl,large,writer,4,5,writer_transactions_per_second,61.004135661056786,61.14526642621124,-0.04191958514865757,-0.5823533759468047,0.5394818891755948
hosted-stream-yield/ubuntu-net10.0-writer/readers.jsonl,large,writer,4,5,writer_p99_ms,25.528441,26.062095,1.0684277616740068,-0.8887176639577433,3.2195930709322496
hosted-stream-yield/ubuntu-net10.0-writer/readers.jsonl,large,writer,4,5,total_active_cpu_ms,17530.226,17524.923,-0.06032450375805354,-0.36312546706412707,0.2377484000292185
hosted-stream-yield/ubuntu-net10.0-writer/readers.jsonl,large,writer,4,5,read_completion_fraction,1.0,1.0,0.0,0.0,0.0
hosted-stream-yield/ubuntu-net10.0-writer/readers.jsonl,large,writer,4,5,median_reader_api_p99_ms,29.5726325,29.6317445,0.2874105572481378,-1.2468366164677214,2.08452802864743
hosted-stream-yield/ubuntu-net10.0-writer/readers.jsonl,large,writer,4,5,median_reader_arrival_p99_ms,29.57180000000062,29.630750000000063,0.2872409496291217,-1.2464194521342775,2.0838938322808565
hosted-stream-yield/ubuntu-net10.0-writer/readers.jsonl,medium,writer,4,5,read_calls_per_second,1688.617336092197,1654.844123740484,-3.413364548219202,-4.349799813717906,-2.215917439611512
hosted-stream-yield/ubuntu-net10.0-writer/readers.jsonl,medium,writer,4,5,writer_transactions_per_second,61.68800785127372,62.78661263845323,1.5691361596572762,0.5739555545356589,2.56087261797457
hosted-stream-yield/ubuntu-net10.0-writer/readers.jsonl,medium,writer,4,5,writer_p99_ms,24.62391,24.337483,0.22618993990122682,-1.2780333798866472,1.7927748318194283
hosted-stream-yield/ubuntu-net10.0-writer/readers.jsonl,medium,writer,4,5,total_active_cpu_ms,15477.876,15315.289,-0.7754892262403645,-1.2250989490209552,-0.34688808182457675
hosted-stream-yield/ubuntu-net10.0-writer/readers.jsonl,medium,writer,4,5,read_completion_fraction,1.0,1.0,0.0,0.0,0.0
hosted-stream-yield/ubuntu-net10.0-writer/readers.jsonl,medium,writer,4,5,median_reader_api_p99_ms,19.48975,19.9896795,2.792509958955254,0.576902938212629,4.598510256808104
hosted-stream-yield/ubuntu-net10.0-writer/readers.jsonl,medium,writer,4,5,median_reader_arrival_p99_ms,19.489100000000235,19.989100000000008,2.7931579575432908,0.5770956471974475,4.599785610387976
hosted-stream-yield/windows-net10.0-checkpoint/readers.jsonl,large,checkpoint,4,5,read_calls_per_second,401.10599938593526,372.9879130368201,-7.741969364126395,-10.929260152120614,-4.264579919086073
hosted-stream-yield/windows-net10.0-checkpoint/readers.jsonl,large,checkpoint,4,5,writer_transactions_per_second,46.06000011410091,43.69878531045179,-6.247953920481961,-15.005522816211146,0.8570325338916641
hosted-stream-yield/windows-net10.0-checkpoint/readers.jsonl,large,checkpoint,4,5,writer_p99_ms,39.9641,47.5665,53.49294958374607,4.863871474456742,138.39142232986927
hosted-stream-yield/windows-net10.0-checkpoint/readers.jsonl,large,checkpoint,4,5,total_active_cpu_ms,14921.875,14625.0,-2.884188591384611,-8.145257751594855,2.1847438698776367
hosted-stream-yield/windows-net10.0-checkpoint/readers.jsonl,large,checkpoint,4,5,read_completion_fraction,1.0,1.0,0.0,0.0,0.0
hosted-stream-yield/windows-net10.0-checkpoint/readers.jsonl,large,checkpoint,4,5,median_reader_api_p99_ms,48.57915,53.42595,19.522430767443616,6.449732915732352,41.40315390496275
hosted-stream-yield/windows-net10.0-checkpoint/readers.jsonl,large,checkpoint,4,5,median_reader_arrival_p99_ms,48.578099999999836,53.42504999999983,19.52341262382696,6.45018222812749,41.4048949477036
hosted-stream-yield/windows-net10.0-checkpoint/readers.jsonl,medium,checkpoint,4,5,read_calls_per_second,1224.183524765835,1253.849182964493,3.7879010737247865,-1.163193952578514,10.316671871696826
hosted-stream-yield/windows-net10.0-checkpoint/readers.jsonl,medium,checkpoint,4,5,writer_transactions_per_second,49.67405424798519,48.870857818774084,-1.2707890037768665,-2.4459470333079736,-0.0956309742457595
hosted-stream-yield/windows-net10.0-checkpoint/readers.jsonl,medium,checkpoint,4,5,writer_p99_ms,39.2226,37.8971,-5.632894602808458,-8.776045252929126,-2.53531496873262
hosted-stream-yield/windows-net10.0-checkpoint/readers.jsonl,medium,checkpoint,4,5,total_active_cpu_ms,12421.875,12968.75,3.2715495610066325,-2.8057028466377703,7.821835860690518
hosted-stream-yield/windows-net10.0-checkpoint/readers.jsonl,medium,checkpoint,4,5,read_completion_fraction,1.0,1.0,0.0,0.0,0.0
hosted-stream-yield/windows-net10.0-checkpoint/readers.jsonl,medium,checkpoint,4,5,median_reader_api_p99_ms,41.16775,41.52955,-8.678446434024325,-28.882382993406488,1.7458678142022557
hosted-stream-yield/windows-net10.0-checkpoint/readers.jsonl,medium,checkpoint,4,5,median_reader_arrival_p99_ms,41.16685000000007,41.52864999999974,-8.67898734038163,-28.883247967923673,1.7457039991602752
hosted-stream-yield/windows-net10.0-writer/readers.jsonl,large,writer,4,5,read_calls_per_second,332.7262987226263,322.67562884901616,-5.865313844058983,-10.546991423514227,-2.4806985962545602
hosted-stream-yield/windows-net10.0-writer/readers.jsonl,large,writer,4,5,writer_transactions_per_second,46.94154322680423,46.442114921691065,-1.619313477996862,-2.7980643353744705,-0.2689482049823466
hosted-stream-yield/windows-net10.0-writer/readers.jsonl,large,writer,4,5,writer_p99_ms,42.7089,44.1315,-0.38928360155315633,-6.139002379600417,5.678012321350154
hosted-stream-yield/windows-net10.0-writer/readers.jsonl,large,writer,4,5,total_active_cpu_ms,14421.875,14328.125,-0.6123443989141774,-4.8769685860054794,4.041585486290908
hosted-stream-yield/windows-net10.0-writer/readers.jsonl,large,writer,4,5,read_completion_fraction,1.0,1.0,0.0,0.0,0.0
hosted-stream-yield/windows-net10.0-writer/readers.jsonl,large,writer,4,5,median_reader_api_p99_ms,54.94095,56.902150000000006,0.4337824005581292,-1.5572889921278321,2.8533751610668867
hosted-stream-yield/windows-net10.0-writer/readers.jsonl,large,writer,4,5,median_reader_arrival_p99_ms,54.93999999999983,56.90080000000012,0.43378370292533663,-1.5573759439603219,2.853724665045312
hosted-stream-yield/windows-net10.0-writer/readers.jsonl,medium,writer,4,5,read_calls_per_second,1125.6641502196194,1169.420317101513,2.7375149851579272,-1.615554442056417,7.574618709967508
hosted-stream-yield/windows-net10.0-writer/readers.jsonl,medium,writer,4,5,writer_transactions_per_second,49.64236075135521,47.06258665548649,-3.147137759288541,-6.7673868521345355,0.637755704320473
hosted-stream-yield/windows-net10.0-writer/readers.jsonl,medium,writer,4,5,writer_p99_ms,39.5454,40.2247,1.1957487672412783,-3.6939361136048943,6.698387317638032
hosted-stream-yield/windows-net10.0-writer/readers.jsonl,medium,writer,4,5,total_active_cpu_ms,12562.5,12875.0,3.814166709282749,1.3124442315954887,7.372084916846657
hosted-stream-yield/windows-net10.0-writer/readers.jsonl,medium,writer,4,5,read_completion_fraction,1.0,1.0,0.0,0.0,0.0
hosted-stream-yield/windows-net10.0-writer/readers.jsonl,medium,writer,4,5,median_reader_api_p99_ms,42.317350000000005,41.22539999999999,-8.531062648811748,-18.066204955731926,-0.532836618056578
hosted-stream-yield/windows-net10.0-writer/readers.jsonl,medium,writer,4,5,median_reader_arrival_p99_ms,42.31680000000006,41.22435000000087,-8.533646170801568,-18.06901247367947,-0.5374103645512429
hosted-writer-repeat/ubuntu-net10.0-writer/readers.jsonl,large,writer,1,5,read_calls_per_second,33.15226868963141,146.16827023150196,406.5690218419105,288.3746565729,595.0901838743515
hosted-writer-repeat/ubuntu-net10.0-writer/readers.jsonl,large,writer,1,5,writer_transactions_per_second,33.16464383649878,38.63145736414252,12.757160951252589,-4.880940046839735,30.39526194934491
hosted-writer-repeat/ubuntu-net10.0-writer/readers.jsonl,large,writer,1,5,writer_p99_ms,166.386328,138.033438,3.5623132973157587,-52.864087619851965,74.99243925567592
hosted-writer-repeat/ubuntu-net10.0-writer/readers.jsonl,large,writer,1,5,total_active_cpu_ms,3763.068,5537.794,43.043982118724486,23.92698173871147,62.568247720954716
hosted-writer-repeat/ubuntu-net10.0-writer/readers.jsonl,large,writer,1,5,read_completion_fraction,1.0,1.0,0.0,0.0,0.0
hosted-writer-repeat/ubuntu-net10.0-writer/readers.jsonl,large,writer,1,5,median_reader_api_p99_ms,165.015828,46.571759,-72.34068474528678,-81.11187483364044,-62.817598677577976
hosted-writer-repeat/ubuntu-net10.0-writer/readers.jsonl,large,writer,1,5,median_reader_arrival_p99_ms,165.0152,46.571500000000015,-72.34079593729257,-81.11202806386314,-62.81769691512676
hosted-writer-repeat/ubuntu-net10.0-writer/readers.jsonl,large,writer,4,5,read_calls_per_second,149.1180598039308,556.7101686062508,411.8712710812607,260.8976196053782,562.8449225571433
hosted-writer-repeat/ubuntu-net10.0-writer/readers.jsonl,large,writer,4,5,writer_transactions_per_second,29.551817239581723,23.276903027432972,-3.487655958226688,-25.37180166242374,20.107774168090877
hosted-writer-repeat/ubuntu-net10.0-writer/readers.jsonl,large,writer,4,5,writer_p99_ms,227.076422,251.241213,53.20835025571588,-1.7070042997608894,111.20783921011942
hosted-writer-repeat/ubuntu-net10.0-writer/readers.jsonl,large,writer,4,5,total_active_cpu_ms,6954.089,10529.811,91.01976507156051,41.19941059125391,140.8401195518671
hosted-writer-repeat/ubuntu-net10.0-writer/readers.jsonl,large,writer,4,5,read_completion_fraction,1.0,1.0,0.0,0.0,0.0
hosted-writer-repeat/ubuntu-net10.0-writer/readers.jsonl,large,writer,4,5,median_reader_api_p99_ms,207.0056005,91.165926,-55.246907035767194,-78.7009786260671,-31.3235540207736
hosted-writer-repeat/ubuntu-net10.0-writer/readers.jsonl,large,writer,4,5,median_reader_arrival_p99_ms,207.00460000000004,91.16550000000007,-55.247017777283475,-78.70107521284557,-31.323661902530738
hosted-writer-repeat/ubuntu-net10.0-writer/readers.jsonl,medium,writer,1,5,read_calls_per_second,43.73211551173345,713.0871002543564,1528.3296100673824,1307.6902282523297,1748.9689918824351
hosted-writer-repeat/ubuntu-net10.0-writer/readers.jsonl,medium,writer,1,5,writer_transactions_per_second,43.73234518734827,37.16929778833386,-18.82918983679013,-31.805985934934178,-5.852393738646078
hosted-writer-repeat/ubuntu-net10.0-writer/readers.jsonl,medium,writer,1,5,writer_p99_ms,107.009396,183.380589,171.53420164238747,26.351094449832534,343.411502559778
hosted-writer-repeat/ubuntu-net10.0-writer/readers.jsonl,medium,writer,1,5,total_active_cpu_ms,3919.92,4794.621,19.843862926481364,5.3740645017016675,34.31366135126107
hosted-writer-repeat/ubuntu-net10.0-writer/readers.jsonl,medium,writer,1,5,read_completion_fraction,1.0,1.0,0.0,0.0,0.0
hosted-writer-repeat/ubuntu-net10.0-writer/readers.jsonl,medium,writer,1,5,median_reader_api_p99_ms,106.522816,14.017721,-78.46733626467233,-86.2286571191929,-68.43109484622144
hosted-writer-repeat/ubuntu-net10.0-writer/readers.jsonl,medium,writer,1,5,median_reader_arrival_p99_ms,106.52260000000024,14.017399999999952,-78.46772082288423,-86.22889754139757,-68.43165936433445
hosted-writer-repeat/ubuntu-net10.0-writer/readers.jsonl,medium,writer,4,5,read_calls_per_second,119.10471371666158,1590.6322666280344,1454.8405147037574,1223.8226734723187,1765.8878719696972
hosted-writer-repeat/ubuntu-net10.0-writer/readers.jsonl,medium,writer,4,5,writer_transactions_per_second,30.036757606858757,34.65357340479245,20.066752574782033,2.222199180865748,38.59566102057612
hosted-writer-repeat/ubuntu-net10.0-writer/readers.jsonl,medium,writer,4,5,writer_p99_ms,202.148585,161.181306,9.342628786431753,-43.708754158173335,61.90473115170364
hosted-writer-repeat/ubuntu-net10.0-writer/readers.jsonl,medium,writer,4,5,total_active_cpu_ms,3675.5519999999997,9524.008,184.6868552933082,158.63721697207887,209.19815358740948
hosted-writer-repeat/ubuntu-net10.0-writer/readers.jsonl,medium,writer,4,5,read_completion_fraction,1.0,1.0,0.0,0.0,0.0
hosted-writer-repeat/ubuntu-net10.0-writer/readers.jsonl,medium,writer,4,5,median_reader_api_p99_ms,202.2854235,28.700766,-85.62453535148786,-90.21526200456539,-80.54517975125367
hosted-writer-repeat/ubuntu-net10.0-writer/readers.jsonl,medium,writer,4,5,median_reader_arrival_p99_ms,202.28505000000018,28.700400000000172,-85.6246593873565,-90.21538640043119,-80.54534443688641
hosted-writer-repeat/ubuntu-net10.0-writer/readers.jsonl,point,writer,1,5,read_calls_per_second,38.68291143704357,6092.450666607952,17267.67347859085,13924.179121040414,20829.50322119696
hosted-writer-repeat/ubuntu-net10.0-writer/readers.jsonl,point,writer,1,5,writer_transactions_per_second,38.68227114149044,28.88049424763295,-21.94789514676475,-37.18187440802403,-6.992143395345671
hosted-writer-repeat/ubuntu-net10.0-writer/readers.jsonl,point,writer,1,5,writer_p99_ms,167.076853,229.156735,32.024732825171064,7.678417764724846,53.84120869854721
hosted-writer-repeat/ubuntu-net10.0-writer/readers.jsonl,point,writer,1,5,total_active_cpu_ms,3199.7439999999997,3940.4629999999997,19.04349757969216,3.437944053076181,30.884499237707917
hosted-writer-repeat/ubuntu-net10.0-writer/readers.jsonl,point,writer,1,5,read_completion_fraction,1.0,1.0,0.0,0.0,0.0
hosted-writer-repeat/ubuntu-net10.0-writer/readers.jsonl,point,writer,1,5,median_reader_api_p99_ms,167.164461,1.127555,-99.1539075366356,-99.36778731977103,-98.90309522140015
hosted-writer-repeat/ubuntu-net10.0-writer/readers.jsonl,point,writer,1,5,median_reader_arrival_p99_ms,167.1633,1.1274999999995998,-99.15397053528616,-99.36782737784151,-98.90317635260874
hosted-writer-repeat/ubuntu-net10.0-writer/readers.jsonl,point,writer,4,5,read_calls_per_second,380.4864596995217,19226.420948162762,5840.792965592887,3725.754744684301,8951.825776080066
hosted-writer-repeat/ubuntu-net10.0-writer/readers.jsonl,point,writer,4,5,writer_transactions_per_second,33.366682699990406,28.17578713732354,-13.391692072253825,-34.6798818876942,11.273641508622164
hosted-writer-repeat/ubuntu-net10.0-writer/readers.jsonl,point,writer,4,5,writer_p99_ms,172.013224,316.118733,63.02783574198015,-25.737195838537577,169.01626215589118
hosted-writer-repeat/ubuntu-net10.0-writer/readers.jsonl,point,writer,4,5,total_active_cpu_ms,3362.3570000000004,8617.712,159.08270260789203,111.39311956019947,212.20902857854958
hosted-writer-repeat/ubuntu-net10.0-writer/readers.jsonl,point,writer,4,5,read_completion_fraction,1.0,1.0,0.0,0.0,0.0
hosted-writer-repeat/ubuntu-net10.0-writer/readers.jsonl,point,writer,4,5,median_reader_api_p99_ms,125.129459,1.1430135,-97.84144182475296,-99.19827643430062,-95.4502647198724
hosted-writer-repeat/ubuntu-net10.0-writer/readers.jsonl,point,writer,4,5,median_reader_arrival_p99_ms,125.12909999999985,1.1429499999994732,-97.8415064272367,-99.19832786985651,-95.4503282470098
hosted-writer-repeat/windows-net10.0-writer/readers.jsonl,large,writer,1,5,read_calls_per_second,56.375455906565776,151.06526405318363,157.14915949312163,140.89344108365736,173.40487790258592
hosted-writer-repeat/windows-net10.0-writer/readers.jsonl,large,writer,1,5,writer_transactions_per_second,59.516988680038516,62.74762518473455,3.1327083494170904,1.2561748406293938,4.831074763054239
hosted-writer-repeat/windows-net10.0-writer/readers.jsonl,large,writer,1,5,writer_p99_ms,36.5275,35.7648,-8.999507465853206,-24.18239938353236,0.37833775456015173
hosted-writer-repeat/windows-net10.0-writer/readers.jsonl,large,writer,1,5,total_active_cpu_ms,9140.625,9296.875,5.518109463016163,1.2754731777544404,12.652505734180412
hosted-writer-repeat/windows-net10.0-writer/readers.jsonl,large,writer,1,5,read_completion_fraction,1.0,1.0,0.0,0.0,0.0
hosted-writer-repeat/windows-net10.0-writer/readers.jsonl,large,writer,1,5,median_reader_api_p99_ms,38.7267,42.5893,-3.4505958585922984,-18.0350078634708,9.29624277312219
hosted-writer-repeat/windows-net10.0-writer/readers.jsonl,large,writer,1,5,median_reader_arrival_p99_ms,38.72600000000011,42.58890000000065,-3.4494382585978967,-18.03475860952753,9.298255039573935
hosted-writer-repeat/windows-net10.0-writer/readers.jsonl,large,writer,4,5,read_calls_per_second,166.28439506215318,349.49166706666864,114.94749000238703,100.14673539200336,130.99254070216335
hosted-writer-repeat/windows-net10.0-writer/readers.jsonl,large,writer,4,5,writer_transactions_per_second,44.51607429030124,45.69503980342934,2.348451385359036,-3.4803476241725066,8.321199556096692
hosted-writer-repeat/windows-net10.0-writer/readers.jsonl,large,writer,4,5,writer_p99_ms,43.059,44.0619,1.9072783033078582,-10.376804801941633,15.96337210870115
hosted-writer-repeat/windows-net10.0-writer/readers.jsonl,large,writer,4,5,total_active_cpu_ms,12859.375,13796.875,8.403539379489548,5.006075334143376,12.26353429885747
hosted-writer-repeat/windows-net10.0-writer/readers.jsonl,large,writer,4,5,read_completion_fraction,1.0,1.0,0.0,0.0,0.0
hosted-writer-repeat/windows-net10.0-writer/readers.jsonl,large,writer,4,5,median_reader_api_p99_ms,48.997150000000005,55.74095,13.315409932889239,9.476272478596641,16.774721156848596
hosted-writer-repeat/windows-net10.0-writer/readers.jsonl,large,writer,4,5,median_reader_arrival_p99_ms,48.996350000000064,55.74000000000035,13.315726549791918,9.475998851537426,16.77537780351035
hosted-writer-repeat/windows-net10.0-writer/readers.jsonl,medium,writer,1,5,read_calls_per_second,66.37314741575001,438.4940978694427,547.9529957972088,502.23660686235087,593.6693847320666
hosted-writer-repeat/windows-net10.0-writer/readers.jsonl,medium,writer,1,5,writer_transactions_per_second,66.37665333972082,64.51449120306962,-2.5646427145212924,-6.413839914888939,1.2845544858463542
hosted-writer-repeat/windows-net10.0-writer/readers.jsonl,medium,writer,1,5,writer_p99_ms,31.7775,34.4187,10.664253049639472,0.42206525889032065,20.906440840388623
hosted-writer-repeat/windows-net10.0-writer/readers.jsonl,medium,writer,1,5,total_active_cpu_ms,7812.5,8859.375,11.109831914884984,6.525817245817246,15.952785129669186
hosted-writer-repeat/windows-net10.0-writer/readers.jsonl,medium,writer,1,5,read_completion_fraction,1.0,1.0,0.0,0.0,0.0
hosted-writer-repeat/windows-net10.0-writer/readers.jsonl,medium,writer,1,5,median_reader_api_p99_ms,32.0011,29.1208,-8.28017862755959,-15.89184447455113,-0.7432109172646142
hosted-writer-repeat/windows-net10.0-writer/readers.jsonl,medium,writer,1,5,median_reader_arrival_p99_ms,32.0002999999997,29.120499999999083,-8.281023758852642,-15.892052726886126,-0.7442175008220533
hosted-writer-repeat/windows-net10.0-writer/readers.jsonl,medium,writer,4,5,read_calls_per_second,207.15452643060073,1261.5609555045507,502.7548581927825,483.12912058584243,522.1440566445866
hosted-writer-repeat/windows-net10.0-writer/readers.jsonl,medium,writer,4,5,writer_transactions_per_second,51.794708652564054,53.45837036324703,2.8966872932877052,1.3992815940632175,4.255659955978275
hosted-writer-repeat/windows-net10.0-writer/readers.jsonl,medium,writer,4,5,writer_p99_ms,35.0272,38.6466,11.154488855472575,7.921536717397343,14.387440993547807
hosted-writer-repeat/windows-net10.0-writer/readers.jsonl,medium,writer,4,5,total_active_cpu_ms,8437.5,12546.875,46.88291165395266,39.77962132816934,53.59411449662055
hosted-writer-repeat/windows-net10.0-writer/readers.jsonl,medium,writer,4,5,read_completion_fraction,1.0,1.0,0.0,0.0,0.0
hosted-writer-repeat/windows-net10.0-writer/readers.jsonl,medium,writer,4,5,median_reader_api_p99_ms,34.6752,41.27635,18.870311844997847,15.724051642882895,22.0165720471128
hosted-writer-repeat/windows-net10.0-writer/readers.jsonl,medium,writer,4,5,median_reader_arrival_p99_ms,34.67450000000008,41.275100000000066,18.870067357392138,15.723918404157184,22.016216310627094
hosted-writer-repeat/windows-net10.0-writer/readers.jsonl,point,writer,1,5,read_calls_per_second,67.81440553493199,1825.5511001013285,2664.9535293053896,2603.51613194852,2728.8096063503954
hosted-writer-repeat/windows-net10.0-writer/readers.jsonl,point,writer,1,5,writer_transactions_per_second,67.81515352343503,65.08458016126819,-0.9107374251318644,-4.275512916057238,2.454038065793509
hosted-writer-repeat/windows-net10.0-writer/readers.jsonl,point,writer,1,5,writer_p99_ms,30.6968,34.7752,8.3528183377703,0.6809261326486806,16.651212758370256
hosted-writer-repeat/windows-net10.0-writer/readers.jsonl,point,writer,1,5,total_active_cpu_ms,7578.125,8156.25,9.142493702060564,5.673395263092522,13.328071985917498
hosted-writer-repeat/windows-net10.0-writer/readers.jsonl,point,writer,1,5,read_completion_fraction,1.0,1.0,0.0,0.0,0.0
hosted-writer-repeat/windows-net10.0-writer/readers.jsonl,point,writer,1,5,median_reader_api_p99_ms,30.7786,21.5258,-32.428078059781875,-36.67897075616209,-28.522091810859024
hosted-writer-repeat/windows-net10.0-writer/readers.jsonl,point,writer,1,5,median_reader_arrival_p99_ms,30.777900000000045,21.525700000000143,-32.43103879303876,-36.68174894548771,-28.52127166358442
hosted-writer-repeat/windows-net10.0-writer/readers.jsonl,point,writer,4,5,read_calls_per_second,240.13862063803597,4469.4253000720155,1694.0709204939378,1582.6278447330292,1805.4615435405813
hosted-writer-repeat/windows-net10.0-writer/readers.jsonl,point,writer,4,5,writer_transactions_per_second,59.25920063295622,57.582182248544896,-6.108733029409135,-8.33100337664885,-3.4276873376595147
hosted-writer-repeat/windows-net10.0-writer/readers.jsonl,point,writer,4,5,writer_p99_ms,34.7696,37.976,8.983631089989563,6.542771153727918,11.432936612761399
hosted-writer-repeat/windows-net10.0-writer/readers.jsonl,point,writer,4,5,total_active_cpu_ms,7609.375,11484.375,48.035953174105565,39.900234062374,55.800393134016396
hosted-writer-repeat/windows-net10.0-writer/readers.jsonl,point,writer,4,5,read_completion_fraction,1.0,1.0,0.0,0.0,0.0
hosted-writer-repeat/windows-net10.0-writer/readers.jsonl,point,writer,4,5,median_reader_api_p99_ms,35.07965,23.28135,-30.182142662159663,-32.83395569635605,-26.92083957858094
hosted-writer-repeat/windows-net10.0-writer/readers.jsonl,point,writer,4,5,median_reader_arrival_p99_ms,35.07905000000028,23.28065000000015,-30.182450180232458,-32.83489568315432,-26.91998726321633
