source,diagnostic,scenario,pairs,metric,baseline_median,candidate_median,mean_paired_percent,exploratory_95_low,exploratory_95_high
hosted-atomic-standard/ubuntu-net10.0-core/paired.jsonl,False,mixed,5,meanMs,0.24835084400000004,0.10757286599999998,-61.21481970511833,-70.70550164827945,-52.77022337025018
hosted-atomic-standard/ubuntu-net10.0-core/paired.jsonl,False,mixed,5,p99Ms,0.655989,0.679804,-1.086501634156815,-21.67648804661382,23.393690420967946
hosted-atomic-standard/ubuntu-net10.0-core/paired.jsonl,False,mixed,5,cpuMsPerOperation,0.18868533333333334,0.08191266666666666,-57.7440194844508,-61.25904493448896,-55.68855485903556
hosted-atomic-standard/ubuntu-net10.0-core/paired.jsonl,False,mixed,5,bytesPerOperation,314267.8,116083.41866666666,-63.061769904297805,-63.06615808330789,-63.056816284619345
hosted-atomic-standard/ubuntu-net10.0-core/paired.jsonl,False,mixed,5,closeMs,3.717835,4.176503,58.30488416960966,10.882299400707144,141.5590793121907
hosted-atomic-standard/ubuntu-net10.0-core/paired.jsonl,False,mixed,5,retainedManagedBytes,344952,349784,3.8476486729070647,1.5609226558504963,6.373027280859862
hosted-atomic-standard/ubuntu-net10.0-core/paired.jsonl,False,point,5,meanMs,0.07644212050000022,0.013532964399999927,-82.25450629486893,-82.38027666735671,-82.07963450229039
hosted-atomic-standard/ubuntu-net10.0-core/paired.jsonl,False,point,5,p99Ms,0.40639,0.022964,-94.3422149469291,-94.43169926945684,-94.24819511790898
hosted-atomic-standard/ubuntu-net10.0-core/paired.jsonl,False,point,5,cpuMsPerOperation,0.07760585,0.013622249999999999,-82.4180803382116,-82.59518792355584,-82.20795855504522
hosted-atomic-standard/ubuntu-net10.0-core/paired.jsonl,False,point,5,bytesPerOperation,278164.6852,26712.1412,-90.39700708084014,-90.39701105785072,-90.39700486034235
hosted-atomic-standard/ubuntu-net10.0-core/paired.jsonl,False,point,5,closeMs,1.065595,2.13083,103.5710629999918,98.01459107404092,110.57568389679655
hosted-atomic-standard/ubuntu-net10.0-core/paired.jsonl,False,point,5,retainedManagedBytes,473536,467536,-1.006918631719127,-1.2762378104399486,-0.47945668333559066
hosted-atomic-standard/ubuntu-net10.0-core/paired.jsonl,False,scan,5,meanMs,2.067136139,1.1632702629999994,-44.564414286387866,-45.311201073342474,-43.81762749943325
hosted-atomic-standard/ubuntu-net10.0-core/paired.jsonl,False,scan,5,p99Ms,2.93633,1.482381,-50.30914119814456,-52.66316893423722,-46.97228976410598
hosted-atomic-standard/ubuntu-net10.0-core/paired.jsonl,False,scan,5,cpuMsPerOperation,2.0797719999999997,1.1669200000000002,-44.708280970141985,-45.443572122256256,-43.97298981802771
hosted-atomic-standard/ubuntu-net10.0-core/paired.jsonl,False,scan,5,bytesPerOperation,4236381.8,3022169.224,-28.66154326564371,-28.6615477920957,-28.661538739191723
hosted-atomic-standard/ubuntu-net10.0-core/paired.jsonl,False,scan,5,closeMs,0.947711,2.020396,107.44301248797571,96.8641633054537,115.74153743429756
hosted-atomic-standard/ubuntu-net10.0-core/paired.jsonl,False,scan,5,retainedManagedBytes,322256,334776,3.5052877215629863,2.741174718236432,3.8895784717740023
hosted-atomic-standard/ubuntu-net10.0-traffic/paired.jsonl,False,balanced,5,meanMs,1.3418963819999998,1.3801633089999998,68.50048246888389,-44.70449798528148,249.47415245303142
hosted-atomic-standard/ubuntu-net10.0-traffic/paired.jsonl,False,balanced,5,p99Ms,30.709662,40.433414,386.2999044370473,-42.311835050060445,1207.3057213627617
hosted-atomic-standard/ubuntu-net10.0-traffic/paired.jsonl,False,balanced,5,cpuMsPerOperation,0.200337,0.244316,17.91740590584767,-3.342303307548318,46.42656940857918
hosted-atomic-standard/ubuntu-net10.0-traffic/paired.jsonl,False,balanced,5,bytesPerOperation,239599.008,240398.088,0.3321757955507998,0.31650786237393813,0.34784372872766145
hosted-atomic-standard/ubuntu-net10.0-traffic/paired.jsonl,False,balanced,5,closeMs,5.209411,25.337771,947.5368112497658,-73.24200034215319,2777.82638654705
hosted-atomic-standard/ubuntu-net10.0-traffic/paired.jsonl,False,balanced,5,retainedManagedBytes,407488,424160,4.906584150255053,2.7106752560503855,7.251105064461707
hosted-atomic-standard/ubuntu-net10.0-traffic/paired.jsonl,False,buffered,5,meanMs,0.07308105400000002,0.03600112700000004,-50.341990086746016,-51.74694314757081,-48.55616697866031
hosted-atomic-standard/ubuntu-net10.0-traffic/paired.jsonl,False,buffered,5,p99Ms,0.097242,0.052955,-46.821979136282046,-49.04878504461966,-44.152202283378145
hosted-atomic-standard/ubuntu-net10.0-traffic/paired.jsonl,False,buffered,5,cpuMsPerOperation,0.073464,0.036037999999999994,-50.58036316379682,-51.924606962204564,-48.880926108577476
hosted-atomic-standard/ubuntu-net10.0-traffic/paired.jsonl,False,buffered,5,bytesPerOperation,225578.184,87832.264,-61.063471528403845,-61.063493622237864,-61.0634273407358
hosted-atomic-standard/ubuntu-net10.0-traffic/paired.jsonl,False,buffered,5,closeMs,0.782381,2.088404,167.90147788913674,157.347045217027,182.01317473677796
hosted-atomic-standard/ubuntu-net10.0-traffic/paired.jsonl,False,buffered,5,retainedManagedBytes,377176,316560,-16.548802940833905,-17.65303202519571,-15.9171766254718
hosted-atomic-standard/ubuntu-net10.0-traffic/paired.jsonl,False,checkpoint,5,meanMs,10.182005970000002,14.490522812000005,79.2288882060732,-16.024223053644242,181.13376038643378
hosted-atomic-standard/ubuntu-net10.0-traffic/paired.jsonl,False,checkpoint,5,p99Ms,187.14077,225.089245,108.88199158114136,-17.725024291312643,246.86671120531415
hosted-atomic-standard/ubuntu-net10.0-traffic/paired.jsonl,False,checkpoint,5,cpuMsPerOperation,0.44433999999999996,0.471505,2.686442174396466,-4.281126516952551,9.654010865745484
hosted-atomic-standard/ubuntu-net10.0-traffic/paired.jsonl,False,checkpoint,5,bytesPerOperation,457285.984,458853.984,0.342920634978392,0.3428926437421653,0.3429766174508453
hosted-atomic-standard/ubuntu-net10.0-traffic/paired.jsonl,False,checkpoint,5,closeMs,1.017144,1.95947,95.75894709753656,81.27199859789769,110.24589559717542
hosted-atomic-standard/ubuntu-net10.0-traffic/paired.jsonl,False,checkpoint,5,retainedManagedBytes,418424,419360,0.2355238562825024,-2.0864682868742257,3.1919091155045987
hosted-atomic-standard/ubuntu-net10.0-traffic/paired.jsonl,False,churn,5,meanMs,8.265330221000006,7.360412082999996,21.568693964671752,-32.1380554933848,75.2754434227283
hosted-atomic-standard/ubuntu-net10.0-traffic/paired.jsonl,False,churn,5,p99Ms,130.892442,181.656218,41.069591944810256,-25.49318869565263,113.17370290678714
hosted-atomic-standard/ubuntu-net10.0-traffic/paired.jsonl,False,churn,5,cpuMsPerOperation,0.914135,0.926714,-0.6213711855089763,-7.816583688722713,5.216624680897621
hosted-atomic-standard/ubuntu-net10.0-traffic/paired.jsonl,False,churn,5,bytesPerOperation,1959244.968,1960792.104,-8.784019774690545,-24.86626270173592,1.5163968695439323
hosted-atomic-standard/ubuntu-net10.0-traffic/paired.jsonl,False,churn,5,closeMs,43.085023,6.45451,1371.8235906401583,-93.69102432403278,3097.44144867417
hosted-atomic-standard/ubuntu-net10.0-traffic/paired.jsonl,False,churn,5,retainedManagedBytes,413784,410168,0.8685590125775254,-2.2244141364802283,3.645565584713175
hosted-atomic-standard/ubuntu-net10.0-traffic/paired.jsonl,False,indexed,5,meanMs,1.8611053290000017,1.0958009500000006,-41.04346127774908,-42.41227897172187,-39.239642751747546
hosted-atomic-standard/ubuntu-net10.0-traffic/paired.jsonl,False,indexed,5,p99Ms,2.968682,1.437153,-51.011001036806114,-52.716791256147324,-48.54845136129677
hosted-atomic-standard/ubuntu-net10.0-traffic/paired.jsonl,False,indexed,5,cpuMsPerOperation,1.866881,1.098947,-41.10861197317686,-42.445952946891694,-39.30444831916738
hosted-atomic-standard/ubuntu-net10.0-traffic/paired.jsonl,False,indexed,5,bytesPerOperation,4239381.16,3025168.264,-28.64127903373406,-28.64128334281354,-28.641276879194322
hosted-atomic-standard/ubuntu-net10.0-traffic/paired.jsonl,False,indexed,5,closeMs,0.77939,2.006715,164.6908468992258,152.26205303262114,176.963780424353
hosted-atomic-standard/ubuntu-net10.0-traffic/paired.jsonl,False,indexed,5,retainedManagedBytes,324336,336864,3.48774729773091,1.5835615616846832,5.0170193873020485
hosted-atomic-standard/ubuntu-net10.0-traffic/paired.jsonl,False,open-close,5,meanMs,0.45333244999999994,0.8012481340000001,51.006345414545855,15.788183878244988,93.17832396845013
hosted-atomic-standard/ubuntu-net10.0-traffic/paired.jsonl,False,open-close,5,p99Ms,2.196341,3.749969,66.27160186039883,-19.69388461073986,177.94035358639243
hosted-atomic-standard/ubuntu-net10.0-traffic/paired.jsonl,False,open-close,5,cpuMsPerOperation,0.904894,2.4547440000000003,119.34622106425243,44.122399055478844,207.8973337385972
hosted-atomic-standard/ubuntu-net10.0-traffic/paired.jsonl,False,open-close,5,bytesPerOperation,185782.144,186661.264,0.4654032271657149,0.4571404774106069,0.4736659769208229
hosted-atomic-standard/ubuntu-net10.0-traffic/paired.jsonl,False,open-close,5,closeMs,0.010552,0.011221,-13.890542855888468,-47.317566991931464,16.251675405145495
hosted-atomic-standard/ubuntu-net10.0-traffic/paired.jsonl,False,open-close,5,retainedManagedBytes,480904,459880,-6.258404800804203,-11.554091008921565,-1.1036917470321828
hosted-atomic-standard/ubuntu-net10.0-traffic/paired.jsonl,False,random,5,meanMs,0.06286887199999996,0.010518832999999993,-83.57041056807648,-84.38656894914868,-82.90062118307308
hosted-atomic-standard/ubuntu-net10.0-traffic/paired.jsonl,False,random,5,p99Ms,0.676769,0.023819,-96.50970798739554,-96.66816126697555,-96.35125470781556
hosted-atomic-standard/ubuntu-net10.0-traffic/paired.jsonl,False,random,5,cpuMsPerOperation,0.063818,0.010549,-83.72961128059065,-84.5252465962373,-83.08573449781635
hosted-atomic-standard/ubuntu-net10.0-traffic/paired.jsonl,False,random,5,bytesPerOperation,281907.656,26725.896,-90.51963219767123,-90.51964554178736,-90.51961885355509
hosted-atomic-standard/ubuntu-net10.0-traffic/paired.jsonl,False,random,5,closeMs,0.791167,2.198179,175.67028981611043,147.79411744901248,203.54646218320838
hosted-atomic-standard/ubuntu-net10.0-traffic/paired.jsonl,False,random,5,retainedManagedBytes,311344,315552,1.4204138834108004,1.3464206793771538,1.5452747454582605
hosted-atomic-standard/ubuntu-net10.0-traffic/paired.jsonl,False,same-key,5,meanMs,0.048279934999999954,0.009252274,-80.55025929270282,-82.3298954879645,-78.62719317909003
hosted-atomic-standard/ubuntu-net10.0-traffic/paired.jsonl,False,same-key,5,p99Ms,0.071385,0.014986,-74.26720579385365,-80.26491847524674,-66.70978498114441
hosted-atomic-standard/ubuntu-net10.0-traffic/paired.jsonl,False,same-key,5,cpuMsPerOperation,0.048479,0.009285,-81.57715073073928,-82.85595775214473,-80.33987199693073
hosted-atomic-standard/ubuntu-net10.0-traffic/paired.jsonl,False,same-key,5,bytesPerOperation,159721.544,21976.264,-86.24087830522586,-86.2408893317485,-86.24085625218056
hosted-atomic-standard/ubuntu-net10.0-traffic/paired.jsonl,False,same-key,5,closeMs,0.815626,2.207349,161.8522755633372,144.7622466909466,178.60473162795512
hosted-atomic-standard/ubuntu-net10.0-traffic/paired.jsonl,False,same-key,5,retainedManagedBytes,387992,315520,-18.63244772834032,-18.696037976328654,-18.52236632350442
hosted-atomic-standard/ubuntu-net10.0-traffic/paired.jsonl,False,transaction,5,meanMs,2.167782692999999,2.0286616480000013,7.0731277727192365,-18.199711277274695,31.323939445071993
hosted-atomic-standard/ubuntu-net10.0-traffic/paired.jsonl,False,transaction,5,p99Ms,42.829135,53.49436,127.72002043816536,-24.201071150247376,331.4823832697498
hosted-atomic-standard/ubuntu-net10.0-traffic/paired.jsonl,False,transaction,5,cpuMsPerOperation,0.27906200000000003,0.28969900000000004,5.07129986530718,-12.678019711771068,25.381174435660412
hosted-atomic-standard/ubuntu-net10.0-traffic/paired.jsonl,False,transaction,5,bytesPerOperation,244620.168,245404.68,0.3200264590256019,0.3130890073829917,0.3274341582129381
hosted-atomic-standard/ubuntu-net10.0-traffic/paired.jsonl,False,transaction,5,closeMs,5.01595,16.598619,462.34203083351787,19.773623666291474,1060.2888870892446
hosted-atomic-standard/ubuntu-net10.0-traffic/paired.jsonl,False,transaction,5,retainedManagedBytes,400600,424280,4.489722287544045,0.4279851226534359,8.163925867493091
hosted-atomic-standard/ubuntu-net10.0-traffic/paired.jsonl,False,write,5,meanMs,3.4529805070000013,2.1465897089999997,-7.564534602042147,-35.366237520579,29.044314596472766
hosted-atomic-standard/ubuntu-net10.0-traffic/paired.jsonl,False,write,5,p99Ms,76.231814,52.708495,48.71687704035304,-29.498871477365775,154.82444804173903
hosted-atomic-standard/ubuntu-net10.0-traffic/paired.jsonl,False,write,5,cpuMsPerOperation,0.235662,0.248358,1.3867676314315163,-14.11173981790219,15.161564252244364
hosted-atomic-standard/ubuntu-net10.0-traffic/paired.jsonl,False,write,5,bytesPerOperation,244569.448,245389.456,0.324273389594687,0.3125578752601399,0.3347685721416349
hosted-atomic-standard/ubuntu-net10.0-traffic/paired.jsonl,False,write,5,closeMs,46.103579,6.430506,36.62529960118092,-69.4468161298679,147.80383881151855
hosted-atomic-standard/ubuntu-net10.0-traffic/paired.jsonl,False,write,5,retainedManagedBytes,400488,424152,4.162745512738725,1.940533129794948,5.525830093864985
hosted-atomic-standard/ubuntu-net10.0-traffic/paired.jsonl,False,write-heavy,5,meanMs,2.5344700980000003,2.7567071219999995,15.816606164980904,-31.532182507407377,66.24064938813402
hosted-atomic-standard/ubuntu-net10.0-traffic/paired.jsonl,False,write-heavy,5,p99Ms,78.872365,74.529457,17.08997870899065,-37.45839651044336,76.01686233297191
hosted-atomic-standard/ubuntu-net10.0-traffic/paired.jsonl,False,write-heavy,5,cpuMsPerOperation,0.26993599999999995,0.238519,-3.261694921813041,-23.55299870147033,19.051463805163934
hosted-atomic-standard/ubuntu-net10.0-traffic/paired.jsonl,False,write-heavy,5,bytesPerOperation,243659.456,244445.912,0.3241682411131963,0.3161463226440331,0.33337917832197306
hosted-atomic-standard/ubuntu-net10.0-traffic/paired.jsonl,False,write-heavy,5,closeMs,15.906699,14.806825,405.8212298415807,-55.99492073311119,963.0563385914517
hosted-atomic-standard/ubuntu-net10.0-traffic/paired.jsonl,False,write-heavy,5,retainedManagedBytes,412792,433752,3.4514819117754048,0.875967470243566,5.329560650400196
hosted-atomic-standard/ubuntu-net8.0-core/paired.jsonl,False,mixed,5,meanMs,0.2755294663333332,0.1342617520000001,-51.55961276991176,-52.3155458267963,-50.93513821562091
hosted-atomic-standard/ubuntu-net8.0-core/paired.jsonl,False,mixed,5,p99Ms,0.857673,0.830143,-1.4563399432743962,-6.602666241678274,3.689986355129482
hosted-atomic-standard/ubuntu-net8.0-core/paired.jsonl,False,mixed,5,cpuMsPerOperation,0.26,0.11,-57.86681905235607,-59.097120885738775,-56.63651721897337
hosted-atomic-standard/ubuntu-net8.0-core/paired.jsonl,False,mixed,5,bytesPerOperation,314487.98933333333,116284.424,-63.02342435581939,-63.025196953221,-63.021244154339385
hosted-atomic-standard/ubuntu-net8.0-core/paired.jsonl,False,mixed,5,closeMs,3.89859,4.493601,11.554946766957702,7.1763975338097366,16.169535630627877
hosted-atomic-standard/ubuntu-net8.0-core/paired.jsonl,False,mixed,5,retainedManagedBytes,427120,435208,1.8746992486045988,1.853856034745558,1.8951824538963802
hosted-atomic-standard/ubuntu-net8.0-core/paired.jsonl,False,point,5,meanMs,0.12707387235000017,0.021267328349999795,-83.18336278999689,-83.35049222941197,-83.0292538382337
hosted-atomic-standard/ubuntu-net8.0-core/paired.jsonl,False,point,5,p99Ms,0.649156,0.042339,-93.47040676210115,-93.58233670324171,-93.35283293804181
hosted-atomic-standard/ubuntu-net8.0-core/paired.jsonl,False,point,5,cpuMsPerOperation,0.1295,0.0215,-83.38484261849572,-83.59017099236641,-82.99992192823075
hosted-atomic-standard/ubuntu-net8.0-core/paired.jsonl,False,point,5,bytesPerOperation,278371.5956,26864.4644,-90.34942754202707,-90.34943175764703,-90.34942332640713
hosted-atomic-standard/ubuntu-net8.0-core/paired.jsonl,False,point,5,closeMs,1.173161,2.446247,107.51223913557486,103.47994543727555,111.89212363896986
hosted-atomic-standard/ubuntu-net8.0-core/paired.jsonl,False,point,5,retainedManagedBytes,563904,557304,-1.1721044040003714,-1.1738068214331254,-1.1704119850187267
hosted-atomic-standard/ubuntu-net8.0-core/paired.jsonl,False,scan,5,meanMs,2.940800072,1.7901004930000006,-39.46903225785139,-39.929351202703934,-38.87709769001924
hosted-atomic-standard/ubuntu-net8.0-core/paired.jsonl,False,scan,5,p99Ms,4.154224,2.171564,-47.42165500558286,-48.171305253296126,-46.66607480050609
hosted-atomic-standard/ubuntu-net8.0-core/paired.jsonl,False,scan,5,cpuMsPerOperation,2.96,1.8,-39.537076911751655,-40.17098927422101,-38.889142704993134
hosted-atomic-standard/ubuntu-net8.0-core/paired.jsonl,False,scan,5,bytesPerOperation,4364553.16,3150295.688,-27.820887476499944,-27.82089128675666,-27.820882554918064
hosted-atomic-standard/ubuntu-net8.0-core/paired.jsonl,False,scan,5,closeMs,1.066646,2.292209,111.58571544017155,101.63320780077309,118.7733722408648
hosted-atomic-standard/ubuntu-net8.0-core/paired.jsonl,False,scan,5,retainedManagedBytes,412704,424856,2.9444832131503507,2.9444832131503507,2.9444832131503507
hosted-atomic-standard/ubuntu-net8.0-traffic/paired.jsonl,False,balanced,5,meanMs,0.3255116330000001,0.32804557800000006,-1.8310480588884288,-6.684528183932926,3.78331490997178
hosted-atomic-standard/ubuntu-net8.0-traffic/paired.jsonl,False,balanced,5,p99Ms,2.220533,2.110956,-3.926956911601822,-7.473559913661705,0.0721345482866731
hosted-atomic-standard/ubuntu-net8.0-traffic/paired.jsonl,False,balanced,5,cpuMsPerOperation,0.2,0.2,-2.7229437229437248,-7.532467532467531,1.999999999999993
hosted-atomic-standard/ubuntu-net8.0-traffic/paired.jsonl,False,balanced,5,bytesPerOperation,239969.76,240744.984,0.32553293467235456,0.3187223063825728,0.3312979751259082
hosted-atomic-standard/ubuntu-net8.0-traffic/paired.jsonl,False,balanced,5,closeMs,3.123921,3.778992,76.7779426919718,-17.56395430817252,228.5309538122308
hosted-atomic-standard/ubuntu-net8.0-traffic/paired.jsonl,False,balanced,5,retainedManagedBytes,411496,423688,3.297859362674711,1.242762682034293,5.352956043315129
hosted-atomic-standard/ubuntu-net8.0-traffic/paired.jsonl,False,buffered,5,meanMs,0.07131399100000003,0.03650627200000001,-48.54344965854245,-49.54932899689223,-47.711578462582494
hosted-atomic-standard/ubuntu-net8.0-traffic/paired.jsonl,False,buffered,5,p99Ms,0.35999,0.052039,-85.06998605245234,-86.24156138362218,-83.89841072128249
hosted-atomic-standard/ubuntu-net8.0-traffic/paired.jsonl,False,buffered,5,cpuMsPerOperation,0.07000010000000001,0.04,-51.428600255063095,-55.714298214270094,-47.142902295856096
hosted-atomic-standard/ubuntu-net8.0-traffic/paired.jsonl,False,buffered,5,bytesPerOperation,228967.48,91158.728,-60.18704140867514,-60.18704140867514,-60.18704140867514
hosted-atomic-standard/ubuntu-net8.0-traffic/paired.jsonl,False,buffered,5,closeMs,0.729127,1.705471,140.42738189737338,129.61032013300695,151.1922598051137
hosted-atomic-standard/ubuntu-net8.0-traffic/paired.jsonl,False,buffered,5,retainedManagedBytes,407672,406328,-0.3339939951725901,-0.34262838752722846,-0.3296767989952709
hosted-atomic-standard/ubuntu-net8.0-traffic/paired.jsonl,False,checkpoint,5,meanMs,2.1548170380000022,2.0384006150000014,-3.3931353836113987,-6.3565487517412205,-0.4297220154815773
hosted-atomic-standard/ubuntu-net8.0-traffic/paired.jsonl,False,checkpoint,5,p99Ms,7.411463,5.011691,-24.074018192079077,-42.919208238391036,-8.958583116167274
hosted-atomic-standard/ubuntu-net8.0-traffic/paired.jsonl,False,checkpoint,5,cpuMsPerOperation,0.7,0.69,-1.142859795917992,-4.285722244896826,1.1596638655462144
hosted-atomic-standard/ubuntu-net8.0-traffic/paired.jsonl,False,checkpoint,5,bytesPerOperation,458940.776,460508.776,0.34165610275912695,0.34157652492460056,0.34173568062875415
hosted-atomic-standard/ubuntu-net8.0-traffic/paired.jsonl,False,checkpoint,5,closeMs,0.897101,1.919597,165.3115315654757,76.7528207159224,300.67721514780845
hosted-atomic-standard/ubuntu-net8.0-traffic/paired.jsonl,False,checkpoint,5,retainedManagedBytes,442520,449480,2.692207633117334,0.4772301674848789,4.917971214881971
hosted-atomic-standard/ubuntu-net8.0-traffic/paired.jsonl,False,churn,5,meanMs,1.6249166280000005,1.5766502610000017,-0.6369409199372877,-4.202932753234314,2.9796854840000853
hosted-atomic-standard/ubuntu-net8.0-traffic/paired.jsonl,False,churn,5,p99Ms,4.401484,4.079126,-2.389041706330676,-22.047165981355572,15.98092063198917
hosted-atomic-standard/ubuntu-net8.0-traffic/paired.jsonl,False,churn,5,cpuMsPerOperation,0.94,0.94,0.06606887562021554,-4.193262411347511,3.4958278436539247
hosted-atomic-standard/ubuntu-net8.0-traffic/paired.jsonl,False,churn,5,bytesPerOperation,1633272.152,1613013.288,0.43503378949824034,-7.636920164798413,9.117058904300848
hosted-atomic-standard/ubuntu-net8.0-traffic/paired.jsonl,False,churn,5,closeMs,4.360232,5.035301,17.782163085624447,12.472916130401327,23.760668176444685
hosted-atomic-standard/ubuntu-net8.0-traffic/paired.jsonl,False,churn,5,retainedManagedBytes,439168,451336,2.7778665963648597,1.1003559274149732,4.451720813650648
hosted-atomic-standard/ubuntu-net8.0-traffic/paired.jsonl,False,indexed,5,meanMs,1.8366775139999996,1.037849013999999,-43.18760257761271,-44.52625861291577,-41.848946542309655
hosted-atomic-standard/ubuntu-net8.0-traffic/paired.jsonl,False,indexed,5,p99Ms,2.749439,1.320983,-53.59028057148618,-59.09520906775346,-49.095490495082885
hosted-atomic-standard/ubuntu-net8.0-traffic/paired.jsonl,False,indexed,5,cpuMsPerOperation,1.84,1.05,-42.96423007741595,-44.32329687648836,-41.60516327834354
hosted-atomic-standard/ubuntu-net8.0-traffic/paired.jsonl,False,indexed,5,bytesPerOperation,4367745.16,3153487.688,-27.800553631371304,-27.800558550741762,-27.800548712000847
hosted-atomic-standard/ubuntu-net8.0-traffic/paired.jsonl,False,indexed,5,closeMs,0.697929,1.698814,169.43776827770077,129.27928780246845,237.46876183643207
hosted-atomic-standard/ubuntu-net8.0-traffic/paired.jsonl,False,indexed,5,retainedManagedBytes,414832,426760,2.8753808770779488,2.8753808770779488,2.8753808770779488
hosted-atomic-standard/ubuntu-net8.0-traffic/paired.jsonl,False,open-close,5,meanMs,0.7749016330000003,0.7861913419999998,-2.2141139919935027,-15.99813294272511,8.369376887119454
hosted-atomic-standard/ubuntu-net8.0-traffic/paired.jsonl,False,open-close,5,p99Ms,8.843222,7.487395,-7.449013090559877,-24.816302503848075,10.837988815999086
hosted-atomic-standard/ubuntu-net8.0-traffic/paired.jsonl,False,open-close,5,cpuMsPerOperation,2.28,2.26,-2.7545938008388515,-20.817108478329732,11.836145622314088
hosted-atomic-standard/ubuntu-net8.0-traffic/paired.jsonl,False,open-close,5,bytesPerOperation,186507.152,187395.2,0.47949153924047305,0.4761521004639979,0.4834317071582417
hosted-atomic-standard/ubuntu-net8.0-traffic/paired.jsonl,False,open-close,5,closeMs,0.013831,0.021072,40.54111923515517,24.438731953253082,59.47530483741603
hosted-atomic-standard/ubuntu-net8.0-traffic/paired.jsonl,False,open-close,5,retainedManagedBytes,457088,464240,1.6616270428802982,-1.392109730724509,5.064725284092857
hosted-atomic-standard/ubuntu-net8.0-traffic/paired.jsonl,False,random,5,meanMs,0.06285925299999999,0.01181506,-80.84800561579945,-81.38357643320431,-80.3124347983946
hosted-atomic-standard/ubuntu-net8.0-traffic/paired.jsonl,False,random,5,p99Ms,0.532596,0.020922,-95.9664316917439,-96.15975331957675,-95.77311006391105
hosted-atomic-standard/ubuntu-net8.0-traffic/paired.jsonl,False,random,5,cpuMsPerOperation,0.06,0.01,-83.80952380952381,-84.76190476190477,-83.33333333333333
hosted-atomic-standard/ubuntu-net8.0-traffic/paired.jsonl,False,random,5,bytesPerOperation,282120.504,26884.36,-90.47061606949862,-90.47062925630982,-90.4706028826874
hosted-atomic-standard/ubuntu-net8.0-traffic/paired.jsonl,False,random,5,closeMs,0.723024,1.723258,402.4281798164806,121.52917798454052,947.8957121233125
hosted-atomic-standard/ubuntu-net8.0-traffic/paired.jsonl,False,random,5,retainedManagedBytes,401744,405336,1.2023577203393154,0.8905173443785097,1.8224541001234542
hosted-atomic-standard/ubuntu-net8.0-traffic/paired.jsonl,False,same-key,5,meanMs,0.046246644999999996,0.010783903000000023,-76.37786321301806,-76.96609914525592,-75.54827800427184
hosted-atomic-standard/ubuntu-net8.0-traffic/paired.jsonl,False,same-key,5,p99Ms,0.102495,0.01981,-83.87038963000703,-88.81666283687187,-80.6613964749665
hosted-atomic-standard/ubuntu-net8.0-traffic/paired.jsonl,False,same-key,5,cpuMsPerOperation,0.05,0.01,-84.000007999984,-96.00000799998399,-72.0
hosted-atomic-standard/ubuntu-net8.0-traffic/paired.jsonl,False,same-key,5,bytesPerOperation,159940.44,22134.728,-86.160661020382,-86.16068261773383,-86.16064329946823
hosted-atomic-standard/ubuntu-net8.0-traffic/paired.jsonl,False,same-key,5,closeMs,0.772098,1.611568,115.66279936762237,109.01359466409413,122.31200407115061
hosted-atomic-standard/ubuntu-net8.0-traffic/paired.jsonl,False,same-key,5,retainedManagedBytes,411912,405336,-1.921127476854334,-2.5681368441270713,-1.5964574957757938
hosted-atomic-standard/ubuntu-net8.0-traffic/paired.jsonl,False,transaction,5,meanMs,0.4998705519999998,0.5304968660000001,41.11581161689181,1.7547399902274918,115.61797067431505
hosted-atomic-standard/ubuntu-net8.0-traffic/paired.jsonl,False,transaction,5,p99Ms,2.164354,2.227312,126.54387951860171,0.7324893769589114,370.5076897808169
hosted-atomic-standard/ubuntu-net8.0-traffic/paired.jsonl,False,transaction,5,cpuMsPerOperation,0.28,0.29,3.754789272030652,-1.37931034482758,9.680715197956577
hosted-atomic-standard/ubuntu-net8.0-traffic/paired.jsonl,False,transaction,5,bytesPerOperation,245321.632,246113.52,0.32099712423930615,0.3098100954684879,0.3323891797329992
hosted-atomic-standard/ubuntu-net8.0-traffic/paired.jsonl,False,transaction,5,closeMs,3.92722,4.649294,149.76512168623086,13.471241443433353,331.5921733719376
hosted-atomic-standard/ubuntu-net8.0-traffic/paired.jsonl,False,transaction,5,retainedManagedBytes,411624,423816,2.3783960071609367,-0.5360632603194371,4.739787716962218
hosted-atomic-standard/ubuntu-net8.0-traffic/paired.jsonl,False,write,5,meanMs,0.49136750900000004,0.48737469400000005,-1.1781441952627247,-3.494801068059117,1.0930683779149275
hosted-atomic-standard/ubuntu-net8.0-traffic/paired.jsonl,False,write,5,p99Ms,2.167465,2.161376,-2.6793424000080974,-7.219669119795304,1.3299765256142515
hosted-atomic-standard/ubuntu-net8.0-traffic/paired.jsonl,False,write,5,cpuMsPerOperation,0.25,0.24,-1.5304267826086981,-3.9999920000000033,1.8086956521739104
hosted-atomic-standard/ubuntu-net8.0-traffic/paired.jsonl,False,write,5,bytesPerOperation,245181.168,245953.192,0.31895305863860024,0.30480530176193454,0.33310081551526594
hosted-atomic-standard/ubuntu-net8.0-traffic/paired.jsonl,False,write,5,closeMs,3.984761,4.827925,87.27018771825674,-9.824120476030604,258.7025036156702
hosted-atomic-standard/ubuntu-net8.0-traffic/paired.jsonl,False,write,5,retainedManagedBytes,411488,423680,2.153809390739303,0.9595858565698201,2.9629053581149423
hosted-atomic-standard/ubuntu-net8.0-traffic/paired.jsonl,False,write-heavy,5,meanMs,0.47218809199999956,0.46303970200000005,-12.619095733592413,-34.05965155610601,-0.060993661316988135
hosted-atomic-standard/ubuntu-net8.0-traffic/paired.jsonl,False,write-heavy,5,p99Ms,2.261494,2.315545,-17.361605361866104,-50.840182639033806,1.0453964100942414
hosted-atomic-standard/ubuntu-net8.0-traffic/paired.jsonl,False,write-heavy,5,cpuMsPerOperation,0.24,0.25,0.10033444816053513,-3.205128205128207,3.405797101449277
hosted-atomic-standard/ubuntu-net8.0-traffic/paired.jsonl,False,write-heavy,5,bytesPerOperation,244187.104,244982.088,0.3251265556876515,0.3225270661972024,0.32834758586069324
hosted-atomic-standard/ubuntu-net8.0-traffic/paired.jsonl,False,write-heavy,5,closeMs,2.998451,3.952324,86.47706530837662,21.964826366827868,201.4862742952254
hosted-atomic-standard/ubuntu-net8.0-traffic/paired.jsonl,False,write-heavy,5,retainedManagedBytes,411528,423720,2.706576570687196,1.1714561434315462,4.498008337343742
hosted-atomic-standard/windows-net10.0-core/paired.jsonl,False,mixed,5,meanMs,0.42631236666666594,0.20215520000000026,-52.2759421413941,-53.11820200560885,-51.29477360904362
hosted-atomic-standard/windows-net10.0-core/paired.jsonl,False,mixed,5,p99Ms,1.2092,1.1469,-4.691531751748668,-8.765749346982783,-1.7470143666644211
hosted-atomic-standard/windows-net10.0-core/paired.jsonl,False,mixed,5,cpuMsPerOperation,0.3958333333333333,0.17708333333333334,-55.97619725114637,-59.74069613223419,-53.44813561828702
hosted-atomic-standard/windows-net10.0-core/paired.jsonl,False,mixed,5,bytesPerOperation,318667.11733333336,117650.43466666667,-63.0842302255072,-63.09460629246142,-63.073854158552976
hosted-atomic-standard/windows-net10.0-core/paired.jsonl,False,mixed,5,closeMs,6.8003,7.0431,36.01261397980629,2.1522940648504107,98.73717072154514
hosted-atomic-standard/windows-net10.0-core/paired.jsonl,False,mixed,5,retainedManagedBytes,516520,525512,2.6084687433624665,0.8726018356043429,4.14917286224509
hosted-atomic-standard/windows-net10.0-core/paired.jsonl,False,point,5,meanMs,0.20757981499999914,0.028026889999999957,-86.44032473951111,-86.64382289276308,-86.18884455460608
hosted-atomic-standard/windows-net10.0-core/paired.jsonl,False,point,5,p99Ms,0.7899,0.0713,-91.02098613572467,-91.28739841014402,-90.80731553134115
hosted-atomic-standard/windows-net10.0-core/paired.jsonl,False,point,5,cpuMsPerOperation,0.20625,0.028125,-86.34337033612819,-86.61600389056473,-86.07073678169165
hosted-atomic-standard/windows-net10.0-core/paired.jsonl,False,point,5,bytesPerOperation,280143.0144,26712.1256,-90.4648246969489,-90.46482538313117,-90.46482355331173
hosted-atomic-standard/windows-net10.0-core/paired.jsonl,False,point,5,closeMs,2.7767,4.3979,58.27499574955317,43.81683882121159,71.81783912956217
hosted-atomic-standard/windows-net10.0-core/paired.jsonl,False,point,5,retainedManagedBytes,643168,637368,-0.870690084083785,-0.9017861585153497,-0.8084979352206556
hosted-atomic-standard/windows-net10.0-core/paired.jsonl,False,scan,5,meanMs,2.734963500000002,1.5431501000000007,-45.51708737461928,-51.012273683223846,-41.34492885316384
hosted-atomic-standard/windows-net10.0-core/paired.jsonl,False,scan,5,p99Ms,5.4011,2.295,-51.76248219353443,-67.99682442784504,-34.19881559271642
hosted-atomic-standard/windows-net10.0-core/paired.jsonl,False,scan,5,cpuMsPerOperation,2.65625,1.515625,-45.01346563443521,-49.436264022082945,-41.96358543417367
hosted-atomic-standard/windows-net10.0-core/paired.jsonl,False,scan,5,bytesPerOperation,4238051.04,3022024.912,-28.6930540944902,-28.693063732082855,-28.693047445089054
hosted-atomic-standard/windows-net10.0-core/paired.jsonl,False,scan,5,closeMs,2.6045,4.3302,71.61817950215136,61.65985930387561,87.82399178777608
hosted-atomic-standard/windows-net10.0-core/paired.jsonl,False,scan,5,retainedManagedBytes,467256,479984,2.7400932157955316,2.6438932553445538,2.85239782902734
hosted-atomic-standard/windows-net10.0-traffic/paired.jsonl,False,balanced,5,meanMs,0.43907619999999986,0.4475622999999999,4.383090073734143,1.4822611604750557,7.493655593960371
hosted-atomic-standard/windows-net10.0-traffic/paired.jsonl,False,balanced,5,p99Ms,1.7291,1.8295,2.5585065320524203,-2.793035527320473,7.806238912626408
hosted-atomic-standard/windows-net10.0-traffic/paired.jsonl,False,balanced,5,cpuMsPerOperation,0.40625,0.421875,2.4384615384615405,-4.030769230769229,8.846153846153845
hosted-atomic-standard/windows-net10.0-traffic/paired.jsonl,False,balanced,5,bytesPerOperation,245828.104,246407.968,0.23532878260877688,0.22166210348617987,0.25137115905609964
hosted-atomic-standard/windows-net10.0-traffic/paired.jsonl,False,balanced,5,closeMs,4.3116,5.4994,38.047241125614185,-0.6876754257327995,88.09787033153049
hosted-atomic-standard/windows-net10.0-traffic/paired.jsonl,False,balanced,5,retainedManagedBytes,500528,513496,2.3744561176904,1.9528284432160035,2.589905060256368
hosted-atomic-standard/windows-net10.0-traffic/paired.jsonl,False,buffered,5,meanMs,0.16994679999999993,0.04699409999999988,-73.14435596527497,-75.98554241195322,-70.30316951859673
hosted-atomic-standard/windows-net10.0-traffic/paired.jsonl,False,buffered,5,p99Ms,0.5484,0.0795,-85.96642702017712,-87.56138865525104,-84.37146538510319
hosted-atomic-standard/windows-net10.0-traffic/paired.jsonl,False,buffered,5,cpuMsPerOperation,0.171875,0.046875,-73.64435564435564,-76.74325674325675,-70.54545454545455
hosted-atomic-standard/windows-net10.0-traffic/paired.jsonl,False,buffered,5,bytesPerOperation,227582.448,87832.288,-61.406359325263736,-61.4063875435596,-61.40633110696787
hosted-atomic-standard/windows-net10.0-traffic/paired.jsonl,False,buffered,5,closeMs,2.1282,3.4386,54.98255924878416,36.3287937715841,66.37897543466201
hosted-atomic-standard/windows-net10.0-traffic/paired.jsonl,False,buffered,5,retainedManagedBytes,486960,486392,-1.1000143782537752,-2.0833867325220035,-0.11664202398554702
hosted-atomic-standard/windows-net10.0-traffic/paired.jsonl,False,checkpoint,5,meanMs,1.6173620000000006,1.6226085999999988,1.0897118835018094,-1.3868046167041848,3.3256109674149803
hosted-atomic-standard/windows-net10.0-traffic/paired.jsonl,False,checkpoint,5,p99Ms,2.249,2.1845,-6.58110122466313,-17.18990172851469,3.198571232369498
hosted-atomic-standard/windows-net10.0-traffic/paired.jsonl,False,checkpoint,5,cpuMsPerOperation,1.328125,1.40625,6.630734864539775,0.8791208791208781,11.718966067439629
hosted-atomic-standard/windows-net10.0-traffic/paired.jsonl,False,checkpoint,5,bytesPerOperation,472645.064,473812.728,0.24705152359243865,0.24699722651374767,0.24710582067112963
hosted-atomic-standard/windows-net10.0-traffic/paired.jsonl,False,checkpoint,5,closeMs,2.2335,3.2939,52.85142629337101,43.894731065185155,61.80812152155687
hosted-atomic-standard/windows-net10.0-traffic/paired.jsonl,False,checkpoint,5,retainedManagedBytes,495184,502920,1.562247568580566,1.562247568580566,1.562247568580566
hosted-atomic-standard/windows-net10.0-traffic/paired.jsonl,False,churn,5,meanMs,1.657997100000001,1.6638290000000004,-0.9094334201127331,-3.357268809904781,1.3559590129696764
hosted-atomic-standard/windows-net10.0-traffic/paired.jsonl,False,churn,5,p99Ms,3.1477,3.193,-0.7440489903651116,-9.17126861436399,5.080608419970796
hosted-atomic-standard/windows-net10.0-traffic/paired.jsonl,False,churn,5,cpuMsPerOperation,1.515625,1.453125,-1.0401846479391887,-8.609473181683292,7.953846153846152
hosted-atomic-standard/windows-net10.0-traffic/paired.jsonl,False,churn,5,bytesPerOperation,1212163.72,1196353.736,-6.146085867997919,-17.10773530710781,1.765149772102994
hosted-atomic-standard/windows-net10.0-traffic/paired.jsonl,False,churn,5,closeMs,6.2023,6.9914,10.661072684916665,7.47996338731554,13.680343844448842
hosted-atomic-standard/windows-net10.0-traffic/paired.jsonl,False,churn,5,retainedManagedBytes,491136,516392,3.64051513158143,1.637599603761761,5.142363825905649
hosted-atomic-standard/windows-net10.0-traffic/paired.jsonl,False,indexed,5,meanMs,2.1395131,1.2432399999999995,-41.76830321849915,-43.185698069549126,-40.35090836744917
hosted-atomic-standard/windows-net10.0-traffic/paired.jsonl,False,indexed,5,p99Ms,3.7643,1.8776,-50.37892211825101,-54.450420117178304,-44.68472723009998
hosted-atomic-standard/windows-net10.0-traffic/paired.jsonl,False,indexed,5,cpuMsPerOperation,2.140625,1.21875,-42.831425971678,-44.143334422776626,-41.71781756180733
hosted-atomic-standard/windows-net10.0-traffic/paired.jsonl,False,indexed,5,bytesPerOperation,4241051.12,3025024.912,-28.67275245933497,-28.672755257899375,-28.672749660770563
hosted-atomic-standard/windows-net10.0-traffic/paired.jsonl,False,indexed,5,closeMs,2.0205,3.3462,65.26612873850446,63.00159936230067,67.53065811470826
hosted-atomic-standard/windows-net10.0-traffic/paired.jsonl,False,indexed,5,retainedManagedBytes,469360,482088,2.7117777399011445,2.7117777399011445,2.7117777399011445
hosted-atomic-standard/windows-net10.0-traffic/paired.jsonl,False,open-close,5,meanMs,1.3946995000000022,1.4650720999999995,2.275723436800779,-11.179376553410535,14.318946907820976
hosted-atomic-standard/windows-net10.0-traffic/paired.jsonl,False,open-close,5,p99Ms,5.8277,5.8065,7.972292539309346,-14.359493421500044,30.304078500118738
hosted-atomic-standard/windows-net10.0-traffic/paired.jsonl,False,open-close,5,cpuMsPerOperation,2.375,2.25,-4.320035392516361,-19.474863115978103,11.907640067911714
hosted-atomic-standard/windows-net10.0-traffic/paired.jsonl,False,open-close,5,bytesPerOperation,190173.176,190861.176,0.3620157548161673,0.3606277889315379,0.36325485227212795
hosted-atomic-standard/windows-net10.0-traffic/paired.jsonl,False,open-close,5,closeMs,0.0161,0.0119,-7.404522729747455,-29.93158827355719,24.115535612265134
hosted-atomic-standard/windows-net10.0-traffic/paired.jsonl,False,open-close,5,retainedManagedBytes,498304,514120,2.8974114150791785,-0.029385368491401387,5.8242081986497585
hosted-atomic-standard/windows-net10.0-traffic/paired.jsonl,False,random,5,meanMs,0.14592780000000005,0.01861190000000003,-87.4542175980985,-87.75911805457228,-87.16250145711373
hosted-atomic-standard/windows-net10.0-traffic/paired.jsonl,False,random,5,p99Ms,0.8121,0.0355,-95.47194701507817,-95.91030764596225,-94.8798671069325
hosted-atomic-standard/windows-net10.0-traffic/paired.jsonl,False,random,5,cpuMsPerOperation,0.140625,0.03125,-84.88888888888889,-93.33333333333334,-78.22222222222223
hosted-atomic-standard/windows-net10.0-traffic/paired.jsonl,False,random,5,bytesPerOperation,283887.632,26725.92,-90.58573992402741,-90.58573992402741,-90.58573992402741
hosted-atomic-standard/windows-net10.0-traffic/paired.jsonl,False,random,5,closeMs,2.094,3.4459,68.22435492785068,61.03505411730225,78.37134624292891
hosted-atomic-standard/windows-net10.0-traffic/paired.jsonl,False,random,5,retainedManagedBytes,481008,485376,0.908093004690147,0.908093004690147,0.908093004690147
hosted-atomic-standard/windows-net10.0-traffic/paired.jsonl,False,same-key,5,meanMs,0.12524399999999986,0.017356299999999967,-86.2452312201837,-86.60748533266708,-85.8829771077003
hosted-atomic-standard/windows-net10.0-traffic/paired.jsonl,False,same-key,5,p99Ms,0.2526,0.034,-86.79252586909175,-91.23153739005143,-82.20285644588714
hosted-atomic-standard/windows-net10.0-traffic/paired.jsonl,False,same-key,5,cpuMsPerOperation,0.125,0.015625,-83.33333333333333,-88.05555555555556,-78.05555555555556
hosted-atomic-standard/windows-net10.0-traffic/paired.jsonl,False,same-key,5,bytesPerOperation,161724.784,21976.288,-86.41129079408941,-86.41130477564897,-86.41127681252983
hosted-atomic-standard/windows-net10.0-traffic/paired.jsonl,False,same-key,5,closeMs,2.0707,3.4767,65.12434554095512,62.65205207369581,68.02339427020055
hosted-atomic-standard/windows-net10.0-traffic/paired.jsonl,False,same-key,5,retainedManagedBytes,491176,485376,-1.1776199078691296,-1.1808394546964807,-1.1711808142144275
hosted-atomic-standard/windows-net10.0-traffic/paired.jsonl,False,transaction,5,meanMs,0.6007118999999996,0.6062924999999998,-0.611195239486233,-3.552801071470859,0.9361312714278514
hosted-atomic-standard/windows-net10.0-traffic/paired.jsonl,False,transaction,5,p99Ms,1.673,1.6746,-1.5084785205117868,-4.169900682225182,0.47139478075267194
hosted-atomic-standard/windows-net10.0-traffic/paired.jsonl,False,transaction,5,cpuMsPerOperation,0.578125,0.546875,-0.4750204750204755,-3.2432432432432434,1.8181818181818166
hosted-atomic-standard/windows-net10.0-traffic/paired.jsonl,False,transaction,5,bytesPerOperation,253054.432,253643.52,0.23387076750606361,0.22908626723229908,0.2400003009544438
hosted-atomic-standard/windows-net10.0-traffic/paired.jsonl,False,transaction,5,closeMs,6.4373,6.953,-4.057591181264771,-26.391132825684508,11.03581399100453
hosted-atomic-standard/windows-net10.0-traffic/paired.jsonl,False,transaction,5,retainedManagedBytes,500632,501328,1.641549883136335,0.12176608766519159,3.6645854847113712
hosted-atomic-standard/windows-net10.0-traffic/paired.jsonl,False,write,5,meanMs,0.5825450000000003,0.5852727999999998,0.6514392576029504,-0.3704330225996544,1.8023826447285995
hosted-atomic-standard/windows-net10.0-traffic/paired.jsonl,False,write,5,p99Ms,1.6475,1.6562,0.36681046459885236,-0.16098943183801007,0.9631563324672276
hosted-atomic-standard/windows-net10.0-traffic/paired.jsonl,False,write,5,cpuMsPerOperation,0.5,0.53125,3.3357722399304524,-0.5546218487394983,7.383367139959427
hosted-atomic-standard/windows-net10.0-traffic/paired.jsonl,False,write,5,bytesPerOperation,253040.664,253591.952,0.22177500282310803,0.2149994914173714,0.22787529053527766
hosted-atomic-standard/windows-net10.0-traffic/paired.jsonl,False,write,5,closeMs,6.2032,6.9122,2.74146815416127,-23.98247820214951,24.470401230793687
hosted-atomic-standard/windows-net10.0-traffic/paired.jsonl,False,write,5,retainedManagedBytes,488232,501200,2.1427482944650977,0.6140167556125542,3.6628488095823286
hosted-atomic-standard/windows-net10.0-traffic/paired.jsonl,False,write-heavy,5,meanMs,0.5543446000000009,0.5638794999999991,2.284822328612832,1.2041123229569006,3.407291190190147
hosted-atomic-standard/windows-net10.0-traffic/paired.jsonl,False,write-heavy,5,p99Ms,1.8339,1.8459,1.294556714664512,0.00935434270484814,2.900527151194008
hosted-atomic-standard/windows-net10.0-traffic/paired.jsonl,False,write-heavy,5,cpuMsPerOperation,0.5,0.46875,-4.984726295210167,-12.27822580645161,2.5806451612903203
hosted-atomic-standard/windows-net10.0-traffic/paired.jsonl,False,write-heavy,5,bytesPerOperation,251653.08,252228.744,0.229499735158738,0.22587326592681922,0.23328216466102614
hosted-atomic-standard/windows-net10.0-traffic/paired.jsonl,False,write-heavy,5,closeMs,4.299,5.1372,45.34240529104388,15.443371060209534,97.96945801998882
hosted-atomic-standard/windows-net10.0-traffic/paired.jsonl,False,write-heavy,5,retainedManagedBytes,488248,501216,1.9441286519660284,-0.31246822623663073,3.9374885746034223
hosted-atomic-standard/windows-net8.0-core/paired.jsonl,False,mixed,5,meanMs,0.43709379999999887,0.20928599999999972,-51.6728878993065,-52.709794720760314,-50.41282231703362
hosted-atomic-standard/windows-net8.0-core/paired.jsonl,False,mixed,5,p99Ms,1.2315,1.2172,1.9662016803054572,-5.7311388074969045,12.027389461241517
hosted-atomic-standard/windows-net8.0-core/paired.jsonl,False,mixed,5,cpuMsPerOperation,0.4166666666666667,0.16666666666666666,-59.91506417324571,-61.46580734794689,-58.43444846292948
hosted-atomic-standard/windows-net8.0-core/paired.jsonl,False,mixed,5,bytesPerOperation,318864.22133333335,117840.51466666667,-63.04214069951214,-63.044853843367335,-63.03896813651695
hosted-atomic-standard/windows-net8.0-core/paired.jsonl,False,mixed,5,closeMs,4.9342,6.0166,46.19243238871883,6.589664983228549,112.41000366258781
hosted-atomic-standard/windows-net8.0-core/paired.jsonl,False,mixed,5,retainedManagedBytes,607744,623168,1.2199326500727348,-0.7732689998691611,2.658352404555644
hosted-atomic-standard/windows-net8.0-core/paired.jsonl,False,point,5,meanMs,0.22090036000000118,0.03381228999999958,-84.67744992286191,-84.86520804010907,-84.51630059555326
hosted-atomic-standard/windows-net8.0-core/paired.jsonl,False,point,5,p99Ms,0.8564,0.0793,-90.78020815298012,-91.30491014203655,-90.35777677739675
hosted-atomic-standard/windows-net8.0-core/paired.jsonl,False,point,5,cpuMsPerOperation,0.22109375,0.03359375,-84.88569535250434,-85.08015622094105,-84.71898281905048
hosted-atomic-standard/windows-net8.0-core/paired.jsonl,False,point,5,bytesPerOperation,280350.5552,26864.1592,-90.41765181258945,-90.41765482042005,-90.41764880475887
hosted-atomic-standard/windows-net8.0-core/paired.jsonl,False,point,5,closeMs,2.075,3.2975,58.949717332124216,55.56045107807597,62.33898358617246
hosted-atomic-standard/windows-net8.0-core/paired.jsonl,False,point,5,retainedManagedBytes,741456,735112,-0.855613819296086,-0.855613819296086,-0.855613819296086
hosted-atomic-standard/windows-net8.0-core/paired.jsonl,False,scan,5,meanMs,2.977379900000001,1.8135218000000006,-38.46447566419428,-39.507700112667706,-37.247949378320996
hosted-atomic-standard/windows-net8.0-core/paired.jsonl,False,scan,5,p99Ms,4.7916,2.7944,-39.29063055317035,-44.89129135184875,-34.13414750486239
hosted-atomic-standard/windows-net8.0-core/paired.jsonl,False,scan,5,cpuMsPerOperation,2.9375,1.8125,-38.380065249753606,-38.97352780617379,-37.76511751064366
hosted-atomic-standard/windows-net8.0-core/paired.jsonl,False,scan,5,bytesPerOperation,4366222.448,3150145.584,-27.851920316236217,-27.851921849676682,-27.851917672373315
hosted-atomic-standard/windows-net8.0-core/paired.jsonl,False,scan,5,closeMs,2.0271,3.2586,60.2400643222379,53.50572642866358,67.87472711011432
hosted-atomic-standard/windows-net8.0-core/paired.jsonl,False,scan,5,retainedManagedBytes,565848,578032,2.153228428836007,2.153228428836007,2.153228428836007
hosted-atomic-standard/windows-net8.0-traffic/paired.jsonl,False,balanced,5,meanMs,0.6622018,0.6677826000000006,-3.47608406441293,-12.573953382980811,2.492237724364359
hosted-atomic-standard/windows-net8.0-traffic/paired.jsonl,False,balanced,5,p99Ms,3.0151,2.988,-4.710260493122029,-12.83186782398432,0.934546772904179
hosted-atomic-standard/windows-net8.0-traffic/paired.jsonl,False,balanced,5,cpuMsPerOperation,0.546875,0.578125,-0.987215816559184,-10.093479252165988,10.039915966386555
hosted-atomic-standard/windows-net8.0-traffic/paired.jsonl,False,balanced,5,bytesPerOperation,246117.984,246669.704,0.22952563958990702,0.21953320864083636,0.23914008932413466
hosted-atomic-standard/windows-net8.0-traffic/paired.jsonl,False,balanced,5,closeMs,5.0894,5.8709,39.8178904415885,-1.5690953753822943,104.95758745928818
hosted-atomic-standard/windows-net8.0-traffic/paired.jsonl,False,balanced,5,retainedManagedBytes,591752,599056,1.9358224489593923,0.8539289817511486,3.199496742765091
hosted-atomic-standard/windows-net8.0-traffic/paired.jsonl,False,buffered,5,meanMs,0.23420869999999988,0.0777226999999999,-67.00695882718253,-67.81335227529416,-66.38277409162697
hosted-atomic-standard/windows-net8.0-traffic/paired.jsonl,False,buffered,5,p99Ms,0.6184,0.1334,-77.34362547766003,-78.8944338529474,-75.55621514852488
hosted-atomic-standard/windows-net8.0-traffic/paired.jsonl,False,buffered,5,cpuMsPerOperation,0.234375,0.078125,-66.0576923076923,-67.91666666666667,-63.58974358974359
hosted-atomic-standard/windows-net8.0-traffic/paired.jsonl,False,buffered,5,bytesPerOperation,230958.896,91152.96,-60.5328213900018,-60.5328213900018,-60.5328213900018
hosted-atomic-standard/windows-net8.0-traffic/paired.jsonl,False,buffered,5,closeMs,1.9636,3.1348,61.02689792174252,55.615521676244825,67.63093336070372
hosted-atomic-standard/windows-net8.0-traffic/paired.jsonl,False,buffered,5,retainedManagedBytes,585224,584112,-0.1864646413424098,-0.19001271308080048,-0.17936849786562847
hosted-atomic-standard/windows-net8.0-traffic/paired.jsonl,False,checkpoint,5,meanMs,2.8489047000000003,2.8720273000000014,0.11231513548146,-0.9099577006911241,1.4674264167364304
hosted-atomic-standard/windows-net8.0-traffic/paired.jsonl,False,checkpoint,5,p99Ms,5.6187,5.6386,-1.2712369328788609,-2.287784942523954,-0.2546889232337679
hosted-atomic-standard/windows-net8.0-traffic/paired.jsonl,False,checkpoint,5,cpuMsPerOperation,1.703125,1.75,2.8513604708109175,-2.851892179375224,8.709695870430718
hosted-atomic-standard/windows-net8.0-traffic/paired.jsonl,False,checkpoint,5,bytesPerOperation,473276.504,474444.504,0.24679013012226747,0.24671292369484732,0.24686727317441814
hosted-atomic-standard/windows-net8.0-traffic/paired.jsonl,False,checkpoint,5,closeMs,2.2157,3.1411,41.37781636966272,37.74233287417648,44.32294167758239
hosted-atomic-standard/windows-net8.0-traffic/paired.jsonl,False,checkpoint,5,retainedManagedBytes,593832,601136,0.40907473458580146,-0.41182803288284386,1.2299775020544468
hosted-atomic-standard/windows-net8.0-traffic/paired.jsonl,False,churn,5,meanMs,2.8724759,2.7438700000000016,-10.400010890996047,-43.915237920034684,13.52095227342583
hosted-atomic-standard/windows-net8.0-traffic/paired.jsonl,False,churn,5,p99Ms,6.5574,6.259,44.39236571566484,-54.89565620173575,184.12903021641165
hosted-atomic-standard/windows-net8.0-traffic/paired.jsonl,False,churn,5,cpuMsPerOperation,2.03125,2.09375,5.081853777071082,-7.986483425205766,16.807051373352476
hosted-atomic-standard/windows-net8.0-traffic/paired.jsonl,False,churn,5,bytesPerOperation,1530095.392,1249273.8,-7.975004293638682,-17.537208998355887,-0.1899433778526749
hosted-atomic-standard/windows-net8.0-traffic/paired.jsonl,False,churn,5,closeMs,7.0703,7.3004,-8.049829697788493,-41.87508465057517,10.142864279274573
hosted-atomic-standard/windows-net8.0-traffic/paired.jsonl,False,churn,5,retainedManagedBytes,597880,602320,1.56416391947388,0.4459940636677695,2.9589137718215586
hosted-atomic-standard/windows-net8.0-traffic/paired.jsonl,False,indexed,5,meanMs,3.0827296000000013,1.843365100000002,-38.84359404552617,-41.80921260269763,-36.06093142152356
hosted-atomic-standard/windows-net8.0-traffic/paired.jsonl,False,indexed,5,p99Ms,5.9641,2.927,-45.920738536661844,-51.79700788015024,-40.15436337460339
hosted-atomic-standard/windows-net8.0-traffic/paired.jsonl,False,indexed,5,cpuMsPerOperation,3.0625,1.84375,-38.779597973960755,-41.37855142056823,-36.24241792781294
hosted-atomic-standard/windows-net8.0-traffic/paired.jsonl,False,indexed,5,bytesPerOperation,4369414.384,3153337.584,-27.831572256771906,-27.83157489944844,-27.831569614095372
hosted-atomic-standard/windows-net8.0-traffic/paired.jsonl,False,indexed,5,closeMs,1.9879,3.2341,59.508119052135285,39.61751705036251,78.21634100325119
hosted-atomic-standard/windows-net8.0-traffic/paired.jsonl,False,indexed,5,retainedManagedBytes,567952,580136,2.1737048201256393,2.142716285883308,2.233146463081388
hosted-atomic-standard/windows-net8.0-traffic/paired.jsonl,False,open-close,5,meanMs,1.6388492,1.6720867999999993,1.1853683206861443,-1.416571372717006,3.8610183873753634
hosted-atomic-standard/windows-net8.0-traffic/paired.jsonl,False,open-close,5,p99Ms,6.2788,5.7936,-0.39364670519650663,-9.590899314276255,10.191889261944102
hosted-atomic-standard/windows-net8.0-traffic/paired.jsonl,False,open-close,5,cpuMsPerOperation,2.90625,2.5625,-12.076284621469872,-18.46725550944308,-3.7006999527959024
hosted-atomic-standard/windows-net8.0-traffic/paired.jsonl,False,open-close,5,bytesPerOperation,190989.608,191677.608,0.36085538191634736,0.35986305071701086,0.36258839582527624
hosted-atomic-standard/windows-net8.0-traffic/paired.jsonl,False,open-close,5,closeMs,0.0132,0.0136,30.468742696507647,1.8324818694071254,76.66329966329964
hosted-atomic-standard/windows-net8.0-traffic/paired.jsonl,False,open-close,5,retainedManagedBytes,594584,615280,2.338460146930934,0.04897132390103254,4.370895717065704
hosted-atomic-standard/windows-net8.0-traffic/paired.jsonl,False,random,5,meanMs,0.213205,0.031906699999999885,-84.9044572644087,-85.23509537929594,-84.49237164880417
hosted-atomic-standard/windows-net8.0-traffic/paired.jsonl,False,random,5,p99Ms,1.0256,0.0787,-92.47392639052498,-93.2383215575424,-91.89973929787743
hosted-atomic-standard/windows-net8.0-traffic/paired.jsonl,False,random,5,cpuMsPerOperation,0.21875,0.03125,-85.4945054945055,-85.71428571428572,-85.05494505494505
hosted-atomic-standard/windows-net8.0-traffic/paired.jsonl,False,random,5,bytesPerOperation,284095.712,26878.592,-90.53888576341356,-90.5388955677022,-90.53887595912492
hosted-atomic-standard/windows-net8.0-traffic/paired.jsonl,False,random,5,closeMs,1.9562,3.173,62.640808504591284,60.95257459974469,64.33847664462587
hosted-atomic-standard/windows-net8.0-traffic/paired.jsonl,False,random,5,retainedManagedBytes,579296,583120,0.23918027158687183,-0.5971584063629742,0.660111583715417
hosted-atomic-standard/windows-net8.0-traffic/paired.jsonl,False,same-key,5,meanMs,0.18362930000000008,0.03008309999999996,-81.521973067288,-83.88983797411542,-77.29908989211974
hosted-atomic-standard/windows-net8.0-traffic/paired.jsonl,False,same-key,5,p99Ms,0.5622,0.0666,-69.05150003269353,-88.83211101713134,-35.57913974860516
hosted-atomic-standard/windows-net8.0-traffic/paired.jsonl,False,same-key,5,cpuMsPerOperation,0.1875,0.03125,-81.36363636363637,-83.33333333333334,-78.03030303030303
hosted-atomic-standard/windows-net8.0-traffic/paired.jsonl,False,same-key,5,bytesPerOperation,161933.296,22128.96,-86.33450784277258,-86.3345213451346,-86.33449434041056
hosted-atomic-standard/windows-net8.0-traffic/paired.jsonl,False,same-key,5,closeMs,2.0024,3.2272,62.623510831725895,58.5990476606514,68.81836708998854
hosted-atomic-standard/windows-net8.0-traffic/paired.jsonl,False,same-key,5,retainedManagedBytes,589464,583120,-1.0762319666680287,-1.0762319666680287,-1.0762319666680287
hosted-atomic-standard/windows-net8.0-traffic/paired.jsonl,False,transaction,5,meanMs,0.9500515000000003,0.9629187999999996,-0.602701302711981,-2.323543552231311,1.1181409468073489
hosted-atomic-standard/windows-net8.0-traffic/paired.jsonl,False,transaction,5,p99Ms,3.0006,2.9549,-0.3833313568124333,-4.755976055180165,4.404393010382575
hosted-atomic-standard/windows-net8.0-traffic/paired.jsonl,False,transaction,5,cpuMsPerOperation,0.734375,0.71875,-0.2666666666666683,-7.625531914893619,9.14893617021277
hosted-atomic-standard/windows-net8.0-traffic/paired.jsonl,False,transaction,5,bytesPerOperation,253611.712,254227.344,0.2357839930714567,0.22896577459692313,0.24260221154599027
hosted-atomic-standard/windows-net8.0-traffic/paired.jsonl,False,transaction,5,closeMs,6.6052,7.7495,13.269314248395954,-2.8188753264673045,33.271289574240214
hosted-atomic-standard/windows-net8.0-traffic/paired.jsonl,False,transaction,5,retainedManagedBytes,588888,601424,1.2875622184832292,0.4498985875689554,2.125225849397503
hosted-atomic-standard/windows-net8.0-traffic/paired.jsonl,False,write,5,meanMs,0.9157895999999982,0.9305005999999995,1.2645485049876304,0.11747489325792504,2.4116221167173357
hosted-atomic-standard/windows-net8.0-traffic/paired.jsonl,False,write,5,p99Ms,2.8924,2.8927,1.672771105459574,-2.4496602628507853,6.829685992132575
hosted-atomic-standard/windows-net8.0-traffic/paired.jsonl,False,write,5,cpuMsPerOperation,0.703125,0.609375,-8.835019222285247,-19.71680216802168,2.0484496124030955
hosted-atomic-standard/windows-net8.0-traffic/paired.jsonl,False,write,5,bytesPerOperation,253438.688,254014.368,0.22835033276593197,0.21757506035047225,0.2392675196853089
hosted-atomic-standard/windows-net8.0-traffic/paired.jsonl,False,write,5,closeMs,6.6604,7.4109,1.7791420335164898,-27.710531079948304,25.49030036347411
hosted-atomic-standard/windows-net8.0-traffic/paired.jsonl,False,write,5,retainedManagedBytes,588776,601312,1.707019818441391,0.8718587351694529,2.1291628734867007
hosted-atomic-standard/windows-net8.0-traffic/paired.jsonl,False,write-heavy,5,meanMs,0.9218145000000002,0.9124512999999997,1.3664704118994009,-1.4108174970350285,3.442697489680664
hosted-atomic-standard/windows-net8.0-traffic/paired.jsonl,False,write-heavy,5,p99Ms,3.1566,3.1879,-0.3374392713734122,-5.492459238122114,3.806458765438223
hosted-atomic-standard/windows-net8.0-traffic/paired.jsonl,False,write-heavy,5,cpuMsPerOperation,0.671875,0.6875,0.9381044487427471,-10.869506544914755,14.148936170212764
hosted-atomic-standard/windows-net8.0-traffic/paired.jsonl,False,write-heavy,5,bytesPerOperation,252027.176,252632.512,0.23649751296894728,0.22887378093003008,0.241295676761748
hosted-atomic-standard/windows-net8.0-traffic/paired.jsonl,False,write-heavy,5,closeMs,5.713,5.9743,33.81037794711189,-25.71092685016641,116.27285606104076
hosted-atomic-standard/windows-net8.0-traffic/paired.jsonl,False,write-heavy,5,retainedManagedBytes,588792,613528,2.7768391017463823,0.7633384445825908,4.202459231313771
hosted-final-head-standard/ubuntu-net10.0-core/paired.jsonl,False,mixed,5,meanMs,0.21729593899999966,0.11159942166666656,-48.87413481939074,-52.345671675756975,-45.09687137764608
hosted-final-head-standard/ubuntu-net10.0-core/paired.jsonl,False,mixed,5,p99Ms,0.661277,0.612624,5.518287065760165,-10.570414024161781,21.60698815568211
hosted-final-head-standard/ubuntu-net10.0-core/paired.jsonl,False,mixed,5,cpuMsPerOperation,0.19023866666666667,0.08386966666666668,-56.215632996628216,-57.04295163220475,-55.18485218922221
hosted-final-head-standard/ubuntu-net10.0-core/paired.jsonl,False,mixed,5,bytesPerOperation,314263.67733333335,116077.06933333333,-63.063035751865755,-63.06748199245353,-63.058171983258646
hosted-final-head-standard/ubuntu-net10.0-core/paired.jsonl,False,mixed,5,closeMs,3.388488,4.52199,192.01727001064341,1.985629195150222,451.2843868263988
hosted-final-head-standard/ubuntu-net10.0-core/paired.jsonl,False,mixed,5,retainedManagedBytes,345056,348792,3.3256402346128855,1.8099425072013187,4.469398440025296
hosted-final-head-standard/ubuntu-net10.0-core/paired.jsonl,False,point,5,meanMs,0.08034608010000029,0.013966197950000122,-82.41143585549099,-82.67667607122199,-82.23434686756165
hosted-final-head-standard/ubuntu-net10.0-core/paired.jsonl,False,point,5,p99Ms,0.421837,0.023606,-94.35593187282164,-94.43661553119426,-94.272444119272
hosted-final-head-standard/ubuntu-net10.0-core/paired.jsonl,False,point,5,cpuMsPerOperation,0.0816472,0.014052750000000001,-82.60073630848105,-82.86315014993023,-82.42259880777019
hosted-final-head-standard/ubuntu-net10.0-core/paired.jsonl,False,point,5,bytesPerOperation,278164.6852,26712.1412,-90.39700684884713,-90.39701148869254,-90.3970041975065
hosted-final-head-standard/ubuntu-net10.0-core/paired.jsonl,False,point,5,closeMs,1.064246,2.178897,106.35157838046094,100.09753637671845,115.7603102329017
hosted-final-head-standard/ubuntu-net10.0-core/paired.jsonl,False,point,5,retainedManagedBytes,473536,467536,-1.2650614013818418,-1.2670631166373791,-1.2630596861263044
hosted-final-head-standard/ubuntu-net10.0-core/paired.jsonl,False,scan,5,meanMs,2.1522588900000037,1.190343099999999,-44.35415003080754,-46.446098888815314,-42.34630220995234
hosted-final-head-standard/ubuntu-net10.0-core/paired.jsonl,False,scan,5,p99Ms,3.137592,1.540223,-51.35751636370439,-53.21358156274364,-49.50145116466515
hosted-final-head-standard/ubuntu-net10.0-core/paired.jsonl,False,scan,5,cpuMsPerOperation,2.165141,1.19449,-44.49516681724799,-46.59612816937054,-42.48125705447868
hosted-final-head-standard/ubuntu-net10.0-core/paired.jsonl,False,scan,5,bytesPerOperation,4236381.16,3022169.224,-28.66153873919172,-28.66154305009841,-28.661536583738375
hosted-final-head-standard/ubuntu-net10.0-core/paired.jsonl,False,scan,5,closeMs,0.949472,2.089821,121.39820726507389,117.48604259117442,125.59542550594452
hosted-final-head-standard/ubuntu-net10.0-core/paired.jsonl,False,scan,5,retainedManagedBytes,322256,334800,3.8895784717740023,3.8865994737103504,3.892557469837654
hosted-final-head-standard/ubuntu-net10.0-traffic/paired.jsonl,False,balanced,5,meanMs,1.3708872619999997,1.8304027959999998,38.02754139642014,-19.931669115926148,95.98675190876642
hosted-final-head-standard/ubuntu-net10.0-traffic/paired.jsonl,False,balanced,5,p99Ms,23.307284,28.279428,33.225191546115916,-47.58649316622808,114.03687625845991
hosted-final-head-standard/ubuntu-net10.0-traffic/paired.jsonl,False,balanced,5,cpuMsPerOperation,0.254237,0.253496,10.02140214346116,-2.5421204392328933,33.04425126790291
hosted-final-head-standard/ubuntu-net10.0-traffic/paired.jsonl,False,balanced,5,bytesPerOperation,239609.04,240431.064,0.33858451765687914,0.32341972674490016,0.3489728859478314
hosted-final-head-standard/ubuntu-net10.0-traffic/paired.jsonl,False,balanced,5,closeMs,16.677216,5.404095,-31.256340099213062,-84.75874996376767,22.246069765341552
hosted-final-head-standard/ubuntu-net10.0-traffic/paired.jsonl,False,balanced,5,retainedManagedBytes,343320,364280,5.333990260926398,3.870090057224953,6.1082293285124045
hosted-final-head-standard/ubuntu-net10.0-traffic/paired.jsonl,False,buffered,5,meanMs,0.09941907099999998,0.044411962,-54.970052020673045,-55.86251309607148,-54.12420058218519
hosted-final-head-standard/ubuntu-net10.0-traffic/paired.jsonl,False,buffered,5,p99Ms,0.497048,0.063877,-87.01900175376025,-88.20332978189865,-85.73429473618498
hosted-final-head-standard/ubuntu-net10.0-traffic/paired.jsonl,False,buffered,5,cpuMsPerOperation,0.100461,0.044558999999999994,-55.19556022294144,-56.18943000834705,-54.35439700105546
hosted-final-head-standard/ubuntu-net10.0-traffic/paired.jsonl,False,buffered,5,bytesPerOperation,225585.256,87832.264,-61.06475844948338,-61.06480263413023,-61.064714264836525
hosted-final-head-standard/ubuntu-net10.0-traffic/paired.jsonl,False,buffered,5,closeMs,1.052855,2.217478,111.28146165798528,107.92015090571999,115.71893309589943
hosted-final-head-standard/ubuntu-net10.0-traffic/paired.jsonl,False,buffered,5,retainedManagedBytes,317320,316584,-1.6787025863266947,-4.555092284546076,-0.22892397013429822
hosted-final-head-standard/ubuntu-net10.0-traffic/paired.jsonl,False,checkpoint,5,meanMs,8.30724781,9.519890101000001,21.32969871551447,-30.016948404825097,78.27215687555308
hosted-final-head-standard/ubuntu-net10.0-traffic/paired.jsonl,False,checkpoint,5,p99Ms,154.5415,162.69245,34.80911880744446,-13.609241622957843,83.97526888562996
hosted-final-head-standard/ubuntu-net10.0-traffic/paired.jsonl,False,checkpoint,5,cpuMsPerOperation,0.5955309999999999,0.604757,0.21836939564345173,-2.691351802991626,3.1280905942785298
hosted-final-head-standard/ubuntu-net10.0-traffic/paired.jsonl,False,checkpoint,5,bytesPerOperation,457300.064,458868.064,0.34293806702813345,0.34288208627935024,0.34299404777691667
hosted-final-head-standard/ubuntu-net10.0-traffic/paired.jsonl,False,checkpoint,5,closeMs,1.122569,2.126797,88.80375398372776,84.80995026879768,92.79755769865785
hosted-final-head-standard/ubuntu-net10.0-traffic/paired.jsonl,False,checkpoint,5,retainedManagedBytes,351944,359480,0.8037535358632407,-1.8703101975107586,2.141249744277496
hosted-final-head-standard/ubuntu-net10.0-traffic/paired.jsonl,False,churn,5,meanMs,5.426762339000001,6.42834399,5.2796127880299455,-20.568070085840358,31.127295661900252
hosted-final-head-standard/ubuntu-net10.0-traffic/paired.jsonl,False,churn,5,p99Ms,94.163308,147.333571,35.5442122953495,-7.876057736219899,103.84022504813576
hosted-final-head-standard/ubuntu-net10.0-traffic/paired.jsonl,False,churn,5,cpuMsPerOperation,1.049069,1.049985,-0.878219636980446,-7.552873954347055,5.796434680386162
hosted-final-head-standard/ubuntu-net10.0-traffic/paired.jsonl,False,churn,5,bytesPerOperation,1367761.528,1460357.208,1.9329460223414678,-30.996482965772525,34.86237501045546
hosted-final-head-standard/ubuntu-net10.0-traffic/paired.jsonl,False,churn,5,closeMs,7.444432,5.968764,400.71164696525625,6.961459927799098,957.1189062175565
hosted-final-head-standard/ubuntu-net10.0-traffic/paired.jsonl,False,churn,5,retainedManagedBytes,356504,365256,4.070426760521104,2.424831775671481,5.888826329164143
hosted-final-head-standard/ubuntu-net10.0-traffic/paired.jsonl,False,indexed,5,meanMs,2.2776677040000006,1.3020892200000023,-42.738573187223714,-45.36791218146544,-40.447292864309375
hosted-final-head-standard/ubuntu-net10.0-traffic/paired.jsonl,False,indexed,5,p99Ms,3.32814,1.688171,-47.748010469715574,-51.86129922747794,-41.56647027313248
hosted-final-head-standard/ubuntu-net10.0-traffic/paired.jsonl,False,indexed,5,cpuMsPerOperation,2.2908470000000003,1.306635,-42.9091975591091,-45.544148869056855,-40.63483782764406
hosted-final-head-standard/ubuntu-net10.0-traffic/paired.jsonl,False,indexed,5,bytesPerOperation,4239381.8,3025169.224,-28.641262852541505,-28.641265007081927,-28.641258543460662
hosted-final-head-standard/ubuntu-net10.0-traffic/paired.jsonl,False,indexed,5,closeMs,0.9697,2.150057,118.42746740836027,111.40854459569331,125.92899469426295
hosted-final-head-standard/ubuntu-net10.0-traffic/paired.jsonl,False,indexed,5,retainedManagedBytes,324360,336880,3.9220619065236173,3.859908743371565,4.046368232827722
hosted-final-head-standard/ubuntu-net10.0-traffic/paired.jsonl,False,open-close,5,meanMs,1.1184354669999994,0.8684086939999998,-29.854221250040162,-52.10835753110486,-5.060955735658137
hosted-final-head-standard/ubuntu-net10.0-traffic/paired.jsonl,False,open-close,5,p99Ms,8.052821,5.461984,-21.999486996430782,-35.66314262213723,-6.20532745364398
hosted-final-head-standard/ubuntu-net10.0-traffic/paired.jsonl,False,open-close,5,cpuMsPerOperation,3.7761280000000004,2.4976599999999998,-37.96851580698679,-61.81035525330111,-12.852162033212068
hosted-final-head-standard/ubuntu-net10.0-traffic/paired.jsonl,False,open-close,5,bytesPerOperation,185693.744,186632.488,0.4959700751535667,0.4673323781120642,0.531460436685971
hosted-final-head-standard/ubuntu-net10.0-traffic/paired.jsonl,False,open-close,5,closeMs,0.007631,0.009224,47.79293433508069,2.2884741593951055,108.29764975449237
hosted-final-head-standard/ubuntu-net10.0-traffic/paired.jsonl,False,open-close,5,retainedManagedBytes,364656,368512,1.3926930294014928,-1.5947647402046106,4.074356571048607
hosted-final-head-standard/ubuntu-net10.0-traffic/paired.jsonl,False,random,5,meanMs,0.081993194,0.014810146000000017,-82.44876068290402,-83.15996029223331,-81.89924109770479
hosted-final-head-standard/ubuntu-net10.0-traffic/paired.jsonl,False,random,5,p99Ms,0.618151,0.025809,-96.16955768503256,-96.61905970209843,-95.83024559934518
hosted-final-head-standard/ubuntu-net10.0-traffic/paired.jsonl,False,random,5,cpuMsPerOperation,0.08280599999999999,0.015092000000000001,-82.47305737920132,-83.21134896671639,-81.84908972752751
hosted-final-head-standard/ubuntu-net10.0-traffic/paired.jsonl,False,random,5,bytesPerOperation,281907.656,26725.896,-90.51963219767123,-90.51964554178736,-90.51961885355509
hosted-final-head-standard/ubuntu-net10.0-traffic/paired.jsonl,False,random,5,closeMs,1.045405,2.227605,118.62585447387546,108.74705043508564,132.60669424426933
hosted-final-head-standard/ubuntu-net10.0-traffic/paired.jsonl,False,random,5,retainedManagedBytes,311368,315544,1.3547223915231532,1.3411782842167375,1.368266498829569
hosted-final-head-standard/ubuntu-net10.0-traffic/paired.jsonl,False,same-key,5,meanMs,0.06672604599999994,0.013340975999999996,-79.97201145143812,-80.26659111459023,-79.60817186722036
hosted-final-head-standard/ubuntu-net10.0-traffic/paired.jsonl,False,same-key,5,p99Ms,0.118228,0.023646,-85.80785239352085,-92.37955155902193,-79.56423821042084
hosted-final-head-standard/ubuntu-net10.0-traffic/paired.jsonl,False,same-key,5,cpuMsPerOperation,0.067458,0.013378,-80.14600611786996,-80.46610203434207,-79.78040518676599
hosted-final-head-standard/ubuntu-net10.0-traffic/paired.jsonl,False,same-key,5,bytesPerOperation,159727.336,21976.264,-86.2413662103604,-86.24138826180636,-86.24134415891444
hosted-final-head-standard/ubuntu-net10.0-traffic/paired.jsonl,False,same-key,5,closeMs,1.086216,2.247565,110.17104994889891,102.47118124473847,116.596764743474
hosted-final-head-standard/ubuntu-net10.0-traffic/paired.jsonl,False,same-key,5,retainedManagedBytes,321536,315544,-1.8674610345185805,-1.87429657884004,-1.8635549363057335
hosted-final-head-standard/ubuntu-net10.0-traffic/paired.jsonl,False,transaction,5,meanMs,1.6788740419999995,1.7448692699999997,21.952092413081687,-23.986168465063216,79.48649222248272
hosted-final-head-standard/ubuntu-net10.0-traffic/paired.jsonl,False,transaction,5,p99Ms,25.448376,28.633486,96.52182251209194,-28.916943967663126,289.983655794301
hosted-final-head-standard/ubuntu-net10.0-traffic/paired.jsonl,False,transaction,5,cpuMsPerOperation,0.365468,0.35261000000000003,-9.472407474124553,-19.090684635629856,0.1458696873807485
hosted-final-head-standard/ubuntu-net10.0-traffic/paired.jsonl,False,transaction,5,bytesPerOperation,244617.728,245433.256,0.32882956243145856,0.3215002258043631,0.3350938135901105
hosted-final-head-standard/ubuntu-net10.0-traffic/paired.jsonl,False,transaction,5,closeMs,6.268525,28.653933,333.7022859719293,-23.312587714759047,813.8210038548671
hosted-final-head-standard/ubuntu-net10.0-traffic/paired.jsonl,False,transaction,5,retainedManagedBytes,343424,364400,5.100765259337936,3.6345747514059257,6.120758671035755
hosted-final-head-standard/ubuntu-net10.0-traffic/paired.jsonl,False,write,5,meanMs,1.8907837419999998,2.6432026279999996,114.37994300541709,-9.862803213011858,315.8410827023908
hosted-final-head-standard/ubuntu-net10.0-traffic/paired.jsonl,False,write,5,p99Ms,39.006524,87.875507,205.8186787917992,6.522398814847682,513.6458973107731
hosted-final-head-standard/ubuntu-net10.0-traffic/paired.jsonl,False,write,5,cpuMsPerOperation,0.32083,0.33070900000000003,4.461173720443219,-14.059878347249391,24.781835216813583
hosted-final-head-standard/ubuntu-net10.0-traffic/paired.jsonl,False,write,5,bytesPerOperation,244578.872,245355.232,0.3202756314421906,0.3069078186286367,0.33364344425574455
hosted-final-head-standard/ubuntu-net10.0-traffic/paired.jsonl,False,write,5,closeMs,4.679522,7.077103,872.2202302627976,-5.328285459066808,1851.3541341702196
hosted-final-head-standard/ubuntu-net10.0-traffic/paired.jsonl,False,write,5,retainedManagedBytes,355576,364248,2.2456039693862517,-0.7694953862921383,4.638940238168248
hosted-final-head-standard/ubuntu-net10.0-traffic/paired.jsonl,False,write-heavy,5,meanMs,1.2753606520000005,1.9918539300000004,40.8810199366422,-40.40441177889046,146.8308351379232
hosted-final-head-standard/ubuntu-net10.0-traffic/paired.jsonl,False,write-heavy,5,p99Ms,26.047482,32.096132,178.59310518858402,-43.019349914686345,557.9057121647076
hosted-final-head-standard/ubuntu-net10.0-traffic/paired.jsonl,False,write-heavy,5,cpuMsPerOperation,0.304438,0.306902,-0.5012227927138357,-2.6496767407669974,1.8667958060868806
hosted-final-head-standard/ubuntu-net10.0-traffic/paired.jsonl,False,write-heavy,5,bytesPerOperation,243657.08,244427.296,0.31833313508240924,0.31562680268852006,0.3210294363114796
hosted-final-head-standard/ubuntu-net10.0-traffic/paired.jsonl,False,write-heavy,5,closeMs,3.358596,23.116728,897.3646399976398,-2.8958068600283027,2070.5291878612456
hosted-final-head-standard/ubuntu-net10.0-traffic/paired.jsonl,False,write-heavy,5,retainedManagedBytes,355616,376472,5.997054575659226,3.862940708971267,8.14984452456672
hosted-final-head-standard/ubuntu-net8.0-core/paired.jsonl,False,mixed,5,meanMs,0.2758815156666668,0.13265061400000003,-51.96918171926429,-52.092949849866805,-51.862239104932236
hosted-final-head-standard/ubuntu-net8.0-core/paired.jsonl,False,mixed,5,p99Ms,0.831717,0.862975,3.309361472063026,-0.24558678844314397,6.756433241342661
hosted-final-head-standard/ubuntu-net8.0-core/paired.jsonl,False,mixed,5,cpuMsPerOperation,0.2633333333333333,0.11,-58.29164759633237,-58.541136146755946,-58.1059534776842
hosted-final-head-standard/ubuntu-net8.0-core/paired.jsonl,False,mixed,5,bytesPerOperation,314339.70666666667,116295.74933333334,-63.008967296047864,-63.016370082544924,-63.0015645095508
hosted-final-head-standard/ubuntu-net8.0-core/paired.jsonl,False,mixed,5,closeMs,3.716716,4.783192,25.277425260847476,18.986118032450015,33.10048744021097
hosted-final-head-standard/ubuntu-net8.0-core/paired.jsonl,False,mixed,5,retainedManagedBytes,427120,435208,1.8998761873010017,0.18470973033828608,3.6201606874753756
hosted-final-head-standard/ubuntu-net8.0-core/paired.jsonl,False,point,5,meanMs,0.1274810528000007,0.021339868449999983,-83.26876141636602,-83.36986356645403,-83.167659266278
hosted-final-head-standard/ubuntu-net8.0-core/paired.jsonl,False,point,5,p99Ms,0.64654,0.043041,-93.32416858159539,-93.43885441743537,-93.22923697083628
hosted-final-head-standard/ubuntu-net8.0-core/paired.jsonl,False,point,5,cpuMsPerOperation,0.13,0.022,-83.20569303452716,-83.40956375527858,-83.01303923945508
hosted-final-head-standard/ubuntu-net8.0-core/paired.jsonl,False,point,5,bytesPerOperation,278371.5952,26864.4644,-90.34942348726646,-90.34942396506266,-90.34942311007903
hosted-final-head-standard/ubuntu-net8.0-core/paired.jsonl,False,point,5,closeMs,1.195908,2.42039,100.45365017844865,86.53740986062155,109.34250514693686
hosted-final-head-standard/ubuntu-net8.0-core/paired.jsonl,False,point,5,retainedManagedBytes,563904,557304,-1.5936368020649372,-2.435860387928801,-1.1712531952839944
hosted-final-head-standard/ubuntu-net8.0-core/paired.jsonl,False,scan,5,meanMs,3.0018908309999977,1.8722926399999995,-38.67834087650469,-40.518520256877885,-37.32469464456524
hosted-final-head-standard/ubuntu-net8.0-core/paired.jsonl,False,scan,5,p99Ms,4.348528,2.379042,-46.143243163636065,-48.894413418669124,-43.478803334148594
hosted-final-head-standard/ubuntu-net8.0-core/paired.jsonl,False,scan,5,cpuMsPerOperation,3.01,1.88,-38.64354215829372,-40.51414779785071,-37.48489042565051
hosted-final-head-standard/ubuntu-net8.0-core/paired.jsonl,False,scan,5,bytesPerOperation,4364553.16,3150295.976,-27.82088351733158,-27.820889967033935,-27.8208772760266
hosted-final-head-standard/ubuntu-net8.0-core/paired.jsonl,False,scan,5,closeMs,1.149101,2.278264,101.63771908777852,96.85892417493423,107.60965858231484
hosted-final-head-standard/ubuntu-net8.0-core/paired.jsonl,False,scan,5,retainedManagedBytes,412704,424856,1.8397656545135765,0.8903134790094391,2.7599441730635066
hosted-final-head-standard/ubuntu-net8.0-traffic/paired.jsonl,False,balanced,5,meanMs,2.4139407560000006,1.8470743899999997,4.908794117567978,-41.28186544999575,62.263461051704134
hosted-final-head-standard/ubuntu-net8.0-traffic/paired.jsonl,False,balanced,5,p99Ms,68.321493,69.64148,63.707444852316755,-48.60748525425879,188.74024264646215
hosted-final-head-standard/ubuntu-net8.0-traffic/paired.jsonl,False,balanced,5,cpuMsPerOperation,0.22,0.25,9.036789541337084,-13.69047318593565,31.309496814064364
hosted-final-head-standard/ubuntu-net8.0-traffic/paired.jsonl,False,balanced,5,bytesPerOperation,239987.344,240762.408,0.3265861572125761,0.3224775953902004,0.330981566200812
hosted-final-head-standard/ubuntu-net8.0-traffic/paired.jsonl,False,balanced,5,closeMs,36.762672,97.719777,629.9947396715523,1.9634262102107898,1690.2584369035271
hosted-final-head-standard/ubuntu-net8.0-traffic/paired.jsonl,False,balanced,5,retainedManagedBytes,497648,509872,3.115199960110997,0.9733438244597025,5.905351588195393
hosted-final-head-standard/ubuntu-net8.0-traffic/paired.jsonl,False,buffered,5,meanMs,0.08021140699999997,0.04342566900000002,-47.186611480073026,-48.33139852372699,-45.99557092980215
hosted-final-head-standard/ubuntu-net8.0-traffic/paired.jsonl,False,buffered,5,p99Ms,0.117051,0.065815,-44.20161468825484,-45.67201566005385,-42.75600201013069
hosted-final-head-standard/ubuntu-net8.0-traffic/paired.jsonl,False,buffered,5,cpuMsPerOperation,0.09,0.04,-48.88887901233196,-52.22223456788752,-45.555501234554185
hosted-final-head-standard/ubuntu-net8.0-traffic/paired.jsonl,False,buffered,5,bytesPerOperation,228960.12,91158.728,-60.18574255890395,-60.18576580061192,-60.18569887073463
hosted-final-head-standard/ubuntu-net8.0-traffic/paired.jsonl,False,buffered,5,closeMs,0.759269,1.963585,157.90209371712655,155.39177850299583,160.62372431220922
hosted-final-head-standard/ubuntu-net8.0-traffic/paired.jsonl,False,buffered,5,retainedManagedBytes,467552,406304,-12.812530399353305,-13.106563548011772,-12.302222179486398
hosted-final-head-standard/ubuntu-net8.0-traffic/paired.jsonl,False,checkpoint,5,meanMs,8.767761198,13.272439492000002,61.041621129187874,-18.307873517715375,158.52956788926383
hosted-final-head-standard/ubuntu-net8.0-traffic/paired.jsonl,False,checkpoint,5,p99Ms,193.23419,190.726827,1.1913285415850203,-40.061820317237476,44.90490590326446
hosted-final-head-standard/ubuntu-net8.0-traffic/paired.jsonl,False,checkpoint,5,cpuMsPerOperation,0.51,0.52,6.993009377664108,0.7843137254901977,13.408695652173908
hosted-final-head-standard/ubuntu-net8.0-traffic/paired.jsonl,False,checkpoint,5,bytesPerOperation,458927.4,460496.008,0.3417428422926916,0.341684070826882,0.34179872459128013
hosted-final-head-standard/ubuntu-net8.0-traffic/paired.jsonl,False,checkpoint,5,closeMs,0.946751,1.885495,97.80336693959264,92.09335029288017,103.5133835863051
hosted-final-head-standard/ubuntu-net8.0-traffic/paired.jsonl,False,checkpoint,5,retainedManagedBytes,508960,509352,0.5580349921100058,0.03300639781859793,1.525619421260478
hosted-final-head-standard/ubuntu-net8.0-traffic/paired.jsonl,False,churn,5,meanMs,11.019856818999997,12.031732422999998,46.11743371020471,5.5588945372687215,86.67597288314069
hosted-final-head-standard/ubuntu-net8.0-traffic/paired.jsonl,False,churn,5,p99Ms,179.481166,192.403509,35.97173013076259,7.731894455449293,64.21156580607588
hosted-final-head-standard/ubuntu-net8.0-traffic/paired.jsonl,False,churn,5,cpuMsPerOperation,1.0499999,1.09,7.6837941524124265,2.3079095686330042,14.41337580122564
hosted-final-head-standard/ubuntu-net8.0-traffic/paired.jsonl,False,churn,5,bytesPerOperation,1960248.128,1961816.128,3.8154472388569327,-1.8793594086565264,12.318609353628911
hosted-final-head-standard/ubuntu-net8.0-traffic/paired.jsonl,False,churn,5,closeMs,5.838374,8.501482,236.94572884718622,-47.30553816887796,558.7078072453112
hosted-final-head-standard/ubuntu-net8.0-traffic/paired.jsonl,False,churn,5,retainedManagedBytes,498656,498952,0.05100743089032633,-1.323906645068944,1.4249497412822087
hosted-final-head-standard/ubuntu-net8.0-traffic/paired.jsonl,False,indexed,5,meanMs,2.1516515819999977,1.3482053190000005,-37.1217007291312,-38.57124353880435,-35.79496125921867
hosted-final-head-standard/ubuntu-net8.0-traffic/paired.jsonl,False,indexed,5,p99Ms,3.468458,1.840611,-43.84451349582808,-48.66654796952139,-38.160278437189056
hosted-final-head-standard/ubuntu-net8.0-traffic/paired.jsonl,False,indexed,5,cpuMsPerOperation,2.16,1.35,-37.128424038954165,-38.365987031588865,-35.82730025009872
hosted-final-head-standard/ubuntu-net8.0-traffic/paired.jsonl,False,indexed,5,bytesPerOperation,4367745.16,3153486.728,-27.800578519980704,-27.800582328524193,-27.800573600611745
hosted-final-head-standard/ubuntu-net8.0-traffic/paired.jsonl,False,indexed,5,closeMs,0.746105,1.962434,176.4780806209754,151.43832351594716,201.4202645254286
hosted-final-head-standard/ubuntu-net8.0-traffic/paired.jsonl,False,indexed,5,retainedManagedBytes,414808,427544,2.4004539507655354,1.2520778895506135,3.033657236623619
hosted-final-head-standard/ubuntu-net8.0-traffic/paired.jsonl,False,open-close,5,meanMs,0.8344330419999992,0.8260986699999999,-0.7560445424773787,-3.156649371974316,1.305550885591531
hosted-final-head-standard/ubuntu-net8.0-traffic/paired.jsonl,False,open-close,5,p99Ms,3.585921,3.136546,0.8353955575401824,-17.78861179748535,21.6139357508846
hosted-final-head-standard/ubuntu-net8.0-traffic/paired.jsonl,False,open-close,5,cpuMsPerOperation,2.77,2.73,-2.8577333686426565,-6.670293259482717,0.8368651186788201
hosted-final-head-standard/ubuntu-net8.0-traffic/paired.jsonl,False,open-close,5,bytesPerOperation,186507.112,187395.384,0.4762494043929566,0.47612397851130694,0.4764429295878969
hosted-final-head-standard/ubuntu-net8.0-traffic/paired.jsonl,False,open-close,5,closeMs,0.007757,0.008701,11.386717783962547,-5.3469656936706595,30.748729715869466
hosted-final-head-standard/ubuntu-net8.0-traffic/paired.jsonl,False,open-close,5,retainedManagedBytes,524280,508720,-0.6409652102175325,-8.233431020821119,4.619811109961898
hosted-final-head-standard/ubuntu-net8.0-traffic/paired.jsonl,False,random,5,meanMs,0.06967886000000006,0.012209749999999997,-82.38842120995783,-82.63530128890999,-82.03654355672555
hosted-final-head-standard/ubuntu-net8.0-traffic/paired.jsonl,False,random,5,p99Ms,0.754906,0.031435,-95.78556161799926,-95.89319599627937,-95.65959859206315
hosted-final-head-standard/ubuntu-net8.0-traffic/paired.jsonl,False,random,5,cpuMsPerOperation,0.07,0.01,-82.85713877550438,-85.71428571428572,-77.14285306121866
hosted-final-head-standard/ubuntu-net8.0-traffic/paired.jsonl,False,random,5,bytesPerOperation,282121.176,26884.152,-90.4706795910286,-90.47070752320981,-90.47064102072385
hosted-final-head-standard/ubuntu-net8.0-traffic/paired.jsonl,False,random,5,closeMs,0.727281,1.913297,171.06857056880227,155.72846801028533,192.40190149513217
hosted-final-head-standard/ubuntu-net8.0-traffic/paired.jsonl,False,random,5,retainedManagedBytes,401720,405312,0.8993805184378623,0.8941551329284092,0.9098312894567684
hosted-final-head-standard/ubuntu-net8.0-traffic/paired.jsonl,False,same-key,5,meanMs,0.04511980400000005,0.010296747000000009,-77.48351419480159,-78.65916223105008,-76.1705296650468
hosted-final-head-standard/ubuntu-net8.0-traffic/paired.jsonl,False,same-key,5,p99Ms,0.076967,0.028918,-61.397922160934534,-64.9317567313251,-57.55657065255972
hosted-final-head-standard/ubuntu-net8.0-traffic/paired.jsonl,False,same-key,5,cpuMsPerOperation,0.04,0.01,-80.99995,-90.99995,-74.9999
hosted-final-head-standard/ubuntu-net8.0-traffic/paired.jsonl,False,same-key,5,bytesPerOperation,159935.512,22134.52,-86.16029518376945,-86.16034692782925,-86.1602431628024
hosted-final-head-standard/ubuntu-net8.0-traffic/paired.jsonl,False,same-key,5,closeMs,0.759563,1.949979,152.780753932087,148.48720698974722,156.02450458215867
hosted-final-head-standard/ubuntu-net8.0-traffic/paired.jsonl,False,same-key,5,retainedManagedBytes,478344,405312,-15.491473478342751,-15.934822418097005,-15.268523687476364
hosted-final-head-standard/ubuntu-net8.0-traffic/paired.jsonl,False,transaction,5,meanMs,4.22732679,4.112779489,6.29452359126792,-39.30961673016509,63.990975827019085
hosted-final-head-standard/ubuntu-net8.0-traffic/paired.jsonl,False,transaction,5,p99Ms,123.335966,108.52028,12.18603298370146,-47.455840679677195,89.92619997262356
hosted-final-head-standard/ubuntu-net8.0-traffic/paired.jsonl,False,transaction,5,cpuMsPerOperation,0.32,0.36,2.322527060336514,-7.267441860465121,10.013824884792632
hosted-final-head-standard/ubuntu-net8.0-traffic/paired.jsonl,False,transaction,5,bytesPerOperation,245312.176,246125.68,0.3292357094612086,0.32033567419956555,0.3381357447228517
hosted-final-head-standard/ubuntu-net8.0-traffic/paired.jsonl,False,transaction,5,closeMs,30.218883,5.451647,-71.33617251266608,-91.85237697834219,-43.80943647333562
hosted-final-head-standard/ubuntu-net8.0-traffic/paired.jsonl,False,transaction,5,retainedManagedBytes,497760,509952,1.462272347275686,0.4594565822420815,2.4650881123092905
hosted-final-head-standard/ubuntu-net8.0-traffic/paired.jsonl,False,write,5,meanMs,3.888751214,4.139893758999999,-3.338093613124889,-51.32472716124156,44.648539934991774
hosted-final-head-standard/ubuntu-net8.0-traffic/paired.jsonl,False,write,5,p99Ms,92.748821,90.385453,-8.862579369923207,-58.518450447754546,43.78415853449967
hosted-final-head-standard/ubuntu-net8.0-traffic/paired.jsonl,False,write,5,cpuMsPerOperation,0.3,0.31,0.18195856785985232,-5.818195151515146,6.428586243386225
hosted-final-head-standard/ubuntu-net8.0-traffic/paired.jsonl,False,write,5,bytesPerOperation,245165.16,245913.792,0.31537789046568676,0.3061225532080636,0.32439357957549486
hosted-final-head-standard/ubuntu-net8.0-traffic/paired.jsonl,False,write,5,closeMs,8.782722,5.432689,121.00268062681555,-70.27677767649159,352.89496468819175
hosted-final-head-standard/ubuntu-net8.0-traffic/paired.jsonl,False,write,5,retainedManagedBytes,498040,497552,-1.3968300045995274,-3.2053397956602447,-0.03467638315414412
hosted-final-head-standard/ubuntu-net8.0-traffic/paired.jsonl,False,write-heavy,5,meanMs,2.8293853479999997,3.354141886,100.37758795796064,-22.927030843758338,315.7726582180595
hosted-final-head-standard/ubuntu-net8.0-traffic/paired.jsonl,False,write-heavy,5,p99Ms,81.799557,90.2183,88.51607782321163,-29.250108986003653,265.53459843256604
hosted-final-head-standard/ubuntu-net8.0-traffic/paired.jsonl,False,write-heavy,5,cpuMsPerOperation,0.28999990000000003,0.27,-0.39145092840185747,-13.596292170194015,15.601851851851842
hosted-final-head-standard/ubuntu-net8.0-traffic/paired.jsonl,False,write-heavy,5,bytesPerOperation,244170.512,244964.904,0.3216521706694486,0.3155793042529931,0.32772503708590417
hosted-final-head-standard/ubuntu-net8.0-traffic/paired.jsonl,False,write-heavy,5,closeMs,3.897595,49.459856,2009.8247975554698,198.54561260286513,4110.563080986076
hosted-final-head-standard/ubuntu-net8.0-traffic/paired.jsonl,False,write-heavy,5,retainedManagedBytes,497664,509880,3.3776522338682224,1.4656777039611568,5.354530729524649
hosted-final-head-standard/windows-net10.0-core/paired.jsonl,False,mixed,5,meanMs,0.2974460333333335,0.13397303333333332,-55.07826183390597,-55.650530011594256,-54.5516381804312
hosted-final-head-standard/windows-net10.0-core/paired.jsonl,False,mixed,5,p99Ms,0.7874,1.0389,21.693146920253998,8.838615867053882,34.53329732266583
hosted-final-head-standard/windows-net10.0-core/paired.jsonl,False,mixed,5,cpuMsPerOperation,0.3020833333333333,0.125,-58.411641772696534,-61.221525600835946,-55.507652590816896
hosted-final-head-standard/windows-net10.0-core/paired.jsonl,False,mixed,5,bytesPerOperation,318641.94666666666,117651.36533333334,-63.078485429315215,-63.08200614801534,-63.07457594022202
hosted-final-head-standard/windows-net10.0-core/paired.jsonl,False,mixed,5,closeMs,4.6378,4.9531,0.04057567316264379,-15.60889187474553,10.126156816670623
hosted-final-head-standard/windows-net10.0-core/paired.jsonl,False,mixed,5,retainedManagedBytes,516520,514184,1.2946447536155903,-0.11471027921753141,2.7870366775282585
hosted-final-head-standard/windows-net10.0-core/paired.jsonl,False,point,5,meanMs,0.14322175000000095,0.0178588349999989,-87.60562125760798,-87.8035824695567,-87.4108793318854
hosted-final-head-standard/windows-net10.0-core/paired.jsonl,False,point,5,p99Ms,0.6131,0.035,-94.30024618951502,-94.45322385890545,-94.15874089957694
hosted-final-head-standard/windows-net10.0-core/paired.jsonl,False,point,5,cpuMsPerOperation,0.14375,0.01796875,-87.57595072082259,-87.8125,-87.38891112597912
hosted-final-head-standard/windows-net10.0-core/paired.jsonl,False,point,5,bytesPerOperation,280143.0144,26712.1256,-90.46482694065455,-90.46482977251506,-90.46482538313117
hosted-final-head-standard/windows-net10.0-core/paired.jsonl,False,point,5,closeMs,2.1102,3.357,56.642090463959875,52.43587686352364,59.675099167513665
hosted-final-head-standard/windows-net10.0-core/paired.jsonl,False,point,5,retainedManagedBytes,643168,637368,-0.9017861585153497,-0.9017861585153497,-0.9017861585153497
hosted-final-head-standard/windows-net10.0-core/paired.jsonl,False,scan,5,meanMs,2.0479564000000003,1.130222000000001,-45.269651315078676,-48.02515046209502,-43.198861227403356
hosted-final-head-standard/windows-net10.0-core/paired.jsonl,False,scan,5,p99Ms,3.0735,1.5019,-56.49606905207492,-68.45274812560268,-46.24980924548952
hosted-final-head-standard/windows-net10.0-core/paired.jsonl,False,scan,5,cpuMsPerOperation,2.046875,1.125,-43.98114614162463,-45.34162749993496,-42.6206647833143
hosted-final-head-standard/windows-net10.0-core/paired.jsonl,False,scan,5,bytesPerOperation,4238051.12,3022024.912,-28.6930519139184,-28.693051913918403,-28.693051913918403
hosted-final-head-standard/windows-net10.0-core/paired.jsonl,False,scan,5,closeMs,2.0144,3.3139,65.92842272712366,61.19564245875868,69.86465177716512
hosted-final-head-standard/windows-net10.0-core/paired.jsonl,False,scan,5,retainedManagedBytes,467256,479984,2.8095947403564603,2.723988563014701,2.8952009176982196
hosted-final-head-standard/windows-net10.0-traffic/paired.jsonl,False,balanced,5,meanMs,0.6374035999999996,0.6095120000000003,-0.8444830105514912,-2.8697161441774055,0.5322117671717641
hosted-final-head-standard/windows-net10.0-traffic/paired.jsonl,False,balanced,5,p99Ms,2.7322,2.6819,-0.5403098361857597,-5.222865325935991,4.58861654954432
hosted-final-head-standard/windows-net10.0-traffic/paired.jsonl,False,balanced,5,cpuMsPerOperation,0.515625,0.484375,-7.956773618538324,-13.638591800356505,-2.9946524064171127
hosted-final-head-standard/windows-net10.0-traffic/paired.jsonl,False,balanced,5,bytesPerOperation,245782.144,246411.016,0.2492165410339009,0.23791986670458343,0.2590343725002331
hosted-final-head-standard/windows-net10.0-traffic/paired.jsonl,False,balanced,5,closeMs,6.5003,7.7713,34.70352147809969,16.15789656057573,53.73149747185738
hosted-final-head-standard/windows-net10.0-traffic/paired.jsonl,False,balanced,5,retainedManagedBytes,505760,518728,2.1030094276261524,0.6203732995887323,3.6105151541217495
hosted-final-head-standard/windows-net10.0-traffic/paired.jsonl,False,buffered,5,meanMs,0.20570289999999997,0.06634299999999985,-66.171931917909,-68.25759427158899,-63.5258745435972
hosted-final-head-standard/windows-net10.0-traffic/paired.jsonl,False,buffered,5,p99Ms,0.4729,0.1279,-54.96997807421891,-79.11471116472134,-15.167603141109328
hosted-final-head-standard/windows-net10.0-traffic/paired.jsonl,False,buffered,5,cpuMsPerOperation,0.203125,0.0625,-67.52380952380952,-70.87179487179488,-64.17582417582418
hosted-final-head-standard/windows-net10.0-traffic/paired.jsonl,False,buffered,5,bytesPerOperation,227580.368,87832.288,-61.406048921636476,-61.406077140345,-61.406034812282215
hosted-final-head-standard/windows-net10.0-traffic/paired.jsonl,False,buffered,5,closeMs,2.3262,4.1005,75.9272409947312,66.04368965851695,87.02492829968273
hosted-final-head-standard/windows-net10.0-traffic/paired.jsonl,False,buffered,5,retainedManagedBytes,492192,486392,-1.1605495279863831,-1.2467483824117909,-1.0564982770951148
hosted-final-head-standard/windows-net10.0-traffic/paired.jsonl,False,checkpoint,5,meanMs,2.5780235000000045,2.6531900000000013,2.259084146864947,-0.7113555454832032,5.11058848065395
hosted-final-head-standard/windows-net10.0-traffic/paired.jsonl,False,checkpoint,5,p99Ms,3.5519,4.3519,16.65980340624814,2.904169850883764,30.080923737693134
hosted-final-head-standard/windows-net10.0-traffic/paired.jsonl,False,checkpoint,5,cpuMsPerOperation,1.609375,1.65625,4.957439286394168,-3.33523700742433,14.147018030513175
hosted-final-head-standard/windows-net10.0-traffic/paired.jsonl,False,checkpoint,5,bytesPerOperation,472638.328,473806.968,0.24720453212269344,0.2471502342336107,0.24725883001177618
hosted-final-head-standard/windows-net10.0-traffic/paired.jsonl,False,checkpoint,5,closeMs,2.5455,3.5522,39.93157193372115,37.284187598415265,43.193414528801746
hosted-final-head-standard/windows-net10.0-traffic/paired.jsonl,False,checkpoint,5,retainedManagedBytes,505456,508152,-0.4168954668560998,-1.3754464868770677,0.5416555531648681
hosted-final-head-standard/windows-net10.0-traffic/paired.jsonl,False,churn,5,meanMs,2.539105300000001,2.565248300000001,0.6836715968935181,-0.3390659805536922,2.0102438800342615
hosted-final-head-standard/windows-net10.0-traffic/paired.jsonl,False,churn,5,p99Ms,5.2311,5.3982,3.9262153944374223,2.2376738462363255,5.624301038023041
hosted-final-head-standard/windows-net10.0-traffic/paired.jsonl,False,churn,5,cpuMsPerOperation,1.984375,1.96875,-1.5250745668478596,-7.684646725591176,3.626788586910506
hosted-final-head-standard/windows-net10.0-traffic/paired.jsonl,False,churn,5,bytesPerOperation,1271166.056,1257626.336,-3.7710921177179735,-13.774640604360746,6.082050241017485
hosted-final-head-standard/windows-net10.0-traffic/paired.jsonl,False,churn,5,closeMs,7.8518,9.0992,17.51295006929503,13.195234982601722,21.83066515598834
hosted-final-head-standard/windows-net10.0-traffic/paired.jsonl,False,churn,5,retainedManagedBytes,504464,521520,2.919041664807862,2.568538993253382,3.2812564365619052
hosted-final-head-standard/windows-net10.0-traffic/paired.jsonl,False,indexed,5,meanMs,3.3244248999999986,1.6440280999999979,-50.049621848944255,-51.29648803023163,-48.80275566765688
hosted-final-head-standard/windows-net10.0-traffic/paired.jsonl,False,indexed,5,p99Ms,6.3594,2.6177,-57.31067254145133,-62.758763039764005,-50.07029565346268
hosted-final-head-standard/windows-net10.0-traffic/paired.jsonl,False,indexed,5,cpuMsPerOperation,3.265625,1.65625,-49.9700543368997,-51.609115586137236,-48.461885086794965
hosted-final-head-standard/windows-net10.0-traffic/paired.jsonl,False,indexed,5,bytesPerOperation,4241051.12,3025024.912,-28.67275385861717,-28.672755257899375,-28.672751060052764
hosted-final-head-standard/windows-net10.0-traffic/paired.jsonl,False,indexed,5,closeMs,2.3017,3.6935,61.60192523635135,57.527604533211104,65.90720662599959
hosted-final-head-standard/windows-net10.0-traffic/paired.jsonl,False,indexed,5,retainedManagedBytes,469360,482088,2.787181602692468,2.71037725206722,2.8731042771531445
hosted-final-head-standard/windows-net10.0-traffic/paired.jsonl,False,open-close,5,meanMs,1.7850554000000003,1.8048770000000025,1.071147176044016,-3.0302539065909073,5.1725482586789395
hosted-final-head-standard/windows-net10.0-traffic/paired.jsonl,False,open-close,5,p99Ms,6.929,6.8827,-3.5649692804337363,-5.903742157853189,-1.385436412377652
hosted-final-head-standard/windows-net10.0-traffic/paired.jsonl,False,open-close,5,cpuMsPerOperation,3.265625,3.203125,-1.0855295019271363,-4.885721913054195,4.140023930732046
hosted-final-head-standard/windows-net10.0-traffic/paired.jsonl,False,open-close,5,bytesPerOperation,190169.864,190858.768,0.36207515096153386,0.3618665940097898,0.3622837079132779
hosted-final-head-standard/windows-net10.0-traffic/paired.jsonl,False,open-close,5,closeMs,0.0162,0.0218,32.87582104514134,1.583224939527241,63.92608767791678
hosted-final-head-standard/windows-net10.0-traffic/paired.jsonl,False,open-close,5,retainedManagedBytes,508456,526616,3.1763842470692283,-0.25727410442912824,6.610042598567586
hosted-final-head-standard/windows-net10.0-traffic/paired.jsonl,False,random,5,meanMs,0.20378299999999994,0.025155799999999992,-87.80525553042222,-88.6334581977114,-86.92719584476417
hosted-final-head-standard/windows-net10.0-traffic/paired.jsonl,False,random,5,p99Ms,1.3481,0.0646,-95.58752551337126,-96.13438487281633,-95.04066615392618
hosted-final-head-standard/windows-net10.0-traffic/paired.jsonl,False,random,5,cpuMsPerOperation,0.21875,0.03125,-86.78388278388279,-91.61904761904762,-81.64835164835165
hosted-final-head-standard/windows-net10.0-traffic/paired.jsonl,False,random,5,bytesPerOperation,283887.296,26725.92,-90.58573047949297,-90.58573769554349,-90.58572273284373
hosted-final-head-standard/windows-net10.0-traffic/paired.jsonl,False,random,5,closeMs,2.3274,3.8321,55.14854312444967,35.730548986972856,67.11299313381559
hosted-final-head-standard/windows-net10.0-traffic/paired.jsonl,False,random,5,retainedManagedBytes,481008,485376,0.3963466882525424,-0.6047770231157257,0.9037687522868598
hosted-final-head-standard/windows-net10.0-traffic/paired.jsonl,False,same-key,5,meanMs,0.1564225999999997,0.0234152,-85.14560714144827,-85.3385191739441,-84.929289281336
hosted-final-head-standard/windows-net10.0-traffic/paired.jsonl,False,same-key,5,p99Ms,0.2886,0.0601,-79.94431528060322,-83.36574142967558,-76.6638998903078
hosted-final-head-standard/windows-net10.0-traffic/paired.jsonl,False,same-key,5,cpuMsPerOperation,0.15625,0.015625,-86.66666666666667,-90.0,-82.66666666666667
hosted-final-head-standard/windows-net10.0-traffic/paired.jsonl,False,same-key,5,bytesPerOperation,161723.12,21976.288,-86.41117894074969,-86.41119292252505,-86.41116495897433
hosted-final-head-standard/windows-net10.0-traffic/paired.jsonl,False,same-key,5,closeMs,2.3284,3.8079,73.316417110851,61.030823851604225,95.81767268822375
hosted-final-head-standard/windows-net10.0-traffic/paired.jsonl,False,same-key,5,retainedManagedBytes,501448,485376,-3.211602604483743,-3.2202484508721563,-3.205117978334737
hosted-final-head-standard/windows-net10.0-traffic/paired.jsonl,False,transaction,5,meanMs,0.8855739000000007,0.8986558999999996,-0.5892296810554652,-4.439562317007137,3.2611029548962067
hosted-final-head-standard/windows-net10.0-traffic/paired.jsonl,False,transaction,5,p99Ms,2.6662,2.7386,-2.305904430881702,-10.694397090856024,3.5770336081089837
hosted-final-head-standard/windows-net10.0-traffic/paired.jsonl,False,transaction,5,cpuMsPerOperation,0.71875,0.78125,8.029884855863479,-1.3223777883246313,16.521739130434785
hosted-final-head-standard/windows-net10.0-traffic/paired.jsonl,False,transaction,5,bytesPerOperation,253089.344,253676.224,0.2355947075567988,0.2282691547049831,0.24377794429353283
hosted-final-head-standard/windows-net10.0-traffic/paired.jsonl,False,transaction,5,closeMs,7.8131,9.1779,15.762735978686791,9.56941717461605,21.424418234163646
hosted-final-head-standard/windows-net10.0-traffic/paired.jsonl,False,transaction,5,retainedManagedBytes,505864,508456,1.2023568974943144,0.20897333716307198,2.195740457825557
hosted-final-head-standard/windows-net10.0-traffic/paired.jsonl,False,write,5,meanMs,0.8404921999999999,0.8426540999999999,-0.5163527283921199,-1.3709678859880303,0.2371394796094517
hosted-final-head-standard/windows-net10.0-traffic/paired.jsonl,False,write,5,p99Ms,2.6145,2.6121,-1.1087319734454693,-3.18807664122559,0.8202300880036439
hosted-final-head-standard/windows-net10.0-traffic/paired.jsonl,False,write,5,cpuMsPerOperation,0.65625,0.640625,-5.950937950937951,-13.206349206349207,1.0000000000000009
hosted-final-head-standard/windows-net10.0-traffic/paired.jsonl,False,write,5,bytesPerOperation,253037.872,253624.288,0.23177395007190071,0.22118638948625424,0.24206679301111755
hosted-final-head-standard/windows-net10.0-traffic/paired.jsonl,False,write,5,closeMs,8.1119,8.9276,10.810201920835294,-1.2355200051540032,24.08139974000191
hosted-final-head-standard/windows-net10.0-traffic/paired.jsonl,False,write,5,retainedManagedBytes,505752,506432,1.615771143383542,0.6203831126718207,2.6111591740952633
hosted-final-head-standard/windows-net10.0-traffic/paired.jsonl,False,write-heavy,5,meanMs,0.7965987000000002,0.7944566000000003,-0.03434170162597283,-1.122886378596708,1.0542029753447624
hosted-final-head-standard/windows-net10.0-traffic/paired.jsonl,False,write-heavy,5,p99Ms,2.7887,2.7928,-0.34442502856724344,-1.897634942923927,1.1305239530357891
hosted-final-head-standard/windows-net10.0-traffic/paired.jsonl,False,write-heavy,5,cpuMsPerOperation,0.625,0.625,-1.4871794871794908,-5.0,2.0256410256410184
hosted-final-head-standard/windows-net10.0-traffic/paired.jsonl,False,write-heavy,5,bytesPerOperation,251630.472,252224.104,0.2338487404521361,0.22605489468979556,0.24164258621447665
hosted-final-head-standard/windows-net10.0-traffic/paired.jsonl,False,write-heavy,5,closeMs,6.277,7.2215,20.956498586389287,-4.002657842639419,49.179547021445416
hosted-final-head-standard/windows-net10.0-traffic/paired.jsonl,False,write-heavy,5,retainedManagedBytes,505768,518736,2.662534403782635,2.5725756738915173,2.8083592613600983
hosted-final-head-standard/windows-net8.0-core/paired.jsonl,False,mixed,5,meanMs,0.44463463333333325,0.2035356666666666,-53.62365186672454,-54.584059327828186,-52.60551911057685
hosted-final-head-standard/windows-net8.0-core/paired.jsonl,False,mixed,5,p99Ms,1.2054,1.1768,2.6888224033813124,-5.6230763072947205,11.239708385981395
hosted-final-head-standard/windows-net8.0-core/paired.jsonl,False,mixed,5,cpuMsPerOperation,0.4166666666666667,0.171875,-57.56716022249218,-60.75091061922107,-54.26851435849453
hosted-final-head-standard/windows-net8.0-core/paired.jsonl,False,mixed,5,bytesPerOperation,318848.35466666665,117843.768,-63.0428687146581,-63.04711186645712,-63.03926701654304
hosted-final-head-standard/windows-net8.0-core/paired.jsonl,False,mixed,5,closeMs,5.3798,6.2299,4.830980958967197,-19.948646601934275,21.898990953762045
hosted-final-head-standard/windows-net8.0-core/paired.jsonl,False,mixed,5,retainedManagedBytes,602536,623168,2.6103917555775524,1.7910962996401956,3.429687211514909
hosted-final-head-standard/windows-net8.0-core/paired.jsonl,False,point,5,meanMs,0.2208042900000002,0.03307509500000056,-85.12255187582045,-85.3883337838023,-84.93732193658077
hosted-final-head-standard/windows-net8.0-core/paired.jsonl,False,point,5,p99Ms,0.8453,0.072,-91.39327433535375,-92.05759942003344,-90.76628794243759
hosted-final-head-standard/windows-net8.0-core/paired.jsonl,False,point,5,cpuMsPerOperation,0.22109375,0.0328125,-85.18770686222328,-85.48353729795895,-84.93229862434643
hosted-final-head-standard/windows-net8.0-core/paired.jsonl,False,point,5,bytesPerOperation,280350.372,26864.1592,-90.4176479625666,-90.41764809928627,-90.41764768912726
hosted-final-head-standard/windows-net8.0-core/paired.jsonl,False,point,5,closeMs,2.0498,3.2757,59.28124661136135,56.37478324475633,62.03995177098615
hosted-final-head-standard/windows-net8.0-core/paired.jsonl,False,point,5,retainedManagedBytes,741456,735112,-1.1788764170450539,-1.8254016125429895,-0.855613819296086
hosted-final-head-standard/windows-net8.0-core/paired.jsonl,False,scan,5,meanMs,2.812315699999999,1.7543003000000004,-38.72042061479202,-40.757912054701784,-36.78208864154587
hosted-final-head-standard/windows-net8.0-core/paired.jsonl,False,scan,5,p99Ms,4.168,2.4896,-46.42793101762019,-51.270686827195576,-41.585175208044795
hosted-final-head-standard/windows-net8.0-core/paired.jsonl,False,scan,5,cpuMsPerOperation,2.828125,1.734375,-39.20673408030285,-40.76915614730741,-37.64431201329829
hosted-final-head-standard/windows-net8.0-core/paired.jsonl,False,scan,5,bytesPerOperation,4366222.384,3150145.584,-27.85191878279575,-27.851921215149634,-27.851916350441865
hosted-final-head-standard/windows-net8.0-core/paired.jsonl,False,scan,5,closeMs,2.1088,3.2015,48.22951930236137,33.37222044214926,63.086818162573465
hosted-final-head-standard/windows-net8.0-core/paired.jsonl,False,scan,5,retainedManagedBytes,565848,578032,2.1495525300080542,2.1422007323521486,2.153228428836007
hosted-final-head-standard/windows-net8.0-traffic/paired.jsonl,False,balanced,5,meanMs,0.7067475999999995,0.6804308000000001,-3.838809045398992,-10.974325422837223,3.3156546050131745
hosted-final-head-standard/windows-net8.0-traffic/paired.jsonl,False,balanced,5,p99Ms,3.0797,3.0126,-1.4473153128205898,-5.567706628682951,2.673076003041772
hosted-final-head-standard/windows-net8.0-traffic/paired.jsonl,False,balanced,5,cpuMsPerOperation,0.578125,0.515625,-3.0840766324637263,-16.90921690921691,10.741063644289458
hosted-final-head-standard/windows-net8.0-traffic/paired.jsonl,False,balanced,5,bytesPerOperation,246071.232,246703.664,0.2500258456960891,0.2341944180898059,0.26404357794035604
hosted-final-head-standard/windows-net8.0-traffic/paired.jsonl,False,balanced,5,closeMs,5.1739,6.2759,42.44408740806049,13.33481344667311,77.35205400370705
hosted-final-head-standard/windows-net8.0-traffic/paired.jsonl,False,balanced,5,retainedManagedBytes,586544,598992,1.6944435379856637,0.856226238599489,2.1222619274939403
hosted-final-head-standard/windows-net8.0-traffic/paired.jsonl,False,buffered,5,meanMs,0.2420490000000001,0.07766769999999977,-67.59687633542137,-68.22184689639633,-66.99329711348166
hosted-final-head-standard/windows-net8.0-traffic/paired.jsonl,False,buffered,5,p99Ms,0.6819,0.1306,-80.60203149819648,-81.58999061563657,-79.4691334835624
hosted-final-head-standard/windows-net8.0-traffic/paired.jsonl,False,buffered,5,cpuMsPerOperation,0.234375,0.078125,-66.45098039215686,-71.66666666666667,-59.450980392156865
hosted-final-head-standard/windows-net8.0-traffic/paired.jsonl,False,buffered,5,bytesPerOperation,230958.896,91152.96,-60.5327940485154,-60.5328213900018,-60.53276670702898
hosted-final-head-standard/windows-net8.0-traffic/paired.jsonl,False,buffered,5,closeMs,1.9868,3.2223,62.82207803643336,38.14105950061703,84.21040921832417
hosted-final-head-standard/windows-net8.0-traffic/paired.jsonl,False,buffered,5,retainedManagedBytes,585224,584112,-0.29425149116034444,-0.5027290473194324,-0.19001271308080048
hosted-final-head-standard/windows-net8.0-traffic/paired.jsonl,False,checkpoint,5,meanMs,2.9371560999999984,2.9163683000000002,-8.874590091609367,-27.42158380709818,1.71551539383032
hosted-final-head-standard/windows-net8.0-traffic/paired.jsonl,False,checkpoint,5,p99Ms,6.1555,5.6108,-11.864333266095626,-25.40169073498729,1.5644542459063682
hosted-final-head-standard/windows-net8.0-traffic/paired.jsonl,False,checkpoint,5,cpuMsPerOperation,1.859375,1.828125,-0.10351402761269668,-2.6327983633486496,2.4676434676434744
hosted-final-head-standard/windows-net8.0-traffic/paired.jsonl,False,checkpoint,5,bytesPerOperation,473277.112,474445.112,0.24679000330571021,0.2467128602865687,0.2468671463578609
hosted-final-head-standard/windows-net8.0-traffic/paired.jsonl,False,checkpoint,5,closeMs,2.2479,3.367,49.810543902490075,44.45231785230443,55.45205320741273
hosted-final-head-standard/windows-net8.0-traffic/paired.jsonl,False,checkpoint,5,retainedManagedBytes,593832,601136,0.8203444028363505,-0.001376649148521203,1.2324323556031258
hosted-final-head-standard/windows-net8.0-traffic/paired.jsonl,False,churn,5,meanMs,2.7848753000000026,2.8349599999999984,3.248661764083831,1.3081795582191713,5.476925768679188
hosted-final-head-standard/windows-net8.0-traffic/paired.jsonl,False,churn,5,p99Ms,6.4933,6.4568,0.8137309254399019,-3.4801833539451854,6.7185484605748345
hosted-final-head-standard/windows-net8.0-traffic/paired.jsonl,False,churn,5,cpuMsPerOperation,1.984375,2,1.1269129901311388,-8.584878645477284,10.838704625739561
hosted-final-head-standard/windows-net8.0-traffic/paired.jsonl,False,churn,5,bytesPerOperation,1441698.128,1522997.728,9.340781567316307,-0.1919112463058248,19.00428530963479
hosted-final-head-standard/windows-net8.0-traffic/paired.jsonl,False,churn,5,closeMs,7.5577,7.771,10.420824651320526,2.715278761428057,16.304251738938287
hosted-final-head-standard/windows-net8.0-traffic/paired.jsonl,False,churn,5,retainedManagedBytes,589784,602320,2.127622210114648,0.45805765354860917,4.216151622941835
hosted-final-head-standard/windows-net8.0-traffic/paired.jsonl,False,indexed,5,meanMs,3.0161874999999996,1.8656869000000014,-35.94368876327488,-38.29091035931233,-33.241181475343545
hosted-final-head-standard/windows-net8.0-traffic/paired.jsonl,False,indexed,5,p99Ms,4.6096,2.8942,-39.71724926800694,-45.001524247635025,-34.20373200813604
hosted-final-head-standard/windows-net8.0-traffic/paired.jsonl,False,indexed,5,cpuMsPerOperation,3.015625,1.859375,-36.366945402143514,-39.15919189988039,-33.27558824105716
hosted-final-head-standard/windows-net8.0-traffic/paired.jsonl,False,indexed,5,bytesPerOperation,4369414.448,3153337.584,-27.83157489944844,-27.83157511086255,-27.831574476620222
hosted-final-head-standard/windows-net8.0-traffic/paired.jsonl,False,indexed,5,closeMs,2.0112,3.3863,66.35691175518755,52.784156927046055,83.24739485153498
hosted-final-head-standard/windows-net8.0-traffic/paired.jsonl,False,indexed,5,retainedManagedBytes,567952,580136,2.1745499619686104,2.1452517114122216,2.233146463081388
hosted-final-head-standard/windows-net8.0-traffic/paired.jsonl,False,open-close,5,meanMs,2.0150794999999997,2.000625800000002,-13.010494599970421,-40.833519451689725,2.4396115273077035
hosted-final-head-standard/windows-net8.0-traffic/paired.jsonl,False,open-close,5,p99Ms,6.9736,6.8091,-13.941448758258531,-53.763130844084706,13.315357048869439
hosted-final-head-standard/windows-net8.0-traffic/paired.jsonl,False,open-close,5,cpuMsPerOperation,3.140625,3.21875,0.6304014549635761,-8.146772853862316,6.760277049647835
hosted-final-head-standard/windows-net8.0-traffic/paired.jsonl,False,open-close,5,bytesPerOperation,190989.272,191677.272,0.36022460367950426,0.36020695675363257,0.3602371969876961
hosted-final-head-standard/windows-net8.0-traffic/paired.jsonl,False,open-close,5,closeMs,0.0204,0.0205,-4.237252068712744,-41.99197431781702,29.47985347985348
hosted-final-head-standard/windows-net8.0-traffic/paired.jsonl,False,open-close,5,retainedManagedBytes,595288,597744,-0.32643568993895755,-1.093102951687046,0.5530578015310939
hosted-final-head-standard/windows-net8.0-traffic/paired.jsonl,False,random,5,meanMs,0.21748529999999996,0.03207440000000002,-85.2544709856188,-85.38667801762841,-85.12226395360918
hosted-final-head-standard/windows-net8.0-traffic/paired.jsonl,False,random,5,p99Ms,1.0713,0.0696,-93.49741784951054,-94.04500329915534,-92.84060354223223
hosted-final-head-standard/windows-net8.0-traffic/paired.jsonl,False,random,5,cpuMsPerOperation,0.21875,0.03125,-86.0952380952381,-86.47619047619048,-85.71428571428572
hosted-final-head-standard/windows-net8.0-traffic/paired.jsonl,False,random,5,bytesPerOperation,284094.976,26878.592,-90.53887862333694,-90.53888842762558,-90.53887105698061
hosted-final-head-standard/windows-net8.0-traffic/paired.jsonl,False,random,5,closeMs,2.026,3.1985,60.074261015570805,56.9058038503203,63.24271818082131
hosted-final-head-standard/windows-net8.0-traffic/paired.jsonl,False,random,5,retainedManagedBytes,579296,583120,0.6609456798491875,0.660111583715417,0.6626138721167285
hosted-final-head-standard/windows-net8.0-traffic/paired.jsonl,False,same-key,5,meanMs,0.18955149999999993,0.03016700000000001,-84.0586400894609,-84.28036224820174,-83.83691793072005
hosted-final-head-standard/windows-net8.0-traffic/paired.jsonl,False,same-key,5,p99Ms,0.5894,0.076,-84.83672694085408,-88.69996547512321,-80.19607044975615
hosted-final-head-standard/windows-net8.0-traffic/paired.jsonl,False,same-key,5,cpuMsPerOperation,0.1875,0.03125,-85.38461538461539,-88.97435897435898,-83.33333333333334
hosted-final-head-standard/windows-net8.0-traffic/paired.jsonl,False,same-key,5,bytesPerOperation,161933.296,22128.96,-86.3345145939536,-86.3345213451346,-86.33450109159158
hosted-final-head-standard/windows-net8.0-traffic/paired.jsonl,False,same-key,5,closeMs,2.1051,3.1906,48.06789308689784,36.370259677771614,56.490948826809664
hosted-final-head-standard/windows-net8.0-traffic/paired.jsonl,False,same-key,5,retainedManagedBytes,589464,583120,-1.0797605960669387,-1.086817854864759,-1.0762319666680287
hosted-final-head-standard/windows-net8.0-traffic/paired.jsonl,False,transaction,5,meanMs,0.9826697999999998,0.9906281999999994,0.2930685399220745,-0.7191263806324177,1.24568120152047
hosted-final-head-standard/windows-net8.0-traffic/paired.jsonl,False,transaction,5,p99Ms,2.9698,2.9193,-0.8692688714617192,-5.160746328905612,3.2022175302602145
hosted-final-head-standard/windows-net8.0-traffic/paired.jsonl,False,transaction,5,cpuMsPerOperation,0.71875,0.78125,9.10923267296995,2.9337386018237055,15.042829510914618
hosted-final-head-standard/windows-net8.0-traffic/paired.jsonl,False,transaction,5,bytesPerOperation,253634.08,254192.944,0.2267657545002999,0.2228160647402877,0.22996663093769687
hosted-final-head-standard/windows-net8.0-traffic/paired.jsonl,False,transaction,5,closeMs,6.7947,7.5806,15.328718086944203,6.951141354988684,23.706294818899725
hosted-final-head-standard/windows-net8.0-traffic/paired.jsonl,False,transaction,5,retainedManagedBytes,588888,601424,1.7110846813278524,0.4587535688205513,2.9634157938351535
hosted-final-head-standard/windows-net8.0-traffic/paired.jsonl,False,write,5,meanMs,0.9406235000000017,0.9449881999999994,2.7757729035430057,-4.723380225232242,12.335275021263541
hosted-final-head-standard/windows-net8.0-traffic/paired.jsonl,False,write,5,p99Ms,3.0376,2.9717,8.67614479062065,-9.674739798651453,39.8985416539891
hosted-final-head-standard/windows-net8.0-traffic/paired.jsonl,False,write,5,cpuMsPerOperation,0.671875,0.703125,2.738552570515134,-7.954545454545453,13.692569483834372
hosted-final-head-standard/windows-net8.0-traffic/paired.jsonl,False,write,5,bytesPerOperation,253435.624,254050.12,0.2399040435548816,0.23459538988704232,0.24415491401379885
hosted-final-head-standard/windows-net8.0-traffic/paired.jsonl,False,write,5,closeMs,7.0262,7.9224,100.482348586001,-0.5492821591424768,208.95796767326587
hosted-final-head-standard/windows-net8.0-traffic/paired.jsonl,False,write,5,retainedManagedBytes,593792,601312,0.9489113336418153,0.28629547865635097,1.6115271886272797
hosted-final-head-standard/windows-net8.0-traffic/paired.jsonl,False,write-heavy,5,meanMs,0.901191499999999,0.9092977000000007,0.668567289280786,-2.9738780983039055,3.357971525339592
hosted-final-head-standard/windows-net8.0-traffic/paired.jsonl,False,write-heavy,5,p99Ms,3.0911,3.0806,0.09411666906104613,-3.2567712377221163,2.8563734076526393
hosted-final-head-standard/windows-net8.0-traffic/paired.jsonl,False,write-heavy,5,cpuMsPerOperation,0.6875,0.71875,2.4569050602984843,-6.56314699792961,9.719946013689386
hosted-final-head-standard/windows-net8.0-traffic/paired.jsonl,False,write-heavy,5,bytesPerOperation,252042.904,252635.072,0.23408124407423347,0.2294982820551894,0.2381429162481119
hosted-final-head-standard/windows-net8.0-traffic/paired.jsonl,False,write-heavy,5,closeMs,5.1742,6.0848,23.662006415682594,17.062256538591782,30.737606427403097
hosted-final-head-standard/windows-net8.0-traffic/paired.jsonl,False,write-heavy,5,retainedManagedBytes,601080,613528,1.1375868197976136,-0.2562713898087843,2.9463873205734536
hosted-final-standard/ubuntu-net10.0-core/paired.jsonl,False,mixed,5,meanMs,0.29308267166666585,0.16207790633333322,-45.04851235819693,-45.64441889773529,-44.45260581865857
hosted-final-standard/ubuntu-net10.0-core/paired.jsonl,False,mixed,5,p99Ms,1.413227,1.411354,0.9877375624679186,-8.573445206310343,9.405904681743543
hosted-final-standard/ubuntu-net10.0-core/paired.jsonl,False,mixed,5,cpuMsPerOperation,0.22827566666666665,0.09927333333333332,-56.36800198914519,-56.91009875606926,-55.82590522222112
hosted-final-standard/ubuntu-net10.0-core/paired.jsonl,False,mixed,5,bytesPerOperation,314261.744,116084.144,-63.06249581598966,-63.06705958981129,-63.05793204216802
hosted-final-standard/ubuntu-net10.0-core/paired.jsonl,False,mixed,5,closeMs,5.333664,6.216697,21.17016626210615,9.06878530119132,34.8425812276697
hosted-final-standard/ubuntu-net10.0-core/paired.jsonl,False,mixed,5,retainedManagedBytes,342376,359368,5.026636800666857,2.809542724957348,7.3074029832562815
hosted-final-standard/ubuntu-net10.0-core/paired.jsonl,False,point,5,meanMs,0.10719080804999985,0.017874318700000037,-83.39049491122204,-83.52342169502751,-83.23721363228769
hosted-final-standard/ubuntu-net10.0-core/paired.jsonl,False,point,5,p99Ms,0.534972,0.035818,-93.31604651878895,-93.40367309200002,-93.21542113713869
hosted-final-standard/ubuntu-net10.0-core/paired.jsonl,False,point,5,cpuMsPerOperation,0.10905195000000001,0.017981399999999998,-83.57981369252585,-83.7578158768986,-83.40688637314496
hosted-final-standard/ubuntu-net10.0-core/paired.jsonl,False,point,5,bytesPerOperation,278164.6852,26712.1412,-90.39700660580833,-90.39701009674027,-90.39700486034235
hosted-final-standard/ubuntu-net10.0-core/paired.jsonl,False,point,5,closeMs,1.266181,2.239324,77.81667024457703,75.66785716451948,79.96087532916967
hosted-final-standard/ubuntu-net10.0-core/paired.jsonl,False,point,5,retainedManagedBytes,473512,467536,-1.2617251867428703,-1.2620588284985357,-1.2610579032315394
hosted-final-standard/ubuntu-net10.0-core/paired.jsonl,False,scan,5,meanMs,2.5992128709999993,1.5416875419999994,-40.47302378517899,-40.88900948785224,-39.881853194064355
hosted-final-standard/ubuntu-net10.0-core/paired.jsonl,False,scan,5,p99Ms,3.684171,1.945765,-48.83509218283412,-51.33871430484271,-46.540366484247464
hosted-final-standard/ubuntu-net10.0-core/paired.jsonl,False,scan,5,cpuMsPerOperation,2.60792,1.546605,-40.59785751585808,-41.06728107332861,-39.94727698216713
hosted-final-standard/ubuntu-net10.0-core/paired.jsonl,False,scan,5,bytesPerOperation,4236381.832,3022169.224,-28.66154552886971,-28.661547899868356,-28.661541002417714
hosted-final-standard/ubuntu-net10.0-core/paired.jsonl,False,scan,5,closeMs,1.171114,2.170696,84.74156021927452,79.9260033336968,88.56920241667487
hosted-final-standard/ubuntu-net10.0-core/paired.jsonl,False,scan,5,retainedManagedBytes,322768,335312,3.8803189924808867,3.8757423323567997,3.884895652604974
hosted-final-standard/ubuntu-net10.0-traffic/paired.jsonl,False,balanced,5,meanMs,0.4172469539999997,0.42719382199999983,1.8659874231802465,-0.26566147678976915,4.144062448675469
hosted-final-standard/ubuntu-net10.0-traffic/paired.jsonl,False,balanced,5,p99Ms,2.422903,2.485581,0.6903166500418136,-5.07853538100472,5.789068339242709
hosted-final-standard/ubuntu-net10.0-traffic/paired.jsonl,False,balanced,5,cpuMsPerOperation,0.28724400000000005,0.294574,2.295393309200777,0.5844692130136053,3.921462861219736
hosted-final-standard/ubuntu-net10.0-traffic/paired.jsonl,False,balanced,5,bytesPerOperation,239601.888,240390.688,0.33025461573745307,0.31463182690824265,0.3408872412721209
hosted-final-standard/ubuntu-net10.0-traffic/paired.jsonl,False,balanced,5,closeMs,4.101007,4.357055,-0.9233143682475251,-28.838503857027963,14.749725367226935
hosted-final-standard/ubuntu-net10.0-traffic/paired.jsonl,False,balanced,5,retainedManagedBytes,326384,347344,6.462883305060174,3.3154089690982813,9.610357641022066
hosted-final-standard/ubuntu-net10.0-traffic/paired.jsonl,False,buffered,5,meanMs,0.13172433299999997,0.0581198200000001,-55.365546735390204,-56.20009143902058,-54.585390430189626
hosted-final-standard/ubuntu-net10.0-traffic/paired.jsonl,False,buffered,5,p99Ms,0.501686,0.091,-81.40675971880866,-82.15076689219723,-80.54213416326499
hosted-final-standard/ubuntu-net10.0-traffic/paired.jsonl,False,buffered,5,cpuMsPerOperation,0.132718,0.058394,-55.52351034556476,-56.331041846900476,-54.7476914907855
hosted-final-standard/ubuntu-net10.0-traffic/paired.jsonl,False,buffered,5,bytesPerOperation,225585.896,87832.264,-61.06482472645365,-61.06482472645365,-61.06482472645365
hosted-final-standard/ubuntu-net10.0-traffic/paired.jsonl,False,buffered,5,closeMs,1.294916,2.304589,81.02752032955992,77.64179890813418,85.29445995132377
hosted-final-standard/ubuntu-net10.0-traffic/paired.jsonl,False,buffered,5,retainedManagedBytes,317304,316584,-0.22691228521775297,-0.2389844032891597,-0.21282878659566462
hosted-final-standard/ubuntu-net10.0-traffic/paired.jsonl,False,checkpoint,5,meanMs,1.841183712000004,1.858364806,0.3016219469257364,-0.7082038791074385,1.2892484497461076
hosted-final-standard/ubuntu-net10.0-traffic/paired.jsonl,False,checkpoint,5,p99Ms,4.025529,4.053846,0.9726786290118407,-4.5327075911182435,7.660845248880484
hosted-final-standard/ubuntu-net10.0-traffic/paired.jsonl,False,checkpoint,5,cpuMsPerOperation,0.72246,0.7255860000000001,1.0114311255675834,-0.5737376188094845,2.762284007099214
hosted-final-standard/ubuntu-net10.0-traffic/paired.jsonl,False,checkpoint,5,bytesPerOperation,457300.064,458868.704,0.34290988470604855,0.34288170238396365,0.3429659614286784
hosted-final-standard/ubuntu-net10.0-traffic/paired.jsonl,False,checkpoint,5,closeMs,1.357403,2.070714,54.979149703547264,49.73184373196915,61.412858764430425
hosted-final-standard/ubuntu-net10.0-traffic/paired.jsonl,False,checkpoint,5,retainedManagedBytes,364672,360016,0.0756206326537967,-1.299281083970869,1.4505223492784625
hosted-final-standard/ubuntu-net10.0-traffic/paired.jsonl,False,churn,5,meanMs,1.8586882560000022,1.8680340749999993,1.013468195267364,-1.5143780346510893,3.6305788847565035
hosted-final-standard/ubuntu-net10.0-traffic/paired.jsonl,False,churn,5,p99Ms,4.431332,4.475564,3.562312648973251,-0.9573427724687411,9.922298107033992
hosted-final-standard/ubuntu-net10.0-traffic/paired.jsonl,False,churn,5,cpuMsPerOperation,1.207792,1.226038,1.1955456064958492,-0.9880604007219196,3.506575146159654
hosted-final-standard/ubuntu-net10.0-traffic/paired.jsonl,False,churn,5,bytesPerOperation,1397623.696,1558611.968,2.7904779803686437,-8.961271449757898,17.809206268361635
hosted-final-standard/ubuntu-net10.0-traffic/paired.jsonl,False,churn,5,closeMs,4.970587,5.482759,14.275112898131006,9.941715373630547,20.061455906985913
hosted-final-standard/ubuntu-net10.0-traffic/paired.jsonl,False,churn,5,retainedManagedBytes,342152,363120,6.806825798742855,3.182178399135931,10.43147319834978
hosted-final-standard/ubuntu-net10.0-traffic/paired.jsonl,False,indexed,5,meanMs,2.6562416079999958,1.5938728919999994,-39.76673438587174,-40.74052812212607,-38.543327834232
hosted-final-standard/ubuntu-net10.0-traffic/paired.jsonl,False,indexed,5,p99Ms,3.740121,1.985645,-49.45729389620944,-54.371121292030125,-46.31906314710326
hosted-final-standard/ubuntu-net10.0-traffic/paired.jsonl,False,indexed,5,cpuMsPerOperation,2.667058,1.598674,-39.895121444861324,-40.809025100655624,-38.705735629573006
hosted-final-standard/ubuntu-net10.0-traffic/paired.jsonl,False,indexed,5,bytesPerOperation,4239381.832,3025169.224,-28.641261021182103,-28.641265545716955,-28.641256496647248
hosted-final-standard/ubuntu-net10.0-traffic/paired.jsonl,False,indexed,5,closeMs,1.196233,2.270638,89.27138618985374,86.573008534594,92.05531461414604
hosted-final-standard/ubuntu-net10.0-traffic/paired.jsonl,False,indexed,5,retainedManagedBytes,324896,337392,3.849222510356749,3.8461538461538547,3.8522911745596433
hosted-final-standard/ubuntu-net10.0-traffic/paired.jsonl,False,open-close,5,meanMs,1.3257821699999999,0.8372149869999994,-24.847995375311623,-41.31739086789726,-13.501261465425973
hosted-final-standard/ubuntu-net10.0-traffic/paired.jsonl,False,open-close,5,p99Ms,8.693187,7.450066,-3.4186944089486344,-48.88562937792073,42.04824056002346
hosted-final-standard/ubuntu-net10.0-traffic/paired.jsonl,False,open-close,5,cpuMsPerOperation,4.26327,2.3379250000000003,-33.13026049910421,-54.095514976273066,-16.369812244811442
hosted-final-standard/ubuntu-net10.0-traffic/paired.jsonl,False,open-close,5,bytesPerOperation,185693.224,186580.952,0.49070939357142684,0.47706348495931916,0.5169752914773573
hosted-final-standard/ubuntu-net10.0-traffic/paired.jsonl,False,open-close,5,closeMs,0.010389,0.009147,9.137097398097637,-23.31353518464092,50.13470279611793
hosted-final-standard/ubuntu-net10.0-traffic/paired.jsonl,False,open-close,5,retainedManagedBytes,373080,367144,0.014597521520549606,-1.7318709659504747,2.6023074471507446
hosted-final-standard/ubuntu-net10.0-traffic/paired.jsonl,False,random,5,meanMs,0.11171489600000005,0.018220998999999998,-83.66879224667629,-83.8660157964593,-83.43179392019354
hosted-final-standard/ubuntu-net10.0-traffic/paired.jsonl,False,random,5,p99Ms,0.727867,0.036899,-95.00626982376133,-95.05766605004318,-94.95487359747946
hosted-final-standard/ubuntu-net10.0-traffic/paired.jsonl,False,random,5,cpuMsPerOperation,0.11302200000000001,0.018294,-83.84441386719328,-84.01375680461756,-83.66359663423874
hosted-final-standard/ubuntu-net10.0-traffic/paired.jsonl,False,random,5,bytesPerOperation,281908.328,26725.896,-90.51964554178736,-90.51965006156185,-90.51963650223838
hosted-final-standard/ubuntu-net10.0-traffic/paired.jsonl,False,random,5,closeMs,1.264698,2.270623,81.54562079208667,77.23568652726215,85.85555505691119
hosted-final-standard/ubuntu-net10.0-traffic/paired.jsonl,False,random,5,retainedManagedBytes,311344,315520,1.3443650752865022,1.3412816691505292,1.3474484814224752
hosted-final-standard/ubuntu-net10.0-traffic/paired.jsonl,False,same-key,5,meanMs,0.08829853900000001,0.01603610799999998,-81.69453007418961,-82.24486323861967,-81.19451868667741
hosted-final-standard/ubuntu-net10.0-traffic/paired.jsonl,False,same-key,5,p99Ms,0.251189,0.034635,-85.68504278924499,-91.64407806193945,-79.72600751655052
hosted-final-standard/ubuntu-net10.0-traffic/paired.jsonl,False,same-key,5,cpuMsPerOperation,0.089234,0.016080999999999998,-81.83837903169223,-82.40042840334746,-81.33814649361263
hosted-final-standard/ubuntu-net10.0-traffic/paired.jsonl,False,same-key,5,bytesPerOperation,159726.696,21976.264,-86.24135518463743,-86.24137723608338,-86.24133313319146
hosted-final-standard/ubuntu-net10.0-traffic/paired.jsonl,False,same-key,5,closeMs,1.267574,2.271154,79.28999290948664,75.31908384819971,83.7697292979867
hosted-final-standard/ubuntu-net10.0-traffic/paired.jsonl,False,same-key,5,retainedManagedBytes,321512,315544,-1.8577222623105794,-1.8607081539724788,-1.8562293164796295
hosted-final-standard/ubuntu-net10.0-traffic/paired.jsonl,False,transaction,5,meanMs,0.6783947059999997,0.6813331229999995,-0.8551769508499428,-4.125153372611685,2.454182682686914
hosted-final-standard/ubuntu-net10.0-traffic/paired.jsonl,False,transaction,5,p99Ms,2.59298,2.681257,0.28497193327416515,-5.163292646350159,3.99351726499356
hosted-final-standard/ubuntu-net10.0-traffic/paired.jsonl,False,transaction,5,cpuMsPerOperation,0.43389,0.440533,0.758638778861962,-1.5579055469537018,3.0751831046776257
hosted-final-standard/ubuntu-net10.0-traffic/paired.jsonl,False,transaction,5,bytesPerOperation,244648.36,245438.944,0.32111586134928594,0.3096769058292459,0.33116006212214
hosted-final-standard/ubuntu-net10.0-traffic/paired.jsonl,False,transaction,5,closeMs,4.744762,5.506722,71.57417212068948,-16.90491922855531,213.94837536345025
hosted-final-standard/ubuntu-net10.0-traffic/paired.jsonl,False,transaction,5,retainedManagedBytes,316904,335176,4.983784995735643,1.3508850308492937,8.252775519363354
hosted-final-standard/ubuntu-net10.0-traffic/paired.jsonl,False,write,5,meanMs,0.6365858799999996,0.6370853569999999,-0.1946359271616327,-2.2561114388279413,2.745264852522271
hosted-final-standard/ubuntu-net10.0-traffic/paired.jsonl,False,write,5,p99Ms,2.566926,2.500587,2.362815632384898,-3.7951279666115374,10.39705791748954
hosted-final-standard/ubuntu-net10.0-traffic/paired.jsonl,False,write,5,cpuMsPerOperation,0.367388,0.373796,1.2054852933529636,-0.4541234457318666,2.865094032437794
hosted-final-standard/ubuntu-net10.0-traffic/paired.jsonl,False,write,5,bytesPerOperation,244586.08,245350.536,0.3144795348554963,0.30269891860961184,0.32765615103471646
hosted-final-standard/ubuntu-net10.0-traffic/paired.jsonl,False,write,5,closeMs,4.685396,5.444835,25.206932671249294,13.812453895129362,41.031599889481164
hosted-final-standard/ubuntu-net10.0-traffic/paired.jsonl,False,write,5,retainedManagedBytes,314088,335048,4.99974157415525,3.2542480258403557,6.676549698909104
hosted-final-standard/ubuntu-net10.0-traffic/paired.jsonl,False,write-heavy,5,meanMs,0.5935656770000005,0.6066337489999998,1.2870245831679572,-0.9017006512861636,3.1472249626233895
hosted-final-standard/ubuntu-net10.0-traffic/paired.jsonl,False,write-heavy,5,p99Ms,2.592802,2.598918,0.6611242396221129,-1.449483601068351,3.025248586568945
hosted-final-standard/ubuntu-net10.0-traffic/paired.jsonl,False,write-heavy,5,cpuMsPerOperation,0.363723,0.366827,1.951186973796677,-0.12685674082817844,4.029230688421532
hosted-final-standard/ubuntu-net10.0-traffic/paired.jsonl,False,write-heavy,5,bytesPerOperation,243659.896,244430.768,0.31921520156450445,0.31344424717863806,0.3279435740493719
hosted-final-standard/ubuntu-net10.0-traffic/paired.jsonl,False,write-heavy,5,closeMs,4.10317,4.367222,7.963243266986995,2.7994084682323717,13.127078065741618
hosted-final-standard/ubuntu-net10.0-traffic/paired.jsonl,False,write-heavy,5,retainedManagedBytes,314104,347352,8.971480675593506,7.305650034319409,10.587066704021609
hosted-final-standard/ubuntu-net8.0-core/paired.jsonl,False,mixed,5,meanMs,0.2796147510000002,0.13741058666666653,-50.75097758097426,-51.42687776965622,-50.06689174202529
hosted-final-standard/ubuntu-net8.0-core/paired.jsonl,False,mixed,5,p99Ms,0.839319,0.822668,-1.7274180386216598,-8.820180003971817,3.8116662872266383
hosted-final-standard/ubuntu-net8.0-core/paired.jsonl,False,mixed,5,cpuMsPerOperation,0.2633333333333333,0.11,-57.9732135185825,-59.34485924112607,-56.61481090528393
hosted-final-standard/ubuntu-net8.0-core/paired.jsonl,False,mixed,5,bytesPerOperation,314446.67466666666,116284.304,-63.02266476463139,-63.02486424088961,-63.02046528837317
hosted-final-standard/ubuntu-net8.0-core/paired.jsonl,False,mixed,5,closeMs,4.249904,4.482928,-8.506168837133426,-37.70275516147741,16.02842118361956
hosted-final-standard/ubuntu-net8.0-core/paired.jsonl,False,mixed,5,retainedManagedBytes,439384,435208,0.7396133500859103,-0.40383723872916555,1.883063938900986
hosted-final-standard/ubuntu-net8.0-core/paired.jsonl,False,point,5,meanMs,0.12619138364999968,0.02127290854999995,-83.19553784382558,-83.35123904155992,-83.05199167486016
hosted-final-standard/ubuntu-net8.0-core/paired.jsonl,False,point,5,p99Ms,0.644753,0.041658,-93.45522329265965,-93.55450666865588,-93.35625022601572
hosted-final-standard/ubuntu-net8.0-core/paired.jsonl,False,point,5,cpuMsPerOperation,0.1285,0.021499995,-83.42322192329598,-83.78487493668665,-83.08567627069505
hosted-final-standard/ubuntu-net8.0-core/paired.jsonl,False,point,5,bytesPerOperation,278371.612,26864.4644,-90.34942551541225,-90.34942919021282,-90.3494233881878
hosted-final-standard/ubuntu-net8.0-core/paired.jsonl,False,point,5,closeMs,1.145415,2.11536,83.83065529384106,75.51648843520734,89.80681321746479
hosted-final-standard/ubuntu-net8.0-core/paired.jsonl,False,point,5,retainedManagedBytes,563904,557304,-1.1749417663882955,-1.1823189085968977,-1.1704119850187267
hosted-final-standard/ubuntu-net8.0-core/paired.jsonl,False,scan,5,meanMs,2.946613159000001,1.7963419570000008,-39.49272644510383,-40.57148092625636,-38.4139719639513
hosted-final-standard/ubuntu-net8.0-core/paired.jsonl,False,scan,5,p99Ms,4.28382,2.21122,-47.77996740314991,-48.59941863618997,-46.53634167055117
hosted-final-standard/ubuntu-net8.0-core/paired.jsonl,False,scan,5,cpuMsPerOperation,2.96,1.7900000999999999,-39.47365500807119,-40.623821251354805,-38.167760264810894
hosted-final-standard/ubuntu-net8.0-core/paired.jsonl,False,scan,5,bytesPerOperation,4364553.16,3150295.688,-27.820885465530928,-27.820890387112808,-27.820880543949045
hosted-final-standard/ubuntu-net8.0-core/paired.jsonl,False,scan,5,closeMs,1.075893,2.031732,88.91188305847668,85.27317773844672,92.20670578425295
hosted-final-standard/ubuntu-net8.0-core/paired.jsonl,False,scan,5,retainedManagedBytes,413240,431632,3.2521501926691987,1.4590931101922844,4.4506824121575805
hosted-final-standard/ubuntu-net8.0-traffic/paired.jsonl,False,balanced,5,meanMs,0.4496441300000004,0.4482100710000003,0.36592173598800404,-1.2710435505592055,2.2560464297587757
hosted-final-standard/ubuntu-net8.0-traffic/paired.jsonl,False,balanced,5,p99Ms,2.67631,2.678254,-1.1373137265287214,-5.562444385003509,2.5639626719752417
hosted-final-standard/ubuntu-net8.0-traffic/paired.jsonl,False,balanced,5,cpuMsPerOperation,0.31,0.32,3.3319953020012183,0.10350612105742618,5.978494623655912
hosted-final-standard/ubuntu-net8.0-traffic/paired.jsonl,False,balanced,5,bytesPerOperation,239974.208,240795.728,0.33487432082285995,0.3172054923980028,0.3501914410271034
hosted-final-standard/ubuntu-net8.0-traffic/paired.jsonl,False,balanced,5,closeMs,3.824516,4.325743,10.519793179346904,-28.008359742597815,45.24156151260517
hosted-final-standard/ubuntu-net8.0-traffic/paired.jsonl,False,balanced,5,retainedManagedBytes,411520,423344,1.754119042776101,0.5564463462850489,2.9517917392671533
hosted-final-standard/ubuntu-net8.0-traffic/paired.jsonl,False,buffered,5,meanMs,0.14764575399999985,0.06698132700000003,-54.71299484365634,-55.73462492885734,-53.755735429526645
hosted-final-standard/ubuntu-net8.0-traffic/paired.jsonl,False,buffered,5,p99Ms,0.579693,0.100388,-82.46765862499558,-83.68739157079476,-81.06890262347474
hosted-final-standard/ubuntu-net8.0-traffic/paired.jsonl,False,buffered,5,cpuMsPerOperation,0.15,0.07,-55.99997333333332,-58.66661333333333,-53.33333333333333
hosted-final-standard/ubuntu-net8.0-traffic/paired.jsonl,False,buffered,5,bytesPerOperation,228967.48,91158.712,-60.18700610874723,-60.18704839656706,-60.186963820927396
hosted-final-standard/ubuntu-net8.0-traffic/paired.jsonl,False,buffered,5,closeMs,1.097661,2.035974,83.484066639672,77.88823037148234,87.84301648398412
hosted-final-standard/ubuntu-net8.0-traffic/paired.jsonl,False,buffered,5,retainedManagedBytes,407648,406280,-0.9231691835239064,-2.0897053682968214,-0.3355836407881285
hosted-final-standard/ubuntu-net8.0-traffic/paired.jsonl,False,checkpoint,5,meanMs,1.9549322060000003,1.934032164,-2.0593789385424643,-3.2902908851683144,-0.7929146506257623
hosted-final-standard/ubuntu-net8.0-traffic/paired.jsonl,False,checkpoint,5,p99Ms,4.556717,4.55889,-0.3855317675083759,-6.688380849626784,5.917317314610031
hosted-final-standard/ubuntu-net8.0-traffic/paired.jsonl,False,checkpoint,5,cpuMsPerOperation,0.77,0.78,0.5360560492139488,-0.4999999999999982,1.5886876281613205
hosted-final-standard/ubuntu-net8.0-traffic/paired.jsonl,False,checkpoint,5,bytesPerOperation,458941.384,460509.384,0.3416294259168451,0.34157634387575353,0.34165610272402613
hosted-final-standard/ubuntu-net8.0-traffic/paired.jsonl,False,checkpoint,5,closeMs,1.273681,1.965873,55.48387239713467,53.3508004858164,57.5431005196596
hosted-final-standard/ubuntu-net8.0-traffic/paired.jsonl,False,checkpoint,5,retainedManagedBytes,443032,449992,1.0552454005332534,-1.6427258637418984,3.2353025644478173
hosted-final-standard/ubuntu-net8.0-traffic/paired.jsonl,False,churn,5,meanMs,2.03782273,2.0393716900000007,0.4406509957010818,-1.0566151855510264,2.390825197426387
hosted-final-standard/ubuntu-net8.0-traffic/paired.jsonl,False,churn,5,p99Ms,4.802786,4.807672,2.289178242374168,-5.203782077628924,9.220712240858168
hosted-final-standard/ubuntu-net8.0-traffic/paired.jsonl,False,churn,5,cpuMsPerOperation,1.3600001,1.35,-0.1206530790809146,-2.061006460655841,2.7177757857742457
hosted-final-standard/ubuntu-net8.0-traffic/paired.jsonl,False,churn,5,bytesPerOperation,1809442.088,1682805.168,0.7587098718753319,-13.114448895876572,18.961295423361474
hosted-final-standard/ubuntu-net8.0-traffic/paired.jsonl,False,churn,5,closeMs,4.686897,5.439173,76.4744626137954,5.6384595782720925,208.84358847668787
hosted-final-standard/ubuntu-net8.0-traffic/paired.jsonl,False,churn,5,retainedManagedBytes,439336,451616,3.124077321455778,2.1494393952828528,4.458085835693941
hosted-final-standard/ubuntu-net8.0-traffic/paired.jsonl,False,indexed,5,meanMs,2.9527379940000014,1.8169568689999984,-38.290077267104124,-38.54780384078276,-38.09014373054737
hosted-final-standard/ubuntu-net8.0-traffic/paired.jsonl,False,indexed,5,p99Ms,4.163491,2.219398,-46.91303486775985,-47.28786525463987,-46.56762027666677
hosted-final-standard/ubuntu-net8.0-traffic/paired.jsonl,False,indexed,5,cpuMsPerOperation,2.97,1.83,-38.35049781832264,-38.786761097741206,-37.956965638892825
hosted-final-standard/ubuntu-net8.0-traffic/paired.jsonl,False,indexed,5,bytesPerOperation,4367745.16,3153487.688,-27.80055099385469,-27.80055633274398,-27.800544755725518
hosted-final-standard/ubuntu-net8.0-traffic/paired.jsonl,False,indexed,5,closeMs,1.08052,2.02237,86.11263848430387,83.22329294393482,88.28845897077639
hosted-final-standard/ubuntu-net8.0-traffic/paired.jsonl,False,indexed,5,retainedManagedBytes,415344,427496,2.9820100928386983,2.9257675565314445,3.038252629145952
hosted-final-standard/ubuntu-net8.0-traffic/paired.jsonl,False,open-close,5,meanMs,0.9663536020000005,0.979414019000002,2.1658985609859127,-2.383109996362427,6.471711865717805
hosted-final-standard/ubuntu-net8.0-traffic/paired.jsonl,False,open-close,5,p99Ms,8.206451,9.924648,14.824137371796894,-6.804193796289335,34.640236061123765
hosted-final-standard/ubuntu-net8.0-traffic/paired.jsonl,False,open-close,5,cpuMsPerOperation,2.95,3.14,3.4164599672100127,-3.3459342857451206,9.803429539060824
hosted-final-standard/ubuntu-net8.0-traffic/paired.jsonl,False,open-close,5,bytesPerOperation,186506.848,187396.016,0.48023414127825514,0.4759352158817576,0.48801792229629104
hosted-final-standard/ubuntu-net8.0-traffic/paired.jsonl,False,open-close,5,closeMs,0.012273,0.011612,-7.568568591765607,-22.670428533339617,10.373887012092373
hosted-final-standard/ubuntu-net8.0-traffic/paired.jsonl,False,open-close,5,retainedManagedBytes,460904,462656,-0.3151631821137758,-2.663508426564878,2.0331820623373265
hosted-final-standard/ubuntu-net8.0-traffic/paired.jsonl,False,random,5,meanMs,0.12279372799999992,0.021121666999999986,-83.00418102851074,-83.14605045554114,-82.79703384317153
hosted-final-standard/ubuntu-net8.0-traffic/paired.jsonl,False,random,5,p99Ms,0.818511,0.043551,-94.6458083082417,-94.80418704888628,-94.41715608660843
hosted-final-standard/ubuntu-net8.0-traffic/paired.jsonl,False,random,5,cpuMsPerOperation,0.1299999,0.02,-85.64102218934546,-90.64099378698043,-80.2564245562112
hosted-final-standard/ubuntu-net8.0-traffic/paired.jsonl,False,random,5,bytesPerOperation,282120.504,26884.36,-90.47061196211835,-90.47062925630982,-90.47059466792689
hosted-final-standard/ubuntu-net8.0-traffic/paired.jsonl,False,random,5,closeMs,1.127345,2.067915,81.87044800005528,80.69739629881761,82.98783310418617
hosted-final-standard/ubuntu-net8.0-traffic/paired.jsonl,False,random,5,retainedManagedBytes,401720,405312,0.581887227389073,-0.040237635699647,0.8941551329284092
hosted-final-standard/ubuntu-net8.0-traffic/paired.jsonl,False,same-key,5,meanMs,0.09701624400000013,0.019368651,-79.65996459441892,-80.66467081668449,-78.52012744377767
hosted-final-standard/ubuntu-net8.0-traffic/paired.jsonl,False,same-key,5,p99Ms,0.161762,0.040005,-78.93406079725402,-88.47614134380112,-69.39198025070691
hosted-final-standard/ubuntu-net8.0-traffic/paired.jsonl,False,same-key,5,cpuMsPerOperation,0.1,0.02,-77.6565995330939,-79.55560849381368,-75.19192813018131
hosted-final-standard/ubuntu-net8.0-traffic/paired.jsonl,False,same-key,5,bytesPerOperation,159940.44,22134.728,-86.16066862140613,-86.16069422023192,-86.16064329946823
hosted-final-standard/ubuntu-net8.0-traffic/paired.jsonl,False,same-key,5,closeMs,1.159938,2.102973,83.95351447786511,77.81077899287017,90.35062597388512
hosted-final-standard/ubuntu-net8.0-traffic/paired.jsonl,False,same-key,5,retainedManagedBytes,411888,405312,-1.6000278742516039,-1.6046518548955802,-1.5965505185875806
hosted-final-standard/ubuntu-net8.0-traffic/paired.jsonl,False,transaction,5,meanMs,0.679859500000001,0.6857982389999993,1.9717621676780062,0.5945879120488717,3.3489364233071406
hosted-final-standard/ubuntu-net8.0-traffic/paired.jsonl,False,transaction,5,p99Ms,2.661676,2.715596,2.9459044295490067,-0.5350878801427594,6.269540752053048
hosted-final-standard/ubuntu-net8.0-traffic/paired.jsonl,False,transaction,5,cpuMsPerOperation,0.45000009999999996,0.45,0.029415983847935756,-1.739143385840467,1.7979753535363385
hosted-final-standard/ubuntu-net8.0-traffic/paired.jsonl,False,transaction,5,bytesPerOperation,245328.112,246104.984,0.31670273566512197,0.31149249604598417,0.3219974684660887
hosted-final-standard/ubuntu-net8.0-traffic/paired.jsonl,False,transaction,5,closeMs,4.565572,5.484689,20.475963498068577,10.43677887277724,30.745455440376315
hosted-final-standard/ubuntu-net8.0-traffic/paired.jsonl,False,transaction,5,retainedManagedBytes,411232,423448,2.373170279202239,0.5805168870948529,4.165925268773945
hosted-final-standard/ubuntu-net8.0-traffic/paired.jsonl,False,write,5,meanMs,0.6499682689999999,0.6580204960000008,0.6736291741127132,-1.6527731199171325,2.792963229831824
hosted-final-standard/ubuntu-net8.0-traffic/paired.jsonl,False,write,5,p99Ms,2.582176,2.7078,3.93029642367013,-0.6483238749149889,9.1328580130646
hosted-final-standard/ubuntu-net8.0-traffic/paired.jsonl,False,write,5,cpuMsPerOperation,0.39,0.39,1.5391363022941995,0.4999999999999982,2.578272604588401
hosted-final-standard/ubuntu-net8.0-traffic/paired.jsonl,False,write,5,bytesPerOperation,245183.336,245959.136,0.31557146648252044,0.3065380118444372,0.32511913010482285
hosted-final-standard/ubuntu-net8.0-traffic/paired.jsonl,False,write,5,closeMs,4.610518,5.350762,16.0172863369275,10.551849214111305,23.049571075354667
hosted-final-standard/ubuntu-net8.0-traffic/paired.jsonl,False,write,5,retainedManagedBytes,411120,423336,4.8736227893516215,2.929826766058139,7.523943863490556
hosted-final-standard/ubuntu-net8.0-traffic/paired.jsonl,False,write-heavy,5,meanMs,0.611534539,0.615849308,-0.20399101859849722,-2.01400477579726,1.891862651531977
hosted-final-standard/ubuntu-net8.0-traffic/paired.jsonl,False,write-heavy,5,p99Ms,2.700635,2.743787,0.0781105650579228,-3.907847906822224,4.064069036938069
hosted-final-standard/ubuntu-net8.0-traffic/paired.jsonl,False,write-heavy,5,cpuMsPerOperation,0.37,0.38,2.189882189882193,-0.485100485100487,4.864864864864873
hosted-final-standard/ubuntu-net8.0-traffic/paired.jsonl,False,write-heavy,5,bytesPerOperation,244186.984,244982.224,0.3226877467591116,0.3183683075443655,0.32727126650678784
hosted-final-standard/ubuntu-net8.0-traffic/paired.jsonl,False,write-heavy,5,closeMs,3.917307,3.779873,-9.061936497304544,-28.484952203175858,6.914125735120457
hosted-final-standard/ubuntu-net8.0-traffic/paired.jsonl,False,write-heavy,5,retainedManagedBytes,411160,423352,3.5767462217144796,0.18694664482659107,6.976623650948012
hosted-final-standard/windows-net10.0-core/paired.jsonl,False,mixed,5,meanMs,0.43527673333333383,0.19692266666666666,-54.5164554249588,-55.329795687409806,-53.75515385334599
hosted-final-standard/windows-net10.0-core/paired.jsonl,False,mixed,5,p99Ms,1.1375,1.4284,15.990425570183922,3.0228273049088634,28.958023835458977
hosted-final-standard/windows-net10.0-core/paired.jsonl,False,mixed,5,cpuMsPerOperation,0.4114583333333333,0.171875,-57.151693243465395,-58.63451421995726,-55.596539536412955
hosted-final-standard/windows-net10.0-core/paired.jsonl,False,mixed,5,bytesPerOperation,318619.70933333336,117645.74666666667,-63.07036903814421,-63.078049795653406,-63.06054921257063
hosted-final-standard/windows-net10.0-core/paired.jsonl,False,mixed,5,closeMs,6.133,7.3891,11.206205633210448,-12.518761073620954,26.833664499698017
hosted-final-standard/windows-net10.0-core/paired.jsonl,False,mixed,5,retainedManagedBytes,504232,525512,3.283587882145622,2.3143416998974287,4.2307021883259255
hosted-final-standard/windows-net10.0-core/paired.jsonl,False,point,5,meanMs,0.20754165999999896,0.028638699999999632,-85.88652063078997,-86.3698813564176,-85.25275081545792
hosted-final-standard/windows-net10.0-core/paired.jsonl,False,point,5,p99Ms,0.7891,0.0737,-89.92129481656468,-90.84974649016671,-88.34745837658421
hosted-final-standard/windows-net10.0-core/paired.jsonl,False,point,5,cpuMsPerOperation,0.20703125,0.0296875,-85.7086111505178,-86.35703918722785,-85.0641989589358
hosted-final-standard/windows-net10.0-core/paired.jsonl,False,point,5,bytesPerOperation,280143.0144,26712.1256,-90.46482566631741,-90.46482594950365,-90.46482538313117
hosted-final-standard/windows-net10.0-core/paired.jsonl,False,point,5,closeMs,2.8644,4.5559,64.37544371716722,57.24132055455491,73.57173042395229
hosted-final-standard/windows-net10.0-core/paired.jsonl,False,point,5,retainedManagedBytes,643168,637368,-0.8363886632980422,-0.8985808121611715,-0.7741965144349128
hosted-final-standard/windows-net10.0-core/paired.jsonl,False,scan,5,meanMs,2.757620699999998,1.5955773000000013,-42.09763700667815,-43.1906205073967,-40.98604276014048
hosted-final-standard/windows-net10.0-core/paired.jsonl,False,scan,5,p99Ms,4.5416,2.4133,-48.23854413905983,-52.883069495260386,-44.89880559796826
hosted-final-standard/windows-net10.0-core/paired.jsonl,False,scan,5,cpuMsPerOperation,2.765625,1.609375,-41.483789801492975,-43.00009468800303,-39.609277430865305
hosted-final-standard/windows-net10.0-core/paired.jsonl,False,scan,5,bytesPerOperation,4238051.12,3022024.912,-28.693051375505263,-28.693051913918403,-28.693050837092123
hosted-final-standard/windows-net10.0-core/paired.jsonl,False,scan,5,closeMs,2.713,4.4384,64.69851091217757,63.29179195139822,66.229982327011
hosted-final-standard/windows-net10.0-core/paired.jsonl,False,scan,5,retainedManagedBytes,467256,479984,2.723988563014701,2.723988563014701,2.723988563014701
hosted-final-standard/windows-net10.0-traffic/paired.jsonl,False,balanced,5,meanMs,0.32002830000000004,0.3239825000000001,-8.87032765967259,-32.68827833599874,5.674666233063959
hosted-final-standard/windows-net10.0-traffic/paired.jsonl,False,balanced,5,p99Ms,1.3519,1.3312,-17.696141924224754,-54.475764349167015,6.584196719122469
hosted-final-standard/windows-net10.0-traffic/paired.jsonl,False,balanced,5,cpuMsPerOperation,0.28125,0.28125,4.732026143790851,1.1764705882352944,8.287581699346408
hosted-final-standard/windows-net10.0-traffic/paired.jsonl,False,balanced,5,bytesPerOperation,245830.024,246414.248,0.24057285876878165,0.21949028941460114,0.26165542812296216
hosted-final-standard/windows-net10.0-traffic/paired.jsonl,False,balanced,5,closeMs,3.5276,3.6898,16.561414876615974,-13.191062459655953,58.25003848500719
hosted-final-standard/windows-net10.0-traffic/paired.jsonl,False,balanced,5,retainedManagedBytes,500528,513496,2.400524015245349,1.1074722587605113,3.925822401193564
hosted-final-standard/windows-net10.0-traffic/paired.jsonl,False,buffered,5,meanMs,0.09063740000000005,0.03113670000000008,-66.07781544105393,-66.64365801495344,-65.62228133093879
hosted-final-standard/windows-net10.0-traffic/paired.jsonl,False,buffered,5,p99Ms,0.3587,0.0463,-86.70151270898528,-87.7000570946062,-85.44850185518527
hosted-final-standard/windows-net10.0-traffic/paired.jsonl,False,buffered,5,cpuMsPerOperation,0.09375,0.03125,-65.33333333333334,-66.66666666666667,-62.66666666666667
hosted-final-standard/windows-net10.0-traffic/paired.jsonl,False,buffered,5,bytesPerOperation,227582.032,87832.288,-61.406345216115795,-61.40637343441167,-61.40631699781993
hosted-final-standard/windows-net10.0-traffic/paired.jsonl,False,buffered,5,closeMs,1.5619,2.5684,68.24397550941177,65.67355553379676,70.81439548502678
hosted-final-standard/windows-net10.0-traffic/paired.jsonl,False,buffered,5,retainedManagedBytes,490032,486392,-0.5830749075450559,-0.9170459495242644,-0.2491038655658473
hosted-final-standard/windows-net10.0-traffic/paired.jsonl,False,checkpoint,5,meanMs,1.4322355,1.4790064000000012,2.880436100228672,-1.0968981339054216,6.385312951094929
hosted-final-standard/windows-net10.0-traffic/paired.jsonl,False,checkpoint,5,p99Ms,5.8703,5.9543,15.109291533002153,-28.65722358305585,72.83567103335548
hosted-final-standard/windows-net10.0-traffic/paired.jsonl,False,checkpoint,5,cpuMsPerOperation,1.015625,1,-3.751300609515742,-10.429065435818279,3.2152852303095303
hosted-final-standard/windows-net10.0-traffic/paired.jsonl,False,checkpoint,5,bytesPerOperation,472645.064,473812.728,0.24707724777979223,0.24702301760779033,0.24713290230378604
hosted-final-standard/windows-net10.0-traffic/paired.jsonl,False,checkpoint,5,closeMs,1.8482,2.6573,16.128117370810177,-25.81700233883443,44.11632945201869
hosted-final-standard/windows-net10.0-traffic/paired.jsonl,False,checkpoint,5,retainedManagedBytes,495184,502920,1.5612782319299479,1.5593395586287118,1.562247568580566
hosted-final-standard/windows-net10.0-traffic/paired.jsonl,False,churn,5,meanMs,1.3674817000000008,1.3917160999999998,3.804015286668856,-0.05233920504439382,9.205777899950478
hosted-final-standard/windows-net10.0-traffic/paired.jsonl,False,churn,5,p99Ms,2.9458,3.1935,27.91028463351121,-13.199129691996344,83.92427892353467
hosted-final-standard/windows-net10.0-traffic/paired.jsonl,False,churn,5,cpuMsPerOperation,1.15625,1.25,7.443775828752357,2.9252256951787503,14.55443322109989
hosted-final-standard/windows-net10.0-traffic/paired.jsonl,False,churn,5,bytesPerOperation,1827186.184,2011754.896,6.148309582922671,-1.0133705790235956,10.695037652406993
hosted-final-standard/windows-net10.0-traffic/paired.jsonl,False,churn,5,closeMs,5.2524,6.0171,3.6826628642786123,-18.980809104738835,17.541419118823498
hosted-final-standard/windows-net10.0-traffic/paired.jsonl,False,churn,5,retainedManagedBytes,491136,516392,4.613865515563962,3.1009648118892175,6.1431456867344325
hosted-final-standard/windows-net10.0-traffic/paired.jsonl,False,indexed,5,meanMs,1.4875006999999993,0.7342673000000005,-50.79544209917232,-52.61907234033149,-49.355656756993746
hosted-final-standard/windows-net10.0-traffic/paired.jsonl,False,indexed,5,p99Ms,2.4399,1.014,-57.055772428543754,-61.339301550949926,-51.116088532380715
hosted-final-standard/windows-net10.0-traffic/paired.jsonl,False,indexed,5,cpuMsPerOperation,1.484375,0.734375,-50.55651147098516,-52.51602564102565,-48.73464912280702
hosted-final-standard/windows-net10.0-traffic/paired.jsonl,False,indexed,5,bytesPerOperation,4241051.12,3025024.912,-28.67275358952446,-28.672755257899375,-28.672750790960055
hosted-final-standard/windows-net10.0-traffic/paired.jsonl,False,indexed,5,closeMs,1.454,2.5022,71.8503420272022,62.67981194059172,80.08733991721456
hosted-final-standard/windows-net10.0-traffic/paired.jsonl,False,indexed,5,retainedManagedBytes,469360,481160,2.5542695717251007,2.511965013112918,2.6367820010226684
hosted-final-standard/windows-net10.0-traffic/paired.jsonl,False,open-close,5,meanMs,1.0750971999999996,1.2842849000000007,12.56155658055965,0.14515044305525748,22.691808839377288
hosted-final-standard/windows-net10.0-traffic/paired.jsonl,False,open-close,5,p99Ms,4.9431,6.4061,43.43996766890418,2.6527371648921907,95.0250461230655
hosted-final-standard/windows-net10.0-traffic/paired.jsonl,False,open-close,5,cpuMsPerOperation,1.84375,1.828125,6.200619213680614,-5.770483294196327,21.911029218215326
hosted-final-standard/windows-net10.0-traffic/paired.jsonl,False,open-close,5,bytesPerOperation,190173.176,190861.176,0.36281730013845603,0.35428682018866287,0.3700388587663239
hosted-final-standard/windows-net10.0-traffic/paired.jsonl,False,open-close,5,closeMs,0.0092,0.0089,19.2982631584376,-16.977146149414256,75.52941176470586
hosted-final-standard/windows-net10.0-traffic/paired.jsonl,False,open-close,5,retainedManagedBytes,504496,508392,0.5412379113878885,-1.792804825646419,3.1565966626424524
hosted-final-standard/windows-net10.0-traffic/paired.jsonl,False,random,5,meanMs,0.08708379999999995,0.012649699999999948,-86.38192347094243,-88.2410348381065,-85.1176847784296
hosted-final-standard/windows-net10.0-traffic/paired.jsonl,False,random,5,p99Ms,0.612,0.0187,-97.22522423302335,-97.75325813814996,-96.62915751928055
hosted-final-standard/windows-net10.0-traffic/paired.jsonl,False,random,5,cpuMsPerOperation,0.09375,0.015625,-83.5,-85.83333333333334,-81.33333333333334
hosted-final-standard/windows-net10.0-traffic/paired.jsonl,False,random,5,bytesPerOperation,283887.296,26725.92,-90.58573047949297,-90.58573769554349,-90.58572273284373
hosted-final-standard/windows-net10.0-traffic/paired.jsonl,False,random,5,closeMs,1.5324,2.7282,66.36961855346095,50.7563552910884,78.97629532054972
hosted-final-standard/windows-net10.0-traffic/paired.jsonl,False,random,5,retainedManagedBytes,481008,485376,0.909100802849534,0.9010450611213994,0.9181643427370556
hosted-final-standard/windows-net10.0-traffic/paired.jsonl,False,same-key,5,meanMs,0.0668707000000001,0.01129720000000018,-83.2798842996831,-84.0390703938015,-82.54773942128804
hosted-final-standard/windows-net10.0-traffic/paired.jsonl,False,same-key,5,p99Ms,0.3113,0.0187,-92.39967247358159,-94.71550736349595,-88.87030503432896
hosted-final-standard/windows-net10.0-traffic/paired.jsonl,False,same-key,5,cpuMsPerOperation,0.0625,0.015625,-82.0,-91.0,-76.0
hosted-final-standard/windows-net10.0-traffic/paired.jsonl,False,same-key,5,bytesPerOperation,161724.784,21976.288,-86.41129079408941,-86.41130477564897,-86.41127681252983
hosted-final-standard/windows-net10.0-traffic/paired.jsonl,False,same-key,5,closeMs,1.5075,2.6063,71.75994173025084,66.740390903283,75.29985796609834
hosted-final-standard/windows-net10.0-traffic/paired.jsonl,False,same-key,5,retainedManagedBytes,491176,485376,-1.1869738028090993,-1.195985010883449,-1.1808394546964807
hosted-final-standard/windows-net10.0-traffic/paired.jsonl,False,transaction,5,meanMs,0.46668309999999963,0.45431230000000006,-1.0294074584311639,-6.387992888442473,4.329177971580146
hosted-final-standard/windows-net10.0-traffic/paired.jsonl,False,transaction,5,p99Ms,1.3309,1.2715,-1.3647532741794175,-8.211535651076195,6.230926973095898
hosted-final-standard/windows-net10.0-traffic/paired.jsonl,False,transaction,5,cpuMsPerOperation,0.390625,0.40625,9.842328042328043,-6.448677248677245,32.52380952380953
hosted-final-standard/windows-net10.0-traffic/paired.jsonl,False,transaction,5,bytesPerOperation,253089.248,253649.136,0.22979501338940445,0.21987283821224946,0.2415819742027514
hosted-final-standard/windows-net10.0-traffic/paired.jsonl,False,transaction,5,closeMs,5.3674,6.1842,27.49434151405849,-1.35234893633432,65.25563820649175
hosted-final-standard/windows-net10.0-traffic/paired.jsonl,False,transaction,5,retainedManagedBytes,488344,501328,3.6510271742890144,2.6071614337495452,5.6871385744475145
hosted-final-standard/windows-net10.0-traffic/paired.jsonl,False,write,5,meanMs,0.4315768000000002,0.4435770000000003,49.415286588804484,-2.015301268156578,147.3374765802184
hosted-final-standard/windows-net10.0-traffic/paired.jsonl,False,write,5,p99Ms,1.2515,1.2804,230.40302375516566,1.5074418973309633,685.1408262214387
hosted-final-standard/windows-net10.0-traffic/paired.jsonl,False,write,5,cpuMsPerOperation,0.375,0.359375,-5.524475524475528,-10.897435897435901,1.7832167832167785
hosted-final-standard/windows-net10.0-traffic/paired.jsonl,False,write,5,bytesPerOperation,253032.616,253597.504,0.22744979874183446,0.2185238881655538,0.23819057244631736
hosted-final-standard/windows-net10.0-traffic/paired.jsonl,False,write,5,closeMs,5.4025,5.4636,-3.32954090784156,-28.59455779579548,13.860993362173406
hosted-final-standard/windows-net10.0-traffic/paired.jsonl,False,write,5,retainedManagedBytes,488232,501200,2.6342242842452412,2.6081407450492256,2.656114306313384
hosted-final-standard/windows-net10.0-traffic/paired.jsonl,False,write-heavy,5,meanMs,0.4079655000000003,0.42455970000000004,-0.8854645215995616,-7.87586142415825,3.539874179729501
hosted-final-standard/windows-net10.0-traffic/paired.jsonl,False,write-heavy,5,p99Ms,1.3515,1.419,-2.613450989771446,-14.015863152168901,4.1018878592857355
hosted-final-standard/windows-net10.0-traffic/paired.jsonl,False,write-heavy,5,cpuMsPerOperation,0.328125,0.34375,-2.463768115942029,-11.987577639751555,5.631469979296071
hosted-final-standard/windows-net10.0-traffic/paired.jsonl,False,write-heavy,5,bytesPerOperation,251641.288,252221.84,0.2342194692680355,0.2288572345762363,0.24031114951928778
hosted-final-standard/windows-net10.0-traffic/paired.jsonl,False,write-heavy,5,closeMs,3.7662,3.6816,3.149161870726188,-18.315167194364857,20.469013935677907
hosted-final-standard/windows-net10.0-traffic/paired.jsonl,False,write-heavy,5,retainedManagedBytes,500536,513504,2.639700747590217,0.6230121309955727,4.656389364184861
hosted-final-standard/windows-net8.0-core/paired.jsonl,False,mixed,5,meanMs,0.47035589999999966,0.2309752666666666,-51.10247961747669,-54.34474119422714,-46.65216655561098
hosted-final-standard/windows-net8.0-core/paired.jsonl,False,mixed,5,p99Ms,1.4993,1.5566,5.0502359813242625,-8.342690848990667,16.718201585692604
hosted-final-standard/windows-net8.0-core/paired.jsonl,False,mixed,5,cpuMsPerOperation,0.4427083333333333,0.18229166666666666,-55.44585913869719,-60.935844820933745,-49.425287356321846
hosted-final-standard/windows-net8.0-core/paired.jsonl,False,mixed,5,bytesPerOperation,318899.3653333333,117835.27466666666,-63.04507527807777,-63.05116308547124,-63.04032577370894
hosted-final-standard/windows-net8.0-core/paired.jsonl,False,mixed,5,closeMs,5.284,6.3313,63.57799746612393,8.585050282928396,143.46408019464752
hosted-final-standard/windows-net8.0-core/paired.jsonl,False,mixed,5,retainedManagedBytes,602536,623168,2.491992723261285,0.9198507817034439,3.4794269554018387
hosted-final-standard/windows-net8.0-core/paired.jsonl,False,point,5,meanMs,0.2142506700000018,0.031549304999998515,-85.62497672492765,-86.20809052841359,-85.20454224223663
hosted-final-standard/windows-net8.0-core/paired.jsonl,False,point,5,p99Ms,0.8399,0.0738,-91.26088568358028,-91.52219326988002,-90.94223385019644
hosted-final-standard/windows-net8.0-core/paired.jsonl,False,point,5,cpuMsPerOperation,0.21484375,0.03125,-85.81922466514877,-86.57953045275183,-85.30946404700768
hosted-final-standard/windows-net8.0-core/paired.jsonl,False,point,5,bytesPerOperation,280350.352,26864.1592,-90.41764755240759,-90.41764782584693,-90.41764741568792
hosted-final-standard/windows-net8.0-core/paired.jsonl,False,point,5,closeMs,2.008,3.1441,59.03563930446114,56.345973237532476,61.78593290524915
hosted-final-standard/windows-net8.0-core/paired.jsonl,False,point,5,retainedManagedBytes,741456,735112,-0.8359767808204399,-0.8640296929285096,-0.7882868302367241
hosted-final-standard/windows-net8.0-core/paired.jsonl,False,scan,5,meanMs,2.821744099999998,1.7044637000000014,-39.61317940532538,-40.6493879017184,-38.6569310362645
hosted-final-standard/windows-net8.0-core/paired.jsonl,False,scan,5,p99Ms,4.4843,2.2456,-50.736524495835944,-53.37115162645148,-47.77741108029431
hosted-final-standard/windows-net8.0-core/paired.jsonl,False,scan,5,cpuMsPerOperation,2.796875,1.6875,-39.49194471354272,-40.823069031398006,-38.483903824192105
hosted-final-standard/windows-net8.0-core/paired.jsonl,False,scan,5,bytesPerOperation,4366222.448,3150145.584,-27.851920316236217,-27.851921849676682,-27.851917672373315
hosted-final-standard/windows-net8.0-core/paired.jsonl,False,scan,5,closeMs,1.9629,3.1523,60.149244069501094,57.85022855681128,62.2695689804883
hosted-final-standard/windows-net8.0-core/paired.jsonl,False,scan,5,retainedManagedBytes,565848,578032,2.1826356194596386,2.153228428836007,2.2414500007069016
hosted-final-standard/windows-net8.0-traffic/paired.jsonl,False,balanced,5,meanMs,0.5779196999999998,0.5976129000000006,36.166314708644364,-1.7382610264536644,98.287438711421
hosted-final-standard/windows-net8.0-traffic/paired.jsonl,False,balanced,5,p99Ms,2.4719,2.5121,110.69349229478361,0.5363196445625285,324.2709996732884
hosted-final-standard/windows-net8.0-traffic/paired.jsonl,False,balanced,5,cpuMsPerOperation,0.5,0.5,1.853291316526611,-6.102941176470589,10.871148459383756
hosted-final-standard/windows-net8.0-traffic/paired.jsonl,False,balanced,5,bytesPerOperation,246088.672,246707.056,0.23630203714540166,0.21446774870782281,0.25568691003990285
hosted-final-standard/windows-net8.0-traffic/paired.jsonl,False,balanced,5,closeMs,4.7104,5.8841,49.66079653457835,23.059337343680447,83.96063571961051
hosted-final-standard/windows-net8.0-traffic/paired.jsonl,False,balanced,5,retainedManagedBytes,598832,598992,1.2716767418865382,0.026718679028503445,2.9407950478468114
hosted-final-standard/windows-net8.0-traffic/paired.jsonl,False,buffered,5,meanMs,0.21042830000000026,0.06537649999999995,-68.86492818906065,-69.12110993481352,-68.60607199842245
hosted-final-standard/windows-net8.0-traffic/paired.jsonl,False,buffered,5,p99Ms,0.6268,0.114,-81.96676342279838,-82.55230400447958,-81.38122284111718
hosted-final-standard/windows-net8.0-traffic/paired.jsonl,False,buffered,5,cpuMsPerOperation,0.203125,0.0625,-69.67032967032966,-70.54945054945054,-69.23076923076923
hosted-final-standard/windows-net8.0-traffic/paired.jsonl,False,buffered,5,bytesPerOperation,230958.896,91152.96,-60.5328213900018,-60.5328213900018,-60.5328213900018
hosted-final-standard/windows-net8.0-traffic/paired.jsonl,False,buffered,5,closeMs,1.9178,3.094,60.813254858792234,59.630467971238225,62.02877351948591
hosted-final-standard/windows-net8.0-traffic/paired.jsonl,False,buffered,5,retainedManagedBytes,585224,584112,-0.1905647752588635,-0.2006752969802994,-0.18100631571549064
hosted-final-standard/windows-net8.0-traffic/paired.jsonl,False,checkpoint,5,meanMs,2.3657622999999974,2.3636779999999993,-4.756962232391399,-16.95677074500896,1.9761881561142893
hosted-final-standard/windows-net8.0-traffic/paired.jsonl,False,checkpoint,5,p99Ms,3.0798,3.068,-0.08148492728303092,-2.3643495354752053,2.248630036446766
hosted-final-standard/windows-net8.0-traffic/paired.jsonl,False,checkpoint,5,cpuMsPerOperation,1.6875,1.671875,-0.8472778889683541,-5.1392168867897015,2.7298686464877164
hosted-final-standard/windows-net8.0-traffic/paired.jsonl,False,checkpoint,5,bytesPerOperation,473276.504,474444.84,0.24681842948134136,0.24671549478695098,0.24692400533228298
hosted-final-standard/windows-net8.0-traffic/paired.jsonl,False,checkpoint,5,closeMs,2.1578,3.129,48.38714158162195,44.79301185802282,52.478649724280295
hosted-final-standard/windows-net8.0-traffic/paired.jsonl,False,checkpoint,5,retainedManagedBytes,606016,601048,-0.012611866282949968,-0.8333944622038336,0.8081707296379337
hosted-final-standard/windows-net8.0-traffic/paired.jsonl,False,churn,5,meanMs,2.4378253000000005,2.510326500000001,16.534000828723805,0.21788491518382802,47.87834411424572
hosted-final-standard/windows-net8.0-traffic/paired.jsonl,False,churn,5,p99Ms,4.637,5.102,118.96593916854997,-3.7437197568757363,359.3094357659571
hosted-final-standard/windows-net8.0-traffic/paired.jsonl,False,churn,5,cpuMsPerOperation,2.015625,2.109375,1.157478837052881,-2.538288696773674,4.853246370879436
hosted-final-standard/windows-net8.0-traffic/paired.jsonl,False,churn,5,bytesPerOperation,1707287.4,1901826.312,4.362737496799216,-0.8797636175436052,9.605238611142038
hosted-final-standard/windows-net8.0-traffic/paired.jsonl,False,churn,5,closeMs,6.2956,7.1701,66.34005979895718,-12.590241674342879,158.42761751657537
hosted-final-standard/windows-net8.0-traffic/paired.jsonl,False,churn,5,retainedManagedBytes,594800,602232,0.9321538634445781,-0.05981951772141558,1.9237322578862859
hosted-final-standard/windows-net8.0-traffic/paired.jsonl,False,indexed,5,meanMs,3.120369399999996,1.8329588,-41.037715235729685,-42.135992174224775,-39.939438297234595
hosted-final-standard/windows-net8.0-traffic/paired.jsonl,False,indexed,5,p99Ms,5.668,2.7744,-50.57368895805457,-52.069411732420804,-48.62879270586343
hosted-final-standard/windows-net8.0-traffic/paired.jsonl,False,indexed,5,cpuMsPerOperation,3.0625,1.8125,-40.99444092974092,-41.909386186867245,-40.0794956726146
hosted-final-standard/windows-net8.0-traffic/paired.jsonl,False,indexed,5,bytesPerOperation,4369414.448,3153337.584,-27.83157489944844,-27.83157511086255,-27.831574476620222
hosted-final-standard/windows-net8.0-traffic/paired.jsonl,False,indexed,5,closeMs,1.9502,3.033,55.78246963218378,51.225984462217255,60.89935624750456
hosted-final-standard/windows-net8.0-traffic/paired.jsonl,False,indexed,5,retainedManagedBytes,567952,580136,2.1452517114122216,2.1452517114122216,2.1452517114122216
hosted-final-standard/windows-net8.0-traffic/paired.jsonl,False,open-close,5,meanMs,1.787554399999998,1.8005957999999993,-9.299749617115069,-34.15581796006075,5.021816038998876
hosted-final-standard/windows-net8.0-traffic/paired.jsonl,False,open-close,5,p99Ms,6.8485,6.3158,-21.35095271806517,-53.815695245715325,0.162875134117224
hosted-final-standard/windows-net8.0-traffic/paired.jsonl,False,open-close,5,cpuMsPerOperation,2.671875,2.984375,12.05945613146339,-2.882432930647281,27.00134519357406
hosted-final-standard/windows-net8.0-traffic/paired.jsonl,False,open-close,5,bytesPerOperation,190989.272,191677.272,0.3609819327675634,0.3602145236014831,0.3623273486503997
hosted-final-standard/windows-net8.0-traffic/paired.jsonl,False,open-close,5,closeMs,0.0131,0.0149,6.23552464606886,-5.6865176532154935,19.703252667187105
hosted-final-standard/windows-net8.0-traffic/paired.jsonl,False,open-close,5,retainedManagedBytes,603024,598952,-0.2854931736005195,-3.647219149806915,3.09930580664207
hosted-final-standard/windows-net8.0-traffic/paired.jsonl,False,random,5,meanMs,0.19061349999999969,0.023840099999999923,-87.52780737107138,-87.63651862192228,-87.40266747768466
hosted-final-standard/windows-net8.0-traffic/paired.jsonl,False,random,5,p99Ms,1.0801,0.0513,-95.07652104080535,-95.86521666642544,-94.28782541518525
hosted-final-standard/windows-net8.0-traffic/paired.jsonl,False,random,5,cpuMsPerOperation,0.1875,0.015625,-90.25641025641025,-91.66666666666666,-87.43589743589743
hosted-final-standard/windows-net8.0-traffic/paired.jsonl,False,random,5,bytesPerOperation,284095.712,26878.592,-90.53889066555789,-90.5388955677022,-90.53888086126923
hosted-final-standard/windows-net8.0-traffic/paired.jsonl,False,random,5,closeMs,1.932,3.117,61.491808147710984,56.1434844831946,65.65934401822943
hosted-final-standard/windows-net8.0-traffic/paired.jsonl,False,random,5,retainedManagedBytes,579296,583120,0.6888361045130731,0.660111583715417,0.7462851461083853
hosted-final-standard/windows-net8.0-traffic/paired.jsonl,False,same-key,5,meanMs,0.1556588000000001,0.02199090000000003,-85.64482440620453,-86.19214429884494,-84.91471228797067
hosted-final-standard/windows-net8.0-traffic/paired.jsonl,False,same-key,5,p99Ms,0.5799,0.0575,-88.90495138483614,-91.57973934915738,-84.9597935916778
hosted-final-standard/windows-net8.0-traffic/paired.jsonl,False,same-key,5,cpuMsPerOperation,0.15625,0.015625,-87.77777777777777,-90.0,-83.77777777777779
hosted-final-standard/windows-net8.0-traffic/paired.jsonl,False,same-key,5,bytesPerOperation,161933.296,22128.96,-86.3345145939536,-86.3345213451346,-86.33450109159158
hosted-final-standard/windows-net8.0-traffic/paired.jsonl,False,same-key,5,closeMs,2.0082,3.0195,47.88193353198283,36.352159980262165,56.803459536405214
hosted-final-standard/windows-net8.0-traffic/paired.jsonl,False,same-key,5,retainedManagedBytes,589464,583120,-1.0762319666680287,-1.0762319666680287,-1.0762319666680287
hosted-final-standard/windows-net8.0-traffic/paired.jsonl,False,transaction,5,meanMs,0.8211624000000002,0.8238363,0.6787799855622789,-2.1523632823682415,4.0616479864999055
hosted-final-standard/windows-net8.0-traffic/paired.jsonl,False,transaction,5,p99Ms,2.3605,2.3557,0.47399063862059165,-1.5122620686372312,2.6498698512998953
hosted-final-standard/windows-net8.0-traffic/paired.jsonl,False,transaction,5,cpuMsPerOperation,0.703125,0.71875,4.927133455008021,-0.4251700680272096,9.24119241192412
hosted-final-standard/windows-net8.0-traffic/paired.jsonl,False,transaction,5,bytesPerOperation,253643.72,254199.904,0.22689487138334297,0.2181355141767849,0.23764507423990722
hosted-final-standard/windows-net8.0-traffic/paired.jsonl,False,transaction,5,closeMs,6.1686,7.0737,9.4784629981791,-0.3016660752930928,17.860225087421476
hosted-final-standard/windows-net8.0-traffic/paired.jsonl,False,transaction,5,retainedManagedBytes,586648,601336,2.6057401396433466,2.1044723290337286,3.4381302611472093
hosted-final-standard/windows-net8.0-traffic/paired.jsonl,False,write,5,meanMs,0.7912188,0.7999929,1.8570342547377594,0.8589725628846612,3.4492073012712594
hosted-final-standard/windows-net8.0-traffic/paired.jsonl,False,write,5,p99Ms,2.3087,2.3248,1.765415942550832,0.9501950339879839,2.4187969160026457
hosted-final-standard/windows-net8.0-traffic/paired.jsonl,False,write,5,cpuMsPerOperation,0.625,0.640625,2.6437740693196377,-2.9756097560975636,8.631578947368416
hosted-final-standard/windows-net8.0-traffic/paired.jsonl,False,write,5,bytesPerOperation,253466.216,254050.216,0.23074926385085792,0.22231561264208555,0.23905558059593712
hosted-final-standard/windows-net8.0-traffic/paired.jsonl,False,write,5,closeMs,6.27,7.2415,70.36037824592191,10.240611464494975,166.7077347339783
hosted-final-standard/windows-net8.0-traffic/paired.jsonl,False,write,5,retainedManagedBytes,586536,598984,1.3602763839400822,0.17537699252410555,2.1295351704024856
hosted-final-standard/windows-net8.0-traffic/paired.jsonl,False,write-heavy,5,meanMs,0.7678121999999998,0.7729063000000013,2.1550414660924933,0.11038248439709353,4.199700447787893
hosted-final-standard/windows-net8.0-traffic/paired.jsonl,False,write-heavy,5,p99Ms,2.4847,2.5361,2.019037127787522,0.7767662098794803,3.214951769387993
hosted-final-standard/windows-net8.0-traffic/paired.jsonl,False,write-heavy,5,cpuMsPerOperation,0.65625,0.625,0.47396566001217,-6.888888888888891,6.655941655941655
hosted-final-standard/windows-net8.0-traffic/paired.jsonl,False,write-heavy,5,bytesPerOperation,252039.768,252612.2,0.22838296583659545,0.22239945719636722,0.23450446334711827
hosted-final-standard/windows-net8.0-traffic/paired.jsonl,False,write-heavy,5,closeMs,4.6978,5.3749,44.63987113715763,3.562236354805595,116.0727282895496
hosted-final-standard/windows-net8.0-traffic/paired.jsonl,False,write-heavy,5,retainedManagedBytes,598840,599000,-0.14234913128906124,-0.4804840380459452,0.02671832208938074
hosted-hint-completion-core/ubuntu-net10.0-core/paired.jsonl,False,mixed,5,meanMs,0.7081954869999997,0.4162701949999999,-35.870012189082765,-54.59672150004767,-16.784736124613357
hosted-hint-completion-core/ubuntu-net10.0-core/paired.jsonl,False,mixed,5,p99Ms,3.6519,2.630301,6.212597101741121,-32.34780153408567,68.22698807484718
hosted-hint-completion-core/ubuntu-net10.0-core/paired.jsonl,False,mixed,5,cpuMsPerOperation,0.15820133333333333,0.068772,-57.278571803487125,-59.523007370207935,-54.888694037354796
hosted-hint-completion-core/ubuntu-net10.0-core/paired.jsonl,False,mixed,5,bytesPerOperation,314255.1386666667,116077.09866666667,-63.06284453933898,-63.068619209413065,-63.0574255490824
hosted-hint-completion-core/ubuntu-net10.0-core/paired.jsonl,False,mixed,5,closeMs,62.181114,18.143912,25.012171697936804,-55.74382611470277,137.75574810942695
hosted-hint-completion-core/ubuntu-net10.0-core/paired.jsonl,False,mixed,5,retainedManagedBytes,389968,382072,-1.3781213772645695,-3.9199529114090437,1.2025602100685262
hosted-hint-completion-core/ubuntu-net10.0-core/paired.jsonl,False,point,5,meanMs,0.061629267800000005,0.009581765600000096,-84.5769142579405,-84.78729563372721,-84.39222088590606
hosted-hint-completion-core/ubuntu-net10.0-core/paired.jsonl,False,point,5,p99Ms,0.410383,0.019167,-95.3669653578489,-95.68128584150394,-95.08230642843466
hosted-hint-completion-core/ubuntu-net10.0-core/paired.jsonl,False,point,5,cpuMsPerOperation,0.06258525,0.0096318,-84.76325410788934,-85.03421361896677,-84.5358201203194
hosted-hint-completion-core/ubuntu-net10.0-core/paired.jsonl,False,point,5,bytesPerOperation,278160.2204,26712.0932,-90.39686962878537,-90.39687473277004,-90.3968663973656
hosted-hint-completion-core/ubuntu-net10.0-core/paired.jsonl,False,point,5,closeMs,0.883303,1.511736,69.17769194226672,63.38720811999012,75.99725790354191
hosted-hint-completion-core/ubuntu-net10.0-core/paired.jsonl,False,point,5,retainedManagedBytes,540000,467512,-13.356875593739161,-13.435767013696113,-13.276932250668404
hosted-hint-completion-core/ubuntu-net10.0-core/paired.jsonl,False,scan,5,meanMs,1.846544641000001,1.0649254969999984,-43.04441834108614,-45.90161987693675,-40.23049526057125
hosted-hint-completion-core/ubuntu-net10.0-core/paired.jsonl,False,scan,5,p99Ms,3.147723,1.419081,-54.847031900369174,-58.06081345319933,-51.63325034753901
hosted-hint-completion-core/ubuntu-net10.0-core/paired.jsonl,False,scan,5,cpuMsPerOperation,1.854694,1.067539,-43.08626145809197,-45.920891563022124,-40.25163135316181
hosted-hint-completion-core/ubuntu-net10.0-core/paired.jsonl,False,scan,5,bytesPerOperation,4236381.8,3022168.264,-28.661565926492052,-28.661570452942605,-28.6615614000415
hosted-hint-completion-core/ubuntu-net10.0-core/paired.jsonl,False,scan,5,closeMs,0.758392,1.438147,89.44886981468056,79.56886931239596,100.97699369947173
hosted-hint-completion-core/ubuntu-net10.0-core/paired.jsonl,False,scan,5,retainedManagedBytes,322792,335288,3.875800013297206,3.8727106000148703,3.8788894265795415
hosted-hint-completion-core/ubuntu-net8.0-core/paired.jsonl,False,mixed,5,meanMs,0.1924842860000002,0.10315817533333332,-55.335992872197394,-69.75666890511697,-41.919708714218885
hosted-hint-completion-core/ubuntu-net8.0-core/paired.jsonl,False,mixed,5,p99Ms,0.992545,0.829284,-9.56329351074063,-38.86227533147233,23.295478414447178
hosted-hint-completion-core/ubuntu-net8.0-core/paired.jsonl,False,mixed,5,cpuMsPerOperation,0.15666666666666668,0.07,-54.37473475359306,-56.02484944639584,-52.57169523991524
hosted-hint-completion-core/ubuntu-net8.0-core/paired.jsonl,False,mixed,5,bytesPerOperation,314496.552,116273.80533333334,-63.02890820124146,-63.036934088658235,-63.022863864684936
hosted-hint-completion-core/ubuntu-net8.0-core/paired.jsonl,False,mixed,5,closeMs,3.968391,3.619082,-18.71538171102288,-79.47879349634823,51.14880020564359
hosted-hint-completion-core/ubuntu-net8.0-core/paired.jsonl,False,mixed,5,retainedManagedBytes,499680,467864,-4.953399553659117,-6.873803176415594,-3.037948478477868
hosted-hint-completion-core/ubuntu-net8.0-core/paired.jsonl,False,point,5,meanMs,0.07276279894999987,0.012321256850000033,-83.1381180927828,-83.38156995611594,-82.87428718080712
hosted-hint-completion-core/ubuntu-net8.0-core/paired.jsonl,False,point,5,p99Ms,0.545336,0.024013,-95.59061764594207,-95.76614862580713,-95.45178647451496
hosted-hint-completion-core/ubuntu-net8.0-core/paired.jsonl,False,point,5,cpuMsPerOperation,0.074000005,0.0125,-83.44062905123693,-83.82404026757908,-83.03355101130953
hosted-hint-completion-core/ubuntu-net8.0-core/paired.jsonl,False,point,5,bytesPerOperation,278367.326,26864.4164,-90.3492947105301,-90.34929967512008,-90.34929194810985
hosted-hint-completion-core/ubuntu-net8.0-core/paired.jsonl,False,point,5,closeMs,0.855437,1.614945,84.95031217149415,76.5712905041075,90.45918162718806
hosted-hint-completion-core/ubuntu-net8.0-core/paired.jsonl,False,point,5,retainedManagedBytes,630384,557328,-11.587603746287975,-12.17391304347826,-10.998248686514884
hosted-hint-completion-core/ubuntu-net8.0-core/paired.jsonl,False,scan,5,meanMs,2.3916486100000007,1.349574982999999,-43.307243180385896,-44.09232879238791,-42.522157568383875
hosted-hint-completion-core/ubuntu-net8.0-core/paired.jsonl,False,scan,5,p99Ms,3.654315,1.691643,-51.62383796814754,-54.44952868809785,-47.219985245360554
hosted-hint-completion-core/ubuntu-net8.0-core/paired.jsonl,False,scan,5,cpuMsPerOperation,2.4,1.35,-43.35233878869644,-44.10006285014605,-42.60461472724683
hosted-hint-completion-core/ubuntu-net8.0-core/paired.jsonl,False,scan,5,bytesPerOperation,4364553.432,3150294.728,-27.82091331879359,-27.82091515473971,-27.82091148284747
hosted-hint-completion-core/ubuntu-net8.0-core/paired.jsonl,False,scan,5,closeMs,0.803318,1.424779,77.99271219983953,73.49860201005833,83.50366088539786
hosted-hint-completion-core/ubuntu-net8.0-core/paired.jsonl,False,scan,5,retainedManagedBytes,413264,425192,3.223895621200974,2.8816446629757175,3.8267064152696584
hosted-hint-completion-core/windows-net10.0-core/paired.jsonl,False,mixed,5,meanMs,0.3188686666666666,0.1523690666666667,-53.720474780141316,-60.03188873964366,-48.493721738381744
hosted-hint-completion-core/windows-net10.0-core/paired.jsonl,False,mixed,5,p99Ms,1.0321,1.0844,-6.905228948328311,-36.36244310703499,18.996900685418474
hosted-hint-completion-core/windows-net10.0-core/paired.jsonl,False,mixed,5,cpuMsPerOperation,0.3125,0.14583333333333334,-55.160686175538174,-57.30481283422459,-51.632183908045974
hosted-hint-completion-core/windows-net10.0-core/paired.jsonl,False,mixed,5,bytesPerOperation,318614.68,117642.264,-63.07676330647325,-63.0845304452187,-63.06941709074831
hosted-hint-completion-core/windows-net10.0-core/paired.jsonl,False,mixed,5,closeMs,5.0955,5.0751,5.492388076684962,-7.040550359332518,18.038134371408034
hosted-hint-completion-core/windows-net10.0-core/paired.jsonl,False,mixed,5,retainedManagedBytes,564112,545512,-3.6861838274982794,-4.946466415526382,-2.402555282725516
hosted-hint-completion-core/windows-net10.0-core/paired.jsonl,False,point,5,meanMs,0.14262622000000053,0.01999992500000046,-86.27960834432282,-87.03470667325269,-85.4463400860038
hosted-hint-completion-core/windows-net10.0-core/paired.jsonl,False,point,5,p99Ms,0.8282,0.0437,-94.42029213108249,-94.78761285069521,-93.83561408082069
hosted-hint-completion-core/windows-net10.0-core/paired.jsonl,False,point,5,cpuMsPerOperation,0.1421875,0.01953125,-86.16237485918337,-86.97052947052947,-85.28325398006248
hosted-hint-completion-core/windows-net10.0-core/paired.jsonl,False,point,5,bytesPerOperation,280140.0996,26712.0944,-90.46473743959288,-90.46473795151653,-90.46473692766922
hosted-hint-completion-core/windows-net10.0-core/paired.jsonl,False,point,5,closeMs,2.1317,3.2228,55.28756060728194,49.02581393903394,61.807947487806814
hosted-hint-completion-core/windows-net10.0-core/paired.jsonl,False,point,5,retainedManagedBytes,707584,637368,-9.925381447165421,-9.92823284434563,-9.922530049985209
hosted-hint-completion-core/windows-net10.0-core/paired.jsonl,False,scan,5,meanMs,2.5013274000000014,1.1402810999999982,-54.21239834701072,-54.99327597456039,-53.45592047629249
hosted-hint-completion-core/windows-net10.0-core/paired.jsonl,False,scan,5,p99Ms,4.6378,1.8154,-60.38825839611269,-63.01539232925661,-57.98901551229777
hosted-hint-completion-core/windows-net10.0-core/paired.jsonl,False,scan,5,cpuMsPerOperation,2.5,1.140625,-54.29941845918491,-55.44585987261146,-53.15325941652905
hosted-hint-completion-core/windows-net10.0-core/paired.jsonl,False,scan,5,bytesPerOperation,4238051.04,3022024.288,-28.69306469938018,-28.693066368460666,-28.693062168838754
hosted-hint-completion-core/windows-net10.0-core/paired.jsonl,False,scan,5,closeMs,1.8259,3.1364,71.36270400921374,60.697886251556795,79.82482839276796
hosted-hint-completion-core/windows-net10.0-core/paired.jsonl,False,scan,5,retainedManagedBytes,467256,479984,2.2136462697541592,1.144647724890584,2.825699393137291
hosted-hint-completion-core/windows-net8.0-core/paired.jsonl,False,mixed,5,meanMs,0.43980836666666673,0.20474840000000005,-53.44321396592081,-53.80474114869141,-53.09919224695905
hosted-hint-completion-core/windows-net8.0-core/paired.jsonl,False,mixed,5,p99Ms,1.1993,1.5219,11.77404480826226,-5.82551779578187,27.0185461616423
hosted-hint-completion-core/windows-net8.0-core/paired.jsonl,False,mixed,5,cpuMsPerOperation,0.4010416666666667,0.18229166666666666,-54.12034632034632,-55.32467532467533,-52.3090909090909
hosted-hint-completion-core/windows-net8.0-core/paired.jsonl,False,mixed,5,bytesPerOperation,318864.496,117845.01866666667,-63.04603149988915,-63.05311648954881,-63.039012329513255
hosted-hint-completion-core/windows-net8.0-core/paired.jsonl,False,mixed,5,closeMs,5.5558,6.468,12.780226483953072,3.792398174029721,18.00235658821608
hosted-hint-completion-core/windows-net8.0-core/paired.jsonl,False,mixed,5,retainedManagedBytes,614824,610880,0.15265392785281495,-0.7146110106306858,1.7979224877599709
hosted-hint-completion-core/windows-net8.0-core/paired.jsonl,False,point,5,meanMs,0.21455580000000155,0.03142601999999977,-85.27425228152242,-85.71953865770921,-84.79947803407431
hosted-hint-completion-core/windows-net8.0-core/paired.jsonl,False,point,5,p99Ms,0.8377,0.0692,-91.46107605558899,-92.1719334177636,-90.72267450390237
hosted-hint-completion-core/windows-net8.0-core/paired.jsonl,False,point,5,cpuMsPerOperation,0.21328125,0.03046875,-85.45623903337228,-85.86115717189887,-84.99370925112183
hosted-hint-completion-core/windows-net8.0-core/paired.jsonl,False,point,5,bytesPerOperation,280350.352,26864.1592,-90.41764905632289,-90.41765206415349,-90.41764741568792
hosted-hint-completion-core/windows-net8.0-core/paired.jsonl,False,point,5,closeMs,2.0081,3.1598,57.16763585032079,54.36808157053895,59.967190130102644
hosted-hint-completion-core/windows-net8.0-core/paired.jsonl,False,point,5,retainedManagedBytes,741456,735112,-0.8577717356120917,-0.8620875682441032,-0.855613819296086
hosted-hint-completion-core/windows-net8.0-core/paired.jsonl,False,scan,5,meanMs,2.904588499999997,1.8969611999999982,-35.54007409230961,-38.280070093908634,-31.852999885918337
hosted-hint-completion-core/windows-net8.0-core/paired.jsonl,False,scan,5,p99Ms,5.4469,3.2383,-29.49212652592754,-44.03837818278481,-9.06461136197996
hosted-hint-completion-core/windows-net8.0-core/paired.jsonl,False,scan,5,cpuMsPerOperation,2.890625,1.875,-36.38489434483439,-38.008993050824365,-35.17117117117117
hosted-hint-completion-core/windows-net8.0-core/paired.jsonl,False,scan,5,bytesPerOperation,4366222.448,3150145.584,-27.851920527745236,-27.851921849676682,-27.851917883882333
hosted-hint-completion-core/windows-net8.0-core/paired.jsonl,False,scan,5,closeMs,1.9661,3.1938,60.725390039740375,57.85404223915482,63.59673784032593
hosted-hint-completion-core/windows-net8.0-core/paired.jsonl,False,scan,5,retainedManagedBytes,565848,578032,2.1826356194596386,2.153228428836007,2.2414500007069016
hosted-linux-write-diagnostic/ubuntu-net10.0-traffic/paired.jsonl,True,write,15,meanMs,0.607798025,0.610174208,0.0013914827474414378,-2.9936550800527626,2.1151211130818193
hosted-linux-write-diagnostic/ubuntu-net10.0-traffic/paired.jsonl,True,write,15,p99Ms,2.287685,2.253751,-2.2272089534699107,-5.8332398493631965,0.492309978795084
hosted-linux-write-diagnostic/ubuntu-net10.0-traffic/paired.jsonl,True,write,15,cpuMsPerOperation,0.36916699999999997,0.374673,-0.23168101177734562,-2.7885589538577205,1.6896925151225466
hosted-linux-write-diagnostic/ubuntu-net10.0-traffic/paired.jsonl,True,write,15,bytesPerOperation,244620.944,245402.04,0.32148001277259625,0.31511689173211305,0.32776329408644206
hosted-linux-write-diagnostic/ubuntu-net10.0-traffic/paired.jsonl,True,write,15,closeMs,4.761489,5.883831,24.484708921579564,21.209456536142454,27.502912117519333
hosted-linux-write-diagnostic/ubuntu-net10.0-traffic/paired.jsonl,True,write,15,retainedManagedBytes,328184,336896,4.471257034926548,3.4108085252181253,5.789854370100081
hosted-paced-standard/ubuntu-net10.0-core/paired.jsonl,False,mixed,5,meanMs,0.2742948229999993,0.15428455999999996,-44.398161372889525,-46.033263414700244,-42.774314108720475
hosted-paced-standard/ubuntu-net10.0-core/paired.jsonl,False,mixed,5,p99Ms,0.834756,1.112287,30.057856305110736,17.400893270720292,41.9835052342728
hosted-paced-standard/ubuntu-net10.0-core/paired.jsonl,False,mixed,5,cpuMsPerOperation,0.27079433333333336,0.10732699999999999,-59.639424715811884,-61.29650147115427,-57.67009412972798
hosted-paced-standard/ubuntu-net10.0-core/paired.jsonl,False,mixed,5,bytesPerOperation,314263.91733333335,116082.93066666667,-63.06156587424993,-63.06510151063124,-63.056965663723076
hosted-paced-standard/ubuntu-net10.0-core/paired.jsonl,False,mixed,5,closeMs,4.445192,4.581578,4.376329774190253,-6.404812329115634,12.199425626898188
hosted-paced-standard/ubuntu-net10.0-core/paired.jsonl,False,mixed,5,retainedManagedBytes,342376,347200,2.881803559996614,1.4089772647615462,4.391841504580354
hosted-paced-standard/ubuntu-net10.0-core/paired.jsonl,False,point,5,meanMs,0.11759015174999946,0.01910922210000001,-83.77652497407877,-83.96326201871355,-83.60850076157494
hosted-paced-standard/ubuntu-net10.0-core/paired.jsonl,False,point,5,p99Ms,0.580369,0.039475,-93.18438586299439,-93.25966510355627,-93.10096430970546
hosted-paced-standard/ubuntu-net10.0-core/paired.jsonl,False,point,5,cpuMsPerOperation,0.11965374999999999,0.019249850000000002,-83.92141653038723,-84.1120225590482,-83.75049936352336
hosted-paced-standard/ubuntu-net10.0-core/paired.jsonl,False,point,5,bytesPerOperation,278164.6852,26712.1412,-90.39700684884764,-90.39701082585822,-90.39700486034235
hosted-paced-standard/ubuntu-net10.0-core/paired.jsonl,False,point,5,closeMs,1.418933,2.489933,72.87574732623165,69.20639552105038,76.54509913141291
hosted-paced-standard/ubuntu-net10.0-core/paired.jsonl,False,point,5,retainedManagedBytes,473512,467528,-1.762241445026067,-2.7622304977347834,-1.2607455057277406
hosted-paced-standard/ubuntu-net10.0-core/paired.jsonl,False,scan,5,meanMs,2.769201930999999,1.6450490320000024,-41.075574204816874,-42.71801574988723,-39.46651223709057
hosted-paced-standard/ubuntu-net10.0-core/paired.jsonl,False,scan,5,p99Ms,3.945524,2.104549,-49.51801890892613,-54.30038334432095,-45.89015553628756
hosted-paced-standard/ubuntu-net10.0-core/paired.jsonl,False,scan,5,cpuMsPerOperation,2.782689,1.651165,-41.20333014267379,-42.88725112351061,-39.56884418985927
hosted-paced-standard/ubuntu-net10.0-core/paired.jsonl,False,scan,5,bytesPerOperation,4236381.16,3022169.224,-28.661538846964373,-28.661543373416368,-28.661536583738375
hosted-paced-standard/ubuntu-net10.0-core/paired.jsonl,False,scan,5,closeMs,1.251609,2.315686,73.01314715136071,52.178137057122754,86.59517743817416
hosted-paced-standard/ubuntu-net10.0-core/paired.jsonl,False,scan,5,retainedManagedBytes,322768,335280,3.1149971321024195,2.353583361220548,3.876410902984291
hosted-paced-standard/ubuntu-net10.0-traffic/paired.jsonl,False,balanced,5,meanMs,0.42960271899999986,0.428832433,0.6555944663807356,-1.6821950928947937,3.413950444214746
hosted-paced-standard/ubuntu-net10.0-traffic/paired.jsonl,False,balanced,5,p99Ms,2.481488,2.468964,-0.5182255423345671,-5.7475885845421555,4.640461289531011
hosted-paced-standard/ubuntu-net10.0-traffic/paired.jsonl,False,balanced,5,cpuMsPerOperation,0.291662,0.294389,1.1303395260464,-0.8455897609134633,3.1062688130062632
hosted-paced-standard/ubuntu-net10.0-traffic/paired.jsonl,False,balanced,5,bytesPerOperation,239646.664,240390.688,0.3195221539293591,0.3127833276694014,0.3262609801893168
hosted-paced-standard/ubuntu-net10.0-traffic/paired.jsonl,False,balanced,5,closeMs,4.232687,4.450866,5.8422840639391405,-3.1155116378371077,14.762902336397968
hosted-paced-standard/ubuntu-net10.0-traffic/paired.jsonl,False,balanced,5,retainedManagedBytes,326384,347472,8.046578821384056,6.451296632187855,9.717460862406977
hosted-paced-standard/ubuntu-net10.0-traffic/paired.jsonl,False,buffered,5,meanMs,0.1375578180000002,0.05885211200000008,-56.98616065665359,-57.97974595252439,-55.99257536078278
hosted-paced-standard/ubuntu-net10.0-traffic/paired.jsonl,False,buffered,5,p99Ms,0.561483,0.089778,-83.46030098674203,-84.93404633505283,-81.91661789551901
hosted-paced-standard/ubuntu-net10.0-traffic/paired.jsonl,False,buffered,5,cpuMsPerOperation,0.13887100000000002,0.059167000000000004,-57.16845468332968,-58.19310718446386,-56.143802182195486
hosted-paced-standard/ubuntu-net10.0-traffic/paired.jsonl,False,buffered,5,bytesPerOperation,225585.896,87832.264,-61.0647805418068,-61.06482472645365,-61.06473635715995
hosted-paced-standard/ubuntu-net10.0-traffic/paired.jsonl,False,buffered,5,closeMs,1.304303,2.308023,78.61706397201472,73.81072887709718,83.42339906693226
hosted-paced-standard/ubuntu-net10.0-traffic/paired.jsonl,False,buffered,5,retainedManagedBytes,317296,316584,-0.22742171347889695,-0.23044727951187838,-0.22439614744591552
hosted-paced-standard/ubuntu-net10.0-traffic/paired.jsonl,False,checkpoint,5,meanMs,1.8391304929999999,1.8327027790000023,-0.5286297758465608,-2.6219252184906505,1.284500860513007
hosted-paced-standard/ubuntu-net10.0-traffic/paired.jsonl,False,checkpoint,5,p99Ms,3.60341,3.767336,-1.5537292777727416,-7.7666719379646265,4.659213382419144
hosted-paced-standard/ubuntu-net10.0-traffic/paired.jsonl,False,checkpoint,5,cpuMsPerOperation,0.713341,0.722211,0.3919402311963438,-0.3130331539422304,1.3242806481746694
hosted-paced-standard/ubuntu-net10.0-traffic/paired.jsonl,False,checkpoint,5,bytesPerOperation,457300.064,458868.704,0.34299404777691667,0.34293806702813345,0.3430220381513083
hosted-paced-standard/ubuntu-net10.0-traffic/paired.jsonl,False,checkpoint,5,closeMs,1.367001,2.037366,47.78009849418777,43.840526226650766,50.79895574010158
hosted-paced-standard/ubuntu-net10.0-traffic/paired.jsonl,False,checkpoint,5,retainedManagedBytes,364776,360136,0.10336371930069532,-1.2746452617496717,1.4813727003510624
hosted-paced-standard/ubuntu-net10.0-traffic/paired.jsonl,False,churn,5,meanMs,1.8615635640000003,1.8571403220000005,-0.43201359675321793,-1.5651212546559434,0.7010940611495076
hosted-paced-standard/ubuntu-net10.0-traffic/paired.jsonl,False,churn,5,p99Ms,4.133602,4.283903,4.2475666572311805,-1.007747196835036,11.366249023574042
hosted-paced-standard/ubuntu-net10.0-traffic/paired.jsonl,False,churn,5,cpuMsPerOperation,1.238114,1.240428,-0.06732797804175572,-1.5048160003728173,1.3942489676960346
hosted-paced-standard/ubuntu-net10.0-traffic/paired.jsonl,False,churn,5,bytesPerOperation,1593010.944,1514542.68,-1.991503477835046,-6.76969107285583,2.786684117185738
hosted-paced-standard/ubuntu-net10.0-traffic/paired.jsonl,False,churn,5,closeMs,4.72502,5.652638,139.2284143877251,24.102465277574574,254.35436349787565
hosted-paced-standard/ubuntu-net10.0-traffic/paired.jsonl,False,churn,5,retainedManagedBytes,353440,375504,4.860979646711647,0.14906892327004168,8.99379710879117
hosted-paced-standard/ubuntu-net10.0-traffic/paired.jsonl,False,indexed,5,meanMs,2.714480052000002,1.6253216189999986,-40.19637816919448,-40.85862709995988,-39.534129238429074
hosted-paced-standard/ubuntu-net10.0-traffic/paired.jsonl,False,indexed,5,p99Ms,3.839692,2.020685,-48.37469883754807,-49.97473054007137,-46.774667135024764
hosted-paced-standard/ubuntu-net10.0-traffic/paired.jsonl,False,indexed,5,cpuMsPerOperation,2.725079,1.63064,-40.33779726837357,-40.98536574094446,-39.69022879580268
hosted-paced-standard/ubuntu-net10.0-traffic/paired.jsonl,False,indexed,5,bytesPerOperation,4239381.8,3025169.224,-28.641262960268513,-28.641265330262947,-28.641258543460662
hosted-paced-standard/ubuntu-net10.0-traffic/paired.jsonl,False,indexed,5,closeMs,1.183036,2.277336,90.46762800957522,82.28481485859253,98.4694107716422
hosted-paced-standard/ubuntu-net10.0-traffic/paired.jsonl,False,indexed,5,retainedManagedBytes,324872,337392,4.619173089709179,3.85382550666109,5.384520672757267
hosted-paced-standard/ubuntu-net10.0-traffic/paired.jsonl,False,open-close,5,meanMs,1.324924436000001,1.4144018220000014,5.6696125538992375,-14.908434054588975,26.803119812564383
hosted-paced-standard/ubuntu-net10.0-traffic/paired.jsonl,False,open-close,5,p99Ms,8.187937,7.955529,8.099081839977877,-17.77012944483383,49.84007918935747
hosted-paced-standard/ubuntu-net10.0-traffic/paired.jsonl,False,open-close,5,cpuMsPerOperation,4.222058,4.794639,9.359821358540643,-15.100474651851679,31.5252681042469
hosted-paced-standard/ubuntu-net10.0-traffic/paired.jsonl,False,open-close,5,bytesPerOperation,185693.248,186573.2,0.4668578691250813,0.4581591728864831,0.47414580064965683
hosted-paced-standard/ubuntu-net10.0-traffic/paired.jsonl,False,open-close,5,closeMs,0.008677,0.009819,13.696696555815144,-19.962289986010603,47.35568309764089
hosted-paced-standard/ubuntu-net10.0-traffic/paired.jsonl,False,open-close,5,retainedManagedBytes,365864,363856,0.24648640095065844,-1.5362454916447899,2.817206394376799
hosted-paced-standard/ubuntu-net10.0-traffic/paired.jsonl,False,random,5,meanMs,0.11119885900000012,0.018291874000000003,-83.60331686567756,-83.86360386490463,-83.24399614848583
hosted-paced-standard/ubuntu-net10.0-traffic/paired.jsonl,False,random,5,p99Ms,0.748933,0.0376,-94.85949437498185,-95.10776825174507,-94.56225643457347
hosted-paced-standard/ubuntu-net10.0-traffic/paired.jsonl,False,random,5,cpuMsPerOperation,0.11283199999999999,0.018363,-83.81681942202535,-84.08987750751518,-83.47938517720671
hosted-paced-standard/ubuntu-net10.0-traffic/paired.jsonl,False,random,5,bytesPerOperation,281908.328,26725.896,-90.51964554178736,-90.51965006156185,-90.51963650223838
hosted-paced-standard/ubuntu-net10.0-traffic/paired.jsonl,False,random,5,closeMs,1.28134,2.272266,78.22500596332533,72.45343072324529,83.6487747069717
hosted-paced-standard/ubuntu-net10.0-traffic/paired.jsonl,False,random,5,retainedManagedBytes,311344,315520,1.3392260650598686,1.327406341538615,1.3474484814224752
hosted-paced-standard/ubuntu-net10.0-traffic/paired.jsonl,False,same-key,5,meanMs,0.08854604800000002,0.016088424000000007,-81.75998262755925,-82.01689321097464,-81.50307204414386
hosted-paced-standard/ubuntu-net10.0-traffic/paired.jsonl,False,same-key,5,p99Ms,0.155431,0.034505,-82.01846964621491,-90.08288001542223,-73.95405927700759
hosted-paced-standard/ubuntu-net10.0-traffic/paired.jsonl,False,same-key,5,cpuMsPerOperation,0.089566,0.016161000000000002,-81.9031358216902,-82.16114756721754,-81.64467551957802
hosted-paced-standard/ubuntu-net10.0-traffic/paired.jsonl,False,same-key,5,bytesPerOperation,159727.336,21976.264,-86.2413662103604,-86.24138826180636,-86.24134415891444
hosted-paced-standard/ubuntu-net10.0-traffic/paired.jsonl,False,same-key,5,closeMs,1.298923,2.270012,77.4832421793325,73.8480243172506,80.66988216746866
hosted-paced-standard/ubuntu-net10.0-traffic/paired.jsonl,False,same-key,5,retainedManagedBytes,321512,315536,-1.8587057602085433,-1.8733377700811427,-1.844061951013267
hosted-paced-standard/ubuntu-net10.0-traffic/paired.jsonl,False,transaction,5,meanMs,0.6574131280000005,0.6670498390000004,3.2834189958599724,1.799506616387103,4.794315216221228
hosted-paced-standard/ubuntu-net10.0-traffic/paired.jsonl,False,transaction,5,p99Ms,2.518097,2.539457,2.5091777396706028,0.0419072909193563,4.976448188421849
hosted-paced-standard/ubuntu-net10.0-traffic/paired.jsonl,False,transaction,5,cpuMsPerOperation,0.431541,0.44320600000000004,2.558802619592293,1.5150840759336104,3.500075120254671
hosted-paced-standard/ubuntu-net10.0-traffic/paired.jsonl,False,transaction,5,bytesPerOperation,244649.768,245427.952,0.32076892164116355,0.3086334555422976,0.3329043877400295
hosted-paced-standard/ubuntu-net10.0-traffic/paired.jsonl,False,transaction,5,closeMs,4.840518,5.354557,15.38917018853771,6.707350569249995,26.029560227274136
hosted-paced-standard/ubuntu-net10.0-traffic/paired.jsonl,False,transaction,5,retainedManagedBytes,326488,335304,3.5905651315811804,-0.2966668716043275,7.510744278483621
hosted-paced-standard/ubuntu-net10.0-traffic/paired.jsonl,False,write,5,meanMs,0.6251784989999998,0.6367563140000007,2.1778781484024146,-0.8956602268540692,5.251416523658898
hosted-paced-standard/ubuntu-net10.0-traffic/paired.jsonl,False,write,5,p99Ms,2.48401,2.537568,4.767975284020456,2.333521178684852,7.124481316614984
hosted-paced-standard/ubuntu-net10.0-traffic/paired.jsonl,False,write,5,cpuMsPerOperation,0.374707,0.375896,1.4949734595047515,-0.8875627016343657,4.084971295391622
hosted-paced-standard/ubuntu-net10.0-traffic/paired.jsonl,False,write,5,bytesPerOperation,244570.952,245354.536,0.32535989573601043,0.3141335771070608,0.33654375807281145
hosted-paced-standard/ubuntu-net10.0-traffic/paired.jsonl,False,write,5,closeMs,4.698536,5.420541,18.64834756703968,10.26442507922097,26.11563455406367
hosted-paced-standard/ubuntu-net10.0-traffic/paired.jsonl,False,write,5,retainedManagedBytes,314088,335176,5.860723819053273,1.8693649600680118,9.852082678038533
hosted-paced-standard/ubuntu-net10.0-traffic/paired.jsonl,False,write-heavy,5,meanMs,0.5930663219999996,0.5894605750000005,0.19189571053735532,-1.3432875293723856,1.6530397886297798
hosted-paced-standard/ubuntu-net10.0-traffic/paired.jsonl,False,write-heavy,5,p99Ms,2.600922,2.538294,-2.5042909523973855,-5.766440636476973,0.21217780844535294
hosted-paced-standard/ubuntu-net10.0-traffic/paired.jsonl,False,write-heavy,5,cpuMsPerOperation,0.35785300000000003,0.359016,-0.12911962386751075,-2.13639414269982,1.134310624985475
hosted-paced-standard/ubuntu-net10.0-traffic/paired.jsonl,False,write-heavy,5,bytesPerOperation,243657.064,244443.592,0.32261569195913165,0.3147952069309756,0.3298728611314594
hosted-paced-standard/ubuntu-net10.0-traffic/paired.jsonl,False,write-heavy,5,closeMs,3.720118,4.209023,20.876073108371664,8.089691180033114,39.248693629454564
hosted-paced-standard/ubuntu-net10.0-traffic/paired.jsonl,False,write-heavy,5,retainedManagedBytes,314104,335192,6.688660976508465,4.30316667642566,9.049116332054465
hosted-paced-standard/ubuntu-net8.0-core/paired.jsonl,False,mixed,5,meanMs,0.23085096700000024,0.12940628066666657,-44.164855696254556,-45.95066469078909,-41.828028814855244
hosted-paced-standard/ubuntu-net8.0-core/paired.jsonl,False,mixed,5,p99Ms,0.867279,0.879163,6.0792528582596495,-4.234206603146795,21.825826528304418
hosted-paced-standard/ubuntu-net8.0-core/paired.jsonl,False,mixed,5,cpuMsPerOperation,0.21333333333333335,0.09666666666666666,-54.85859312509166,-55.94238758553274,-53.774798664650575
hosted-paced-standard/ubuntu-net8.0-core/paired.jsonl,False,mixed,5,bytesPerOperation,314498.04,116280.94933333334,-63.02597641850863,-63.033721439036285,-63.018231397980955
hosted-paced-standard/ubuntu-net8.0-core/paired.jsonl,False,mixed,5,closeMs,3.338242,4.317394,23.453856124049516,16.995594971310794,29.07320401808794
hosted-paced-standard/ubuntu-net8.0-core/paired.jsonl,False,mixed,5,retainedManagedBytes,432352,451520,3.4831597108152446,2.520312464336434,4.616978758049002
hosted-paced-standard/ubuntu-net8.0-core/paired.jsonl,False,point,5,meanMs,0.1037209686500001,0.018405123450000047,-82.28395836163033,-82.57515302581763,-81.9851194513542
hosted-paced-standard/ubuntu-net8.0-core/paired.jsonl,False,point,5,p99Ms,0.63711,0.031499,-95.16864404677735,-95.41155690775967,-94.9689376154843
hosted-paced-standard/ubuntu-net8.0-core/paired.jsonl,False,point,5,cpuMsPerOperation,0.10500000500000001,0.019,-82.2723674603309,-82.75247165851064,-81.87013004246546
hosted-paced-standard/ubuntu-net8.0-core/paired.jsonl,False,point,5,bytesPerOperation,278369.8016,26864.4644,-90.34936084600778,-90.34936486830773,-90.34935734511954
hosted-paced-standard/ubuntu-net8.0-core/paired.jsonl,False,point,5,closeMs,1.075019,1.937054,85.05114347592728,82.04987847651714,88.05240847533742
hosted-paced-standard/ubuntu-net8.0-core/paired.jsonl,False,point,5,retainedManagedBytes,574176,557296,-2.9133677986793294,-2.9422992384277835,-2.8579390291478557
hosted-paced-standard/ubuntu-net8.0-core/paired.jsonl,False,scan,5,meanMs,3.0477504749999995,1.8745675370000003,-38.61744192877641,-39.6186346873137,-37.822790845106695
hosted-paced-standard/ubuntu-net8.0-core/paired.jsonl,False,scan,5,p99Ms,4.800705,2.306592,-50.988549756027304,-53.22507820054459,-48.324576421204135
hosted-paced-standard/ubuntu-net8.0-core/paired.jsonl,False,scan,5,cpuMsPerOperation,3.06,1.88,-38.71064817460997,-39.80753225975844,-37.79503364097121
hosted-paced-standard/ubuntu-net8.0-core/paired.jsonl,False,scan,5,bytesPerOperation,4364553.16,3150295.976,-27.820827260375854,-27.820885587787206,-27.820713304484947
hosted-paced-standard/ubuntu-net8.0-core/paired.jsonl,False,scan,5,closeMs,0.993775,1.794445,84.59614875247716,80.39927378169604,87.837925350611
hosted-paced-standard/ubuntu-net8.0-core/paired.jsonl,False,scan,5,retainedManagedBytes,413240,425992,3.083534991772341,3.0812118865550353,3.0858580969896465
hosted-paced-standard/ubuntu-net8.0-traffic/paired.jsonl,False,balanced,5,meanMs,0.4390939439999999,0.43046744499999956,-0.217712215939041,-2.113737357810237,2.6720257006202686
hosted-paced-standard/ubuntu-net8.0-traffic/paired.jsonl,False,balanced,5,p99Ms,2.538391,2.496121,-1.5872267525701969,-4.030116402697828,1.095983822435016
hosted-paced-standard/ubuntu-net8.0-traffic/paired.jsonl,False,balanced,5,cpuMsPerOperation,0.31,0.3,-0.5201671496957471,-4.415334299391498,4.749994140626839
hosted-paced-standard/ubuntu-net8.0-traffic/paired.jsonl,False,balanced,5,bytesPerOperation,240016.736,240758.208,0.3097689547286686,0.2986423291302076,0.32231179270339805
hosted-paced-standard/ubuntu-net8.0-traffic/paired.jsonl,False,balanced,5,closeMs,3.55024,3.667801,-2.4294337570642015,-26.334995058586536,17.18606010272711
hosted-paced-standard/ubuntu-net8.0-traffic/paired.jsonl,False,balanced,5,retainedManagedBytes,423416,423424,1.7582476344346443,0.5811778487350505,2.935317420134238
hosted-paced-standard/ubuntu-net8.0-traffic/paired.jsonl,False,buffered,5,meanMs,0.14518250000000013,0.06595399200000002,-54.85401554472055,-56.35677609665224,-53.81915780337114
hosted-paced-standard/ubuntu-net8.0-traffic/paired.jsonl,False,buffered,5,p99Ms,0.550038,0.099306,-81.36752381683097,-83.37944693266596,-79.72920663034004
hosted-paced-standard/ubuntu-net8.0-traffic/paired.jsonl,False,buffered,5,cpuMsPerOperation,0.1499999,0.07,-54.761885206345056,-57.71428571428572,-51.999967111106955
hosted-paced-standard/ubuntu-net8.0-traffic/paired.jsonl,False,buffered,5,bytesPerOperation,228967.48,91158.712,-60.187027252657145,-60.18704839656706,-60.186984964837315
hosted-paced-standard/ubuntu-net8.0-traffic/paired.jsonl,False,buffered,5,closeMs,1.103251,2.022658,81.60415282463276,76.36073532796192,86.68616739460383
hosted-paced-standard/ubuntu-net8.0-traffic/paired.jsonl,False,buffered,5,retainedManagedBytes,407648,406272,0.008242405212339765,-0.33754611821964486,0.6205353638433198
hosted-paced-standard/ubuntu-net8.0-traffic/paired.jsonl,False,checkpoint,5,meanMs,1.824273395000002,1.8523275029999982,2.719137859564831,1.071603251628459,4.3666724675012025
hosted-paced-standard/ubuntu-net8.0-traffic/paired.jsonl,False,checkpoint,5,p99Ms,4.334757,4.207609,1.3226933896314441,-5.17927598648806,7.8354486363876985
hosted-paced-standard/ubuntu-net8.0-traffic/paired.jsonl,False,checkpoint,5,cpuMsPerOperation,0.75,0.76,1.0979954990496643,-1.005120710058216,2.9657738738738715
hosted-paced-standard/ubuntu-net8.0-traffic/paired.jsonl,False,checkpoint,5,bytesPerOperation,458941.384,460509.384,0.34165601226980424,0.3415498481174195,0.341762176422189
hosted-paced-standard/ubuntu-net8.0-traffic/paired.jsonl,False,checkpoint,5,closeMs,1.216231,1.833935,50.14874226325632,42.88721369818815,56.06671571374146
hosted-paced-standard/ubuntu-net8.0-traffic/paired.jsonl,False,checkpoint,5,retainedManagedBytes,455320,450072,0.48811228356510306,-0.6020816140812979,1.578306181211504
hosted-paced-standard/ubuntu-net8.0-traffic/paired.jsonl,False,churn,5,meanMs,1.9648369569999997,1.9660656490000004,-0.3547826312587232,-2.7421546771109173,1.5708879790017605
hosted-paced-standard/ubuntu-net8.0-traffic/paired.jsonl,False,churn,5,p99Ms,5.313775,4.543528,-12.288221426289947,-15.11814147610949,-9.458301376470406
hosted-paced-standard/ubuntu-net8.0-traffic/paired.jsonl,False,churn,5,cpuMsPerOperation,1.3,1.33,2.8367650862495775,-0.476834927795482,5.095093882495458
hosted-paced-standard/ubuntu-net8.0-traffic/paired.jsonl,False,churn,5,bytesPerOperation,1532285.736,1613863.576,6.1943589678249955,-3.603880886600538,15.79873808063716
hosted-paced-standard/ubuntu-net8.0-traffic/paired.jsonl,False,churn,5,closeMs,5.002808,5.385562,8.40809426830251,-0.8303745784242442,18.434554366364807
hosted-paced-standard/ubuntu-net8.0-traffic/paired.jsonl,False,churn,5,retainedManagedBytes,439336,451608,3.3505107707995707,2.7889360307373012,4.470382577343988
hosted-paced-standard/ubuntu-net8.0-traffic/paired.jsonl,False,indexed,5,meanMs,2.917120067000001,1.8128567920000005,-38.85110083392455,-40.24800071575867,-37.70049646262434
hosted-paced-standard/ubuntu-net8.0-traffic/paired.jsonl,False,indexed,5,p99Ms,4.048411,2.196462,-46.42403282038371,-48.67126883371167,-43.83766997471717
hosted-paced-standard/ubuntu-net8.0-traffic/paired.jsonl,False,indexed,5,cpuMsPerOperation,2.93,1.82,-38.93076867340434,-40.088033389589,-37.86712796297162
hosted-paced-standard/ubuntu-net8.0-traffic/paired.jsonl,False,indexed,5,bytesPerOperation,4367745.16,3153487.688,-27.800554322678288,-27.800559449981375,-27.800546765790944
hosted-paced-standard/ubuntu-net8.0-traffic/paired.jsonl,False,indexed,5,closeMs,1.062775,2.007329,87.28483918475573,83.57401895466037,90.99565941485109
hosted-paced-standard/ubuntu-net8.0-traffic/paired.jsonl,False,indexed,5,retainedManagedBytes,415344,427488,2.9507733206846165,2.920273273044258,3.008205246735236
hosted-paced-standard/ubuntu-net8.0-traffic/paired.jsonl,False,open-close,5,meanMs,0.9342398069999995,0.8850418140000003,-2.3672612470344823,-7.628556365481813,3.9910739877780244
hosted-paced-standard/ubuntu-net8.0-traffic/paired.jsonl,False,open-close,5,p99Ms,9.31501,8.848211,-2.1351238584361876,-10.31286272850096,5.849162124675436
hosted-paced-standard/ubuntu-net8.0-traffic/paired.jsonl,False,open-close,5,cpuMsPerOperation,2.85,2.63,-4.681773528834128,-12.035519006205224,3.8496240601503784
hosted-paced-standard/ubuntu-net8.0-traffic/paired.jsonl,False,open-close,5,bytesPerOperation,186506.712,187386.736,0.4653776432388135,0.4534568522142024,0.4719558894112019
hosted-paced-standard/ubuntu-net8.0-traffic/paired.jsonl,False,open-close,5,closeMs,0.009959,0.009818,38.68033708439989,-3.415658170758134,111.6141651453044
hosted-paced-standard/ubuntu-net8.0-traffic/paired.jsonl,False,open-close,5,retainedManagedBytes,458608,458384,-1.7445281779837218,-5.418759000251558,1.0370246545135187
hosted-paced-standard/ubuntu-net8.0-traffic/paired.jsonl,False,random,5,meanMs,0.12382712100000005,0.02111254899999998,-82.87977953142506,-83.11328361559232,-82.623219517656
hosted-paced-standard/ubuntu-net8.0-traffic/paired.jsonl,False,random,5,p99Ms,0.830451,0.04315,-94.78424037634923,-94.82723769712095,-94.73237574452332
hosted-paced-standard/ubuntu-net8.0-traffic/paired.jsonl,False,random,5,cpuMsPerOperation,0.12,0.0299999,-80.7692398257932,-86.66663055556714,-76.15385798817479
hosted-paced-standard/ubuntu-net8.0-traffic/paired.jsonl,False,random,5,bytesPerOperation,282121.176,26884.36,-90.47061650183383,-90.4706337960253,-90.47059920764238
hosted-paced-standard/ubuntu-net8.0-traffic/paired.jsonl,False,random,5,closeMs,1.122757,2.02358,83.32617924864802,79.48108758806123,87.43109303984555
hosted-paced-standard/ubuntu-net8.0-traffic/paired.jsonl,False,random,5,retainedManagedBytes,401720,405304,0.9323907199044124,0.8921636961067403,1.0128447674997565
hosted-paced-standard/ubuntu-net8.0-traffic/paired.jsonl,False,same-key,5,meanMs,0.09752855299999998,0.01920719100000002,-80.45050472007998,-81.2275205135587,-79.73932646680814
hosted-paced-standard/ubuntu-net8.0-traffic/paired.jsonl,False,same-key,5,p99Ms,0.180417,0.040125,-79.57431454880626,-86.13639008110893,-74.84426675770143
hosted-paced-standard/ubuntu-net8.0-traffic/paired.jsonl,False,same-key,5,cpuMsPerOperation,0.1,0.02,-80.87881101926271,-87.11111111111111,-74.64651092741431
hosted-paced-standard/ubuntu-net8.0-traffic/paired.jsonl,False,same-key,5,bytesPerOperation,159940.44,22134.728,-86.16066662066896,-86.16069221949473,-86.16064329946823
hosted-paced-standard/ubuntu-net8.0-traffic/paired.jsonl,False,same-key,5,closeMs,1.102248,1.989255,80.262962938389,76.43983524822026,84.81944616896007
hosted-paced-standard/ubuntu-net8.0-traffic/paired.jsonl,False,same-key,5,retainedManagedBytes,411888,405304,-1.9041879116566385,-2.5008549667784186,-1.5984927941576355
hosted-paced-standard/ubuntu-net8.0-traffic/paired.jsonl,False,transaction,5,meanMs,0.6687108399999998,0.6803452750000007,1.4575832491587692,0.0050437813331671855,2.983626409654234
hosted-paced-standard/ubuntu-net8.0-traffic/paired.jsonl,False,transaction,5,p99Ms,2.556666,2.602501,0.6494021640572911,-4.154670865901362,4.5001528646210875
hosted-paced-standard/ubuntu-net8.0-traffic/paired.jsonl,False,transaction,5,cpuMsPerOperation,0.44,0.45,0.4743083003952564,-1.7786561264822118,2.747035573122527
hosted-paced-standard/ubuntu-net8.0-traffic/paired.jsonl,False,transaction,5,bytesPerOperation,245347.904,246141.992,0.32660500210907717,0.3203312480538578,0.3336853434323217
hosted-paced-standard/ubuntu-net8.0-traffic/paired.jsonl,False,transaction,5,closeMs,4.594071,5.259212,13.340239887958866,8.732657577065591,18.594053099714593
hosted-paced-standard/ubuntu-net8.0-traffic/paired.jsonl,False,transaction,5,retainedManagedBytes,411232,423528,2.993807043872163,1.2084851733252888,4.782896272663613
hosted-paced-standard/ubuntu-net8.0-traffic/paired.jsonl,False,write,5,meanMs,0.6485744830000001,0.6398806710000002,0.7995808525964154,-3.0811510716242996,4.609281363694042
hosted-paced-standard/ubuntu-net8.0-traffic/paired.jsonl,False,write,5,p99Ms,2.619192,2.518655,-1.8968194903942504,-4.267465268064035,1.5520243465114714
hosted-paced-standard/ubuntu-net8.0-traffic/paired.jsonl,False,write,5,cpuMsPerOperation,0.39,0.39,2.7754677754677792,-1.0256410256410264,6.576576576576585
hosted-paced-standard/ubuntu-net8.0-traffic/paired.jsonl,False,write,5,bytesPerOperation,245145.664,245944.8,0.32102519727370105,0.3105555418042627,0.33250469561069806
hosted-paced-standard/ubuntu-net8.0-traffic/paired.jsonl,False,write,5,closeMs,4.846192,4.862181,-16.039989516087935,-43.2166335555177,7.010307155485654
hosted-paced-standard/ubuntu-net8.0-traffic/paired.jsonl,False,write,5,retainedManagedBytes,411120,423416,1.802655688410626,0.5518603142529832,2.9920917735025165
hosted-paced-standard/ubuntu-net8.0-traffic/paired.jsonl,False,write-heavy,5,meanMs,0.6052861790000001,0.6070116639999993,0.5925648248257764,-1.4748371859842058,2.6599668356357586
hosted-paced-standard/ubuntu-net8.0-traffic/paired.jsonl,False,write-heavy,5,p99Ms,2.688545,2.609814,-1.6316397451238607,-3.896107201486079,0.5037515624761868
hosted-paced-standard/ubuntu-net8.0-traffic/paired.jsonl,False,write-heavy,5,cpuMsPerOperation,0.37,0.38,2.7327217758328426,1.0810648648692456,4.414408862918471
hosted-paced-standard/ubuntu-net8.0-traffic/paired.jsonl,False,write-heavy,5,bytesPerOperation,244174.016,244983.92,0.33203182017110144,0.3255208941075338,0.3392845826846047
hosted-paced-standard/ubuntu-net8.0-traffic/paired.jsonl,False,write-heavy,5,closeMs,3.632935,4.094898,15.812352393533745,6.649673163082719,24.97503162398477
hosted-paced-standard/ubuntu-net8.0-traffic/paired.jsonl,False,write-heavy,5,retainedManagedBytes,411160,423432,2.964771558756234,1.1889688875832194,4.756717172158869
hosted-paced-standard/windows-net10.0-core/paired.jsonl,False,mixed,5,meanMs,0.424132466666667,1.4137725666666658,233.19803540416936,213.65729744294177,248.44937950361336
hosted-paced-standard/windows-net10.0-core/paired.jsonl,False,mixed,5,p99Ms,1.3469,14.0925,989.1212694825452,938.1978526748031,1043.6324354599924
hosted-paced-standard/windows-net10.0-core/paired.jsonl,False,mixed,5,cpuMsPerOperation,0.3854166666666667,0.20833333333333334,-44.199794405273856,-49.003279208758656,-39.16811437359382
hosted-paced-standard/windows-net10.0-core/paired.jsonl,False,mixed,5,bytesPerOperation,318683.70666666667,117672.38133333334,-63.07250182002274,-63.08181756701663,-63.06120720576088
hosted-paced-standard/windows-net10.0-core/paired.jsonl,False,mixed,5,closeMs,6.3723,7.3222,13.192104737505694,-2.352465833875095,26.388028104684746
hosted-paced-standard/windows-net10.0-core/paired.jsonl,False,mixed,5,retainedManagedBytes,504232,527528,3.5867388738740535,2.556283615478594,4.5996059667995315
hosted-paced-standard/windows-net10.0-core/paired.jsonl,False,point,5,meanMs,0.20361186999999847,0.02788410499999988,-86.23854039152067,-86.37792095417825,-86.06645818584853
hosted-paced-standard/windows-net10.0-core/paired.jsonl,False,point,5,p99Ms,0.7764,0.0611,-92.01477676228922,-92.27309281349713,-91.65494437940333
hosted-paced-standard/windows-net10.0-core/paired.jsonl,False,point,5,cpuMsPerOperation,0.20234375,0.028125,-86.16356334880793,-86.38142845039397,-85.91362126245846
hosted-paced-standard/windows-net10.0-core/paired.jsonl,False,point,5,bytesPerOperation,280143.0492,26712.1256,-90.464828876667,-90.46483161322404,-90.46482618639982
hosted-paced-standard/windows-net10.0-core/paired.jsonl,False,point,5,closeMs,2.7953,4.4292,66.08453954347634,59.33994212107916,78.12023643211515
hosted-paced-standard/windows-net10.0-core/paired.jsonl,False,point,5,retainedManagedBytes,643168,637360,-0.9064810109822563,-0.9099320204719019,-0.9030300014926107
hosted-paced-standard/windows-net10.0-core/paired.jsonl,False,scan,5,meanMs,2.6036726999999966,1.5410119999999994,-41.67192311698805,-43.534343901338126,-39.601283268852214
hosted-paced-standard/windows-net10.0-core/paired.jsonl,False,scan,5,p99Ms,4.3405,2.2845,-50.20445224101615,-54.83130168564971,-44.827591294227986
hosted-paced-standard/windows-net10.0-core/paired.jsonl,False,scan,5,cpuMsPerOperation,2.578125,1.53125,-41.42591583086563,-43.27802565532627,-39.06148848061816
hosted-paced-standard/windows-net10.0-core/paired.jsonl,False,scan,5,bytesPerOperation,4238051.12,3022024.912,-28.693050244837572,-28.693051913918403,-28.693047445089054
hosted-paced-standard/windows-net10.0-core/paired.jsonl,False,scan,5,closeMs,2.6093,4.2477,63.781340032506606,60.77967768185473,66.93385964872425
hosted-paced-standard/windows-net10.0-core/paired.jsonl,False,scan,5,retainedManagedBytes,467256,479976,2.7222764394678745,2.7222764394678745,2.7222764394678745
hosted-paced-standard/windows-net10.0-traffic/paired.jsonl,False,balanced,5,meanMs,0.5566162000000002,0.5625719000000001,-0.08215948184225005,-2.3344845259119467,1.6506898994542318
hosted-paced-standard/windows-net10.0-traffic/paired.jsonl,False,balanced,5,p99Ms,2.3915,2.3995,-0.43883167833557835,-1.6335329126138576,0.9410759890445508
hosted-paced-standard/windows-net10.0-traffic/paired.jsonl,False,balanced,5,cpuMsPerOperation,0.515625,0.484375,-4.1461675579322606,-8.484848484848484,0.6666666666666687
hosted-paced-standard/windows-net10.0-traffic/paired.jsonl,False,balanced,5,bytesPerOperation,245797.408,246416.552,0.24467151615687577,0.23883668476030628,0.25050634755344525
hosted-paced-standard/windows-net10.0-traffic/paired.jsonl,False,balanced,5,closeMs,5.1215,6.2354,18.59728722391747,14.140438819164384,23.054135628670554
hosted-paced-standard/windows-net10.0-traffic/paired.jsonl,False,balanced,5,retainedManagedBytes,500528,501328,2.1501612802533465,1.1549962492434496,2.667486835032795
hosted-paced-standard/windows-net10.0-traffic/paired.jsonl,False,buffered,5,meanMs,0.19058029999999992,0.057038199999999935,-68.75731658606254,-70.49313055501909,-65.58186724710626
hosted-paced-standard/windows-net10.0-traffic/paired.jsonl,False,buffered,5,p99Ms,0.5844,0.101,-80.6789925783466,-84.73522794846399,-74.40952480615263
hosted-paced-standard/windows-net10.0-traffic/paired.jsonl,False,buffered,5,cpuMsPerOperation,0.1875,0.046875,-70.0,-75.0,-63.33333333333333
hosted-paced-standard/windows-net10.0-traffic/paired.jsonl,False,buffered,5,bytesPerOperation,227582.448,87832.288,-61.406359325263736,-61.4063875435596,-61.40633110696787
hosted-paced-standard/windows-net10.0-traffic/paired.jsonl,False,buffered,5,closeMs,2.5454,4.0315,58.99284301033417,55.37702397852337,62.23384003631245
hosted-paced-standard/windows-net10.0-traffic/paired.jsonl,False,buffered,5,retainedManagedBytes,486960,486384,-0.11828486939379212,-0.11828486939379212,-0.11828486939379212
hosted-paced-standard/windows-net10.0-traffic/paired.jsonl,False,checkpoint,5,meanMs,2.3057503999999995,2.289151499999999,-1.332099669459195,-6.940185447987527,2.5400074454091004
hosted-paced-standard/windows-net10.0-traffic/paired.jsonl,False,checkpoint,5,p99Ms,2.9902,3.1981,-5.625771754697078,-21.82240656010083,7.477381208885956
hosted-paced-standard/windows-net10.0-traffic/paired.jsonl,False,checkpoint,5,cpuMsPerOperation,1.640625,1.609375,-1.7777495128348053,-7.752196024040683,4.683299955496216
hosted-paced-standard/windows-net10.0-traffic/paired.jsonl,False,checkpoint,5,bytesPerOperation,472644.728,473813.064,0.24718980891711873,0.2471342915307062,0.2472581900881865
hosted-paced-standard/windows-net10.0-traffic/paired.jsonl,False,checkpoint,5,closeMs,2.7431,3.6997,27.403174469209034,4.850534319495918,47.9449661297506
hosted-paced-standard/windows-net10.0-traffic/paired.jsonl,False,checkpoint,5,retainedManagedBytes,495184,503040,1.5761413939061075,1.5658018029661758,1.5864809848460393
hosted-paced-standard/windows-net10.0-traffic/paired.jsonl,False,churn,5,meanMs,2.4084952,2.3578900000000003,-0.5504431816717203,-4.9552389540041615,4.0073675911623985
hosted-paced-standard/windows-net10.0-traffic/paired.jsonl,False,churn,5,p99Ms,4.403,4.5102,-3.0358549254474987,-12.109276258829642,5.069347933921032
hosted-paced-standard/windows-net10.0-traffic/paired.jsonl,False,churn,5,cpuMsPerOperation,1.984375,1.828125,-2.2920500508562713,-7.703869865104072,3.452595856383252
hosted-paced-standard/windows-net10.0-traffic/paired.jsonl,False,churn,5,bytesPerOperation,1773752.592,1752689.168,3.1855874531636212,-9.65763575838559,18.669601554650328
hosted-paced-standard/windows-net10.0-traffic/paired.jsonl,False,churn,5,closeMs,7.6996,8.8074,16.219593300390503,0.5605891754570047,31.878597425324006
hosted-paced-standard/windows-net10.0-traffic/paired.jsonl,False,churn,5,retainedManagedBytes,503424,516512,2.6128057392918658,2.5997965929316136,2.63882403201237
hosted-paced-standard/windows-net10.0-traffic/paired.jsonl,False,indexed,5,meanMs,2.7943943999999985,1.6326540999999997,-41.95097292154035,-43.43393603481015,-39.983251092606885
hosted-paced-standard/windows-net10.0-traffic/paired.jsonl,False,indexed,5,p99Ms,5.1624,2.6162,-45.90437027143796,-49.46918437229546,-42.27663480769479
hosted-paced-standard/windows-net10.0-traffic/paired.jsonl,False,indexed,5,cpuMsPerOperation,2.765625,1.59375,-42.01328926177095,-43.80978102391363,-40.155309260884096
hosted-paced-standard/windows-net10.0-traffic/paired.jsonl,False,indexed,5,bytesPerOperation,4241051.12,3025024.912,-28.67275385861717,-28.672755257899375,-28.672751060052764
hosted-paced-standard/windows-net10.0-traffic/paired.jsonl,False,indexed,5,closeMs,2.4828,3.969,48.074290340980276,28.477934332354828,66.50291552722442
hosted-paced-standard/windows-net10.0-traffic/paired.jsonl,False,indexed,5,retainedManagedBytes,469360,482080,2.795295721833986,2.7100732912902714,2.8805181523777
hosted-paced-standard/windows-net10.0-traffic/paired.jsonl,False,open-close,5,meanMs,1.7956486999999994,1.820411699999999,0.5599997912887034,-2.6407904975222074,3.0864356650217983
hosted-paced-standard/windows-net10.0-traffic/paired.jsonl,False,open-close,5,p99Ms,8.0541,7.4098,-8.543564748998975,-19.583242481303863,3.21174763722385
hosted-paced-standard/windows-net10.0-traffic/paired.jsonl,False,open-close,5,cpuMsPerOperation,2.71875,2.84375,1.1242506359832904,-2.090517241379313,4.099276465765032
hosted-paced-standard/windows-net10.0-traffic/paired.jsonl,False,open-close,5,bytesPerOperation,190173.176,190853.176,0.3573870916670696,0.35720788658296865,0.3575662967511706
hosted-paced-standard/windows-net10.0-traffic/paired.jsonl,False,open-close,5,closeMs,0.0168,0.0162,-16.310477636070495,-45.9777717889575,13.793816929339306
hosted-paced-standard/windows-net10.0-traffic/paired.jsonl,False,open-close,5,retainedManagedBytes,511688,508208,1.4420983442692004,-0.257769543975197,3.082011728988019
hosted-paced-standard/windows-net10.0-traffic/paired.jsonl,False,random,5,meanMs,0.17860460000000017,0.022151700000000028,-87.81646917303219,-88.03217366192433,-87.6582424792518
hosted-paced-standard/windows-net10.0-traffic/paired.jsonl,False,random,5,p99Ms,1.0023,0.0555,-94.9185608302714,-95.52937003189204,-94.35487929037531
hosted-paced-standard/windows-net10.0-traffic/paired.jsonl,False,random,5,cpuMsPerOperation,0.1875,0.015625,-88.03030303030303,-91.66666666666666,-84.0909090909091
hosted-paced-standard/windows-net10.0-traffic/paired.jsonl,False,random,5,bytesPerOperation,283887.632,26725.92,-90.58573493646082,-90.58573992402741,-90.58572496132766
hosted-paced-standard/windows-net10.0-traffic/paired.jsonl,False,random,5,closeMs,2.545,4.0465,58.09764727664814,52.41781190695933,63.01351618036955
hosted-paced-standard/windows-net10.0-traffic/paired.jsonl,False,random,5,retainedManagedBytes,481008,485368,0.9500274307520451,0.9064298306888929,1.0372226308783494
hosted-paced-standard/windows-net10.0-traffic/paired.jsonl,False,same-key,5,meanMs,0.14733080000000023,0.020186799999999942,-86.01189312647533,-86.82114203400306,-84.9753265001481
hosted-paced-standard/windows-net10.0-traffic/paired.jsonl,False,same-key,5,p99Ms,0.5672,0.0498,-89.49362499099333,-92.66715142738867,-85.33889635575954
hosted-paced-standard/windows-net10.0-traffic/paired.jsonl,False,same-key,5,cpuMsPerOperation,0.140625,0.015625,-89.51515151515152,-90.32323232323232,-88.88888888888889
hosted-paced-standard/windows-net10.0-traffic/paired.jsonl,False,same-key,5,bytesPerOperation,161724.784,21976.288,-86.41129778486919,-86.41130477564897,-86.41128380330962
hosted-paced-standard/windows-net10.0-traffic/paired.jsonl,False,same-key,5,closeMs,2.544,4.0541,58.65251490737567,53.311766259412536,64.21426891389109
hosted-paced-standard/windows-net10.0-traffic/paired.jsonl,False,same-key,5,retainedManagedBytes,491176,485368,-1.1417495968858393,-1.1824681987719243,-1.0603123931136693
hosted-paced-standard/windows-net10.0-traffic/paired.jsonl,False,transaction,5,meanMs,0.8179870000000004,0.8095768000000007,-0.601753584756477,-2.2089125164085077,1.0054053468955537
hosted-paced-standard/windows-net10.0-traffic/paired.jsonl,False,transaction,5,p99Ms,2.295,2.2599,-1.0736416418509398,-1.6928289354931736,-0.4051303569901399
hosted-paced-standard/windows-net10.0-traffic/paired.jsonl,False,transaction,5,cpuMsPerOperation,0.6875,0.65625,-4.956361749304148,-17.021276595744684,8.303061754021792
hosted-paced-standard/windows-net10.0-traffic/paired.jsonl,False,transaction,5,bytesPerOperation,253055.616,253644.928,0.23625257746770156,0.23146969731562272,0.24215977169135705
hosted-paced-standard/windows-net10.0-traffic/paired.jsonl,False,transaction,5,closeMs,7.378,8.4591,51.162983415759335,5.10880022433938,134.35569490206458
hosted-paced-standard/windows-net10.0-traffic/paired.jsonl,False,transaction,5,retainedManagedBytes,488344,501448,3.3859625047051667,2.091290047170604,4.680634962239729
hosted-paced-standard/windows-net10.0-traffic/paired.jsonl,False,write,5,meanMs,0.7714887000000012,0.7895866000000004,2.8259978080301917,1.012683655625548,4.988547273959725
hosted-paced-standard/windows-net10.0-traffic/paired.jsonl,False,write,5,p99Ms,2.24,2.2514,1.1459213582103023,-0.08658121263531271,2.507526414739001
hosted-paced-standard/windows-net10.0-traffic/paired.jsonl,False,write,5,cpuMsPerOperation,0.609375,0.640625,7.2296467782103875,-1.3476446034585579,17.30506155950752
hosted-paced-standard/windows-net10.0-traffic/paired.jsonl,False,write,5,bytesPerOperation,253020.624,253594.368,0.2316257788963405,0.22673072462813249,0.23557130144610472
hosted-paced-standard/windows-net10.0-traffic/paired.jsonl,False,write,5,closeMs,7.7683,8.6037,16.73230991264159,11.236478467967927,23.695634764193976
hosted-paced-standard/windows-net10.0-traffic/paired.jsonl,False,write,5,retainedManagedBytes,488232,501192,2.1426423514579973,1.1345562027279499,2.664962558783528
hosted-paced-standard/windows-net10.0-traffic/paired.jsonl,False,write-heavy,5,meanMs,0.7382636999999999,0.7470703999999991,1.202118553487943,-1.6207471912549167,3.8565296830267926
hosted-paced-standard/windows-net10.0-traffic/paired.jsonl,False,write-heavy,5,p99Ms,2.4368,2.4502,0.5734168537626072,-1.2177552722807161,2.7146480349511193
hosted-paced-standard/windows-net10.0-traffic/paired.jsonl,False,write-heavy,5,cpuMsPerOperation,0.59375,0.578125,-0.15136230558507222,-4.438062957034806,7.11488022381535
hosted-paced-standard/windows-net10.0-traffic/paired.jsonl,False,write-heavy,5,bytesPerOperation,251637.392,252229.152,0.2303143330148183,0.21991458664671448,0.23904975987959265
hosted-paced-standard/windows-net10.0-traffic/paired.jsonl,False,write-heavy,5,closeMs,5.3078,5.979,-4.895943970295329,-29.830245114540105,18.145426904343147
hosted-paced-standard/windows-net10.0-traffic/paired.jsonl,False,write-heavy,5,retainedManagedBytes,500536,513624,2.6157559096648386,1.1389390573305391,4.095449677945244
hosted-paced-standard/windows-net8.0-core/paired.jsonl,False,mixed,5,meanMs,0.4634196666666661,1.4773702666666666,220.1081498369071,204.34871916753156,235.86758050628265
hosted-paced-standard/windows-net8.0-core/paired.jsonl,False,mixed,5,p99Ms,1.4428,14.1114,941.7019327002755,851.8522552048253,1047.056962570241
hosted-paced-standard/windows-net8.0-core/paired.jsonl,False,mixed,5,cpuMsPerOperation,0.4166666666666667,0.234375,-47.92294352234111,-55.13143483023,-42.49358974358974
hosted-paced-standard/windows-net8.0-core/paired.jsonl,False,mixed,5,bytesPerOperation,318871.18933333334,117864.448,-63.03783518011659,-63.042359242433236,-63.033134919070775
hosted-paced-standard/windows-net8.0-core/paired.jsonl,False,mixed,5,closeMs,5.4379,6.3891,20.262392613868904,6.061868651572216,38.563048375561024
hosted-paced-standard/windows-net8.0-core/paired.jsonl,False,mixed,5,retainedManagedBytes,602536,613200,1.3630540781256073,0.549456723004873,1.7698527556859744
hosted-paced-standard/windows-net8.0-core/paired.jsonl,False,point,5,meanMs,0.2154530650000019,0.03184187999999993,-85.2878867611025,-85.39340177414049,-85.177150717423
hosted-paced-standard/windows-net8.0-core/paired.jsonl,False,point,5,p99Ms,0.8424,0.0715,-91.70764915924131,-92.07303087747088,-91.43298629156
hosted-paced-standard/windows-net8.0-core/paired.jsonl,False,point,5,cpuMsPerOperation,0.2140625,0.03203125,-85.1485522135516,-85.47445255474453,-84.90381343129303
hosted-paced-standard/windows-net8.0-core/paired.jsonl,False,point,5,bytesPerOperation,280350.372,26864.1592,-90.41764782584693,-90.41764809928627,-90.4176475524076
hosted-paced-standard/windows-net8.0-core/paired.jsonl,False,point,5,closeMs,2.0248,3.1292,54.888219121177734,53.03139762848095,56.745040613874515
hosted-paced-standard/windows-net8.0-core/paired.jsonl,False,point,5,retainedManagedBytes,741456,735104,-0.858850693770099,-0.8631665264021106,-0.8566927774540932
hosted-paced-standard/windows-net8.0-core/paired.jsonl,False,scan,5,meanMs,2.7862200000000046,1.6998643,-38.919115444783266,-39.82795747637464,-38.01027341319188
hosted-paced-standard/windows-net8.0-core/paired.jsonl,False,scan,5,p99Ms,4.1539,2.7315,-36.88652435109324,-45.27163215415995,-31.07973210158619
hosted-paced-standard/windows-net8.0-core/paired.jsonl,False,scan,5,cpuMsPerOperation,2.765625,1.65625,-39.81015120536164,-40.8503996003996,-38.83043922369765
hosted-paced-standard/windows-net8.0-core/paired.jsonl,False,scan,5,bytesPerOperation,4366222.448,3150145.584,-27.851921638167667,-27.851921849676682,-27.851921215149634
hosted-paced-standard/windows-net8.0-core/paired.jsonl,False,scan,5,closeMs,1.9838,3.132,58.34082754060255,55.798276598581175,60.77194020984806
hosted-paced-standard/windows-net8.0-core/paired.jsonl,False,scan,5,retainedManagedBytes,565848,578024,2.1518146215944833,2.1518146215944833,2.1518146215944833
hosted-paced-standard/windows-net8.0-traffic/paired.jsonl,False,balanced,5,meanMs,0.7342674999999993,0.727422499999999,-0.9885120597578644,-4.221010466504353,2.2439863469886245
hosted-paced-standard/windows-net8.0-traffic/paired.jsonl,False,balanced,5,p99Ms,3.4503,3.4101,0.6383760240802764,-6.5884562363713,8.007761891259793
hosted-paced-standard/windows-net8.0-traffic/paired.jsonl,False,balanced,5,cpuMsPerOperation,0.546875,0.609375,2.5870279146141195,-9.571428571428573,18.880131362889983
hosted-paced-standard/windows-net8.0-traffic/paired.jsonl,False,balanced,5,bytesPerOperation,246080.8,246660.216,0.23063483695176856,0.21881066565391905,0.2383348611422198
hosted-paced-standard/windows-net8.0-traffic/paired.jsonl,False,balanced,5,closeMs,6.0475,6.7855,9.840157882606473,7.364106971927025,12.361539827249088
hosted-paced-standard/windows-net8.0-traffic/paired.jsonl,False,balanced,5,retainedManagedBytes,586544,611360,2.5495867832778707,1.2836630447666586,3.815510521789083
hosted-paced-standard/windows-net8.0-traffic/paired.jsonl,False,buffered,5,meanMs,0.24372149999999987,0.08023039999999998,-66.27911148755297,-67.13409785838493,-65.39430566751011
hosted-paced-standard/windows-net8.0-traffic/paired.jsonl,False,buffered,5,p99Ms,0.7215,0.1464,-78.35687993966216,-80.77236553453182,-74.76039426516509
hosted-paced-standard/windows-net8.0-traffic/paired.jsonl,False,buffered,5,cpuMsPerOperation,0.25,0.078125,-67.45098039215686,-69.48529411764704,-64.95098039215686
hosted-paced-standard/windows-net8.0-traffic/paired.jsonl,False,buffered,5,bytesPerOperation,230958.896,91152.96,-60.5328213900018,-60.5328213900018,-60.5328213900018
hosted-paced-standard/windows-net8.0-traffic/paired.jsonl,False,buffered,5,closeMs,2.0596,3.3833,64.52425960466967,60.8888885292345,68.45275713860352
hosted-paced-standard/windows-net8.0-traffic/paired.jsonl,False,buffered,5,retainedManagedBytes,585224,584104,-0.36825951284842784,-0.7220191165120093,-0.1913797110166371
hosted-paced-standard/windows-net8.0-traffic/paired.jsonl,False,checkpoint,5,meanMs,3.2446354000000017,3.158378899999996,-1.9173202357302488,-5.74969975326529,1.9150592818047918
hosted-paced-standard/windows-net8.0-traffic/paired.jsonl,False,checkpoint,5,p99Ms,8.4197,7.0339,-10.362965859553466,-18.969240330838087,-1.7566913882688429
hosted-paced-standard/windows-net8.0-traffic/paired.jsonl,False,checkpoint,5,cpuMsPerOperation,1.953125,1.9375,-2.5523204027768536,-13.016825396825396,7.912184591271689
hosted-paced-standard/windows-net8.0-traffic/paired.jsonl,False,checkpoint,5,bytesPerOperation,473276.504,474444.504,0.24676437352137093,0.24668716709395078,0.24684157994879108
hosted-paced-standard/windows-net8.0-traffic/paired.jsonl,False,checkpoint,5,closeMs,2.4775,3.4642,37.73410603560156,22.6538709529935,47.99760024091579
hosted-paced-standard/windows-net8.0-traffic/paired.jsonl,False,checkpoint,5,retainedManagedBytes,593832,601128,0.4104663129113728,-0.4131533658786024,1.234085991701348
hosted-paced-standard/windows-net8.0-traffic/paired.jsonl,False,churn,5,meanMs,3.1934678000000036,3.1611080999999963,-16.06061686412996,-44.70375720725123,1.2987518171676449
hosted-paced-standard/windows-net8.0-traffic/paired.jsonl,False,churn,5,p99Ms,9.6886,7.9037,-31.065294826127342,-63.65302765650902,-9.127559467229812
hosted-paced-standard/windows-net8.0-traffic/paired.jsonl,False,churn,5,cpuMsPerOperation,2.171875,2.328125,-5.312955614022314,-23.393927551953137,9.63017086330935
hosted-paced-standard/windows-net8.0-traffic/paired.jsonl,False,churn,5,bytesPerOperation,1554191.392,1464796.888,-4.294937809594465,-12.498872097772495,6.764628252376147
hosted-paced-standard/windows-net8.0-traffic/paired.jsonl,False,churn,5,closeMs,7.4845,8.8852,64.616418419556,-2.998259596038582,183.55603549984855
hosted-paced-standard/windows-net8.0-traffic/paired.jsonl,False,churn,5,retainedManagedBytes,589784,602312,1.5265232494608494,0.6928011895480335,2.124167491827511
hosted-paced-standard/windows-net8.0-traffic/paired.jsonl,False,indexed,5,meanMs,3.4133214999999995,2.0664504999999997,-41.43241101030034,-45.947923068631574,-36.992843446069955
hosted-paced-standard/windows-net8.0-traffic/paired.jsonl,False,indexed,5,p99Ms,6.5214,3.3538,-50.88698282971039,-61.6303846180866,-40.314335119645555
hosted-paced-standard/windows-net8.0-traffic/paired.jsonl,False,indexed,5,cpuMsPerOperation,3.3125,2.015625,-40.82307409310608,-44.716529437030886,-37.54255245062144
hosted-paced-standard/windows-net8.0-traffic/paired.jsonl,False,indexed,5,bytesPerOperation,4369414.384,3153337.584,-27.831573366696066,-27.83157489944844,-27.83157093543364
hosted-paced-standard/windows-net8.0-traffic/paired.jsonl,False,indexed,5,closeMs,2.2189,3.4497,57.326682207978536,37.07509690791791,84.04844776754149
hosted-paced-standard/windows-net8.0-traffic/paired.jsonl,False,indexed,5,retainedManagedBytes,567952,580128,2.1719904108438692,2.1415411789010186,2.231162402649871
hosted-paced-standard/windows-net8.0-traffic/paired.jsonl,False,open-close,5,meanMs,2.075014599999998,2.1194559999999987,3.1363558059405072,-0.2828647734185985,6.555576385299612
hosted-paced-standard/windows-net8.0-traffic/paired.jsonl,False,open-close,5,p99Ms,7.8471,8.1113,3.1442277759998265,-4.570026803131965,9.196586389253142
hosted-paced-standard/windows-net8.0-traffic/paired.jsonl,False,open-close,5,cpuMsPerOperation,3.140625,3.015625,-3.218773189626367,-7.812924593006987,0.36418136231843423
hosted-paced-standard/windows-net8.0-traffic/paired.jsonl,False,open-close,5,bytesPerOperation,190989.272,191669.32,0.3561037174198489,0.35603079796262094,0.3561791590591623
hosted-paced-standard/windows-net8.0-traffic/paired.jsonl,False,open-close,5,closeMs,0.0206,0.0198,-11.372345375692989,-33.420790906938194,11.415525114155267
hosted-paced-standard/windows-net8.0-traffic/paired.jsonl,False,open-close,5,retainedManagedBytes,610416,609872,-0.24921081739579964,-1.6784140495314048,1.4841725273792972
hosted-paced-standard/windows-net8.0-traffic/paired.jsonl,False,random,5,meanMs,0.22630399999999995,0.03304670000000009,-84.89774522195867,-86.08587421436306,-83.06030242382556
hosted-paced-standard/windows-net8.0-traffic/paired.jsonl,False,random,5,p99Ms,1.2105,0.0856,-91.97911228337664,-93.69349314002486,-89.68856663498482
hosted-paced-standard/windows-net8.0-traffic/paired.jsonl,False,random,5,cpuMsPerOperation,0.234375,0.03125,-84.95238095238096,-86.47619047619048,-82.47619047619048
hosted-paced-standard/windows-net8.0-traffic/paired.jsonl,False,random,5,bytesPerOperation,284095.712,26878.592,-90.5388933297699,-90.5388955677022,-90.5388888539053
hosted-paced-standard/windows-net8.0-traffic/paired.jsonl,False,random,5,closeMs,2.1341,3.3011,61.05904696641147,43.80542913001489,75.52981014480878
hosted-paced-standard/windows-net8.0-traffic/paired.jsonl,False,random,5,retainedManagedBytes,579296,583112,0.4914240957631222,0.14846943969345716,0.667072250457319
hosted-paced-standard/windows-net8.0-traffic/paired.jsonl,False,same-key,5,meanMs,0.18978959999999984,0.030217899999999947,-84.22833075873517,-84.5549169791443,-83.85982494747945
hosted-paced-standard/windows-net8.0-traffic/paired.jsonl,False,same-key,5,p99Ms,0.6845,0.0796,-89.00688936116276,-90.29862825535437,-87.80313013001046
hosted-paced-standard/windows-net8.0-traffic/paired.jsonl,False,same-key,5,cpuMsPerOperation,0.203125,0.03125,-84.1025641025641,-84.61538461538461,-83.5897435897436
hosted-paced-standard/windows-net8.0-traffic/paired.jsonl,False,same-key,5,bytesPerOperation,161933.296,22128.96,-86.3345213451346,-86.3345213451346,-86.3345213451346
hosted-paced-standard/windows-net8.0-traffic/paired.jsonl,False,same-key,5,closeMs,2.1349,3.3232,53.36324754376051,49.57895528743201,57.51999903036413
hosted-paced-standard/windows-net8.0-traffic/paired.jsonl,False,same-key,5,retainedManagedBytes,589464,583112,-1.094758736810304,-1.1290979467880025,-1.0775891318214548
hosted-paced-standard/windows-net8.0-traffic/paired.jsonl,False,transaction,5,meanMs,1.032480099999999,1.0325091000000002,-1.3336958915364994,-7.304027674394891,4.054730209721622
hosted-paced-standard/windows-net8.0-traffic/paired.jsonl,False,transaction,5,p99Ms,3.4703,3.3719,12.402010224303563,-10.672239965299498,45.9278222854342
hosted-paced-standard/windows-net8.0-traffic/paired.jsonl,False,transaction,5,cpuMsPerOperation,0.78125,0.78125,-0.21044761338878892,-8.084531590413944,8.83467023172906
hosted-paced-standard/windows-net8.0-traffic/paired.jsonl,False,transaction,5,bytesPerOperation,253643.528,254227.232,0.2332589908367888,0.22736643754669217,0.24204229359962248
hosted-paced-standard/windows-net8.0-traffic/paired.jsonl,False,transaction,5,closeMs,8.337,7.6574,2.4708841797541763,-28.68994787623304,37.78355839695574
hosted-paced-standard/windows-net8.0-traffic/paired.jsonl,False,transaction,5,retainedManagedBytes,588888,601416,2.1245713823329604,0.8669284763789831,3.379386233035832
hosted-paced-standard/windows-net8.0-traffic/paired.jsonl,False,write,5,meanMs,0.9786080999999993,1.0100933000000003,4.946134508298021,2.915646453156935,7.948468457951502
hosted-paced-standard/windows-net8.0-traffic/paired.jsonl,False,write,5,p99Ms,3.0734,3.3747,19.78481837885064,2.2053900806344195,46.027350235774946
hosted-paced-standard/windows-net8.0-traffic/paired.jsonl,False,write,5,cpuMsPerOperation,0.6875,0.765625,11.844241536712383,7.440286825228509,17.364953886693026
hosted-paced-standard/windows-net8.0-traffic/paired.jsonl,False,write,5,bytesPerOperation,253452.944,254050.248,0.23262531034028644,0.22408313311426564,0.2399181932874539
hosted-paced-standard/windows-net8.0-traffic/paired.jsonl,False,write,5,closeMs,7.214,8.1914,51.47705298171066,10.645585066675768,130.4537905317561
hosted-paced-standard/windows-net8.0-traffic/paired.jsonl,False,write,5,retainedManagedBytes,593792,601304,1.1201112176602512,0.28496124557297,1.9552611897475323
hosted-paced-standard/windows-net8.0-traffic/paired.jsonl,False,write-heavy,5,meanMs,0.9530246000000006,0.9599958999999993,-1.8314477866213477,-9.195237045168305,4.203867903625214
hosted-paced-standard/windows-net8.0-traffic/paired.jsonl,False,write-heavy,5,p99Ms,3.4216,3.48,-3.1796966710666963,-15.949176150298584,9.44271120707092
hosted-paced-standard/windows-net8.0-traffic/paired.jsonl,False,write-heavy,5,cpuMsPerOperation,0.671875,0.703125,1.357591098454887,-3.2743764172335594,5.989558614143333
hosted-paced-standard/windows-net8.0-traffic/paired.jsonl,False,write-heavy,5,bytesPerOperation,252051.192,252633.04,0.23079609667617795,0.22667912738775442,0.23519488131299227
hosted-paced-standard/windows-net8.0-traffic/paired.jsonl,False,write-heavy,5,closeMs,5.7962,5.9674,0.9818910581182694,-30.231826338353034,26.40610881475458
hosted-paced-standard/windows-net8.0-traffic/paired.jsonl,False,write-heavy,5,retainedManagedBytes,601080,601320,1.6830191477159273,0.44453317362080913,2.9215051218110455
hosted-pr-standard/ubuntu-net10.0-core/paired.jsonl,False,mixed,5,meanMs,0.2445948623333332,0.13266465366666663,-46.22818106222084,-47.008314530141774,-45.62262141426067
hosted-pr-standard/ubuntu-net10.0-core/paired.jsonl,False,mixed,5,p99Ms,0.926887,0.872405,-4.974085059997542,-8.630469268153844,-2.0404301414254467
hosted-pr-standard/ubuntu-net10.0-core/paired.jsonl,False,mixed,5,cpuMsPerOperation,0.2501776666666667,0.09321966666666666,-62.261141256942565,-64.64509178824429,-59.635998218713496
hosted-pr-standard/ubuntu-net10.0-core/paired.jsonl,False,mixed,5,bytesPerOperation,314256.864,116088.4,-63.06134536935651,-63.06440762415533,-63.05763782236223
hosted-pr-standard/ubuntu-net10.0-core/paired.jsonl,False,mixed,5,closeMs,5.44364,5.776694,-5.915412420880165,-36.00430611654949,12.58672452972783
hosted-pr-standard/ubuntu-net10.0-core/paired.jsonl,False,mixed,5,retainedManagedBytes,389968,391632,-1.427880245651043,-2.8882351930903893,0.03247470178830314
hosted-pr-standard/ubuntu-net10.0-core/paired.jsonl,False,point,5,meanMs,0.09017794540000018,0.014202205100000058,-84.35543269741747,-84.53176518064028,-84.13035128836734
hosted-pr-standard/ubuntu-net10.0-core/paired.jsonl,False,point,5,p99Ms,0.572147,0.026215,-95.38281647313336,-95.48604944335295,-95.27958350291377
hosted-pr-standard/ubuntu-net10.0-core/paired.jsonl,False,point,5,cpuMsPerOperation,0.09140545,0.014289250000000002,-84.50116480108434,-84.69975522844747,-84.26214000955889
hosted-pr-standard/ubuntu-net10.0-core/paired.jsonl,False,point,5,bytesPerOperation,278160.2372,26712.0932,-90.39686986078496,-90.39687473277004,-90.39686674536509
hosted-pr-standard/ubuntu-net10.0-core/paired.jsonl,False,point,5,closeMs,1.169576,1.997991,68.8165220469066,63.900522363818766,72.94152924112952
hosted-pr-standard/ubuntu-net10.0-core/paired.jsonl,False,point,5,retainedManagedBytes,540032,467536,-13.419771342038539,-13.424389665797587,-13.410534694520441
hosted-pr-standard/ubuntu-net10.0-core/paired.jsonl,False,scan,5,meanMs,2.8906633080000015,1.4621245449999989,-49.0323067022133,-50.28172609692238,-47.78286522138528
hosted-pr-standard/ubuntu-net10.0-core/paired.jsonl,False,scan,5,p99Ms,4.923667,1.968373,-59.5745868868098,-60.863872512116245,-57.97857256356476
hosted-pr-standard/ubuntu-net10.0-core/paired.jsonl,False,scan,5,cpuMsPerOperation,2.900699,1.467039,-49.088699217657066,-50.284898197744454,-47.8486422981967
hosted-pr-standard/ubuntu-net10.0-core/paired.jsonl,False,scan,5,bytesPerOperation,4236381.8,3022168.264,-28.661565818719435,-28.66157023739737,-28.6615614000415
hosted-pr-standard/ubuntu-net10.0-core/paired.jsonl,False,scan,5,closeMs,1.029634,1.805937,78.67799954040524,71.04616750862837,87.83204593081129
hosted-pr-standard/ubuntu-net10.0-core/paired.jsonl,False,scan,5,retainedManagedBytes,322256,334776,3.5082667196266337,2.359862966089068,4.661138970259673
hosted-pr-standard/ubuntu-net10.0-traffic/paired.jsonl,False,balanced,5,meanMs,0.38099006999999996,0.35780655800000016,-0.22544097481426634,-9.243570146363902,6.678197698665383
hosted-pr-standard/ubuntu-net10.0-traffic/paired.jsonl,False,balanced,5,p99Ms,2.160032,2.140682,-0.5005355780941724,-3.923549454088147,1.6376033736117712
hosted-pr-standard/ubuntu-net10.0-traffic/paired.jsonl,False,balanced,5,cpuMsPerOperation,0.235144,0.238727,1.1643420247223957,-1.5594511867810912,3.8881352362258825
hosted-pr-standard/ubuntu-net10.0-traffic/paired.jsonl,False,balanced,5,bytesPerOperation,239644.976,240402.8,0.32437007999192247,0.308029561676757,0.3402991761784646
hosted-pr-standard/ubuntu-net10.0-traffic/paired.jsonl,False,balanced,5,closeMs,3.90008,3.796796,-34.55570464116588,-75.30984810609068,6.198438823758922
hosted-pr-standard/ubuntu-net10.0-traffic/paired.jsonl,False,balanced,5,retainedManagedBytes,329064,350000,5.872711811870315,3.723804962398161,8.273053153299333
hosted-pr-standard/ubuntu-net10.0-traffic/paired.jsonl,False,buffered,5,meanMs,0.0918589589999999,0.040603128999999946,-55.739392038543656,-56.35365558710489,-54.87449312988635
hosted-pr-standard/ubuntu-net10.0-traffic/paired.jsonl,False,buffered,5,p99Ms,0.382586,0.060351,-84.24375232023921,-85.17526491784261,-83.31223972263581
hosted-pr-standard/ubuntu-net10.0-traffic/paired.jsonl,False,buffered,5,cpuMsPerOperation,0.092487,0.040883,-55.78320580907558,-56.35766343362711,-54.983883634569075
hosted-pr-standard/ubuntu-net10.0-traffic/paired.jsonl,False,buffered,5,bytesPerOperation,225585.256,87832.264,-61.06475844948338,-61.06480263413023,-61.064714264836525
hosted-pr-standard/ubuntu-net10.0-traffic/paired.jsonl,False,buffered,5,closeMs,1.024722,1.786098,73.93592614536716,70.20338321839063,78.34935542971141
hosted-pr-standard/ubuntu-net10.0-traffic/paired.jsonl,False,buffered,5,retainedManagedBytes,317320,316584,1.3215681331148366,-0.23194251859322002,4.42858943653095
hosted-pr-standard/ubuntu-net10.0-traffic/paired.jsonl,False,checkpoint,5,meanMs,1.5802656680000002,1.6009336389999993,1.2974298210466115,-9.156174081070205,10.825064078733838
hosted-pr-standard/ubuntu-net10.0-traffic/paired.jsonl,False,checkpoint,5,p99Ms,4.735447,3.736984,0.12866677261697107,-33.09349382760052,36.967133772249525
hosted-pr-standard/ubuntu-net10.0-traffic/paired.jsonl,False,checkpoint,5,cpuMsPerOperation,0.5439729999999999,0.547889,0.08208288960814825,-1.8462714162996405,2.0820850101020394
hosted-pr-standard/ubuntu-net10.0-traffic/paired.jsonl,False,checkpoint,5,bytesPerOperation,457300.064,458868.064,0.34285390403561156,0.34276974104308966,0.34293806702813345
hosted-pr-standard/ubuntu-net10.0-traffic/paired.jsonl,False,checkpoint,5,closeMs,1.118103,1.612237,46.77109153938871,44.46931333025171,49.06239743836777
hosted-pr-standard/ubuntu-net10.0-traffic/paired.jsonl,False,checkpoint,5,retainedManagedBytes,351952,359480,0.7606245569437053,-0.6176789217538081,2.138928035641219
hosted-pr-standard/ubuntu-net10.0-traffic/paired.jsonl,False,churn,5,meanMs,1.5351765759999998,1.5511321799999997,-0.6409939547591613,-5.246105504672038,2.4695568302161064
hosted-pr-standard/ubuntu-net10.0-traffic/paired.jsonl,False,churn,5,p99Ms,3.283342,3.370474,3.3479929664783974,-2.8876075692335257,9.0257512898987
hosted-pr-standard/ubuntu-net10.0-traffic/paired.jsonl,False,churn,5,cpuMsPerOperation,1.034547,1.037211,-2.037379893522997,-7.360310536565882,1.6775063500404452
hosted-pr-standard/ubuntu-net10.0-traffic/paired.jsonl,False,churn,5,bytesPerOperation,1904293.432,1844776.68,-11.857948158261449,-29.802052240373758,-1.521174411213988
hosted-pr-standard/ubuntu-net10.0-traffic/paired.jsonl,False,churn,5,closeMs,4.300344,5.001298,65.89722265321028,-30.40943597417462,213.3602192253241
hosted-pr-standard/ubuntu-net10.0-traffic/paired.jsonl,False,churn,5,retainedManagedBytes,352928,365280,5.240212479075321,3.499863994922481,6.932238154151503
hosted-pr-standard/ubuntu-net10.0-traffic/paired.jsonl,False,indexed,5,meanMs,2.131885741000001,1.2238397889999995,-42.38275230049119,-43.694790501006686,-40.9887393101343
hosted-pr-standard/ubuntu-net10.0-traffic/paired.jsonl,False,indexed,5,p99Ms,2.997912,1.522612,-49.54593099505342,-50.9997561010047,-48.33856714396906
hosted-pr-standard/ubuntu-net10.0-traffic/paired.jsonl,False,indexed,5,cpuMsPerOperation,2.143956,1.225694,-42.561080998968606,-43.866274945267314,-41.150465916888464
hosted-pr-standard/ubuntu-net10.0-traffic/paired.jsonl,False,indexed,5,bytesPerOperation,4239381.8,3025169.224,-28.64126511480893,-28.641265330262947,-28.641265007081927
hosted-pr-standard/ubuntu-net10.0-traffic/paired.jsonl,False,indexed,5,closeMs,0.930711,1.731546,85.57640286807948,82.57310357372985,89.48678317470646
hosted-pr-standard/ubuntu-net10.0-traffic/paired.jsonl,False,indexed,5,retainedManagedBytes,324360,336880,3.8613885805894688,3.859908743371565,3.864348255025276
hosted-pr-standard/ubuntu-net10.0-traffic/paired.jsonl,False,open-close,5,meanMs,1.0248372390000007,0.6314644239999998,-14.847341037563693,-44.105611586667145,26.148641781535673
hosted-pr-standard/ubuntu-net10.0-traffic/paired.jsonl,False,open-close,5,p99Ms,4.936829,4.221895,-10.226576896117836,-41.743281718824846,23.411041250534446
hosted-pr-standard/ubuntu-net10.0-traffic/paired.jsonl,False,open-close,5,cpuMsPerOperation,3.234429,1.566984,-21.300814428992222,-57.76787645014666,29.104086438757967
hosted-pr-standard/ubuntu-net10.0-traffic/paired.jsonl,False,open-close,5,bytesPerOperation,185759.776,186580.976,0.46628684490349404,0.4422877117035018,0.4991828779342544
hosted-pr-standard/ubuntu-net10.0-traffic/paired.jsonl,False,open-close,5,closeMs,0.008193,0.009504,44.77445293726485,-3.696084324260975,112.03600758356363
hosted-pr-standard/ubuntu-net10.0-traffic/paired.jsonl,False,open-close,5,retainedManagedBytes,361880,366280,1.2047260129184645,-1.1933937069456668,3.5591293281560965
hosted-pr-standard/ubuntu-net10.0-traffic/paired.jsonl,False,random,5,meanMs,0.080537212,0.013542178999999993,-83.20418209241335,-83.40311001908753,-83.03400681458777
hosted-pr-standard/ubuntu-net10.0-traffic/paired.jsonl,False,random,5,p99Ms,0.599082,0.022724,-96.22186723003323,-96.29400110294677,-96.166867763539
hosted-pr-standard/ubuntu-net10.0-traffic/paired.jsonl,False,random,5,cpuMsPerOperation,0.082098,0.013612,-83.33831095010918,-83.53276602334483,-83.18062303849229
hosted-pr-standard/ubuntu-net10.0-traffic/paired.jsonl,False,random,5,bytesPerOperation,281908.328,26725.896,-90.51963241287855,-90.51965006156185,-90.51961476419524
hosted-pr-standard/ubuntu-net10.0-traffic/paired.jsonl,False,random,5,closeMs,0.999154,1.797516,76.63166634656346,59.49335119719105,89.03071192360882
hosted-pr-standard/ubuntu-net10.0-traffic/paired.jsonl,False,random,5,retainedManagedBytes,311368,315544,0.5743124811602729,-0.9672310252263806,1.3474278044357169
hosted-pr-standard/ubuntu-net10.0-traffic/paired.jsonl,False,same-key,5,meanMs,0.058716001999999996,0.01209361199999998,-79.44801454435212,-79.64517544112992,-79.26262323012183
hosted-pr-standard/ubuntu-net10.0-traffic/paired.jsonl,False,same-key,5,p99Ms,0.096145,0.021663,-80.57472114293171,-87.16523022030445,-76.75132877408494
hosted-pr-standard/ubuntu-net10.0-traffic/paired.jsonl,False,same-key,5,cpuMsPerOperation,0.059355,0.012151,-79.61809763737624,-79.80892274426475,-79.43038375466861
hosted-pr-standard/ubuntu-net10.0-traffic/paired.jsonl,False,same-key,5,bytesPerOperation,159726.696,21976.264,-86.24135518463743,-86.24137723608338,-86.24133313319146
hosted-pr-standard/ubuntu-net10.0-traffic/paired.jsonl,False,same-key,5,closeMs,0.961747,1.85357,107.88718097496583,79.37964882100832,154.19068978049813
hosted-pr-standard/ubuntu-net10.0-traffic/paired.jsonl,False,same-key,5,retainedManagedBytes,321536,315544,-1.8620898123405127,-1.8635549363057335,-1.8591595644100711
hosted-pr-standard/ubuntu-net10.0-traffic/paired.jsonl,False,transaction,5,meanMs,0.5244268700000001,0.5347050649999997,19.63206041694342,-2.0153970844507967,59.35842168513
hosted-pr-standard/ubuntu-net10.0-traffic/paired.jsonl,False,transaction,5,p99Ms,2.16455,2.15218,-0.9359693243676402,-3.595087324636656,1.7445351854431792
hosted-pr-standard/ubuntu-net10.0-traffic/paired.jsonl,False,transaction,5,cpuMsPerOperation,0.342524,0.346503,1.482945843075465,0.5526304535626081,2.201001672170846
hosted-pr-standard/ubuntu-net10.0-traffic/paired.jsonl,False,transaction,5,bytesPerOperation,244627.848,245400.728,0.31423546491725407,0.3046357631432972,0.32383516669121093
hosted-pr-standard/ubuntu-net10.0-traffic/paired.jsonl,False,transaction,5,closeMs,4.484082,5.220369,75.18567497748062,7.28941948359787,202.96621495397787
hosted-pr-standard/ubuntu-net10.0-traffic/paired.jsonl,False,transaction,5,retainedManagedBytes,325496,337880,6.1442299679135415,4.373869961806425,7.360190261143332
hosted-pr-standard/ubuntu-net10.0-traffic/paired.jsonl,False,write,5,meanMs,0.6869579940000002,0.5080412959999998,-33.41777115115412,-61.378555253244045,-5.456987049064206
hosted-pr-standard/ubuntu-net10.0-traffic/paired.jsonl,False,write,5,p99Ms,2.303978,2.098128,-23.86981122887961,-60.353503232026945,-3.9536019490332124
hosted-pr-standard/ubuntu-net10.0-traffic/paired.jsonl,False,write,5,cpuMsPerOperation,0.29911,0.298796,-0.3869648212430854,-2.7270961788335613,1.7058890609411148
hosted-pr-standard/ubuntu-net10.0-traffic/paired.jsonl,False,write,5,bytesPerOperation,244571.872,245382.368,0.3282553552316747,0.3142649529519703,0.33777148614036356
hosted-pr-standard/ubuntu-net10.0-traffic/paired.jsonl,False,write,5,closeMs,4.451731,5.498706,39.47724696885162,-70.78947843445643,186.94783349821628
hosted-pr-standard/ubuntu-net10.0-traffic/paired.jsonl,False,write,5,retainedManagedBytes,326352,337728,5.294429118454347,2.704288559035013,8.817650591477669
hosted-pr-standard/ubuntu-net10.0-traffic/paired.jsonl,False,write-heavy,5,meanMs,0.4711596150000001,0.7752709449999998,27.254700403776503,1.0381240205842968,71.02106103697594
hosted-pr-standard/ubuntu-net10.0-traffic/paired.jsonl,False,write-heavy,5,p99Ms,2.182525,2.322836,11.574840201263385,0.8934932005521246,27.528235641002322
hosted-pr-standard/ubuntu-net10.0-traffic/paired.jsonl,False,write-heavy,5,cpuMsPerOperation,0.28887999999999997,0.288802,0.971954884018178,-1.1119627333928994,3.044822023302931
hosted-pr-standard/ubuntu-net10.0-traffic/paired.jsonl,False,write-heavy,5,bytesPerOperation,243653.824,244446.08,0.3224182777137896,0.3201252959892509,0.32471125943832835
hosted-pr-standard/ubuntu-net10.0-traffic/paired.jsonl,False,write-heavy,5,closeMs,3.86,3.976836,446.1477129153795,-5.761968786457276,1335.9821558920128
hosted-pr-standard/ubuntu-net10.0-traffic/paired.jsonl,False,write-heavy,5,retainedManagedBytes,316808,350056,9.716926340243933,7.372036059695466,12.059796469786118
hosted-pr-standard/ubuntu-net8.0-core/paired.jsonl,False,mixed,5,meanMs,0.2765531386666668,0.13479549933333335,-51.76558909936203,-54.450798492787065,-49.93408820795673
hosted-pr-standard/ubuntu-net8.0-core/paired.jsonl,False,mixed,5,p99Ms,0.949298,0.861124,-8.55853517158927,-14.583894391216589,-2.2812049324677397
hosted-pr-standard/ubuntu-net8.0-core/paired.jsonl,False,mixed,5,cpuMsPerOperation,0.26666666666666666,0.10333333333333333,-60.610396643053136,-62.72332983725134,-58.35786009190806
hosted-pr-standard/ubuntu-net8.0-core/paired.jsonl,False,mixed,5,bytesPerOperation,314528.848,116278.864,-63.033542535035885,-63.03882565792503,-63.02825941214674
hosted-pr-standard/ubuntu-net8.0-core/paired.jsonl,False,mixed,5,closeMs,3.851014,4.695838,18.438461219648488,5.3798938395004114,31.497028599796568
hosted-pr-standard/ubuntu-net8.0-core/paired.jsonl,False,mixed,5,retainedManagedBytes,427112,435208,1.868150345477717,0.1904369863926969,3.507037988548794
hosted-pr-standard/ubuntu-net8.0-core/paired.jsonl,False,point,5,meanMs,0.11953724049999986,0.020509003450000174,-82.83750244758605,-82.9261545144744,-82.7488503806977
hosted-pr-standard/ubuntu-net8.0-core/paired.jsonl,False,point,5,p99Ms,0.625025,0.040545,-93.42544703712386,-93.52787690719519,-93.34337844736925
hosted-pr-standard/ubuntu-net8.0-core/paired.jsonl,False,point,5,cpuMsPerOperation,0.1215,0.0205,-82.93357849651164,-83.1538484869186,-82.7133085061047
hosted-pr-standard/ubuntu-net8.0-core/paired.jsonl,False,point,5,bytesPerOperation,278371.5952,26864.4644,-90.34942537673997,-90.34942959790678,-90.34942326615656
hosted-pr-standard/ubuntu-net8.0-core/paired.jsonl,False,point,5,closeMs,1.143961,2.077249,83.5582091903361,80.95794175602205,87.11131287922754
hosted-pr-standard/ubuntu-net8.0-core/paired.jsonl,False,point,5,retainedManagedBytes,563904,558008,-0.895471569628874,-1.1454431960049938,-0.47781182612643525
hosted-pr-standard/ubuntu-net8.0-core/paired.jsonl,False,scan,5,meanMs,2.8361226080000006,1.749635832,-38.519630532712505,-38.90386810456554,-38.12417020430941
hosted-pr-standard/ubuntu-net8.0-core/paired.jsonl,False,scan,5,p99Ms,3.988009,2.176684,-45.227407513483,-47.160227031475216,-42.787542285611444
hosted-pr-standard/ubuntu-net8.0-core/paired.jsonl,False,scan,5,cpuMsPerOperation,2.86,1.7699999,-38.54998700089885,-39.101191181699654,-38.088036699705086
hosted-pr-standard/ubuntu-net8.0-core/paired.jsonl,False,scan,5,bytesPerOperation,4364553.16,3150295.688,-27.82088948746896,-27.82089128675666,-27.820888587825106
hosted-pr-standard/ubuntu-net8.0-core/paired.jsonl,False,scan,5,closeMs,1.054705,1.963449,86.83649389514164,84.72614299787821,90.07810977042695
hosted-pr-standard/ubuntu-net8.0-core/paired.jsonl,False,scan,5,retainedManagedBytes,412704,424856,2.9444832131503507,2.9444832131503507,2.9444832131503507
hosted-pr-standard/ubuntu-net8.0-traffic/paired.jsonl,False,balanced,5,meanMs,0.4034406810000004,0.4754585649999999,28.900065727169,5.218059756250559,58.79896977083132
hosted-pr-standard/ubuntu-net8.0-traffic/paired.jsonl,False,balanced,5,p99Ms,2.216359,2.250179,0.3106840787766295,-26.46245117822615,25.750918281083717
hosted-pr-standard/ubuntu-net8.0-traffic/paired.jsonl,False,balanced,5,cpuMsPerOperation,0.25,0.25,-0.7692307692307709,-3.1384615384615433,1.6307692307692314
hosted-pr-standard/ubuntu-net8.0-traffic/paired.jsonl,False,balanced,5,bytesPerOperation,239976.088,240737.368,0.3192305995634914,0.31603569217362626,0.3224255069533566
hosted-pr-standard/ubuntu-net8.0-traffic/paired.jsonl,False,balanced,5,closeMs,3.380191,3.720334,-30.34350855831349,-62.181024225634886,1.494007109007893
hosted-pr-standard/ubuntu-net8.0-traffic/paired.jsonl,False,balanced,5,retainedManagedBytes,411496,423664,2.351366293480961,1.1617579353286,2.967356795219094
hosted-pr-standard/ubuntu-net8.0-traffic/paired.jsonl,False,buffered,5,meanMs,0.105219908,0.05029738999999989,-52.18495924865006,-53.52248901833053,-51.15982462996166
hosted-pr-standard/ubuntu-net8.0-traffic/paired.jsonl,False,buffered,5,p99Ms,0.449185,0.074901,-84.03899244797766,-84.84849035113659,-83.2689310765275
hosted-pr-standard/ubuntu-net8.0-traffic/paired.jsonl,False,buffered,5,cpuMsPerOperation,0.1,0.059999899999999995,-46.000018000018,-50.909120826475295,-41.0909151735607
hosted-pr-standard/ubuntu-net8.0-traffic/paired.jsonl,False,buffered,5,bytesPerOperation,228966.872,91158.712,-60.186984964837315,-60.18702725265714,-60.186942677017484
hosted-pr-standard/ubuntu-net8.0-traffic/paired.jsonl,False,buffered,5,closeMs,0.894203,1.558627,76.39577498717345,74.40493861694563,78.38661135740128
hosted-pr-standard/ubuntu-net8.0-traffic/paired.jsonl,False,buffered,5,retainedManagedBytes,407672,406280,-0.9250864514908019,-2.089201367650315,-0.3379266214087573
hosted-pr-standard/ubuntu-net8.0-traffic/paired.jsonl,False,checkpoint,5,meanMs,2.5635316870000016,3.1778641970000003,15.346941768763344,-23.06507867548109,51.05961580182962
hosted-pr-standard/ubuntu-net8.0-traffic/paired.jsonl,False,checkpoint,5,p99Ms,14.283179,30.892391,108.46875348924878,-5.268870243526568,257.1953923046375
hosted-pr-standard/ubuntu-net8.0-traffic/paired.jsonl,False,checkpoint,5,cpuMsPerOperation,0.58,0.59,0.7235691916336906,-1.2775648388920313,2.413793103448274
hosted-pr-standard/ubuntu-net8.0-traffic/paired.jsonl,False,checkpoint,5,bytesPerOperation,458941.384,460509.384,0.3416824080139058,0.3416026301509145,0.341762176422189
hosted-pr-standard/ubuntu-net8.0-traffic/paired.jsonl,False,checkpoint,5,closeMs,0.988754,1.56176,59.749051197076035,53.98605065983891,66.32770333795156
hosted-pr-standard/ubuntu-net8.0-traffic/paired.jsonl,False,checkpoint,5,retainedManagedBytes,442512,449472,2.1289480035797936,1.5732059683806376,3.239330276873966
hosted-pr-standard/ubuntu-net8.0-traffic/paired.jsonl,False,churn,5,meanMs,1.916798433,1.9771750980000005,6.017699410427584,-13.835823122986971,33.23459995791716
hosted-pr-standard/ubuntu-net8.0-traffic/paired.jsonl,False,churn,5,p99Ms,10.361063,9.310007,55.67512038198424,-43.75459888085604,204.5154637611684
hosted-pr-standard/ubuntu-net8.0-traffic/paired.jsonl,False,churn,5,cpuMsPerOperation,1.07,1,-1.7921781328061417,-8.166899471509007,6.063494378669931
hosted-pr-standard/ubuntu-net8.0-traffic/paired.jsonl,False,churn,5,bytesPerOperation,1611672.448,1131586.328,-1.026747795365288,-26.91626846019317,31.0326129725932
hosted-pr-standard/ubuntu-net8.0-traffic/paired.jsonl,False,churn,5,closeMs,4.190772,4.630713,69.1316840949993,-64.27012315272216,280.84488773875677
hosted-pr-standard/ubuntu-net8.0-traffic/paired.jsonl,False,churn,5,retainedManagedBytes,443448,451336,2.4896801073964347,0.9533288070368995,4.157446079440459
hosted-pr-standard/ubuntu-net8.0-traffic/paired.jsonl,False,indexed,5,meanMs,2.495239165,1.4913131489999991,-40.27471905612065,-41.21056583544821,-39.3388722767931
hosted-pr-standard/ubuntu-net8.0-traffic/paired.jsonl,False,indexed,5,p99Ms,3.600358,1.833474,-48.858528889007985,-50.1508167659234,-47.52855024397208
hosted-pr-standard/ubuntu-net8.0-traffic/paired.jsonl,False,indexed,5,cpuMsPerOperation,2.51,1.49,-40.568829839674116,-41.44251313999955,-39.69514653934868
hosted-pr-standard/ubuntu-net8.0-traffic/paired.jsonl,False,indexed,5,bytesPerOperation,4367745.16,3153487.688,-27.800554530610917,-27.800560349220984,-27.800548712000847
hosted-pr-standard/ubuntu-net8.0-traffic/paired.jsonl,False,indexed,5,closeMs,0.835647,1.596583,93.85264386522753,84.33125944245367,106.79170697354604
hosted-pr-standard/ubuntu-net8.0-traffic/paired.jsonl,False,indexed,5,retainedManagedBytes,414832,426760,2.8742237821575944,2.871909592316886,2.8753808770779488
hosted-pr-standard/ubuntu-net8.0-traffic/paired.jsonl,False,open-close,5,meanMs,0.8557954879999997,0.9014987990000005,3.376522680025378,-0.3964572642796904,6.3988775246820095
hosted-pr-standard/ubuntu-net8.0-traffic/paired.jsonl,False,open-close,5,p99Ms,9.310949,9.482293,6.948807219573241,-1.801106903616936,15.31520442126399
hosted-pr-standard/ubuntu-net8.0-traffic/paired.jsonl,False,open-close,5,cpuMsPerOperation,2.72,2.84,4.361855150174447,0.39275124102784886,8.094482339434045
hosted-pr-standard/ubuntu-net8.0-traffic/paired.jsonl,False,open-close,5,bytesPerOperation,186511.296,187406.136,0.5020482416190264,0.4341816117720976,0.5737840918771431
hosted-pr-standard/ubuntu-net8.0-traffic/paired.jsonl,False,open-close,5,closeMs,0.009675,0.009374,-4.367733682036832,-40.92835233567208,31.551910325559568
hosted-pr-standard/ubuntu-net8.0-traffic/paired.jsonl,False,open-close,5,retainedManagedBytes,455448,449000,-0.8923182611279312,-3.1328343194426878,1.0419305493304498
hosted-pr-standard/ubuntu-net8.0-traffic/paired.jsonl,False,random,5,meanMs,0.08709249599999994,0.015633979000000013,-82.1901969828602,-82.4671312672403,-81.98126193016503
hosted-pr-standard/ubuntu-net8.0-traffic/paired.jsonl,False,random,5,p99Ms,0.675089,0.02666,-95.97316041371016,-96.2006562536275,-95.68917159884009
hosted-pr-standard/ubuntu-net8.0-traffic/paired.jsonl,False,random,5,cpuMsPerOperation,0.09,0.01,-83.61111111111111,-88.61111111111111,-78.33333333333334
hosted-pr-standard/ubuntu-net8.0-traffic/paired.jsonl,False,random,5,bytesPerOperation,282121.176,26884.36,-90.4706206092141,-90.4706337960253,-90.47060331502263
hosted-pr-standard/ubuntu-net8.0-traffic/paired.jsonl,False,random,5,closeMs,0.870929,1.58792,85.03633640306556,82.45280626995,87.2609426792963
hosted-pr-standard/ubuntu-net8.0-traffic/paired.jsonl,False,random,5,retainedManagedBytes,401744,405336,0.5918196662551267,-0.023497550679043577,0.9072444143534231
hosted-pr-standard/ubuntu-net8.0-traffic/paired.jsonl,False,same-key,5,meanMs,0.06478866899999995,0.014055324000000004,-78.66085944630629,-78.87278806350884,-78.45016581515256
hosted-pr-standard/ubuntu-net8.0-traffic/paired.jsonl,False,same-key,5,p99Ms,0.377058,0.023826,-87.81380319788454,-94.01277878855305,-81.18878729016693
hosted-pr-standard/ubuntu-net8.0-traffic/paired.jsonl,False,same-key,5,cpuMsPerOperation,0.07,0.0199999,-76.19050068026628,-82.85716326529447,-69.52383809523809
hosted-pr-standard/ubuntu-net8.0-traffic/paired.jsonl,False,same-key,5,bytesPerOperation,159941.048,22134.728,-86.16068606544154,-86.1606999098818,-86.16066862145128
hosted-pr-standard/ubuntu-net8.0-traffic/paired.jsonl,False,same-key,5,closeMs,0.895205,1.616873,81.14064849374044,79.05849949684139,82.93051814619436
hosted-pr-standard/ubuntu-net8.0-traffic/paired.jsonl,False,same-key,5,retainedManagedBytes,411912,405312,-1.302025768103805,-1.610478819589154,-0.6944985373561785
hosted-pr-standard/ubuntu-net8.0-traffic/paired.jsonl,False,transaction,5,meanMs,0.6606383199999998,0.6438604390000002,-1.3584156566659118,-21.469638828127078,22.428569675065035
hosted-pr-standard/ubuntu-net8.0-traffic/paired.jsonl,False,transaction,5,p99Ms,2.575991,2.330328,38.98606722469752,-43.01401426149369,167.03643245932648
hosted-pr-standard/ubuntu-net8.0-traffic/paired.jsonl,False,transaction,5,cpuMsPerOperation,0.36,0.37,2.809523809523815,2.220446049250313e-15,5.095238095238099
hosted-pr-standard/ubuntu-net8.0-traffic/paired.jsonl,False,transaction,5,bytesPerOperation,245327.504,246142.56,0.3232588976648465,0.3187116893781461,0.3315860188903619
hosted-pr-standard/ubuntu-net8.0-traffic/paired.jsonl,False,transaction,5,closeMs,3.938186,4.528861,3.496474570596633,-38.611154882673446,35.28880905617043
hosted-pr-standard/ubuntu-net8.0-traffic/paired.jsonl,False,transaction,5,retainedManagedBytes,411624,423816,1.7098594757492203,-0.7942744093216492,2.961926418284655
hosted-pr-standard/ubuntu-net8.0-traffic/paired.jsonl,False,write,5,meanMs,0.5944724010000005,0.5962400740000006,-0.9236103337372542,-48.58200370317978,56.26717451076386
hosted-pr-standard/ubuntu-net8.0-traffic/paired.jsonl,False,write,5,p99Ms,2.83217,2.535403,35.059316912090594,-72.37656456430012,191.59900392490988
hosted-pr-standard/ubuntu-net8.0-traffic/paired.jsonl,False,write,5,cpuMsPerOperation,0.31,0.33,5.161277204738832,2.580619543452416,6.451612903225824
hosted-pr-standard/ubuntu-net8.0-traffic/paired.jsonl,False,write,5,bytesPerOperation,245181.168,245928.256,0.3089770693342775,0.30004347912872653,0.31791065953982844
hosted-pr-standard/ubuntu-net8.0-traffic/paired.jsonl,False,write,5,closeMs,4.320693,1.519369,18.184078512904975,-91.58097759822721,154.80877391301843
hosted-pr-standard/ubuntu-net8.0-traffic/paired.jsonl,False,write,5,retainedManagedBytes,411488,422752,3.387630586598913,2.7350493817559762,4.672333907230373
hosted-pr-standard/ubuntu-net8.0-traffic/paired.jsonl,False,write-heavy,5,meanMs,0.558508934,0.5394947529999997,5.286339243040611,-30.32315992123855,49.66688211023396
hosted-pr-standard/ubuntu-net8.0-traffic/paired.jsonl,False,write-heavy,5,p99Ms,3.090153,2.535173,70.79844386654312,-25.65884381887299,242.56621613197194
hosted-pr-standard/ubuntu-net8.0-traffic/paired.jsonl,False,write-heavy,5,cpuMsPerOperation,0.31,0.32,3.853494623655913,0.6451612903225801,7.061827956989246
hosted-pr-standard/ubuntu-net8.0-traffic/paired.jsonl,False,write-heavy,5,bytesPerOperation,244196.496,244969.544,0.31998392884079685,0.3140927125006021,0.32593513286187203
hosted-pr-standard/ubuntu-net8.0-traffic/paired.jsonl,False,write-heavy,5,closeMs,3.140558,3.986099,7.244806305553796,-30.772709691367787,32.94539633499533
hosted-pr-standard/ubuntu-net8.0-traffic/paired.jsonl,False,write-heavy,5,retainedManagedBytes,411528,435616,3.5046602920040093,1.7324147482323426,5.275169611788253
hosted-pr-standard/windows-net10.0-core/paired.jsonl,False,mixed,5,meanMs,0.2814822000000001,0.12604376666666675,-54.21562821809034,-55.33477278081525,-53.09648365536543
hosted-pr-standard/windows-net10.0-core/paired.jsonl,False,mixed,5,p99Ms,0.8854,0.8598,1.23644863220044,-4.0657393386713325,9.699525588039311
hosted-pr-standard/windows-net10.0-core/paired.jsonl,False,mixed,5,cpuMsPerOperation,0.3177083333333333,0.125,-60.58010235059415,-62.116402116402114,-58.938329430132704
hosted-pr-standard/windows-net10.0-core/paired.jsonl,False,mixed,5,bytesPerOperation,318628.472,117643.66933333334,-63.07607969790212,-63.08187163440133,-63.0702877614029
hosted-pr-standard/windows-net10.0-core/paired.jsonl,False,mixed,5,closeMs,4.2718,4.2751,-3.403224311027464,-8.134055265660077,1.123197721863205
hosted-pr-standard/windows-net10.0-core/paired.jsonl,False,mixed,5,retainedManagedBytes,576400,557800,-3.680301353683486,-4.513729213871767,-3.2487711761897997
hosted-pr-standard/windows-net10.0-core/paired.jsonl,False,point,5,meanMs,0.12275771999999922,0.016291450000000457,-86.67423352259544,-87.14975328150214,-86.28658831705965
hosted-pr-standard/windows-net10.0-core/paired.jsonl,False,point,5,p99Ms,0.6997,0.0338,-95.09421340207044,-95.43778801843318,-94.73480998110448
hosted-pr-standard/windows-net10.0-core/paired.jsonl,False,point,5,cpuMsPerOperation,0.1234375,0.01640625,-86.47968655816757,-86.78722121760096,-86.15696202531646
hosted-pr-standard/windows-net10.0-core/paired.jsonl,False,point,5,bytesPerOperation,280140.1232,26712.0944,-90.46474057376133,-90.46474377600472,-90.46473737151794
hosted-pr-standard/windows-net10.0-core/paired.jsonl,False,point,5,closeMs,1.6994,2.8255,67.00044981075919,60.14383671382534,75.3487358475107
hosted-pr-standard/windows-net10.0-core/paired.jsonl,False,point,5,retainedManagedBytes,707576,637368,-9.867221033649518,-9.925177762121924,-9.809264305177113
hosted-pr-standard/windows-net10.0-core/paired.jsonl,False,scan,5,meanMs,2.1191268999999986,1.0833775999999984,-48.37286748275462,-49.07389008264239,-47.37134116737444
hosted-pr-standard/windows-net10.0-core/paired.jsonl,False,scan,5,p99Ms,3.6845,1.4899,-59.40513152912935,-60.564322863026916,-58.00751149565597
hosted-pr-standard/windows-net10.0-core/paired.jsonl,False,scan,5,cpuMsPerOperation,2.109375,1.078125,-48.593559033876765,-49.410675381263616,-47.25698158051099
hosted-pr-standard/windows-net10.0-core/paired.jsonl,False,scan,5,bytesPerOperation,4238051.12,3022024.288,-28.69306609925415,-28.693066637667176,-28.693065560841127
hosted-pr-standard/windows-net10.0-core/paired.jsonl,False,scan,5,closeMs,1.5544,3.1651,93.28405150578804,81.1603359064741,105.40776710510197
hosted-pr-standard/windows-net10.0-core/paired.jsonl,False,scan,5,retainedManagedBytes,467256,479984,2.723988563014701,2.723988563014701,2.723988563014701
hosted-pr-standard/windows-net10.0-traffic/paired.jsonl,False,balanced,5,meanMs,0.6511327999999997,0.6558804000000001,-1.868908738316852,-9.677008422351221,2.3859044617993685
hosted-pr-standard/windows-net10.0-traffic/paired.jsonl,False,balanced,5,p99Ms,2.9737,2.8776,-2.990951920656504,-15.04856396367027,7.779042750380221
hosted-pr-standard/windows-net10.0-traffic/paired.jsonl,False,balanced,5,cpuMsPerOperation,0.5,0.515625,3.7928628389154695,-10.53927432216906,18.125
hosted-pr-standard/windows-net10.0-traffic/paired.jsonl,False,balanced,5,bytesPerOperation,245837.976,246372.56,0.23210217111720777,0.21702676306651014,0.2461963893838437
hosted-pr-standard/windows-net10.0-traffic/paired.jsonl,False,balanced,5,closeMs,6.4717,7.4499,23.98759485561592,-5.4541405117746224,62.94219475992679
hosted-pr-standard/windows-net10.0-traffic/paired.jsonl,False,balanced,5,retainedManagedBytes,500448,513496,3.642251589336074,1.61214101153635,6.1753905712696655
hosted-pr-standard/windows-net10.0-traffic/paired.jsonl,False,buffered,5,meanMs,0.2308444999999999,0.06935770000000012,-67.31891761362445,-69.93001537974655,-63.7965443873994
hosted-pr-standard/windows-net10.0-traffic/paired.jsonl,False,buffered,5,p99Ms,0.653,0.1239,-74.18745508952743,-81.37732024519852,-62.95994453480572
hosted-pr-standard/windows-net10.0-traffic/paired.jsonl,False,buffered,5,cpuMsPerOperation,0.21875,0.078125,-65.27472527472527,-69.12087912087911,-60.98901098901099
hosted-pr-standard/windows-net10.0-traffic/paired.jsonl,False,buffered,5,bytesPerOperation,227582.448,87832.288,-61.406359325263736,-61.4063875435596,-61.40633110696787
hosted-pr-standard/windows-net10.0-traffic/paired.jsonl,False,buffered,5,closeMs,2.793,4.219,68.35682066072494,42.68293522860256,103.32854653333479
hosted-pr-standard/windows-net10.0-traffic/paired.jsonl,False,buffered,5,retainedManagedBytes,486960,487352,0.0032856908164902165,-0.07721373418761779,0.08378511582059822
hosted-pr-standard/windows-net10.0-traffic/paired.jsonl,False,checkpoint,5,meanMs,2.848518599999999,2.8882846000000058,2.0793830124461854,0.6288043714182789,3.7714981597375408
hosted-pr-standard/windows-net10.0-traffic/paired.jsonl,False,checkpoint,5,p99Ms,5.6749,5.4915,0.2780614952973724,-5.28101054891323,5.25397485379349
hosted-pr-standard/windows-net10.0-traffic/paired.jsonl,False,checkpoint,5,cpuMsPerOperation,1.703125,1.734375,0.2123059075766287,-2.3772734588765454,2.6391710625013287
hosted-pr-standard/windows-net10.0-traffic/paired.jsonl,False,checkpoint,5,bytesPerOperation,472644.728,473812.728,0.24707525515009543,0.24702095807140445,0.2471200736634538
hosted-pr-standard/windows-net10.0-traffic/paired.jsonl,False,checkpoint,5,closeMs,2.8453,4.0762,52.95458041305146,32.263748643625945,73.94938416621491
hosted-pr-standard/windows-net10.0-traffic/paired.jsonl,False,checkpoint,5,retainedManagedBytes,495184,503048,1.5913795118218754,1.5880965459303953,1.5979454436048357
hosted-pr-standard/windows-net10.0-traffic/paired.jsonl,False,churn,5,meanMs,2.683969899999998,2.6219092999999978,-17.46504094892183,-51.01434754317134,2.5595619769366884
hosted-pr-standard/windows-net10.0-traffic/paired.jsonl,False,churn,5,p99Ms,6.2529,5.5432,-23.326603029174116,-59.80976953332904,1.264323046835574
hosted-pr-standard/windows-net10.0-traffic/paired.jsonl,False,churn,5,cpuMsPerOperation,1.953125,1.96875,2.4794371749227824,-7.04747800747454,14.577237507018532
hosted-pr-standard/windows-net10.0-traffic/paired.jsonl,False,churn,5,bytesPerOperation,1247893.216,1399711.28,-0.7834916890465115,-13.276546374370932,11.65386635043705
hosted-pr-standard/windows-net10.0-traffic/paired.jsonl,False,churn,5,closeMs,8.0539,8.9481,48.44775958019232,7.365517367533999,126.0399771758591
hosted-pr-standard/windows-net10.0-traffic/paired.jsonl,False,churn,5,retainedManagedBytes,503424,516520,3.099915155848545,1.1068302904516658,5.621553994193795
hosted-pr-standard/windows-net10.0-traffic/paired.jsonl,False,indexed,5,meanMs,2.6684946999999997,1.691678699999999,-38.40654573626939,-41.475808929833775,-35.383227326114095
hosted-pr-standard/windows-net10.0-traffic/paired.jsonl,False,indexed,5,p99Ms,5.418,2.8259,-46.21616423378806,-49.572737579284684,-42.43604089256573
hosted-pr-standard/windows-net10.0-traffic/paired.jsonl,False,indexed,5,cpuMsPerOperation,2.671875,1.671875,-39.209395679530836,-41.928972434239576,-36.489818924822096
hosted-pr-standard/windows-net10.0-traffic/paired.jsonl,False,indexed,5,bytesPerOperation,4241051.12,3025024.912,-28.67275358952446,-28.672755257899375,-28.672750790960055
hosted-pr-standard/windows-net10.0-traffic/paired.jsonl,False,indexed,5,closeMs,2.6204,4.2081,65.01825512690206,59.02490920542389,74.309663833928
hosted-pr-standard/windows-net10.0-traffic/paired.jsonl,False,indexed,5,retainedManagedBytes,469360,482088,2.801562363668557,2.7117777399011445,2.895909180659668
hosted-pr-standard/windows-net10.0-traffic/paired.jsonl,False,open-close,5,meanMs,2.001390099999998,2.0060435000000005,-11.344778719545795,-34.17983364070768,1.8689184422421357
hosted-pr-standard/windows-net10.0-traffic/paired.jsonl,False,open-close,5,p99Ms,7.6213,7.4398,-19.04566149290983,-51.573255269625555,4.38498580862092
hosted-pr-standard/windows-net10.0-traffic/paired.jsonl,False,open-close,5,cpuMsPerOperation,2.9375,2.90625,-8.258645692129013,-29.25999311854456,7.082534486789808
hosted-pr-standard/windows-net10.0-traffic/paired.jsonl,False,open-close,5,bytesPerOperation,190173.2,190861.176,0.3417036156124098,0.302478506453987,0.3617754945126084
hosted-pr-standard/windows-net10.0-traffic/paired.jsonl,False,open-close,5,closeMs,0.0174,0.0192,24.45563493972747,15.645723712989469,33.26554616646548
hosted-pr-standard/windows-net10.0-traffic/paired.jsonl,False,open-close,5,retainedManagedBytes,494176,503472,0.9638157663972935,-1.2430805523689914,3.1707120851635784
hosted-pr-standard/windows-net10.0-traffic/paired.jsonl,False,random,5,meanMs,0.19830470000000008,0.02829899999999996,-85.87902469081338,-86.40512983222118,-85.32619124504075
hosted-pr-standard/windows-net10.0-traffic/paired.jsonl,False,random,5,p99Ms,0.965,0.069,-92.96761852794918,-93.79021210144467,-92.1450249544537
hosted-pr-standard/windows-net10.0-traffic/paired.jsonl,False,random,5,cpuMsPerOperation,0.1875,0.03125,-85.08158508158509,-88.71794871794872,-82.68065268065268
hosted-pr-standard/windows-net10.0-traffic/paired.jsonl,False,random,5,bytesPerOperation,283887.632,26725.92,-90.58573493646082,-90.58573992402741,-90.58572496132766
hosted-pr-standard/windows-net10.0-traffic/paired.jsonl,False,random,5,closeMs,2.7021,4.3162,65.07897406675355,56.54676963770457,79.17291321594057
hosted-pr-standard/windows-net10.0-traffic/paired.jsonl,False,random,5,retainedManagedBytes,481008,485376,0.912457468979273,0.908093004690147,0.9211863975575252
hosted-pr-standard/windows-net10.0-traffic/paired.jsonl,False,same-key,5,meanMs,0.1767120999999999,0.02616369999999974,-85.20386571602047,-85.57867013938792,-84.8558475935423
hosted-pr-standard/windows-net10.0-traffic/paired.jsonl,False,same-key,5,p99Ms,0.6178,0.0575,-86.83518831930395,-90.24748415905003,-82.75860512852083
hosted-pr-standard/windows-net10.0-traffic/paired.jsonl,False,same-key,5,cpuMsPerOperation,0.171875,0.03125,-82.42424242424242,-83.03030303030303,-81.81818181818181
hosted-pr-standard/windows-net10.0-traffic/paired.jsonl,False,same-key,5,bytesPerOperation,161724.784,21976.288,-86.41129778486919,-86.41130477564897,-86.41128380330962
hosted-pr-standard/windows-net10.0-traffic/paired.jsonl,False,same-key,5,closeMs,2.7608,4.4043,65.98979933669263,53.9580138575742,78.13599575658
hosted-pr-standard/windows-net10.0-traffic/paired.jsonl,False,same-key,5,retainedManagedBytes,491176,485376,-1.1808394546964807,-1.1808394546964807,-1.1808394546964807
hosted-pr-standard/windows-net10.0-traffic/paired.jsonl,False,transaction,5,meanMs,0.9429498999999997,0.9507741,11.725297185115743,0.3681845605134626,33.69175970067878
hosted-pr-standard/windows-net10.0-traffic/paired.jsonl,False,transaction,5,p99Ms,2.8813,3.0711,20.65541173380016,3.461870383488366,52.079925020303605
hosted-pr-standard/windows-net10.0-traffic/paired.jsonl,False,transaction,5,cpuMsPerOperation,0.703125,0.765625,16.486137975499673,2.6288416075650067,37.39393939393939
hosted-pr-standard/windows-net10.0-traffic/paired.jsonl,False,transaction,5,bytesPerOperation,253055.04,253654.104,0.232976323293288,0.2209269658231383,0.24502568076343767
hosted-pr-standard/windows-net10.0-traffic/paired.jsonl,False,transaction,5,closeMs,7.727,8.2675,4.33178619905739,-26.65295305069493,33.33399665872582
hosted-pr-standard/windows-net10.0-traffic/paired.jsonl,False,transaction,5,retainedManagedBytes,502528,503352,0.6789441026682708,-0.8145926712989748,2.1724808766355164
hosted-pr-standard/windows-net10.0-traffic/paired.jsonl,False,write,5,meanMs,0.8950626000000016,0.9018132999999999,0.24617613079231937,-0.3289039674722183,0.821256229056857
hosted-pr-standard/windows-net10.0-traffic/paired.jsonl,False,write,5,p99Ms,2.7813,2.7841,-0.07912738553041318,-3.8613033591201855,3.2962774838865
hosted-pr-standard/windows-net10.0-traffic/paired.jsonl,False,write,5,cpuMsPerOperation,0.640625,0.671875,1.9569593181425013,-6.455630513751944,10.369549150036947
hosted-pr-standard/windows-net10.0-traffic/paired.jsonl,False,write,5,bytesPerOperation,253043,253632.12,0.22970153707443153,0.2216714269608211,0.23576800099564643
hosted-pr-standard/windows-net10.0-traffic/paired.jsonl,False,write,5,closeMs,7.9723,8.6207,9.953545911198308,3.984594527203078,16.780580953180998
hosted-pr-standard/windows-net10.0-traffic/paired.jsonl,False,write,5,retainedManagedBytes,490128,503224,3.671530702183916,2.6654261743870933,4.677635229980739
hosted-pr-standard/windows-net10.0-traffic/paired.jsonl,False,write-heavy,5,meanMs,0.8602024999999999,0.8859854000000005,2.60083214868736,1.5988379461450464,3.4481902777771234
hosted-pr-standard/windows-net10.0-traffic/paired.jsonl,False,write-heavy,5,p99Ms,2.9715,3.1152,4.263621917774838,-0.24960035205860526,7.869020062635897
hosted-pr-standard/windows-net10.0-traffic/paired.jsonl,False,write-heavy,5,cpuMsPerOperation,0.640625,0.671875,1.9897304236200286,-1.8741976893453138,5.404364569961495
hosted-pr-standard/windows-net10.0-traffic/paired.jsonl,False,write-heavy,5,bytesPerOperation,251643.72,252240.776,0.23795949793237625,0.2299466625415647,0.2468800236500579
hosted-pr-standard/windows-net10.0-traffic/paired.jsonl,False,write-heavy,5,closeMs,5.8977,6.9271,26.91258320240148,13.274513877946504,46.47273823759881
hosted-pr-standard/windows-net10.0-traffic/paired.jsonl,False,write-heavy,5,retainedManagedBytes,502432,515400,2.087765110502513,1.1094834723902913,2.5810457932615716
hosted-pr-standard/windows-net8.0-core/paired.jsonl,False,mixed,5,meanMs,0.4625986333333335,0.21965856666666708,-52.65647136973449,-53.5235871500574,-51.79976500138787
hosted-pr-standard/windows-net8.0-core/paired.jsonl,False,mixed,5,p99Ms,1.3869,1.1803,-12.757576643738432,-18.437105773958088,-7.069363870700171
hosted-pr-standard/windows-net8.0-core/paired.jsonl,False,mixed,5,cpuMsPerOperation,0.4166666666666667,0.18229166666666666,-54.9571451570707,-58.833209233060316,-50.80524642289348
hosted-pr-standard/windows-net8.0-core/paired.jsonl,False,mixed,5,bytesPerOperation,318863.8186666667,117845.496,-63.0395222968302,-63.043130623276554,-63.03616128211335
hosted-pr-standard/windows-net8.0-core/paired.jsonl,False,mixed,5,closeMs,5.6437,6.7273,19.114459619718943,16.1205575313369,22.108361708100986
hosted-pr-standard/windows-net8.0-core/paired.jsonl,False,mixed,5,retainedManagedBytes,602536,623168,1.7850482724666827,1.368207219335864,2.6063357943686905
hosted-pr-standard/windows-net8.0-core/paired.jsonl,False,point,5,meanMs,0.22472657499999632,0.034528175000001105,-84.78925852626286,-85.07157109726305,-84.57733258882638
hosted-pr-standard/windows-net8.0-core/paired.jsonl,False,point,5,p99Ms,0.8573,0.0825,-90.61691678159008,-91.05732430679089,-90.36166760084998
hosted-pr-standard/windows-net8.0-core/paired.jsonl,False,point,5,cpuMsPerOperation,0.2234375,0.03359375,-84.85637868522261,-85.41711590571906,-84.30913913672535
hosted-pr-standard/windows-net8.0-core/paired.jsonl,False,point,5,bytesPerOperation,280350.352,26864.1592,-90.41764730084338,-90.41764741568792,-90.41764707115432
hosted-pr-standard/windows-net8.0-core/paired.jsonl,False,point,5,closeMs,2.1625,3.4299,50.5589395076326,35.33636744659358,60.757472955148955
hosted-pr-standard/windows-net8.0-core/paired.jsonl,False,point,5,retainedManagedBytes,741456,735112,-0.8577717356120917,-0.8620875682441032,-0.855613819296086
hosted-pr-standard/windows-net8.0-core/paired.jsonl,False,scan,5,meanMs,3.0305537999999994,1.8775557999999994,-36.40651864386552,-38.90480295533219,-33.430071959009695
hosted-pr-standard/windows-net8.0-core/paired.jsonl,False,scan,5,p99Ms,4.9488,2.9154,-42.62795492188411,-48.726223738448255,-35.37972310298289
hosted-pr-standard/windows-net8.0-core/paired.jsonl,False,scan,5,cpuMsPerOperation,3.015625,1.859375,-36.55452906627073,-39.088723892954434,-33.324640874288185
hosted-pr-standard/windows-net8.0-core/paired.jsonl,False,scan,5,bytesPerOperation,4366222.384,3150145.584,-27.85191917937515,-27.851922008308435,-27.851916350441865
hosted-pr-standard/windows-net8.0-core/paired.jsonl,False,scan,5,closeMs,2.0721,3.3558,55.00179863744582,41.78254623420785,63.48981022942844
hosted-pr-standard/windows-net8.0-core/paired.jsonl,False,scan,5,retainedManagedBytes,565848,578032,2.14897484644633,2.141623048790424,2.153228428836007
hosted-pr-standard/windows-net8.0-traffic/paired.jsonl,False,balanced,5,meanMs,0.6541172000000002,0.6746998,6.284625407237338,-0.5831454583258422,16.42358181107499
hosted-pr-standard/windows-net8.0-traffic/paired.jsonl,False,balanced,5,p99Ms,2.9518,3.0102,8.088948880438451,0.41284690743081054,19.215977177262747
hosted-pr-standard/windows-net8.0-traffic/paired.jsonl,False,balanced,5,cpuMsPerOperation,0.53125,0.515625,0.48866819455054333,-8.459383753501406,9.436720142602493
hosted-pr-standard/windows-net8.0-traffic/paired.jsonl,False,balanced,5,bytesPerOperation,246081.408,246684.472,0.24431517058578045,0.23740798539370278,0.25217530426867363
hosted-pr-standard/windows-net8.0-traffic/paired.jsonl,False,balanced,5,closeMs,5.1903,6,49.5860068626783,7.5684490116267344,126.72185402313266
hosted-pr-standard/windows-net8.0-traffic/paired.jsonl,False,balanced,5,retainedManagedBytes,591672,611280,3.1811831202551577,2.325770242005074,4.036595998505241
hosted-pr-standard/windows-net8.0-traffic/paired.jsonl,False,buffered,5,meanMs,0.23041880000000023,0.07747530000000016,-64.52570729818436,-67.02196559931778,-61.45198248215486
hosted-pr-standard/windows-net8.0-traffic/paired.jsonl,False,buffered,5,p99Ms,0.6124,0.1366,-74.82676850842861,-78.71905018377952,-70.67370745852807
hosted-pr-standard/windows-net8.0-traffic/paired.jsonl,False,buffered,5,cpuMsPerOperation,0.234375,0.078125,-65.33333333333334,-66.66666666666667,-62.66666666666667
hosted-pr-standard/windows-net8.0-traffic/paired.jsonl,False,buffered,5,bytesPerOperation,230958.896,91152.96,-60.5328077192586,-60.5328213900018,-60.53278037777219
hosted-pr-standard/windows-net8.0-traffic/paired.jsonl,False,buffered,5,closeMs,1.978,3.1803,58.661695351641036,55.02559359976328,61.536246924300826
hosted-pr-standard/windows-net8.0-traffic/paired.jsonl,False,buffered,5,retainedManagedBytes,585224,584112,-0.6005367272534579,-1.4215847555987726,-0.19001271308080048
hosted-pr-standard/windows-net8.0-traffic/paired.jsonl,False,checkpoint,5,meanMs,3.0431716000000004,3.034589099999999,0.11866824717403635,-0.7838704838896704,1.2816902981997291
hosted-pr-standard/windows-net8.0-traffic/paired.jsonl,False,checkpoint,5,p99Ms,4.8315,4.8112,0.7440863499999661,-17.786473503697273,17.547330815385827
hosted-pr-standard/windows-net8.0-traffic/paired.jsonl,False,checkpoint,5,cpuMsPerOperation,1.765625,1.671875,-2.733513916303183,-8.031412476198932,3.668452352481631
hosted-pr-standard/windows-net8.0-traffic/paired.jsonl,False,checkpoint,5,bytesPerOperation,473276.504,474444.904,0.24683272678580614,0.24673861692047439,0.24690986983795682
hosted-pr-standard/windows-net8.0-traffic/paired.jsonl,False,checkpoint,5,closeMs,2.2077,3.0522,38.18378052141481,35.863598987750535,41.15827725911192
hosted-pr-standard/windows-net8.0-traffic/paired.jsonl,False,checkpoint,5,retainedManagedBytes,593832,601136,1.2299775020544468,1.2299775020544468,1.2299775020544468
hosted-pr-standard/windows-net8.0-traffic/paired.jsonl,False,churn,5,meanMs,2.7605548000000018,2.8965769000000003,303.7125716337368,0.7062410520945983,905.5364922377706
hosted-pr-standard/windows-net8.0-traffic/paired.jsonl,False,churn,5,p99Ms,5.8096,6.5548,333.24569932456,5.462834264372762,981.2144409518256
hosted-pr-standard/windows-net8.0-traffic/paired.jsonl,False,churn,5,cpuMsPerOperation,1.9375,2.109375,5.816058212454163,-4.1316307337703995,16.148425787106444
hosted-pr-standard/windows-net8.0-traffic/paired.jsonl,False,churn,5,bytesPerOperation,1431074.112,1230500.112,-1.4182770092731811,-32.247645632365916,33.733481134774706
hosted-pr-standard/windows-net8.0-traffic/paired.jsonl,False,churn,5,closeMs,7.1089,7.9018,56.68616924217776,0.5544983358492317,148.09789290898013
hosted-pr-standard/windows-net8.0-traffic/paired.jsonl,False,churn,5,retainedManagedBytes,602072,602320,0.284538664847771,-1.2434876328877076,1.6886474959384359
hosted-pr-standard/windows-net8.0-traffic/paired.jsonl,False,indexed,5,meanMs,3.1455162,1.7695725,-42.31722954250118,-44.93728222975277,-39.697176855249594
hosted-pr-standard/windows-net8.0-traffic/paired.jsonl,False,indexed,5,p99Ms,6.0078,2.5365,-55.471242031419216,-59.22492777051527,-51.81481230357518
hosted-pr-standard/windows-net8.0-traffic/paired.jsonl,False,indexed,5,cpuMsPerOperation,3.15625,1.765625,-42.102358250175506,-44.43187175860443,-39.77284474174659
hosted-pr-standard/windows-net8.0-traffic/paired.jsonl,False,indexed,5,bytesPerOperation,4369414.448,3153337.584,-27.831572468186014,-27.83157511086255,-27.83156982550948
hosted-pr-standard/windows-net8.0-traffic/paired.jsonl,False,indexed,5,closeMs,2.0118,3.1579,57.206791184482114,42.908565140567376,72.73574657402916
hosted-pr-standard/windows-net8.0-traffic/paired.jsonl,False,indexed,5,retainedManagedBytes,567952,580136,2.1745499619686104,2.1452517114122216,2.233146463081388
hosted-pr-standard/windows-net8.0-traffic/paired.jsonl,False,open-close,5,meanMs,1.8793709000000007,1.9296025999999986,23.82926826476451,-1.9067897660405198,72.19546217001827
hosted-pr-standard/windows-net8.0-traffic/paired.jsonl,False,open-close,5,p99Ms,6.5332,7.0426,107.14850938867595,-3.989112572989692,312.4839478886069
hosted-pr-standard/windows-net8.0-traffic/paired.jsonl,False,open-close,5,cpuMsPerOperation,2.90625,2.921875,5.320269264309554,-5.3543823121438505,17.086482134429055
hosted-pr-standard/windows-net8.0-traffic/paired.jsonl,False,open-close,5,bytesPerOperation,190989.272,191677.296,0.3619158868663419,0.3602371969876961,0.36510238510054194
hosted-pr-standard/windows-net8.0-traffic/paired.jsonl,False,open-close,5,closeMs,0.0125,0.0132,8.487209092755496,-29.01740977147826,45.99182795698925
hosted-pr-standard/windows-net8.0-traffic/paired.jsonl,False,open-close,5,retainedManagedBytes,604008,599056,-1.639311903235503,-3.7850133593309225,-0.027014824857021225
hosted-pr-standard/windows-net8.0-traffic/paired.jsonl,False,random,5,meanMs,0.2114104999999998,0.03182359999999995,-84.80910310672958,-85.16693346620306,-84.49329430702005
hosted-pr-standard/windows-net8.0-traffic/paired.jsonl,False,random,5,p99Ms,1.0198,0.0749,-92.91849626349051,-93.45826720306003,-92.60320697821442
hosted-pr-standard/windows-net8.0-traffic/paired.jsonl,False,random,5,cpuMsPerOperation,0.21875,0.03125,-85.71428571428572,-85.71428571428572,-85.71428571428572
hosted-pr-standard/windows-net8.0-traffic/paired.jsonl,False,random,5,bytesPerOperation,284095.712,26878.592,-90.5388933297699,-90.5388955677022,-90.5388888539053
hosted-pr-standard/windows-net8.0-traffic/paired.jsonl,False,random,5,closeMs,1.988,3.1873,65.46914043548593,57.13678169927272,79.06280906588263
hosted-pr-standard/windows-net8.0-traffic/paired.jsonl,False,random,5,retainedManagedBytes,579296,583120,0.24194224474049397,-0.5943964332093521,0.660111583715417
hosted-pr-standard/windows-net8.0-traffic/paired.jsonl,False,same-key,5,meanMs,0.18034089999999992,0.02958079999999982,-83.78080541294082,-83.88173320986284,-83.63382434893501
hosted-pr-standard/windows-net8.0-traffic/paired.jsonl,False,same-key,5,p99Ms,0.4061,0.0636,-85.08600475175103,-87.46543478754981,-82.70657471595226
hosted-pr-standard/windows-net8.0-traffic/paired.jsonl,False,same-key,5,cpuMsPerOperation,0.1875,0.03125,-83.33333333333334,-83.33333333333334,-83.33333333333334
hosted-pr-standard/windows-net8.0-traffic/paired.jsonl,False,same-key,5,bytesPerOperation,161932.896,22128.96,-86.33450109159158,-86.3345145939536,-86.33448758922955
hosted-pr-standard/windows-net8.0-traffic/paired.jsonl,False,same-key,5,closeMs,2.0087,3.1809,56.39288868047169,51.753202337821946,59.82472070193859
hosted-pr-standard/windows-net8.0-traffic/paired.jsonl,False,same-key,5,retainedManagedBytes,589464,583120,-1.4802440053795185,-2.288268082802498,-1.0762319666680287
hosted-pr-standard/windows-net8.0-traffic/paired.jsonl,False,transaction,5,meanMs,0.9915386000000005,0.9734153999999989,-6.48776068389747,-16.63933175410509,0.7733972091531305
hosted-pr-standard/windows-net8.0-traffic/paired.jsonl,False,transaction,5,p99Ms,3.0048,2.8762,-9.141553200594734,-21.16765279111258,0.9429327577806168
hosted-pr-standard/windows-net8.0-traffic/paired.jsonl,False,transaction,5,cpuMsPerOperation,0.78125,0.65625,-9.6485250271844,-15.166817496229262,-4.130232558139539
hosted-pr-standard/windows-net8.0-traffic/paired.jsonl,False,transaction,5,bytesPerOperation,253611.296,254196.232,0.22848007923118807,0.22239074469576625,0.23437747186621394
hosted-pr-standard/windows-net8.0-traffic/paired.jsonl,False,transaction,5,closeMs,6.8502,7.4553,11.292932061406349,3.0554528477802556,23.25277639907695
hosted-pr-standard/windows-net8.0-traffic/paired.jsonl,False,transaction,5,retainedManagedBytes,588888,601424,2.1236635017212846,2.1026509224894596,2.139581652473752
hosted-pr-standard/windows-net8.0-traffic/paired.jsonl,False,write,5,meanMs,0.9358801999999998,0.9368972999999989,0.17840601399635947,-0.54170573018272,0.9305241569444345
hosted-pr-standard/windows-net8.0-traffic/paired.jsonl,False,write,5,p99Ms,2.9191,2.8883,0.7696106722821261,-0.7623304798836639,2.301551824447916
hosted-pr-standard/windows-net8.0-traffic/paired.jsonl,False,write,5,cpuMsPerOperation,0.5625,0.625,10.944741532976824,2.5757575757575735,19.866310160427805
hosted-pr-standard/windows-net8.0-traffic/paired.jsonl,False,write,5,bytesPerOperation,253456.712,254015.648,0.230330812398587,0.2216553565121826,0.23900626828499139
hosted-pr-standard/windows-net8.0-traffic/paired.jsonl,False,write,5,closeMs,6.7823,7.4721,55.66243386847878,6.576620990672612,149.9112181506609
hosted-pr-standard/windows-net8.0-traffic/paired.jsonl,False,write,5,retainedManagedBytes,588776,601312,1.1284107920002762,-0.03793228770063495,2.1291628734867007
hosted-pr-standard/windows-net8.0-traffic/paired.jsonl,False,write-heavy,5,meanMs,0.8962607000000004,0.9209483,-0.194718860059986,-5.487908139930449,5.098470419810477
hosted-pr-standard/windows-net8.0-traffic/paired.jsonl,False,write-heavy,5,p99Ms,3.1491,3.2291,0.5412536969052597,-8.330659828205109,8.891584470497992
hosted-pr-standard/windows-net8.0-traffic/paired.jsonl,False,write-heavy,5,cpuMsPerOperation,0.625,0.65625,6.959482038429405,2.124060150375937,10.988304093567255
hosted-pr-standard/windows-net8.0-traffic/paired.jsonl,False,write-heavy,5,bytesPerOperation,252037.824,252637.512,0.23947569627912113,0.23211051954104445,0.24579126445241517
hosted-pr-standard/windows-net8.0-traffic/paired.jsonl,False,write-heavy,5,closeMs,5.326,5.7329,6.042542991153754,-3.4043328794704757,14.280343696007293
hosted-pr-standard/windows-net8.0-traffic/paired.jsonl,False,write-heavy,5,retainedManagedBytes,601080,601240,1.2618549237223897,0.435482797630935,2.0882270498138444
hosted-standard/ubuntu-net10.0-core/paired.jsonl,False,mixed,5,meanMs,0.2592230663333332,0.12890960633333326,-50.325080509270755,-51.20238320358719,-49.44696338085491
hosted-standard/ubuntu-net10.0-core/paired.jsonl,False,mixed,5,p99Ms,0.784639,0.745165,-3.7490080015008753,-5.714695976417095,-1.2663911081448154
hosted-standard/ubuntu-net10.0-core/paired.jsonl,False,mixed,5,cpuMsPerOperation,0.286074,0.10333266666666667,-63.767737449571605,-64.4715718496567,-62.965519733755855
hosted-standard/ubuntu-net10.0-core/paired.jsonl,False,mixed,5,bytesPerOperation,314241.14133333333,116083.60266666667,-63.05619004955801,-63.05977550056828,-63.05182398899761
hosted-standard/ubuntu-net10.0-core/paired.jsonl,False,mixed,5,closeMs,4.154207,4.633695,14.402281574086905,-0.8154865330212413,28.876019550759203
hosted-standard/ubuntu-net10.0-core/paired.jsonl,False,mixed,5,retainedManagedBytes,342376,347040,1.9720653874062188,1.1462711117519397,3.463326868705754
hosted-standard/ubuntu-net10.0-core/paired.jsonl,False,point,5,meanMs,0.10670188200000018,0.021369767999999963,-80.28145062604382,-80.48556035092197,-80.07734090116568
hosted-standard/ubuntu-net10.0-core/paired.jsonl,False,point,5,p99Ms,0.536874,0.040946,-92.36332647291623,-92.43233273572085,-92.27951286065408
hosted-standard/ubuntu-net10.0-core/paired.jsonl,False,point,5,cpuMsPerOperation,0.10866305,0.0214997,-80.5185989666817,-80.7530831199751,-80.28411481338827
hosted-standard/ubuntu-net10.0-core/paired.jsonl,False,point,5,bytesPerOperation,278164.6852,26712.1412,-90.39700684884764,-90.39701082585822,-90.39700486034235
hosted-standard/ubuntu-net10.0-core/paired.jsonl,False,point,5,closeMs,1.28768,2.255062,75.99105746238459,73.06438672855612,78.91772819621306
hosted-standard/ubuntu-net10.0-core/paired.jsonl,False,point,5,retainedManagedBytes,473560,467496,-1.2336058165543173,-1.2788455697457213,-1.1504650118014914
hosted-standard/ubuntu-net10.0-core/paired.jsonl,False,scan,5,meanMs,2.596547131000003,1.5315026039999982,-40.85080456218216,-42.18017501442478,-39.474145902951584
hosted-standard/ubuntu-net10.0-core/paired.jsonl,False,scan,5,p99Ms,3.721738,1.904085,-49.1854294269912,-50.45620209570308,-48.03454055213457
hosted-standard/ubuntu-net10.0-core/paired.jsonl,False,scan,5,cpuMsPerOperation,2.610355,1.5367270000000002,-40.98976861415951,-42.34398502502063,-39.56969134151312
hosted-standard/ubuntu-net10.0-core/paired.jsonl,False,scan,5,bytesPerOperation,4236381.8,3022169.224,-28.66154315787106,-28.661547576550397,-28.661538739191723
hosted-standard/ubuntu-net10.0-core/paired.jsonl,False,scan,5,closeMs,1.194927,2.199768,82.60364563761188,78.44644112043552,84.98064867997331
hosted-standard/ubuntu-net10.0-core/paired.jsonl,False,scan,5,retainedManagedBytes,322768,335272,4.253152239129201,3.8664393119469986,5.023488827638594
hosted-standard/ubuntu-net8.0-core/paired.jsonl,False,mixed,5,meanMs,0.3905271790000002,0.24377870133333338,-32.666565556574845,-65.70630474452359,0.37317363137390347
hosted-standard/ubuntu-net8.0-core/paired.jsonl,False,mixed,5,p99Ms,0.937086,0.917126,3.864003789265317,-37.248660970445464,45.13484338123561
hosted-standard/ubuntu-net8.0-core/paired.jsonl,False,mixed,5,cpuMsPerOperation,0.14333333333333334,0.06666666666666667,-53.01370103694755,-55.32970905063928,-50.48728327796235
hosted-standard/ubuntu-net8.0-core/paired.jsonl,False,mixed,5,bytesPerOperation,314501.29066666664,116284.41866666666,-63.02361897839789,-63.03048473537716,-63.01641846314216
hosted-standard/ubuntu-net8.0-core/paired.jsonl,False,mixed,5,closeMs,3.351564,3.355995,162.2513938554781,-89.39099730210982,618.8798394923003
hosted-standard/ubuntu-net8.0-core/paired.jsonl,False,mixed,5,retainedManagedBytes,427488,434704,1.1931629680971523,0.09344953008680212,1.8002844524290709
hosted-standard/ubuntu-net8.0-core/paired.jsonl,False,point,5,meanMs,0.059488374350000206,0.013412790149999784,-77.44740600975663,-78.07540187368568,-76.81941014582759
hosted-standard/ubuntu-net8.0-core/paired.jsonl,False,point,5,p99Ms,0.374816,0.021662,-94.22917522767057,-94.39638270449636,-94.03947099895905
hosted-standard/ubuntu-net8.0-core/paired.jsonl,False,point,5,cpuMsPerOperation,0.0605,0.0135,-77.65675010177424,-78.21479811436771,-77.07438016528924
hosted-standard/ubuntu-net8.0-core/paired.jsonl,False,point,5,bytesPerOperation,278371.5948,26864.4644,-90.34942536841967,-90.34942958958649,-90.34942325228938
hosted-standard/ubuntu-net8.0-core/paired.jsonl,False,point,5,closeMs,0.738657,1.350531,84.30469197561679,78.81214464811964,92.63362487321548
hosted-standard/ubuntu-net8.0-core/paired.jsonl,False,point,5,retainedManagedBytes,563904,557288,-1.3080805011086283,-2.2348959827597414,-0.5135525696123189
hosted-standard/ubuntu-net8.0-core/paired.jsonl,False,scan,5,meanMs,1.6984118119999996,0.9267713249999999,-46.061385759998224,-46.983587626178135,-44.67787427077297
hosted-standard/ubuntu-net8.0-core/paired.jsonl,False,scan,5,p99Ms,2.601881,1.179683,-57.379145956834485,-61.2391167427676,-54.001405396248096
hosted-standard/ubuntu-net8.0-core/paired.jsonl,False,scan,5,cpuMsPerOperation,1.71,0.92,-46.21090571911745,-47.31371566170327,-44.8226815998644
hosted-standard/ubuntu-net8.0-core/paired.jsonl,False,scan,5,bytesPerOperation,4364553.16,3150295.688,-27.820884565887077,-27.820888587825106,-27.820880543949045
hosted-standard/ubuntu-net8.0-core/paired.jsonl,False,scan,5,closeMs,0.670884,1.255367,85.16465243075758,78.90646486893121,91.87540610403272
hosted-standard/ubuntu-net8.0-core/paired.jsonl,False,scan,5,retainedManagedBytes,413264,425152,2.876645041461816,2.8731271051918394,2.8801964585447193
hosted-standard/windows-net10.0-core/paired.jsonl,False,mixed,5,meanMs,0.4234891333333335,0.20193886666666663,-52.01206473494267,-52.7430927434217,-50.91515367567989
hosted-standard/windows-net10.0-core/paired.jsonl,False,mixed,5,p99Ms,1.2089,1.4466,8.847326155713162,-5.080881467679204,21.913076555941828
hosted-standard/windows-net10.0-core/paired.jsonl,False,mixed,5,cpuMsPerOperation,0.390625,0.18229166666666666,-54.52388465020044,-56.401137980085345,-52.790171990172
hosted-standard/windows-net10.0-core/paired.jsonl,False,mixed,5,bytesPerOperation,318639.17333333334,117650.53866666666,-63.07161214899064,-63.07906654759311,-63.063066069220426
hosted-standard/windows-net10.0-core/paired.jsonl,False,mixed,5,closeMs,6.0251,7.2918,10.81407049172117,-3.920209255128448,20.514634790458633
hosted-standard/windows-net10.0-core/paired.jsonl,False,mixed,5,retainedManagedBytes,504232,525472,2.820112848748144,0.8768298655377983,4.288502118072639
hosted-standard/windows-net10.0-core/paired.jsonl,False,point,5,meanMs,0.19947561500000124,0.035562225000000836,-82.24855818073726,-82.4432398786101,-82.05046143882471
hosted-standard/windows-net10.0-core/paired.jsonl,False,point,5,p99Ms,0.7705,0.076,-90.23026896893377,-90.6403714335563,-89.82575213550476
hosted-standard/windows-net10.0-core/paired.jsonl,False,point,5,cpuMsPerOperation,0.1984375,0.0359375,-82.29821025439763,-82.7595396729255,-81.87455167325874
hosted-standard/windows-net10.0-core/paired.jsonl,False,point,5,bytesPerOperation,280143.0144,26712.1256,-90.46482708224745,-90.46483019729378,-90.46482538313117
hosted-standard/windows-net10.0-core/paired.jsonl,False,point,5,closeMs,2.6476,4.211,59.494480449603955,58.99355657146079,60.11954844504046
hosted-standard/windows-net10.0-core/paired.jsonl,False,point,5,retainedManagedBytes,643168,637328,-0.8458132245385364,-0.9080053734016659,-0.783621075675407
hosted-standard/windows-net10.0-core/paired.jsonl,False,scan,5,meanMs,2.5115371999999994,1.4504161000000015,-42.05410554983443,-43.38576869084901,-41.09649744317458
hosted-standard/windows-net10.0-core/paired.jsonl,False,scan,5,p99Ms,3.9406,1.8969,-51.687138642119905,-55.574084524382066,-47.55862031645152
hosted-standard/windows-net10.0-core/paired.jsonl,False,scan,5,cpuMsPerOperation,2.515625,1.453125,-42.04330333964297,-43.029180258870575,-41.050254093732356
hosted-standard/windows-net10.0-core/paired.jsonl,False,scan,5,bytesPerOperation,4238051.04,3022024.912,-28.693048575756745,-28.693051106298697,-28.693046045214793
hosted-standard/windows-net10.0-core/paired.jsonl,False,scan,5,closeMs,2.5479,4.2151,72.27946603480498,61.935427617945344,90.23144956018078
hosted-standard/windows-net10.0-core/paired.jsonl,False,scan,5,retainedManagedBytes,467256,479944,2.710976424058753,2.702073381615211,2.715427945280524
hosted-standard/windows-net8.0-core/paired.jsonl,False,mixed,5,meanMs,0.4801426666666667,0.23993919999999988,-50.69970276258728,-51.97871966581634,-49.424588555736605
hosted-standard/windows-net8.0-core/paired.jsonl,False,mixed,5,p99Ms,1.6236,1.4584,-10.369810309832248,-11.97269788556174,-7.924001112978803
hosted-standard/windows-net8.0-core/paired.jsonl,False,mixed,5,cpuMsPerOperation,0.421875,0.19791666666666666,-55.19337431159137,-58.14090517578891,-52.412790697674424
hosted-standard/windows-net8.0-core/paired.jsonl,False,mixed,5,bytesPerOperation,318848.27733333333,117845.472,-63.037840401462496,-63.04222178054217,-63.03249359820664
hosted-standard/windows-net8.0-core/paired.jsonl,False,mixed,5,closeMs,7.6041,7.1382,41.91705967296295,-15.480798635017816,133.56981165894175
hosted-standard/windows-net8.0-core/paired.jsonl,False,mixed,5,retainedManagedBytes,614824,623128,0.8327883007488346,-0.9787738994938522,2.443167630013936
hosted-standard/windows-net8.0-core/paired.jsonl,False,point,5,meanMs,0.21716594500000178,0.040807940000000424,-81.68812824607585,-83.0500114323623,-80.73678080841553
hosted-standard/windows-net8.0-core/paired.jsonl,False,point,5,p99Ms,0.8381,0.085,-89.23314460564467,-91.31044710012934,-86.29032961649652
hosted-standard/windows-net8.0-core/paired.jsonl,False,point,5,cpuMsPerOperation,0.2171875,0.03984375,-81.7620277180318,-82.86437437463546,-80.91153180400293
hosted-standard/windows-net8.0-core/paired.jsonl,False,point,5,bytesPerOperation,280350.352,26864.1592,-90.41764755240759,-90.41764782584693,-90.41764741568792
hosted-standard/windows-net8.0-core/paired.jsonl,False,point,5,closeMs,2.0023,3.1906,71.9369601659112,56.512895011246655,100.08211154400634
hosted-standard/windows-net8.0-core/paired.jsonl,False,point,5,retainedManagedBytes,741456,735072,-0.8610086100861003,-0.8610086100861004,-0.8610086100861004
hosted-standard/windows-net8.0-core/paired.jsonl,False,scan,5,meanMs,2.858002200000001,1.7497723000000012,-38.44855478880145,-38.94838513841453,-37.95691577166319
hosted-standard/windows-net8.0-core/paired.jsonl,False,scan,5,p99Ms,4.2178,2.4865,-45.69688971183575,-50.525084345839716,-40.86869507783179
hosted-standard/windows-net8.0-core/paired.jsonl,False,scan,5,cpuMsPerOperation,2.828125,1.765625,-37.84070084113538,-38.393253393687935,-37.46035538300732
hosted-standard/windows-net8.0-core/paired.jsonl,False,scan,5,bytesPerOperation,4366222.384,3150145.584,-27.851921215149634,-27.85192163816767,-27.8519207921316
hosted-standard/windows-net8.0-core/paired.jsonl,False,scan,5,closeMs,1.9738,3.1397,65.13474117514646,55.306613951659074,81.80011333253063
hosted-standard/windows-net8.0-core/paired.jsonl,False,scan,5,retainedManagedBytes,565848,577992,2.145581749042571,2.144426461870892,2.1461593926284106
hosted-writer-tail-diagnostics/windows-net10.0-traffic/paired.jsonl,True,churn,5,meanMs,2.6652686,2.6979121999999998,0.9243893059562657,-3.508029018761647,5.398792443551898
hosted-writer-tail-diagnostics/windows-net10.0-traffic/paired.jsonl,True,churn,5,p99Ms,5.5867,5.6212,4.75138555870904,-4.857222248456421,17.09662919204211
hosted-writer-tail-diagnostics/windows-net10.0-traffic/paired.jsonl,True,churn,5,cpuMsPerOperation,1.921875,2.03125,1.7856013824493888,-6.795397384974504,10.366600149873282
hosted-writer-tail-diagnostics/windows-net10.0-traffic/paired.jsonl,True,churn,5,bytesPerOperation,1310952.984,1312938.312,1.285818250776414,-9.321557346780173,11.893193848333002
hosted-writer-tail-diagnostics/windows-net10.0-traffic/paired.jsonl,True,churn,5,closeMs,8.2914,9.4397,55.185503294683286,12.301983681322204,138.7858709311537
hosted-writer-tail-diagnostics/windows-net10.0-traffic/paired.jsonl,True,churn,5,retainedManagedBytes,506200,519192,1.9072244442025,0.9403338871104383,2.589496852480595
hosted-writer-tail-diagnostics/windows-net10.0-traffic/paired.jsonl,True,open-close,5,meanMs,1.9965970000000006,2.033547600000002,1.1160289431181014,-1.515633149196336,3.602099381427002
hosted-writer-tail-diagnostics/windows-net10.0-traffic/paired.jsonl,True,open-close,5,p99Ms,7.5005,7.1123,-3.8958069192493516,-9.020246746586471,0.9485330000351077
hosted-writer-tail-diagnostics/windows-net10.0-traffic/paired.jsonl,True,open-close,5,cpuMsPerOperation,3.046875,2.96875,-1.227574951712882,-4.115122115122117,2.0475463234083957
hosted-writer-tail-diagnostics/windows-net10.0-traffic/paired.jsonl,True,open-close,5,bytesPerOperation,190184.144,190871.92,0.3616133946794653,0.36142306220738885,0.3617921500469734
hosted-writer-tail-diagnostics/windows-net10.0-traffic/paired.jsonl,True,open-close,5,closeMs,0.0217,0.0165,-8.431856825273613,-31.31341738478478,14.449703734237556
hosted-writer-tail-diagnostics/windows-net10.0-traffic/paired.jsonl,True,open-close,5,retainedManagedBytes,505608,510840,0.8517156858124242,-0.9723069036713561,2.3528327063362298
hosted-writer-tail-diagnostics/windows-net10.0-traffic/paired.jsonl,True,write,5,meanMs,0.8917775000000002,0.9320047000000004,3.5127677244704625,1.7087495075335468,5.520653912329321
hosted-writer-tail-diagnostics/windows-net10.0-traffic/paired.jsonl,True,write,5,p99Ms,2.5854,2.7298,4.790709305859091,0.461227612120263,10.341151365405626
hosted-writer-tail-diagnostics/windows-net10.0-traffic/paired.jsonl,True,write,5,cpuMsPerOperation,0.671875,0.65625,-2.524452597321618,-11.152894606630381,6.103989411987145
hosted-writer-tail-diagnostics/windows-net10.0-traffic/paired.jsonl,True,write,5,bytesPerOperation,253059.032,253635.456,0.23019292512284295,0.2216917735626911,0.2386940766829948
hosted-writer-tail-diagnostics/windows-net10.0-traffic/paired.jsonl,True,write,5,closeMs,7.7449,8.9332,20.236720503600978,13.903722050797048,30.737356662724164
hosted-writer-tail-diagnostics/windows-net10.0-traffic/paired.jsonl,True,write,5,retainedManagedBytes,492904,506000,2.648643414220877,1.1587262435066092,4.145229091263207
hosted-writer-tail-diagnostics/windows-net8.0-traffic/paired.jsonl,True,churn,5,meanMs,2.5235711999999975,2.4848609999999995,0.13006179487599062,-4.235190267197256,5.217992345898365
hosted-writer-tail-diagnostics/windows-net8.0-traffic/paired.jsonl,True,churn,5,p99Ms,5.3959,5.2564,-2.2255779756417597,-7.110982664320554,2.6598267130370346
hosted-writer-tail-diagnostics/windows-net8.0-traffic/paired.jsonl,True,churn,5,cpuMsPerOperation,1.953125,1.953125,-0.5140498752792413,-6.347896029125395,4.965685443165752
hosted-writer-tail-diagnostics/windows-net8.0-traffic/paired.jsonl,True,churn,5,bytesPerOperation,1128015.072,1230625.744,16.83792006086115,-9.043201654710149,42.719041776432455
hosted-writer-tail-diagnostics/windows-net8.0-traffic/paired.jsonl,True,churn,5,closeMs,6.5625,7.9589,111.33061813189805,-11.092378074527897,233.75361433832398
hosted-writer-tail-diagnostics/windows-net8.0-traffic/paired.jsonl,True,churn,5,retainedManagedBytes,610080,610240,0.7393540155064682,-0.8706334264502491,2.936795174403355
hosted-writer-tail-diagnostics/windows-net8.0-traffic/paired.jsonl,True,open-close,5,meanMs,1.7753187999999984,1.7767670999999992,0.9070268985668672,-1.2196943563747231,2.9569271195052327
hosted-writer-tail-diagnostics/windows-net8.0-traffic/paired.jsonl,True,open-close,5,p99Ms,6.5102,7.3073,9.916640011012905,-5.678393255611027,26.104657509485158
hosted-writer-tail-diagnostics/windows-net8.0-traffic/paired.jsonl,True,open-close,5,cpuMsPerOperation,3.09375,3.1875,-0.7454129098397331,-10.11609550684236,8.625269687162893
hosted-writer-tail-diagnostics/windows-net8.0-traffic/paired.jsonl,True,open-close,5,bytesPerOperation,190995.512,191684.896,0.3604775114297132,0.3597961989328047,0.3611184692880043
hosted-writer-tail-diagnostics/windows-net8.0-traffic/paired.jsonl,True,open-close,5,closeMs,0.0205,0.0146,7.358932044068313,-31.79467680608365,56.22682660850599
hosted-writer-tail-diagnostics/windows-net8.0-traffic/paired.jsonl,True,open-close,5,retainedManagedBytes,623408,600200,-1.4532803250798731,-3.5717952375916,0.5546559982400145
hosted-writer-tail-diagnostics/windows-net8.0-traffic/paired.jsonl,True,write,5,meanMs,0.8405391000000003,0.8551854000000005,2.0314794216978793,-2.3685214681497913,5.6663478835289505
hosted-writer-tail-diagnostics/windows-net8.0-traffic/paired.jsonl,True,write,5,p99Ms,2.6084,2.599,1.7808148974353988,-1.451709522291189,5.013339317161987
hosted-writer-tail-diagnostics/windows-net8.0-traffic/paired.jsonl,True,write,5,cpuMsPerOperation,0.65625,0.640625,0.08859357696566753,-8.848283499446293,11.45071982281284
hosted-writer-tail-diagnostics/windows-net8.0-traffic/paired.jsonl,True,write,5,bytesPerOperation,253441.88,254029.128,0.23072986116553285,0.2204788484480158,0.23982886947732318
hosted-writer-tail-diagnostics/windows-net8.0-traffic/paired.jsonl,True,write,5,closeMs,6.8284,8.0162,11.385400852136572,2.326317941261416,19.988032237942946
hosted-writer-tail-diagnostics/windows-net8.0-traffic/paired.jsonl,True,write,5,retainedManagedBytes,596784,609232,2.2028759581403623,1.8297219575134704,2.576029958767254
hosted-writer-tail-extended/windows-net10.0-traffic/paired.jsonl,True,churn,15,meanMs,1.4961996,1.5109737000000005,0.8659972846189068,-1.6599774659908524,3.4055382761469963
hosted-writer-tail-extended/windows-net10.0-traffic/paired.jsonl,True,churn,15,p99Ms,3.2412,2.8842,1.5460993474797526,-9.242703941556432,11.998312345726275
hosted-writer-tail-extended/windows-net10.0-traffic/paired.jsonl,True,churn,15,cpuMsPerOperation,1.3125,1.3125,-0.19024591562279383,-3.5691875699117483,3.4054235585907593
hosted-writer-tail-extended/windows-net10.0-traffic/paired.jsonl,True,churn,15,bytesPerOperation,1960764.992,1859290.944,1.6143081158563148,-6.360668898246051,11.084764526325591
hosted-writer-tail-extended/windows-net10.0-traffic/paired.jsonl,True,churn,15,closeMs,5.7736,6.7719,42.99608112976866,-5.7579865769679905,99.73989168382121
hosted-writer-tail-extended/windows-net10.0-traffic/paired.jsonl,True,churn,15,retainedManagedBytes,499104,519344,3.220023613812093,2.305017896122258,4.1196700818233705
hosted-writer-tail-extended/windows-net8.0-traffic/paired.jsonl,True,churn,15,meanMs,2.4812151000000005,2.4736226999999995,0.11720785128097007,-1.0309471457230608,1.2846643557063826
hosted-writer-tail-extended/windows-net8.0-traffic/paired.jsonl,True,churn,15,p99Ms,4.8918,4.8023,-1.3869256948086641,-3.520257009478144,0.5750809343452697
hosted-writer-tail-extended/windows-net8.0-traffic/paired.jsonl,True,churn,15,cpuMsPerOperation,1.984375,1.96875,-1.8254019883879076,-5.0711796863738865,1.3947817151528183
hosted-writer-tail-extended/windows-net8.0-traffic/paired.jsonl,True,churn,15,bytesPerOperation,1802284.536,1831650.264,7.467621579856901,-2.9555878559182043,20.94439051799549
hosted-writer-tail-extended/windows-net8.0-traffic/paired.jsonl,True,churn,15,closeMs,6.7914,7.5245,7.840165025723809,-1.8183356046913168,14.904541564789833
hosted-writer-tail-extended/windows-net8.0-traffic/paired.jsonl,True,churn,15,retainedManagedBytes,605024,605184,0.9918184841845079,0.4356726441228531,1.6838424091162068
