2026-09-30T07:29:50.5283110Z Current runner version: '2.337.0'
2026-09-30T07:29:50.5318460Z ##[group]Runner Image Provisioner
2026-09-30T07:29:50.5319800Z Hosted Compute Agent
2026-09-30T07:29:50.5320720Z Version: 20260819.586
2026-09-30T07:29:50.5321790Z Commit: 3cc4a88dfa507ef76119ad1bb3eccc6378bb2b76
2026-09-30T07:29:50.5323080Z Build Date: 2026-08-18T23:20:18Z
2026-09-30T07:29:50.5324130Z Worker ID: {f07862fb-1cfa-4e79-adbb-d60d953ef45b}
2026-09-30T07:29:50.5325250Z Azure Region: westus
2026-09-30T07:29:50.5326150Z ##[endgroup]
2026-09-30T07:29:50.5329270Z ##[group]Operating System
2026-09-30T07:29:50.5330280Z macOS
2026-09-30T07:29:50.5331050Z 15.7.9
2026-09-30T07:29:50.5331800Z 24G830
2026-09-30T07:29:50.5332620Z ##[endgroup]
2026-09-30T07:29:50.5333610Z ##[group]Runner Image
2026-09-30T07:29:50.5334600Z Image: macos-15
2026-09-30T07:29:50.5335450Z Version: 20260824.0482.1
2026-09-30T07:29:50.5337510Z Included Software: https://github.com/actions/runner-images/blob/macos-15/20260824.0482/images/macos/macos-15-Readme.md
2026-09-30T07:29:50.5340070Z Image Release: https://github.com/actions/runner-images/releases/tag/macos-15%2F20260824.0482
2026-09-30T07:29:50.5341860Z ##[endgroup]
2026-09-30T07:29:50.5347530Z ##[group]GITHUB_TOKEN Permissions
2026-09-30T07:29:50.5350950Z Actions: write
2026-09-30T07:29:50.5352020Z ArtifactMetadata: write
2026-09-30T07:29:50.5352960Z Attestations: write
2026-09-30T07:29:50.5354180Z Checks: write
2026-09-30T07:29:50.5355140Z CodeQuality: write
2026-09-30T07:29:50.5356040Z Contents: write
2026-09-30T07:29:50.5356900Z CopilotRequests: write
2026-09-30T07:29:50.5357800Z Deployments: write
2026-09-30T07:29:50.5358740Z Discussions: write
2026-09-30T07:29:50.5359620Z Drives: write
2026-09-30T07:29:50.5360670Z Issues: write
2026-09-30T07:29:50.5362150Z Metadata: read
2026-09-30T07:29:50.5363220Z Models: read
2026-09-30T07:29:50.5364090Z Packages: write
2026-09-30T07:29:50.5364930Z Pages: write
2026-09-30T07:29:50.5365750Z PullRequests: write
2026-09-30T07:29:50.5366720Z RepositoryProjects: write
2026-09-30T07:29:50.5368180Z SecurityEvents: write
2026-09-30T07:29:50.5369180Z Statuses: write
2026-09-30T07:29:50.5370700Z VulnerabilityAlerts: read
2026-09-30T07:29:50.5371720Z ##[endgroup]
2026-09-30T07:29:50.5375410Z Secret source: Actions
2026-09-30T07:29:50.5377010Z Cache mode: write
2026-09-30T07:29:50.5378130Z Prepare workflow directory
2026-09-30T07:29:50.6609840Z Prepare all required actions
2026-09-30T07:29:50.6709800Z Getting action download info
2026-09-30T07:29:51.1376020Z Download action repository 'actions/checkout@v4' (SHA:11d5960a326750d5838078e36cf38b85af677262)
2026-09-30T07:29:51.6981270Z Download action repository 'actions/setup-dotnet@v4' (SHA:67a3573c9a986a3f9c594539f4ab511d57bb3ce9)
2026-09-30T07:29:52.4137160Z Download action repository 'actions/upload-artifact@v4' (SHA:ea165f8d65b6e75b540449e92b4886f43607fa02)
2026-09-30T07:29:53.1203640Z Uses: JKamsker/LiteDB/.github/workflows/_reusable-ci.yml@refs/pull/133/merge (5b903c916ccf89220f389993a1aa9c6602c963e1)
2026-09-30T07:29:53.1212810Z ##[group] Inputs
2026-09-30T07:29:53.1214040Z   tier: full
2026-09-30T07:29:53.1219830Z   sdk-matrix: [
  { "display": ".NET 8", "runtimeMajor": 8,  "sdk": "8.0.x",           "framework": "net8.0", "includePrerelease": false, "msbuildProps": "" },
  { "display": ".NET 9", "runtimeMajor": 9,  "sdk": "9.0.x\n8.0.x",    "framework": "net8.0", "includePrerelease": true,  "msbuildProps": "" },
  { "display": ".NET 10", "runtimeMajor": 10, "sdk": "10.0.x",          "framework": "net10.0", "includePrerelease": false, "msbuildProps": "" }
]

2026-09-30T07:29:53.1226930Z ##[endgroup]
2026-09-30T07:29:53.1228760Z Complete job name: build-and-test / Native admission (macOS Intel - net10.0)
2026-09-30T07:29:53.3044100Z ##[group]Run actions/checkout@v4
2026-09-30T07:29:53.3045990Z with:
2026-09-30T07:29:53.3046910Z   repository: JKamsker/LiteDB
2026-09-30T07:29:53.3054950Z   token: ***
2026-09-30T07:29:53.3056120Z   ssh-strict: true
2026-09-30T07:29:53.3057470Z   ssh-user: git
2026-09-30T07:29:53.3058560Z   persist-credentials: true
2026-09-30T07:29:53.3060640Z   clean: true
2026-09-30T07:29:53.3061590Z   sparse-checkout-cone-mode: true
2026-09-30T07:29:53.3062810Z   fetch-depth: 1
2026-09-30T07:29:53.3063740Z   fetch-tags: false
2026-09-30T07:29:53.3064680Z   show-progress: true
2026-09-30T07:29:53.3065630Z   lfs: false
2026-09-30T07:29:53.3066600Z   submodules: false
2026-09-30T07:29:53.3067600Z   set-safe-directory: true
2026-09-30T07:29:53.3068650Z   allow-unsafe-pr-checkout: false
2026-09-30T07:29:53.3070630Z env:
2026-09-30T07:29:53.3072250Z   LITEDB_RETAINED_FIXTURES: __CI_WORKSPACE__/LiteDB.Tests/TestResults/retained-fixtures
2026-09-30T07:29:53.3074170Z ##[endgroup]
2026-09-30T07:29:55.6168880Z Syncing repository: JKamsker/LiteDB
2026-09-30T07:29:55.6173440Z ##[group]Getting Git version info
2026-09-30T07:29:55.6175360Z Working directory is '__CI_HOME__/work/LiteDB/LiteDB'
2026-09-30T07:29:55.6178280Z [command]/usr/local/bin/git version
2026-09-30T07:29:55.6928320Z git version 2.55.0
2026-09-30T07:29:55.7253750Z ##[endgroup]
2026-09-30T07:29:55.7382550Z Copying '__CI_HOME__/.gitconfig' to '__CI_HOME__/work/_temp/bd8a58e2-76e1-4d32-87fb-4f39a8f9234c/.gitconfig'
2026-09-30T07:29:55.7422530Z Temporarily overriding HOME='__CI_HOME__/work/_temp/bd8a58e2-76e1-4d32-87fb-4f39a8f9234c' before making global git config changes
2026-09-30T07:29:55.7431030Z Adding repository directory to the temporary git global config as a safe directory
2026-09-30T07:29:55.7439500Z [command]/usr/local/bin/git config --global --add safe.directory __CI_WORKSPACE__
2026-09-30T07:29:55.8017240Z Deleting the contents of '__CI_HOME__/work/LiteDB/LiteDB'
2026-09-30T07:29:55.8058970Z ##[group]Initializing the repository
2026-09-30T07:29:55.8078070Z [command]/usr/local/bin/git init __CI_WORKSPACE__
2026-09-30T07:29:55.8686790Z hint: Using 'master' as the name for the initial branch. This default branch name
2026-09-30T07:29:55.8691530Z hint: will change to "main" in Git 3.0. To configure the initial branch name
2026-09-30T07:29:55.8697270Z hint: to use in all of your new repositories, which will suppress this warning,
2026-09-30T07:29:55.8702780Z hint: call:
2026-09-30T07:29:55.8705530Z hint:
2026-09-30T07:29:55.8708680Z hint: 	git config --global init.defaultBranch <name>
2026-09-30T07:29:55.8712010Z hint:
2026-09-30T07:29:55.8716080Z hint: Names commonly chosen instead of 'master' are 'main', 'trunk' and
2026-09-30T07:29:55.8721210Z hint: 'development'. The just-created branch can be renamed via this command:
2026-09-30T07:29:55.8724640Z hint:
2026-09-30T07:29:55.8727370Z hint: 	git branch -m <name>
2026-09-30T07:29:55.8730460Z hint:
2026-09-30T07:29:55.8733800Z hint: Disable this message with "git config set advice.defaultBranchName false"
2026-09-30T07:29:55.8738720Z Initialized empty Git repository in __CI_WORKSPACE__/.git/
2026-09-30T07:29:55.8747120Z [command]/usr/local/bin/git remote add origin https://github.com/JKamsker/LiteDB
2026-09-30T07:29:55.8912330Z ##[endgroup]
2026-09-30T07:29:55.8918710Z ##[group]Disabling automatic garbage collection
2026-09-30T07:29:55.8924160Z [command]/usr/local/bin/git config --local gc.auto 0
2026-09-30T07:29:55.9038610Z ##[endgroup]
2026-09-30T07:29:55.9041850Z ##[group]Setting up auth
2026-09-30T07:29:55.9055050Z [command]/usr/local/bin/git config --local --name-only --get-regexp core\.sshCommand
2026-09-30T07:29:55.9196800Z [command]/usr/local/bin/git submodule foreach --recursive sh -c "git config --local --name-only --get-regexp 'core\.sshCommand' && git config --local --unset-all 'core.sshCommand' || :"
2026-09-30T07:29:56.1331960Z [command]/usr/local/bin/git config --local --name-only --get-regexp http\.https\:\/\/github\.com\/\.extraheader
2026-09-30T07:29:56.1469060Z [command]/usr/local/bin/git submodule foreach --recursive sh -c "git config --local --name-only --get-regexp 'http\.https\:\/\/github\.com\/\.extraheader' && git config --local --unset-all 'http.https://github.com/.extraheader' || :"
2026-09-30T07:29:56.5739280Z [command]/usr/local/bin/git config --local --name-only --get-regexp ^includeIf\.gitdir:
2026-09-30T07:29:56.5830700Z [command]/usr/local/bin/git submodule foreach --recursive git config --local --show-origin --name-only --get-regexp remote.origin.url
2026-09-30T07:29:56.6887410Z [command]/usr/local/bin/git config --local http.https://github.com/.extraheader AUTHORIZATION: basic ***
2026-09-30T07:29:56.7064810Z ##[endgroup]
2026-09-30T07:29:56.7097280Z ##[group]Fetching the repository
2026-09-30T07:29:56.7107320Z [command]/usr/local/bin/git -c protocol.version=2 fetch --no-tags --prune --no-recurse-submodules --depth=1 origin +5b903c916ccf89220f389993a1aa9c6602c963e1:refs/remotes/pull/133/merge
2026-09-30T07:29:58.1392750Z From https://github.com/JKamsker/LiteDB
2026-09-30T07:29:58.1394870Z  * [new ref]         5b903c916ccf89220f389993a1aa9c6602c963e1 -> pull/133/merge
2026-09-30T07:29:58.1405450Z ##[endgroup]
2026-09-30T07:29:58.1406630Z ##[group]Determining the checkout info
2026-09-30T07:29:58.1408340Z ##[endgroup]
2026-09-30T07:29:58.1409250Z [command]/usr/local/bin/git sparse-checkout disable
2026-09-30T07:29:58.1561620Z [command]/usr/local/bin/git config --local --unset-all extensions.worktreeConfig
2026-09-30T07:29:58.1700460Z ##[group]Checking out the ref
2026-09-30T07:29:58.1708490Z [command]/usr/local/bin/git checkout --progress --force refs/remotes/pull/133/merge
2026-09-30T07:29:59.0411730Z HEAD is now at 5b903c9 Merge 2179ba6516c32d2798178185fcecb2554b328adc into 49c327cf1926fa300f9eb7477eb4bcb404f75c43
2026-09-30T07:29:59.0563910Z ##[endgroup]
2026-09-30T07:29:59.0712450Z [command]/usr/local/bin/git log -1 --format=%H
2026-09-30T07:29:59.0805280Z 5b903c916ccf89220f389993a1aa9c6602c963e1
2026-09-30T07:29:59.1436970Z ##[group]Run actions/setup-dotnet@v4
2026-09-30T07:29:59.1437860Z with:
2026-09-30T07:29:59.1438440Z   dotnet-version: 10.0.x
8.0.x

2026-09-30T07:29:59.1439040Z   cache: false
2026-09-30T07:29:59.1439530Z env:
2026-09-30T07:29:59.1440550Z   LITEDB_RETAINED_FIXTURES: __CI_WORKSPACE__/LiteDB.Tests/TestResults/retained-fixtures
2026-09-30T07:29:59.1441840Z ##[endgroup]
2026-09-30T07:29:59.4895810Z (node:61666) [DEP0040] DeprecationWarning: The `punycode` module is deprecated. Please use a userland alternative instead.
2026-09-30T07:29:59.4915110Z [command]__CI_HOME__/work/_actions/actions/setup-dotnet/v4/externals/install-dotnet.sh --skip-non-versioned-files --runtime dotnet --channel LTS
2026-09-30T07:29:59.4930460Z (Use `node --trace-deprecation ...` to show where the warning was created)
2026-09-30T07:30:00.3856150Z dotnet-install: Attempting to download using aka.ms link https://builds.dotnet.microsoft.com/dotnet/Runtime/10.0.12/dotnet-runtime-10.0.12-osx-x64.tar.gz
2026-09-30T07:30:00.8076140Z dotnet-install: Remote file https://builds.dotnet.microsoft.com/dotnet/Runtime/10.0.12/dotnet-runtime-10.0.12-osx-x64.tar.gz size is 35596837 bytes.
2026-09-30T07:30:00.8098290Z dotnet-install: Extracting archive from https://builds.dotnet.microsoft.com/dotnet/Runtime/10.0.12/dotnet-runtime-10.0.12-osx-x64.tar.gz
2026-09-30T07:30:03.4196820Z dotnet-install: Downloaded file size is 35596837 bytes.
2026-09-30T07:30:03.4209830Z dotnet-install: The remote and local file sizes are equal.
2026-09-30T07:30:03.6431290Z dotnet-install: Installed version is 10.0.12
2026-09-30T07:30:03.6799640Z dotnet-install: Adding to current process PATH: `__CI_HOME__/.dotnet`. Note: This change will be visible only when sourcing script.
2026-09-30T07:30:03.6839540Z dotnet-install: Note that the script does not resolve dependencies during installation.
2026-09-30T07:30:03.6890470Z dotnet-install: To check the list of dependencies, go to https://learn.microsoft.com/dotnet/core/install, select your operating system and check the "Dependencies" section.
2026-09-30T07:30:03.6926430Z dotnet-install: Installation finished successfully.
2026-09-30T07:30:03.6940330Z [command]__CI_HOME__/work/_actions/actions/setup-dotnet/v4/externals/install-dotnet.sh --skip-non-versioned-files --channel 10.0
2026-09-30T07:30:04.4171520Z dotnet-install: Attempting to download using aka.ms link https://builds.dotnet.microsoft.com/dotnet/Sdk/10.0.401/dotnet-sdk-10.0.401-osx-x64.tar.gz
2026-09-30T07:30:06.9283860Z dotnet-install: Remote file https://builds.dotnet.microsoft.com/dotnet/Sdk/10.0.401/dotnet-sdk-10.0.401-osx-x64.tar.gz size is 238641497 bytes.
2026-09-30T07:30:07.0289200Z dotnet-install: Extracting archive from https://builds.dotnet.microsoft.com/dotnet/Sdk/10.0.401/dotnet-sdk-10.0.401-osx-x64.tar.gz
2026-09-30T07:30:17.8871530Z dotnet-install: Downloaded file size is 238641497 bytes.
2026-09-30T07:30:17.8878820Z dotnet-install: The remote and local file sizes are equal.
2026-09-30T07:30:19.0066010Z dotnet-install: Installed version is 10.0.401
2026-09-30T07:30:19.0386450Z dotnet-install: Adding to current process PATH: `__CI_HOME__/.dotnet`. Note: This change will be visible only when sourcing script.
2026-09-30T07:30:19.0432620Z dotnet-install: Note that the script does not resolve dependencies during installation.
2026-09-30T07:30:19.0530030Z dotnet-install: To check the list of dependencies, go to https://learn.microsoft.com/dotnet/core/install, select your operating system and check the "Dependencies" section.
2026-09-30T07:30:19.1058540Z dotnet-install: Installation finished successfully.
2026-09-30T07:30:19.1177630Z [command]__CI_HOME__/work/_actions/actions/setup-dotnet/v4/externals/install-dotnet.sh --skip-non-versioned-files --runtime dotnet --channel LTS
2026-09-30T07:30:19.4708690Z dotnet-install: .NET Core Runtime with version '10.0.12' is already installed.
2026-09-30T07:30:19.4723420Z [command]__CI_HOME__/work/_actions/actions/setup-dotnet/v4/externals/install-dotnet.sh --skip-non-versioned-files --channel 8.0
2026-09-30T07:30:20.0090860Z dotnet-install: Attempting to download using aka.ms link https://builds.dotnet.microsoft.com/dotnet/Sdk/8.0.425/dotnet-sdk-8.0.425-osx-x64.tar.gz
2026-09-30T07:30:21.3329170Z dotnet-install: Remote file https://builds.dotnet.microsoft.com/dotnet/Sdk/8.0.425/dotnet-sdk-8.0.425-osx-x64.tar.gz size is 215008279 bytes.
2026-09-30T07:30:21.3340550Z dotnet-install: Extracting archive from https://builds.dotnet.microsoft.com/dotnet/Sdk/8.0.425/dotnet-sdk-8.0.425-osx-x64.tar.gz
2026-09-30T07:30:28.8075190Z dotnet-install: Downloaded file size is 215008279 bytes.
2026-09-30T07:30:28.8076350Z dotnet-install: The remote and local file sizes are equal.
2026-09-30T07:30:29.4244000Z dotnet-install: Installed version is 8.0.425
2026-09-30T07:30:29.4392870Z dotnet-install: Adding to current process PATH: `__CI_HOME__/.dotnet`. Note: This change will be visible only when sourcing script.
2026-09-30T07:30:29.4396300Z dotnet-install: Note that the script does not resolve dependencies during installation.
2026-09-30T07:30:29.4400470Z dotnet-install: To check the list of dependencies, go to https://learn.microsoft.com/dotnet/core/install, select your operating system and check the "Dependencies" section.
2026-09-30T07:30:29.4402990Z dotnet-install: Installation finished successfully.
2026-09-30T07:30:29.4644020Z ##[group]Run dotnet build LiteDB.Tests/LiteDB.Tests.csproj -c Release -f net10.0 -p:TestingEnabled=true
2026-09-30T07:30:29.4645670Z [36;1mdotnet build LiteDB.Tests/LiteDB.Tests.csproj -c Release -f net10.0 -p:TestingEnabled=true[0m
2026-09-30T07:30:29.4727150Z shell: /bin/bash -e {0}
2026-09-30T07:30:29.4727670Z env:
2026-09-30T07:30:29.4728650Z   LITEDB_RETAINED_FIXTURES: __CI_WORKSPACE__/LiteDB.Tests/TestResults/retained-fixtures
2026-09-30T07:30:29.4729870Z   DOTNET_ROOT: __CI_HOME__/.dotnet
2026-09-30T07:30:29.4730760Z ##[endgroup]
2026-09-30T07:30:31.2563010Z   Determining projects to restore...
2026-09-30T07:30:33.0776050Z __CI_WORKSPACE__/LiteDB/LiteDB.csproj : warning NU1510: PackageReference System.ComponentModel.TypeConverter will not be pruned. This package is automatically available and does not need to be referenced explicitly. Remove the PackageReference item. [__CI_WORKSPACE__/LiteDB.Tests/LiteDB.Tests.csproj]
2026-09-30T07:30:33.2288180Z   Restored __CI_WORKSPACE__/LiteDB.Tests.SharedMutexHarness/SharedMutexHarness.csproj (in 160 ms).
2026-09-30T07:30:34.2929680Z   Restored __CI_WORKSPACE__/LiteDB/LiteDB.csproj (in 1.17 sec).
2026-09-30T07:30:36.5904140Z   Restored __CI_WORKSPACE__/LiteDB.Tests/LiteDB.Tests.csproj (in 3.54 sec).
2026-09-30T07:30:38.0709430Z __CI_WORKSPACE__/LiteDB/LiteDB.csproj : warning NU1510: PackageReference System.ComponentModel.TypeConverter will not be pruned. This package is automatically available and does not need to be referenced explicitly. Remove the PackageReference item. [TargetFramework=net10.0]
2026-09-30T07:30:46.1539540Z ##[warning]__CI_WORKSPACE__/LiteDB/Client/Mapper/BsonMapper.Deserialize.cs(27,39): warning CS8632: The annotation for nullable reference types should only be used in code within a '#nullable' annotations context. [__CI_WORKSPACE__/LiteDB/LiteDB.csproj::TargetFramework=net10.0]
2026-09-30T07:30:46.1563580Z ##[warning]__CI_WORKSPACE__/LiteDB/Engine/FileReader/Legacy/AesEncryption.cs(21,23): warning SYSLIB0060: 'Rfc2898DeriveBytes.Rfc2898DeriveBytes(string, byte[])' is obsolete: 'The constructors on Rfc2898DeriveBytes are obsolete. Use the static Pbkdf2 method instead.' (https://aka.ms/dotnet-warnings/SYSLIB0060) [__CI_WORKSPACE__/LiteDB/LiteDB.csproj::TargetFramework=net10.0]
2026-09-30T07:30:46.1576470Z ##[warning]__CI_WORKSPACE__/LiteDB/Engine/Disk/Streams/AesStream.cs(97,27): warning SYSLIB0060: 'Rfc2898DeriveBytes.Rfc2898DeriveBytes(string, byte[])' is obsolete: 'The constructors on Rfc2898DeriveBytes are obsolete. Use the static Pbkdf2 method instead.' (https://aka.ms/dotnet-warnings/SYSLIB0060) [__CI_WORKSPACE__/LiteDB/LiteDB.csproj::TargetFramework=net10.0]
2026-09-30T07:30:46.1585650Z ##[warning]__CI_WORKSPACE__/LiteDB/Engine/FileReader/FileReaderV8.cs(23,29): warning CS0649: Field 'FileReaderV8.PageInfo.PageType' is never assigned to, and will always have its default value [__CI_WORKSPACE__/LiteDB/LiteDB.csproj::TargetFramework=net10.0]
2026-09-30T07:30:46.1594420Z ##[warning]__CI_WORKSPACE__/LiteDB/Engine/LiteEngine.cs(228,37): warning CS1734: XML comment on 'LiteEngine.InvalidDatafileState' has a paramref tag for 'checkpoint', but there is no parameter by that name [__CI_WORKSPACE__/LiteDB/LiteDB.csproj::TargetFramework=net10.0]
2026-09-30T07:30:46.1603330Z ##[warning]__CI_WORKSPACE__/LiteDB/Engine/LiteEngine.cs(231,42): warning CS1734: XML comment on 'LiteEngine.InvalidDatafileState' has a paramref tag for 'final', but there is no parameter by that name [__CI_WORKSPACE__/LiteDB/LiteDB.csproj::TargetFramework=net10.0]
2026-09-30T07:30:46.1616840Z ##[warning]__CI_WORKSPACE__/LiteDB/Client/Coordinated/CoordinatorClient.Snapshots.cs(376,42): warning CS1573: Parameter 'engine' has no matching param tag in the XML comment for 'CoordinatorClient.Snapshot.Snapshot(LiteEngine, IDisposable, int, CoordinatorStatus)' (but other parameters do) [__CI_WORKSPACE__/LiteDB/LiteDB.csproj::TargetFramework=net10.0]
2026-09-30T07:30:46.1630200Z ##[warning]__CI_WORKSPACE__/LiteDB/Client/Coordinated/CoordinatorClient.Snapshots.cs(376,62): warning CS1573: Parameter 'lease' has no matching param tag in the XML comment for 'CoordinatorClient.Snapshot.Snapshot(LiteEngine, IDisposable, int, CoordinatorStatus)' (but other parameters do) [__CI_WORKSPACE__/LiteDB/LiteDB.csproj::TargetFramework=net10.0]
2026-09-30T07:30:46.1643790Z ##[warning]__CI_WORKSPACE__/LiteDB/Client/Coordinated/CoordinatorClient.Snapshots.cs(376,73): warning CS1573: Parameter 'version' has no matching param tag in the XML comment for 'CoordinatorClient.Snapshot.Snapshot(LiteEngine, IDisposable, int, CoordinatorStatus)' (but other parameters do) [__CI_WORKSPACE__/LiteDB/LiteDB.csproj::TargetFramework=net10.0]
2026-09-30T07:30:46.1656810Z ##[warning]__CI_WORKSPACE__/LiteDB/Client/Coordinated/CoordinatorStatusPage.cs(170,27): warning CA1416: This call site is reachable on all platforms. 'FileStreamOptions.UnixCreateMode.set' is unsupported on: 'windows'. (https://learn.microsoft.com/dotnet/fundamentals/code-analysis/quality-rules/ca1416) [__CI_WORKSPACE__/LiteDB/LiteDB.csproj::TargetFramework=net10.0]
2026-09-30T07:30:46.1669900Z ##[warning]__CI_WORKSPACE__/LiteDB/Client/Coordinated/CoordinatorStatusPage.cs(133,17): warning CA1416: This call site is reachable on all platforms. 'Directory.CreateDirectory(string, UnixFileMode)' is unsupported on: 'windows'. (https://learn.microsoft.com/dotnet/fundamentals/code-analysis/quality-rules/ca1416) [__CI_WORKSPACE__/LiteDB/LiteDB.csproj::TargetFramework=net10.0]
2026-09-30T07:30:46.1682030Z ##[warning]__CI_WORKSPACE__/LiteDB/Client/Coordinated/CoordinatorStatusPage.cs(138,24): warning CA1416: This call site is reachable on all platforms. 'File.GetUnixFileMode(string)' is unsupported on: 'windows'. (https://learn.microsoft.com/dotnet/fundamentals/code-analysis/quality-rules/ca1416) [__CI_WORKSPACE__/LiteDB/LiteDB.csproj::TargetFramework=net10.0]
2026-09-30T07:30:46.1693770Z ##[warning]__CI_WORKSPACE__/LiteDB/Client/Coordinated/CoordinatorStatusPage.cs(145,51): warning CA1416: This call site is reachable on all platforms. 'File.SetUnixFileMode(string, UnixFileMode)' is unsupported on: 'windows'. (https://learn.microsoft.com/dotnet/fundamentals/code-analysis/quality-rules/ca1416) [__CI_WORKSPACE__/LiteDB/LiteDB.csproj::TargetFramework=net10.0]
2026-09-30T07:30:46.1706900Z ##[warning]__CI_WORKSPACE__/LiteDB/Client/Coordinated/CoordinatorStatusPage.cs(115,57): warning CA1416: This call site is reachable on all platforms. 'File.GetUnixFileMode(string)' is unsupported on: 'windows'. (https://learn.microsoft.com/dotnet/fundamentals/code-analysis/quality-rules/ca1416) [__CI_WORKSPACE__/LiteDB/LiteDB.csproj::TargetFramework=net10.0]
2026-09-30T07:30:46.1717640Z ##[warning]__CI_WORKSPACE__/LiteDB/Engine/Sort/SortContainer.cs(141,21): warning CA2022: Avoid inexact read with 'System.IO.Stream.Read(byte[], int, int)' (https://learn.microsoft.com/dotnet/fundamentals/code-analysis/quality-rules/ca2022) [__CI_WORKSPACE__/LiteDB/LiteDB.csproj::TargetFramework=net10.0]
2026-09-30T07:30:46.2030680Z   LiteDB -> __CI_WORKSPACE__/LiteDB/bin/Release/net10.0/LiteDB.dll
2026-09-30T07:30:46.7055370Z __CI_WORKSPACE__/LiteDB/LiteDB.csproj : warning NU1510: PackageReference System.ComponentModel.TypeConverter will not be pruned. This package is automatically available and does not need to be referenced explicitly. Remove the PackageReference item. [TargetFramework=net8.0]
2026-09-30T07:30:57.4294180Z ##[warning]__CI_WORKSPACE__/LiteDB/Client/Mapper/BsonMapper.Deserialize.cs(27,39): warning CS8632: The annotation for nullable reference types should only be used in code within a '#nullable' annotations context. [__CI_WORKSPACE__/LiteDB/LiteDB.csproj::TargetFramework=net8.0]
2026-09-30T07:30:57.4308150Z ##[warning]__CI_WORKSPACE__/LiteDB/Engine/Disk/Streams/AesStream.cs(97,27): warning SYSLIB0041: 'Rfc2898DeriveBytes.Rfc2898DeriveBytes(string, byte[])' is obsolete: 'The default hash algorithm and iteration counts in Rfc2898DeriveBytes constructors are outdated and insecure. Use a constructor that accepts the hash algorithm and the number of iterations.' (https://aka.ms/dotnet-warnings/SYSLIB0041) [__CI_WORKSPACE__/LiteDB/LiteDB.csproj::TargetFramework=net8.0]
2026-09-30T07:30:57.4321730Z ##[warning]__CI_WORKSPACE__/LiteDB/Engine/FileReader/Legacy/AesEncryption.cs(21,23): warning SYSLIB0041: 'Rfc2898DeriveBytes.Rfc2898DeriveBytes(string, byte[])' is obsolete: 'The default hash algorithm and iteration counts in Rfc2898DeriveBytes constructors are outdated and insecure. Use a constructor that accepts the hash algorithm and the number of iterations.' (https://aka.ms/dotnet-warnings/SYSLIB0041) [__CI_WORKSPACE__/LiteDB/LiteDB.csproj::TargetFramework=net8.0]
2026-09-30T07:30:57.4333040Z ##[warning]__CI_WORKSPACE__/LiteDB/Engine/FileReader/FileReaderV8.cs(23,29): warning CS0649: Field 'FileReaderV8.PageInfo.PageType' is never assigned to, and will always have its default value [__CI_WORKSPACE__/LiteDB/LiteDB.csproj::TargetFramework=net8.0]
2026-09-30T07:30:57.4341430Z ##[warning]__CI_WORKSPACE__/LiteDB/Engine/LiteEngine.cs(228,37): warning CS1734: XML comment on 'LiteEngine.InvalidDatafileState' has a paramref tag for 'checkpoint', but there is no parameter by that name [__CI_WORKSPACE__/LiteDB/LiteDB.csproj::TargetFramework=net8.0]
2026-09-30T07:30:57.4349120Z ##[warning]__CI_WORKSPACE__/LiteDB/Engine/LiteEngine.cs(231,42): warning CS1734: XML comment on 'LiteEngine.InvalidDatafileState' has a paramref tag for 'final', but there is no parameter by that name [__CI_WORKSPACE__/LiteDB/LiteDB.csproj::TargetFramework=net8.0]
2026-09-30T07:30:57.4358530Z ##[warning]__CI_WORKSPACE__/LiteDB/Client/Coordinated/CoordinatorClient.Snapshots.cs(376,42): warning CS1573: Parameter 'engine' has no matching param tag in the XML comment for 'CoordinatorClient.Snapshot.Snapshot(LiteEngine, IDisposable, int, CoordinatorStatus)' (but other parameters do) [__CI_WORKSPACE__/LiteDB/LiteDB.csproj::TargetFramework=net8.0]
2026-09-30T07:30:57.4368920Z ##[warning]__CI_WORKSPACE__/LiteDB/Client/Coordinated/CoordinatorClient.Snapshots.cs(376,62): warning CS1573: Parameter 'lease' has no matching param tag in the XML comment for 'CoordinatorClient.Snapshot.Snapshot(LiteEngine, IDisposable, int, CoordinatorStatus)' (but other parameters do) [__CI_WORKSPACE__/LiteDB/LiteDB.csproj::TargetFramework=net8.0]
2026-09-30T07:30:57.4379050Z ##[warning]__CI_WORKSPACE__/LiteDB/Client/Coordinated/CoordinatorClient.Snapshots.cs(376,73): warning CS1573: Parameter 'version' has no matching param tag in the XML comment for 'CoordinatorClient.Snapshot.Snapshot(LiteEngine, IDisposable, int, CoordinatorStatus)' (but other parameters do) [__CI_WORKSPACE__/LiteDB/LiteDB.csproj::TargetFramework=net8.0]
2026-09-30T07:30:57.4390190Z ##[warning]__CI_WORKSPACE__/LiteDB/Client/Coordinated/CoordinatorStatusPage.cs(133,17): warning CA1416: This call site is reachable on all platforms. 'Directory.CreateDirectory(string, UnixFileMode)' is unsupported on: 'windows'. (https://learn.microsoft.com/dotnet/fundamentals/code-analysis/quality-rules/ca1416) [__CI_WORKSPACE__/LiteDB/LiteDB.csproj::TargetFramework=net8.0]
2026-09-30T07:30:57.4401780Z ##[warning]__CI_WORKSPACE__/LiteDB/Client/Coordinated/CoordinatorStatusPage.cs(145,51): warning CA1416: This call site is reachable on all platforms. 'File.SetUnixFileMode(string, UnixFileMode)' is unsupported on: 'windows'. (https://learn.microsoft.com/dotnet/fundamentals/code-analysis/quality-rules/ca1416) [__CI_WORKSPACE__/LiteDB/LiteDB.csproj::TargetFramework=net8.0]
2026-09-30T07:30:57.4412810Z ##[warning]__CI_WORKSPACE__/LiteDB/Client/Coordinated/CoordinatorStatusPage.cs(138,24): warning CA1416: This call site is reachable on all platforms. 'File.GetUnixFileMode(string)' is unsupported on: 'windows'. (https://learn.microsoft.com/dotnet/fundamentals/code-analysis/quality-rules/ca1416) [__CI_WORKSPACE__/LiteDB/LiteDB.csproj::TargetFramework=net8.0]
2026-09-30T07:30:57.4423480Z ##[warning]__CI_WORKSPACE__/LiteDB/Client/Coordinated/CoordinatorStatusPage.cs(115,57): warning CA1416: This call site is reachable on all platforms. 'File.GetUnixFileMode(string)' is unsupported on: 'windows'. (https://learn.microsoft.com/dotnet/fundamentals/code-analysis/quality-rules/ca1416) [__CI_WORKSPACE__/LiteDB/LiteDB.csproj::TargetFramework=net8.0]
2026-09-30T07:30:57.4435120Z ##[warning]__CI_WORKSPACE__/LiteDB/Client/Coordinated/CoordinatorStatusPage.cs(170,27): warning CA1416: This call site is reachable on all platforms. 'FileStreamOptions.UnixCreateMode.set' is unsupported on: 'windows'. (https://learn.microsoft.com/dotnet/fundamentals/code-analysis/quality-rules/ca1416) [__CI_WORKSPACE__/LiteDB/LiteDB.csproj::TargetFramework=net8.0]
2026-09-30T07:30:57.4703500Z   LiteDB -> __CI_WORKSPACE__/LiteDB/bin/Release/net8.0/LiteDB.dll
2026-09-30T07:30:58.2841550Z ##[warning]__CI_WORKSPACE__/LiteDB.Tests.SharedMutexHarness/CoordinatorHarness.cs(35,9): warning CS0618: 'LiteDatabase.BeginTrans()' is obsolete: 'Use BeginTransaction() and Commit/Rollback on the returned handle. This legacy API is thread-bound and must not cross await.' [__CI_WORKSPACE__/LiteDB.Tests.SharedMutexHarness/SharedMutexHarness.csproj]
2026-09-30T07:30:58.3906210Z ##[warning]__CI_WORKSPACE__/LiteDB.Tests.SharedMutexHarness/CoordinatorHarness.cs(39,9): warning CS0618: 'LiteDatabase.Rollback()' is obsolete: 'Use BeginTransaction() and Commit/Rollback on the returned handle. This legacy API is thread-bound and must not cross await.' [__CI_WORKSPACE__/LiteDB.Tests.SharedMutexHarness/SharedMutexHarness.csproj]
2026-09-30T07:30:58.3938730Z ##[warning]__CI_WORKSPACE__/LiteDB.Tests.SharedMutexHarness/MvccHarness.cs(64,17): warning CS0618: 'LiteDatabase.BeginTrans()' is obsolete: 'Use BeginTransaction() and Commit/Rollback on the returned handle. This legacy API is thread-bound and must not cross await.' [__CI_WORKSPACE__/LiteDB.Tests.SharedMutexHarness/SharedMutexHarness.csproj]
2026-09-30T07:30:58.5458140Z ##[warning]__CI_WORKSPACE__/LiteDB.Tests.SharedMutexHarness/MvccHarness.cs(84,17): warning CS0618: 'LiteDatabase.BeginTrans()' is obsolete: 'Use BeginTransaction() and Commit/Rollback on the returned handle. This legacy API is thread-bound and must not cross await.' [__CI_WORKSPACE__/LiteDB.Tests.SharedMutexHarness/SharedMutexHarness.csproj]
2026-09-30T07:30:58.6342380Z ##[warning]__CI_WORKSPACE__/LiteDB.Tests.SharedMutexHarness/SharedMappedHarness.cs(40,13): warning CS0618: 'LiteDatabase.BeginTrans()' is obsolete: 'Use BeginTransaction() and Commit/Rollback on the returned handle. This legacy API is thread-bound and must not cross await.' [__CI_WORKSPACE__/LiteDB.Tests.SharedMutexHarness/SharedMutexHarness.csproj]
2026-09-30T07:30:58.7039350Z ##[warning]__CI_WORKSPACE__/LiteDB.Tests.SharedMutexHarness/SharedStorageHarness.cs(34,17): warning CS0618: 'LiteDatabase.BeginTrans()' is obsolete: 'Use BeginTransaction() and Commit/Rollback on the returned handle. This legacy API is thread-bound and must not cross await.' [__CI_WORKSPACE__/LiteDB.Tests.SharedMutexHarness/SharedMutexHarness.csproj]
2026-09-30T07:30:58.7206890Z ##[warning]__CI_WORKSPACE__/LiteDB.Tests.SharedMutexHarness/SharedStorageHarness.cs(36,55): warning CS0618: 'LiteDatabase.Commit()' is obsolete: 'Use BeginTransaction() and Commit/Rollback on the returned handle. This legacy API is thread-bound and must not cross await.' [__CI_WORKSPACE__/LiteDB.Tests.SharedMutexHarness/SharedMutexHarness.csproj]
2026-09-30T07:30:59.5626710Z   SharedMutexHarness -> __CI_WORKSPACE__/LiteDB.Tests.SharedMutexHarness/bin/Release/net8.0/SharedMutexHarness.dll
2026-09-30T07:31:27.3230340Z ##[warning]__CI_WORKSPACE__/LiteDB.Tests/Issues/Issue2265_Tests.cs(38,20): warning CS8632: The annotation for nullable reference types should only be used in code within a '#nullable' annotations context. [__CI_WORKSPACE__/LiteDB.Tests/LiteDB.Tests.csproj::TargetFramework=net10.0]
2026-09-30T07:31:27.3239400Z ##[warning]__CI_WORKSPACE__/LiteDB.Tests/Issues/Issue1829Invocation_Tests.cs(91,58): warning CS1718: Comparison made to same variable; did you mean to compare something else? [__CI_WORKSPACE__/LiteDB.Tests/LiteDB.Tests.csproj::TargetFramework=net10.0]
2026-09-30T07:31:27.3249660Z ##[warning]__CI_WORKSPACE__/LiteDB.Tests/Issues/Issue1829Invocation_Tests.cs(105,57): warning CS1718: Comparison made to same variable; did you mean to compare something else? [__CI_WORKSPACE__/LiteDB.Tests/LiteDB.Tests.csproj::TargetFramework=net10.0]
2026-09-30T07:31:27.3260530Z ##[warning]__CI_WORKSPACE__/LiteDB.Tests/Internals/Aes_Tests.cs(54,17): warning CA2022: Avoid inexact read with 'LiteDB.Engine.AesStream.Read(byte[], int, int)' (https://learn.microsoft.com/dotnet/fundamentals/code-analysis/quality-rules/ca2022) [__CI_WORKSPACE__/LiteDB.Tests/LiteDB.Tests.csproj::TargetFramework=net10.0]
2026-09-30T07:31:27.3272640Z ##[warning]__CI_WORKSPACE__/LiteDB.Tests/Internals/Aes_Tests.cs(57,17): warning CA2022: Avoid inexact read with 'LiteDB.Engine.AesStream.Read(byte[], int, int)' (https://learn.microsoft.com/dotnet/fundamentals/code-analysis/quality-rules/ca2022) [__CI_WORKSPACE__/LiteDB.Tests/LiteDB.Tests.csproj::TargetFramework=net10.0]
2026-09-30T07:31:27.3284320Z ##[warning]__CI_WORKSPACE__/LiteDB.Tests/Internals/Aes_Tests.cs(60,17): warning CA2022: Avoid inexact read with 'LiteDB.Engine.AesStream.Read(byte[], int, int)' (https://learn.microsoft.com/dotnet/fundamentals/code-analysis/quality-rules/ca2022) [__CI_WORKSPACE__/LiteDB.Tests/LiteDB.Tests.csproj::TargetFramework=net10.0]
2026-09-30T07:31:27.3314480Z ##[warning]__CI_WORKSPACE__/LiteDB.Tests/Internals/Aes_Tests.cs(140,21): warning CA2022: Avoid inexact read with 'System.Security.Cryptography.CryptoStream.Read(byte[], int, int)' (https://learn.microsoft.com/dotnet/fundamentals/code-analysis/quality-rules/ca2022) [__CI_WORKSPACE__/LiteDB.Tests/LiteDB.Tests.csproj::TargetFramework=net10.0]
2026-09-30T07:31:27.3339490Z ##[warning]__CI_WORKSPACE__/LiteDB.Tests/Internals/CacheAsync_Tests.cs(86,18): warning xUnit1031: Test methods should not use blocking task operations, as they can cause deadlocks. Use an async test method and await instead. (https://xunit.net/xunit.analyzers/rules/xUnit1031) [__CI_WORKSPACE__/LiteDB.Tests/LiteDB.Tests.csproj::TargetFramework=net10.0]
2026-09-30T07:31:27.3546460Z ##[warning]__CI_WORKSPACE__/LiteDB.Tests/Internals/TransactionHandleProcess_Tests.cs(22,13): warning xUnit2013: Do not use Assert.Equal() to check for collection size. Use Assert.Single instead. (https://xunit.net/xunit.analyzers/rules/xUnit2013) [__CI_WORKSPACE__/LiteDB.Tests/LiteDB.Tests.csproj::TargetFramework=net10.0]
2026-09-30T07:31:27.3750410Z ##[warning]__CI_WORKSPACE__/LiteDB.Tests/Issues/Issue2848_Tests.cs(87,89): warning xUnit1031: Test methods should not use blocking task operations, as they can cause deadlocks. Use an async test method and await instead. (https://xunit.net/xunit.analyzers/rules/xUnit1031) [__CI_WORKSPACE__/LiteDB.Tests/LiteDB.Tests.csproj::TargetFramework=net10.0]
2026-09-30T07:31:27.3810030Z ##[warning]__CI_WORKSPACE__/LiteDB.Tests/Issues/Issue2814Admission_Tests.cs(56,78): warning xUnit1031: Test methods should not use blocking task operations, as they can cause deadlocks. Use an async test method and await instead. (https://xunit.net/xunit.analyzers/rules/xUnit1031) [__CI_WORKSPACE__/LiteDB.Tests/LiteDB.Tests.csproj::TargetFramework=net10.0]
2026-09-30T07:31:27.3832940Z ##[warning]__CI_WORKSPACE__/LiteDB.Tests/Issues/Issue2814_Tests.cs(57,26): warning xUnit1031: Test methods should not use blocking task operations, as they can cause deadlocks. Use an async test method and await instead. (https://xunit.net/xunit.analyzers/rules/xUnit1031) [__CI_WORKSPACE__/LiteDB.Tests/LiteDB.Tests.csproj::TargetFramework=net10.0]
2026-09-30T07:31:27.3870700Z ##[warning]__CI_WORKSPACE__/LiteDB.Tests/Issues/Issue2792SnapshotPublication_Tests.cs(65,57): warning xUnit1031: Test methods should not use blocking task operations, as they can cause deadlocks. Use an async test method and await instead. (https://xunit.net/xunit.analyzers/rules/xUnit1031) [__CI_WORKSPACE__/LiteDB.Tests/LiteDB.Tests.csproj::TargetFramework=net10.0]
2026-09-30T07:31:27.3882770Z ##[warning]__CI_WORKSPACE__/LiteDB.Tests/Issues/Issue2792SnapshotPublication_Tests.cs(66,37): warning xUnit1031: Test methods should not use blocking task operations, as they can cause deadlocks. Use an async test method and await instead. (https://xunit.net/xunit.analyzers/rules/xUnit1031) [__CI_WORKSPACE__/LiteDB.Tests/LiteDB.Tests.csproj::TargetFramework=net10.0]
2026-09-30T07:31:27.3923090Z ##[warning]__CI_WORKSPACE__/LiteDB.Tests/Issues/Issue2790ReaderLease_Tests.cs(43,37): warning xUnit1030: Test methods should not call ConfigureAwait(false), as it may bypass parallelization limits. Omit ConfigureAwait, or use ConfigureAwait(true) to avoid CA2007. (https://xunit.net/xunit.analyzers/rules/xUnit1030) [__CI_WORKSPACE__/LiteDB.Tests/LiteDB.Tests.csproj::TargetFramework=net10.0]
2026-09-30T07:31:27.3950210Z ##[warning]__CI_WORKSPACE__/LiteDB.Tests/Issues/Issue2792_Tests.cs(48,24): warning xUnit1031: Test methods should not use blocking task operations, as they can cause deadlocks. Use an async test method and await instead. (https://xunit.net/xunit.analyzers/rules/xUnit1031) [__CI_WORKSPACE__/LiteDB.Tests/LiteDB.Tests.csproj::TargetFramework=net10.0]
2026-09-30T07:31:27.3965440Z ##[warning]__CI_WORKSPACE__/LiteDB.Tests/Issues/Issue2792_Tests.cs(53,24): warning xUnit1031: Test methods should not use blocking task operations, as they can cause deadlocks. Use an async test method and await instead. (https://xunit.net/xunit.analyzers/rules/xUnit1031) [__CI_WORKSPACE__/LiteDB.Tests/LiteDB.Tests.csproj::TargetFramework=net10.0]
2026-09-30T07:31:27.3979850Z ##[warning]__CI_WORKSPACE__/LiteDB.Tests/Issues/Issue2792_Tests.cs(54,44): warning xUnit1031: Test methods should not use blocking task operations, as they can cause deadlocks. Use an async test method and await instead. (https://xunit.net/xunit.analyzers/rules/xUnit1031) [__CI_WORKSPACE__/LiteDB.Tests/LiteDB.Tests.csproj::TargetFramework=net10.0]
2026-09-30T07:31:27.3989830Z ##[warning]__CI_WORKSPACE__/LiteDB.Tests/Issues/Issue2792_Tests.cs(59,24): warning xUnit1031: Test methods should not use blocking task operations, as they can cause deadlocks. Use an async test method and await instead. (https://xunit.net/xunit.analyzers/rules/xUnit1031) [__CI_WORKSPACE__/LiteDB.Tests/LiteDB.Tests.csproj::TargetFramework=net10.0]
2026-09-30T07:31:27.4001070Z ##[warning]__CI_WORKSPACE__/LiteDB.Tests/Issues/Issue2792_Tests.cs(60,24): warning xUnit1031: Test methods should not use blocking task operations, as they can cause deadlocks. Use an async test method and await instead. (https://xunit.net/xunit.analyzers/rules/xUnit1031) [__CI_WORKSPACE__/LiteDB.Tests/LiteDB.Tests.csproj::TargetFramework=net10.0]
2026-09-30T07:31:27.4012040Z ##[warning]__CI_WORKSPACE__/LiteDB.Tests/Issues/Issue2324_Tests.cs(64,33): warning xUnit1031: Test methods should not use blocking task operations, as they can cause deadlocks. Use an async test method and await instead. (https://xunit.net/xunit.analyzers/rules/xUnit1031) [__CI_WORKSPACE__/LiteDB.Tests/LiteDB.Tests.csproj::TargetFramework=net10.0]
2026-09-30T07:31:27.4022510Z ##[warning]__CI_WORKSPACE__/LiteDB.Tests/Issues/Issue2112_Tests.cs(32,13): warning xUnit2013: Do not use Assert.Equal() to check for collection size. Use Assert.Single instead. (https://xunit.net/xunit.analyzers/rules/xUnit2013) [__CI_WORKSPACE__/LiteDB.Tests/LiteDB.Tests.csproj::TargetFramework=net10.0]
2026-09-30T07:31:27.4033340Z ##[warning]__CI_WORKSPACE__/LiteDB.Tests/Issues/Issue2243ReferenceSchema_Tests.cs(21,13): warning xUnit2013: Do not use Assert.Equal() to check for collection size. Use Assert.Empty instead. (https://xunit.net/xunit.analyzers/rules/xUnit2013) [__CI_WORKSPACE__/LiteDB.Tests/LiteDB.Tests.csproj::TargetFramework=net10.0]
2026-09-30T07:31:27.4043640Z ##[warning]__CI_WORKSPACE__/LiteDB.Tests/Issues/Issue2243ReferenceSchema_Tests.cs(22,13): warning xUnit2013: Do not use Assert.Equal() to check for collection size. Use Assert.Empty instead. (https://xunit.net/xunit.analyzers/rules/xUnit2013) [__CI_WORKSPACE__/LiteDB.Tests/LiteDB.Tests.csproj::TargetFramework=net10.0]
2026-09-30T07:31:27.4053240Z ##[warning]__CI_WORKSPACE__/LiteDB.Tests/Issues/Issue1192DirectDictionary_Tests.cs(186,13): warning xUnit2013: Do not use Assert.Equal() to check for collection size. Use Assert.Empty instead. (https://xunit.net/xunit.analyzers/rules/xUnit2013) [__CI_WORKSPACE__/LiteDB.Tests/LiteDB.Tests.csproj::TargetFramework=net10.0]
2026-09-30T07:31:27.4064730Z ##[warning]__CI_WORKSPACE__/LiteDB.Tests/Engine/TransactionHandle_Tests.cs(146,32): warning xUnit1031: Test methods should not use blocking task operations, as they can cause deadlocks. Use an async test method and await instead. (https://xunit.net/xunit.analyzers/rules/xUnit1031) [__CI_WORKSPACE__/LiteDB.Tests/LiteDB.Tests.csproj::TargetFramework=net10.0]
2026-09-30T07:31:27.4074910Z ##[warning]__CI_WORKSPACE__/LiteDB.Tests/Engine/TransactionHandleSharedPinCancellation_Tests.cs(56,38): warning xUnit1031: Test methods should not use blocking task operations, as they can cause deadlocks. Use an async test method and await instead. (https://xunit.net/xunit.analyzers/rules/xUnit1031) [__CI_WORKSPACE__/LiteDB.Tests/LiteDB.Tests.csproj::TargetFramework=net10.0]
2026-09-30T07:31:27.4085350Z ##[warning]__CI_WORKSPACE__/LiteDB.Tests/Engine/TransactionHandleSharedPinCancellation_Tests.cs(57,68): warning xUnit1031: Test methods should not use blocking task operations, as they can cause deadlocks. Use an async test method and await instead. (https://xunit.net/xunit.analyzers/rules/xUnit1031) [__CI_WORKSPACE__/LiteDB.Tests/LiteDB.Tests.csproj::TargetFramework=net10.0]
2026-09-30T07:31:27.4101910Z ##[warning]__CI_WORKSPACE__/LiteDB.Tests/Engine/TransactionHandleSharedPinCancellation_Tests.cs(66,38): warning xUnit1031: Test methods should not use blocking task operations, as they can cause deadlocks. Use an async test method and await instead. (https://xunit.net/xunit.analyzers/rules/xUnit1031) [__CI_WORKSPACE__/LiteDB.Tests/LiteDB.Tests.csproj::TargetFramework=net10.0]
2026-09-30T07:31:27.4115430Z ##[warning]__CI_WORKSPACE__/LiteDB.Tests/Engine/TransactionHandleSharedAdmission_Tests.cs(48,34): warning xUnit1031: Test methods should not use blocking task operations, as they can cause deadlocks. Use an async test method and await instead. (https://xunit.net/xunit.analyzers/rules/xUnit1031) [__CI_WORKSPACE__/LiteDB.Tests/LiteDB.Tests.csproj::TargetFramework=net10.0]
2026-09-30T07:31:27.4130490Z ##[warning]__CI_WORKSPACE__/LiteDB.Tests/Engine/TransactionHandleSharedAdmission_Tests.cs(49,64): warning xUnit1031: Test methods should not use blocking task operations, as they can cause deadlocks. Use an async test method and await instead. (https://xunit.net/xunit.analyzers/rules/xUnit1031) [__CI_WORKSPACE__/LiteDB.Tests/LiteDB.Tests.csproj::TargetFramework=net10.0]
2026-09-30T07:31:27.4141850Z ##[warning]__CI_WORKSPACE__/LiteDB.Tests/Engine/TransactionHandleSharedAdmission_Tests.cs(54,22): warning xUnit1031: Test methods should not use blocking task operations, as they can cause deadlocks. Use an async test method and await instead. (https://xunit.net/xunit.analyzers/rules/xUnit1031) [__CI_WORKSPACE__/LiteDB.Tests/LiteDB.Tests.csproj::TargetFramework=net10.0]
2026-09-30T07:31:27.4153460Z ##[warning]__CI_WORKSPACE__/LiteDB.Tests/Engine/TransactionHandleMaintenanceProgress_Tests.cs(81,32): warning xUnit1031: Test methods should not use blocking task operations, as they can cause deadlocks. Use an async test method and await instead. (https://xunit.net/xunit.analyzers/rules/xUnit1031) [__CI_WORKSPACE__/LiteDB.Tests/LiteDB.Tests.csproj::TargetFramework=net10.0]
2026-09-30T07:31:27.4164180Z ##[warning]__CI_WORKSPACE__/LiteDB.Tests/Engine/TransactionHandleSharedAdmission_Tests.cs(91,34): warning xUnit1031: Test methods should not use blocking task operations, as they can cause deadlocks. Use an async test method and await instead. (https://xunit.net/xunit.analyzers/rules/xUnit1031) [__CI_WORKSPACE__/LiteDB.Tests/LiteDB.Tests.csproj::TargetFramework=net10.0]
2026-09-30T07:31:27.4174450Z ##[warning]__CI_WORKSPACE__/LiteDB.Tests/Engine/TransactionHandleSharedAdmission_Tests.cs(92,64): warning xUnit1031: Test methods should not use blocking task operations, as they can cause deadlocks. Use an async test method and await instead. (https://xunit.net/xunit.analyzers/rules/xUnit1031) [__CI_WORKSPACE__/LiteDB.Tests/LiteDB.Tests.csproj::TargetFramework=net10.0]
2026-09-30T07:31:27.4185350Z ##[warning]__CI_WORKSPACE__/LiteDB.Tests/Engine/TransactionHandleMaintenanceProgress_Tests.cs(111,41): warning xUnit1031: Test methods should not use blocking task operations, as they can cause deadlocks. Use an async test method and await instead. (https://xunit.net/xunit.analyzers/rules/xUnit1031) [__CI_WORKSPACE__/LiteDB.Tests/LiteDB.Tests.csproj::TargetFramework=net10.0]
2026-09-30T07:31:27.4196110Z ##[warning]__CI_WORKSPACE__/LiteDB.Tests/Engine/TransactionHandleMaintenanceProgress_Tests.cs(157,41): warning xUnit1031: Test methods should not use blocking task operations, as they can cause deadlocks. Use an async test method and await instead. (https://xunit.net/xunit.analyzers/rules/xUnit1031) [__CI_WORKSPACE__/LiteDB.Tests/LiteDB.Tests.csproj::TargetFramework=net10.0]
2026-09-30T07:31:27.4207270Z ##[warning]__CI_WORKSPACE__/LiteDB.Tests/Engine/TransactionHandleMaintenanceProgress_Tests.cs(190,31): warning xUnit1031: Test methods should not use blocking task operations, as they can cause deadlocks. Use an async test method and await instead. (https://xunit.net/xunit.analyzers/rules/xUnit1031) [__CI_WORKSPACE__/LiteDB.Tests/LiteDB.Tests.csproj::TargetFramework=net10.0]
2026-09-30T07:31:27.4217800Z ##[warning]__CI_WORKSPACE__/LiteDB.Tests/Engine/SharedReadPath_Tests.cs(43,13): warning CA2022: Avoid inexact read with 'System.IO.FileStream.Read(byte[], int, int)' (https://learn.microsoft.com/dotnet/fundamentals/code-analysis/quality-rules/ca2022) [__CI_WORKSPACE__/LiteDB.Tests/LiteDB.Tests.csproj::TargetFramework=net10.0]
2026-09-30T07:31:27.4228630Z ##[warning]__CI_WORKSPACE__/LiteDB.Tests/Engine/TransactionHandleContext_Tests.cs(24,46): warning CA1416: This call site is reachable on all platforms. 'WindowsIdentity.GetCurrent(bool)' is only supported on: 'windows'. (https://learn.microsoft.com/dotnet/fundamentals/code-analysis/quality-rules/ca1416) [__CI_WORKSPACE__/LiteDB.Tests/LiteDB.Tests.csproj::TargetFramework=net10.0]
2026-09-30T07:31:27.4239940Z ##[warning]__CI_WORKSPACE__/LiteDB.Tests/Engine/TransactionHandleAdmission_Tests.cs(83,37): warning xUnit1031: Test methods should not use blocking task operations, as they can cause deadlocks. Use an async test method and await instead. (https://xunit.net/xunit.analyzers/rules/xUnit1031) [__CI_WORKSPACE__/LiteDB.Tests/LiteDB.Tests.csproj::TargetFramework=net10.0]
2026-09-30T07:31:27.4250550Z ##[warning]__CI_WORKSPACE__/LiteDB.Tests/Engine/TransactionHandleAdmission_Tests.cs(84,112): warning xUnit1031: Test methods should not use blocking task operations, as they can cause deadlocks. Use an async test method and await instead. (https://xunit.net/xunit.analyzers/rules/xUnit1031) [__CI_WORKSPACE__/LiteDB.Tests/LiteDB.Tests.csproj::TargetFramework=net10.0]
2026-09-30T07:31:27.4266540Z ##[warning]__CI_WORKSPACE__/LiteDB.Tests/Engine/TransactionHandleAdmission_Tests.cs(85,62): warning xUnit1031: Test methods should not use blocking task operations, as they can cause deadlocks. Use an async test method and await instead. (https://xunit.net/xunit.analyzers/rules/xUnit1031) [__CI_WORKSPACE__/LiteDB.Tests/LiteDB.Tests.csproj::TargetFramework=net10.0]
2026-09-30T07:31:27.4276310Z ##[warning]__CI_WORKSPACE__/LiteDB.Tests/Engine/TransactionHandleAdmission_Tests.cs(130,37): warning xUnit1031: Test methods should not use blocking task operations, as they can cause deadlocks. Use an async test method and await instead. (https://xunit.net/xunit.analyzers/rules/xUnit1031) [__CI_WORKSPACE__/LiteDB.Tests/LiteDB.Tests.csproj::TargetFramework=net10.0]
2026-09-30T07:31:27.4285930Z ##[warning]__CI_WORKSPACE__/LiteDB.Tests/Engine/TransactionHandleAdmission_Tests.cs(131,57): warning xUnit1031: Test methods should not use blocking task operations, as they can cause deadlocks. Use an async test method and await instead. (https://xunit.net/xunit.analyzers/rules/xUnit1031) [__CI_WORKSPACE__/LiteDB.Tests/LiteDB.Tests.csproj::TargetFramework=net10.0]
2026-09-30T07:31:27.4295340Z ##[warning]__CI_WORKSPACE__/LiteDB.Tests/Engine/NativeAdmissionIsolation_Tests.cs(56,25): warning xUnit1031: Test methods should not use blocking task operations, as they can cause deadlocks. Use an async test method and await instead. (https://xunit.net/xunit.analyzers/rules/xUnit1031) [__CI_WORKSPACE__/LiteDB.Tests/LiteDB.Tests.csproj::TargetFramework=net10.0]
2026-09-30T07:31:27.4304780Z ##[warning]__CI_WORKSPACE__/LiteDB.Tests/Engine/NativeAdmissionIsolation_Tests.cs(65,22): warning xUnit1031: Test methods should not use blocking task operations, as they can cause deadlocks. Use an async test method and await instead. (https://xunit.net/xunit.analyzers/rules/xUnit1031) [__CI_WORKSPACE__/LiteDB.Tests/LiteDB.Tests.csproj::TargetFramework=net10.0]
2026-09-30T07:31:27.4313520Z ##[warning]__CI_WORKSPACE__/LiteDB.Tests/Engine/NativeAdmissionDirectPoolFinalizer_Tests.cs(74,13): warning xUnit2013: Do not use Assert.Equal() to check for collection size. Use Assert.Single instead. (https://xunit.net/xunit.analyzers/rules/xUnit2013) [__CI_WORKSPACE__/LiteDB.Tests/LiteDB.Tests.csproj::TargetFramework=net10.0]
2026-09-30T07:31:27.4323420Z ##[warning]__CI_WORKSPACE__/LiteDB.Tests/Engine/NativeAdmissionDirectContext_Tests.cs(140,38): warning xUnit1031: Test methods should not use blocking task operations, as they can cause deadlocks. Use an async test method and await instead. (https://xunit.net/xunit.analyzers/rules/xUnit1031) [__CI_WORKSPACE__/LiteDB.Tests/LiteDB.Tests.csproj::TargetFramework=net10.0]
2026-09-30T07:31:27.4332490Z ##[warning]__CI_WORKSPACE__/LiteDB.Tests/Engine/Issue2881_VectorPromotion_Tests.cs(147,13): warning CA2022: Avoid inexact read with 'System.IO.Stream.Read(byte[], int, int)' (https://learn.microsoft.com/dotnet/fundamentals/code-analysis/quality-rules/ca2022) [__CI_WORKSPACE__/LiteDB.Tests/LiteDB.Tests.csproj::TargetFramework=net10.0]
2026-09-30T07:31:27.4341530Z ##[warning]__CI_WORKSPACE__/LiteDB.Tests/Engine/NativeAdmissionDirectContextLifetime_Tests.cs(151,37): warning xUnit1031: Test methods should not use blocking task operations, as they can cause deadlocks. Use an async test method and await instead. (https://xunit.net/xunit.analyzers/rules/xUnit1031) [__CI_WORKSPACE__/LiteDB.Tests/LiteDB.Tests.csproj::TargetFramework=net10.0]
2026-09-30T07:31:27.4351760Z ##[warning]__CI_WORKSPACE__/LiteDB.Tests/Engine/CoordinatorSnapshotReads_Tests.cs(161,28): warning xUnit1031: Test methods should not use blocking task operations, as they can cause deadlocks. Use an async test method and await instead. (https://xunit.net/xunit.analyzers/rules/xUnit1031) [__CI_WORKSPACE__/LiteDB.Tests/LiteDB.Tests.csproj::TargetFramework=net10.0]
2026-09-30T07:31:27.4361090Z ##[warning]__CI_WORKSPACE__/LiteDB.Tests/Engine/CoordinatorSnapshotReads_Tests.cs(172,24): warning xUnit1031: Test methods should not use blocking task operations, as they can cause deadlocks. Use an async test method and await instead. (https://xunit.net/xunit.analyzers/rules/xUnit1031) [__CI_WORKSPACE__/LiteDB.Tests/LiteDB.Tests.csproj::TargetFramework=net10.0]
2026-09-30T07:31:27.4370700Z ##[warning]__CI_WORKSPACE__/LiteDB.Tests/Engine/CompactSchemaCacheConcurrency_Tests.cs(96,18): warning xUnit1031: Test methods should not use blocking task operations, as they can cause deadlocks. Use an async test method and await instead. (https://xunit.net/xunit.analyzers/rules/xUnit1031) [__CI_WORKSPACE__/LiteDB.Tests/LiteDB.Tests.csproj::TargetFramework=net10.0]
2026-09-30T07:31:27.4380050Z ##[warning]__CI_WORKSPACE__/LiteDB.Tests/Engine/CoordinatorPlatform_Tests.cs(289,22): warning xUnit1031: Test methods should not use blocking task operations, as they can cause deadlocks. Use an async test method and await instead. (https://xunit.net/xunit.analyzers/rules/xUnit1031) [__CI_WORKSPACE__/LiteDB.Tests/LiteDB.Tests.csproj::TargetFramework=net10.0]
2026-09-30T07:31:27.4389140Z ##[warning]__CI_WORKSPACE__/LiteDB.Tests/Engine/Coordinator_Tests.cs(262,20): warning xUnit1031: Test methods should not use blocking task operations, as they can cause deadlocks. Use an async test method and await instead. (https://xunit.net/xunit.analyzers/rules/xUnit1031) [__CI_WORKSPACE__/LiteDB.Tests/LiteDB.Tests.csproj::TargetFramework=net10.0]
2026-09-30T07:31:27.4397680Z ##[warning]__CI_WORKSPACE__/LiteDB.Tests/Engine/CoordinatorSafety_Tests.cs(252,13): warning CA2022: Avoid inexact read with 'System.IO.FileStream.Read(byte[], int, int)' (https://learn.microsoft.com/dotnet/fundamentals/code-analysis/quality-rules/ca2022) [__CI_WORKSPACE__/LiteDB.Tests/LiteDB.Tests.csproj::TargetFramework=net10.0]
2026-09-30T07:31:27.4793000Z   LiteDB.Tests -> __CI_WORKSPACE__/LiteDB.Tests/bin/Release/net10.0/LiteDB.Tests.dll
2026-09-30T07:31:27.5231560Z 
2026-09-30T07:31:27.5619310Z Build succeeded.
2026-09-30T07:31:27.5620730Z 
2026-09-30T07:31:27.5624960Z __CI_WORKSPACE__/LiteDB/LiteDB.csproj : warning NU1510: PackageReference System.ComponentModel.TypeConverter will not be pruned. This package is automatically available and does not need to be referenced explicitly. Remove the PackageReference item. [TargetFramework=net10.0]
2026-09-30T07:31:27.5633040Z ##[warning]__CI_WORKSPACE__/LiteDB/Client/Mapper/BsonMapper.Deserialize.cs(27,39): warning CS8632: The annotation for nullable reference types should only be used in code within a '#nullable' annotations context. [__CI_WORKSPACE__/LiteDB/LiteDB.csproj::TargetFramework=net10.0]
2026-09-30T07:31:27.5644610Z ##[warning]__CI_WORKSPACE__/LiteDB/Engine/FileReader/Legacy/AesEncryption.cs(21,23): warning SYSLIB0060: 'Rfc2898DeriveBytes.Rfc2898DeriveBytes(string, byte[])' is obsolete: 'The constructors on Rfc2898DeriveBytes are obsolete. Use the static Pbkdf2 method instead.' (https://aka.ms/dotnet-warnings/SYSLIB0060) [__CI_WORKSPACE__/LiteDB/LiteDB.csproj::TargetFramework=net10.0]
2026-09-30T07:31:27.5656660Z ##[warning]__CI_WORKSPACE__/LiteDB/Engine/Disk/Streams/AesStream.cs(97,27): warning SYSLIB0060: 'Rfc2898DeriveBytes.Rfc2898DeriveBytes(string, byte[])' is obsolete: 'The constructors on Rfc2898DeriveBytes are obsolete. Use the static Pbkdf2 method instead.' (https://aka.ms/dotnet-warnings/SYSLIB0060) [__CI_WORKSPACE__/LiteDB/LiteDB.csproj::TargetFramework=net10.0]
2026-09-30T07:31:27.5666600Z ##[warning]__CI_WORKSPACE__/LiteDB/Engine/FileReader/FileReaderV8.cs(23,29): warning CS0649: Field 'FileReaderV8.PageInfo.PageType' is never assigned to, and will always have its default value [__CI_WORKSPACE__/LiteDB/LiteDB.csproj::TargetFramework=net10.0]
2026-09-30T07:31:27.5674740Z ##[warning]__CI_WORKSPACE__/LiteDB/Engine/LiteEngine.cs(228,37): warning CS1734: XML comment on 'LiteEngine.InvalidDatafileState' has a paramref tag for 'checkpoint', but there is no parameter by that name [__CI_WORKSPACE__/LiteDB/LiteDB.csproj::TargetFramework=net10.0]
2026-09-30T07:31:27.5683850Z ##[warning]__CI_WORKSPACE__/LiteDB/Engine/LiteEngine.cs(231,42): warning CS1734: XML comment on 'LiteEngine.InvalidDatafileState' has a paramref tag for 'final', but there is no parameter by that name [__CI_WORKSPACE__/LiteDB/LiteDB.csproj::TargetFramework=net10.0]
2026-09-30T07:31:27.5694240Z ##[warning]__CI_WORKSPACE__/LiteDB/Client/Coordinated/CoordinatorClient.Snapshots.cs(376,42): warning CS1573: Parameter 'engine' has no matching param tag in the XML comment for 'CoordinatorClient.Snapshot.Snapshot(LiteEngine, IDisposable, int, CoordinatorStatus)' (but other parameters do) [__CI_WORKSPACE__/LiteDB/LiteDB.csproj::TargetFramework=net10.0]
2026-09-30T07:31:27.5704990Z ##[warning]__CI_WORKSPACE__/LiteDB/Client/Coordinated/CoordinatorClient.Snapshots.cs(376,62): warning CS1573: Parameter 'lease' has no matching param tag in the XML comment for 'CoordinatorClient.Snapshot.Snapshot(LiteEngine, IDisposable, int, CoordinatorStatus)' (but other parameters do) [__CI_WORKSPACE__/LiteDB/LiteDB.csproj::TargetFramework=net10.0]
2026-09-30T07:31:27.5716050Z ##[warning]__CI_WORKSPACE__/LiteDB/Client/Coordinated/CoordinatorClient.Snapshots.cs(376,73): warning CS1573: Parameter 'version' has no matching param tag in the XML comment for 'CoordinatorClient.Snapshot.Snapshot(LiteEngine, IDisposable, int, CoordinatorStatus)' (but other parameters do) [__CI_WORKSPACE__/LiteDB/LiteDB.csproj::TargetFramework=net10.0]
2026-09-30T07:31:27.5726940Z ##[warning]__CI_WORKSPACE__/LiteDB/Client/Coordinated/CoordinatorStatusPage.cs(170,27): warning CA1416: This call site is reachable on all platforms. 'FileStreamOptions.UnixCreateMode.set' is unsupported on: 'windows'. (https://learn.microsoft.com/dotnet/fundamentals/code-analysis/quality-rules/ca1416) [__CI_WORKSPACE__/LiteDB/LiteDB.csproj::TargetFramework=net10.0]
2026-09-30T07:31:27.5749690Z ##[warning]__CI_WORKSPACE__/LiteDB/Client/Coordinated/CoordinatorStatusPage.cs(133,17): warning CA1416: This call site is reachable on all platforms. 'Directory.CreateDirectory(string, UnixFileMode)' is unsupported on: 'windows'. (https://learn.microsoft.com/dotnet/fundamentals/code-analysis/quality-rules/ca1416) [__CI_WORKSPACE__/LiteDB/LiteDB.csproj::TargetFramework=net10.0]
2026-09-30T07:31:27.5766290Z ##[warning]__CI_WORKSPACE__/LiteDB/Client/Coordinated/CoordinatorStatusPage.cs(138,24): warning CA1416: This call site is reachable on all platforms. 'File.GetUnixFileMode(string)' is unsupported on: 'windows'. (https://learn.microsoft.com/dotnet/fundamentals/code-analysis/quality-rules/ca1416) [__CI_WORKSPACE__/LiteDB/LiteDB.csproj::TargetFramework=net10.0]
2026-09-30T07:31:27.5783960Z ##[warning]__CI_WORKSPACE__/LiteDB/Client/Coordinated/CoordinatorStatusPage.cs(145,51): warning CA1416: This call site is reachable on all platforms. 'File.SetUnixFileMode(string, UnixFileMode)' is unsupported on: 'windows'. (https://learn.microsoft.com/dotnet/fundamentals/code-analysis/quality-rules/ca1416) [__CI_WORKSPACE__/LiteDB/LiteDB.csproj::TargetFramework=net10.0]
2026-09-30T07:31:27.5799670Z ##[warning]__CI_WORKSPACE__/LiteDB/Client/Coordinated/CoordinatorStatusPage.cs(115,57): warning CA1416: This call site is reachable on all platforms. 'File.GetUnixFileMode(string)' is unsupported on: 'windows'. (https://learn.microsoft.com/dotnet/fundamentals/code-analysis/quality-rules/ca1416) [__CI_WORKSPACE__/LiteDB/LiteDB.csproj::TargetFramework=net10.0]
2026-09-30T07:31:27.5811050Z ##[warning]__CI_WORKSPACE__/LiteDB/Engine/Sort/SortContainer.cs(141,21): warning CA2022: Avoid inexact read with 'System.IO.Stream.Read(byte[], int, int)' (https://learn.microsoft.com/dotnet/fundamentals/code-analysis/quality-rules/ca2022) [__CI_WORKSPACE__/LiteDB/LiteDB.csproj::TargetFramework=net10.0]
2026-09-30T07:31:27.5819670Z __CI_WORKSPACE__/LiteDB/LiteDB.csproj : warning NU1510: PackageReference System.ComponentModel.TypeConverter will not be pruned. This package is automatically available and does not need to be referenced explicitly. Remove the PackageReference item. [TargetFramework=net8.0]
2026-09-30T07:31:27.5828310Z ##[warning]__CI_WORKSPACE__/LiteDB/Client/Mapper/BsonMapper.Deserialize.cs(27,39): warning CS8632: The annotation for nullable reference types should only be used in code within a '#nullable' annotations context. [__CI_WORKSPACE__/LiteDB/LiteDB.csproj::TargetFramework=net8.0]
2026-09-30T07:31:27.5842640Z ##[warning]__CI_WORKSPACE__/LiteDB/Engine/Disk/Streams/AesStream.cs(97,27): warning SYSLIB0041: 'Rfc2898DeriveBytes.Rfc2898DeriveBytes(string, byte[])' is obsolete: 'The default hash algorithm and iteration counts in Rfc2898DeriveBytes constructors are outdated and insecure. Use a constructor that accepts the hash algorithm and the number of iterations.' (https://aka.ms/dotnet-warnings/SYSLIB0041) [__CI_WORKSPACE__/LiteDB/LiteDB.csproj::TargetFramework=net8.0]
2026-09-30T07:31:27.5858970Z ##[warning]__CI_WORKSPACE__/LiteDB/Engine/FileReader/Legacy/AesEncryption.cs(21,23): warning SYSLIB0041: 'Rfc2898DeriveBytes.Rfc2898DeriveBytes(string, byte[])' is obsolete: 'The default hash algorithm and iteration counts in Rfc2898DeriveBytes constructors are outdated and insecure. Use a constructor that accepts the hash algorithm and the number of iterations.' (https://aka.ms/dotnet-warnings/SYSLIB0041) [__CI_WORKSPACE__/LiteDB/LiteDB.csproj::TargetFramework=net8.0]
2026-09-30T07:31:27.5870260Z ##[warning]__CI_WORKSPACE__/LiteDB/Engine/FileReader/FileReaderV8.cs(23,29): warning CS0649: Field 'FileReaderV8.PageInfo.PageType' is never assigned to, and will always have its default value [__CI_WORKSPACE__/LiteDB/LiteDB.csproj::TargetFramework=net8.0]
2026-09-30T07:31:27.5881030Z ##[warning]__CI_WORKSPACE__/LiteDB/Engine/LiteEngine.cs(228,37): warning CS1734: XML comment on 'LiteEngine.InvalidDatafileState' has a paramref tag for 'checkpoint', but there is no parameter by that name [__CI_WORKSPACE__/LiteDB/LiteDB.csproj::TargetFramework=net8.0]
2026-09-30T07:31:27.5890530Z ##[warning]__CI_WORKSPACE__/LiteDB/Engine/LiteEngine.cs(231,42): warning CS1734: XML comment on 'LiteEngine.InvalidDatafileState' has a paramref tag for 'final', but there is no parameter by that name [__CI_WORKSPACE__/LiteDB/LiteDB.csproj::TargetFramework=net8.0]
2026-09-30T07:31:27.5900900Z ##[warning]__CI_WORKSPACE__/LiteDB/Client/Coordinated/CoordinatorClient.Snapshots.cs(376,42): warning CS1573: Parameter 'engine' has no matching param tag in the XML comment for 'CoordinatorClient.Snapshot.Snapshot(LiteEngine, IDisposable, int, CoordinatorStatus)' (but other parameters do) [__CI_WORKSPACE__/LiteDB/LiteDB.csproj::TargetFramework=net8.0]
2026-09-30T07:31:27.5912120Z ##[warning]__CI_WORKSPACE__/LiteDB/Client/Coordinated/CoordinatorClient.Snapshots.cs(376,62): warning CS1573: Parameter 'lease' has no matching param tag in the XML comment for 'CoordinatorClient.Snapshot.Snapshot(LiteEngine, IDisposable, int, CoordinatorStatus)' (but other parameters do) [__CI_WORKSPACE__/LiteDB/LiteDB.csproj::TargetFramework=net8.0]
2026-09-30T07:31:27.5925120Z ##[warning]__CI_WORKSPACE__/LiteDB/Client/Coordinated/CoordinatorClient.Snapshots.cs(376,73): warning CS1573: Parameter 'version' has no matching param tag in the XML comment for 'CoordinatorClient.Snapshot.Snapshot(LiteEngine, IDisposable, int, CoordinatorStatus)' (but other parameters do) [__CI_WORKSPACE__/LiteDB/LiteDB.csproj::TargetFramework=net8.0]
2026-09-30T07:31:27.5936500Z ##[warning]__CI_WORKSPACE__/LiteDB/Client/Coordinated/CoordinatorStatusPage.cs(133,17): warning CA1416: This call site is reachable on all platforms. 'Directory.CreateDirectory(string, UnixFileMode)' is unsupported on: 'windows'. (https://learn.microsoft.com/dotnet/fundamentals/code-analysis/quality-rules/ca1416) [__CI_WORKSPACE__/LiteDB/LiteDB.csproj::TargetFramework=net8.0]
2026-09-30T07:31:27.5948280Z ##[warning]__CI_WORKSPACE__/LiteDB/Client/Coordinated/CoordinatorStatusPage.cs(145,51): warning CA1416: This call site is reachable on all platforms. 'File.SetUnixFileMode(string, UnixFileMode)' is unsupported on: 'windows'. (https://learn.microsoft.com/dotnet/fundamentals/code-analysis/quality-rules/ca1416) [__CI_WORKSPACE__/LiteDB/LiteDB.csproj::TargetFramework=net8.0]
2026-09-30T07:31:27.5959770Z ##[warning]__CI_WORKSPACE__/LiteDB/Client/Coordinated/CoordinatorStatusPage.cs(138,24): warning CA1416: This call site is reachable on all platforms. 'File.GetUnixFileMode(string)' is unsupported on: 'windows'. (https://learn.microsoft.com/dotnet/fundamentals/code-analysis/quality-rules/ca1416) [__CI_WORKSPACE__/LiteDB/LiteDB.csproj::TargetFramework=net8.0]
2026-09-30T07:31:27.5972200Z ##[warning]__CI_WORKSPACE__/LiteDB/Client/Coordinated/CoordinatorStatusPage.cs(115,57): warning CA1416: This call site is reachable on all platforms. 'File.GetUnixFileMode(string)' is unsupported on: 'windows'. (https://learn.microsoft.com/dotnet/fundamentals/code-analysis/quality-rules/ca1416) [__CI_WORKSPACE__/LiteDB/LiteDB.csproj::TargetFramework=net8.0]
2026-09-30T07:31:27.5984190Z ##[warning]__CI_WORKSPACE__/LiteDB/Client/Coordinated/CoordinatorStatusPage.cs(170,27): warning CA1416: This call site is reachable on all platforms. 'FileStreamOptions.UnixCreateMode.set' is unsupported on: 'windows'. (https://learn.microsoft.com/dotnet/fundamentals/code-analysis/quality-rules/ca1416) [__CI_WORKSPACE__/LiteDB/LiteDB.csproj::TargetFramework=net8.0]
2026-09-30T07:31:27.6011640Z ##[warning]__CI_WORKSPACE__/LiteDB.Tests.SharedMutexHarness/CoordinatorHarness.cs(35,9): warning CS0618: 'LiteDatabase.BeginTrans()' is obsolete: 'Use BeginTransaction() and Commit/Rollback on the returned handle. This legacy API is thread-bound and must not cross await.' [__CI_WORKSPACE__/LiteDB.Tests.SharedMutexHarness/SharedMutexHarness.csproj]
2026-09-30T07:31:27.6024770Z ##[warning]__CI_WORKSPACE__/LiteDB.Tests.SharedMutexHarness/CoordinatorHarness.cs(39,9): warning CS0618: 'LiteDatabase.Rollback()' is obsolete: 'Use BeginTransaction() and Commit/Rollback on the returned handle. This legacy API is thread-bound and must not cross await.' [__CI_WORKSPACE__/LiteDB.Tests.SharedMutexHarness/SharedMutexHarness.csproj]
2026-09-30T07:31:27.6034840Z ##[warning]__CI_WORKSPACE__/LiteDB.Tests.SharedMutexHarness/MvccHarness.cs(64,17): warning CS0618: 'LiteDatabase.BeginTrans()' is obsolete: 'Use BeginTransaction() and Commit/Rollback on the returned handle. This legacy API is thread-bound and must not cross await.' [__CI_WORKSPACE__/LiteDB.Tests.SharedMutexHarness/SharedMutexHarness.csproj]
2026-09-30T07:31:27.6076930Z ##[warning]__CI_WORKSPACE__/LiteDB.Tests.SharedMutexHarness/MvccHarness.cs(84,17): warning CS0618: 'LiteDatabase.BeginTrans()' is obsolete: 'Use BeginTransaction() and Commit/Rollback on the returned handle. This legacy API is thread-bound and must not cross await.' [__CI_WORKSPACE__/LiteDB.Tests.SharedMutexHarness/SharedMutexHarness.csproj]
2026-09-30T07:31:27.6086630Z ##[warning]__CI_WORKSPACE__/LiteDB.Tests.SharedMutexHarness/SharedMappedHarness.cs(40,13): warning CS0618: 'LiteDatabase.BeginTrans()' is obsolete: 'Use BeginTransaction() and Commit/Rollback on the returned handle. This legacy API is thread-bound and must not cross await.' [__CI_WORKSPACE__/LiteDB.Tests.SharedMutexHarness/SharedMutexHarness.csproj]
2026-09-30T07:31:27.6098570Z ##[warning]__CI_WORKSPACE__/LiteDB.Tests.SharedMutexHarness/SharedStorageHarness.cs(34,17): warning CS0618: 'LiteDatabase.BeginTrans()' is obsolete: 'Use BeginTransaction() and Commit/Rollback on the returned handle. This legacy API is thread-bound and must not cross await.' [__CI_WORKSPACE__/LiteDB.Tests.SharedMutexHarness/SharedMutexHarness.csproj]
2026-09-30T07:31:27.6109860Z ##[warning]__CI_WORKSPACE__/LiteDB.Tests.SharedMutexHarness/SharedStorageHarness.cs(36,55): warning CS0618: 'LiteDatabase.Commit()' is obsolete: 'Use BeginTransaction() and Commit/Rollback on the returned handle. This legacy API is thread-bound and must not cross await.' [__CI_WORKSPACE__/LiteDB.Tests.SharedMutexHarness/SharedMutexHarness.csproj]
2026-09-30T07:31:27.6118810Z ##[warning]__CI_WORKSPACE__/LiteDB.Tests/Issues/Issue2265_Tests.cs(38,20): warning CS8632: The annotation for nullable reference types should only be used in code within a '#nullable' annotations context. [__CI_WORKSPACE__/LiteDB.Tests/LiteDB.Tests.csproj::TargetFramework=net10.0]
2026-09-30T07:31:27.6125780Z ##[warning]__CI_WORKSPACE__/LiteDB.Tests/Issues/Issue1829Invocation_Tests.cs(91,58): warning CS1718: Comparison made to same variable; did you mean to compare something else? [__CI_WORKSPACE__/LiteDB.Tests/LiteDB.Tests.csproj::TargetFramework=net10.0]
2026-09-30T07:31:27.6132260Z ##[warning]__CI_WORKSPACE__/LiteDB.Tests/Issues/Issue1829Invocation_Tests.cs(105,57): warning CS1718: Comparison made to same variable; did you mean to compare something else? [__CI_WORKSPACE__/LiteDB.Tests/LiteDB.Tests.csproj::TargetFramework=net10.0]
2026-09-30T07:31:27.6140630Z ##[warning]__CI_WORKSPACE__/LiteDB.Tests/Internals/Aes_Tests.cs(54,17): warning CA2022: Avoid inexact read with 'LiteDB.Engine.AesStream.Read(byte[], int, int)' (https://learn.microsoft.com/dotnet/fundamentals/code-analysis/quality-rules/ca2022) [__CI_WORKSPACE__/LiteDB.Tests/LiteDB.Tests.csproj::TargetFramework=net10.0]
2026-09-30T07:31:27.6150880Z ##[warning]__CI_WORKSPACE__/LiteDB.Tests/Internals/Aes_Tests.cs(57,17): warning CA2022: Avoid inexact read with 'LiteDB.Engine.AesStream.Read(byte[], int, int)' (https://learn.microsoft.com/dotnet/fundamentals/code-analysis/quality-rules/ca2022) [__CI_WORKSPACE__/LiteDB.Tests/LiteDB.Tests.csproj::TargetFramework=net10.0]
2026-09-30T07:31:27.6161200Z ##[warning]__CI_WORKSPACE__/LiteDB.Tests/Internals/Aes_Tests.cs(60,17): warning CA2022: Avoid inexact read with 'LiteDB.Engine.AesStream.Read(byte[], int, int)' (https://learn.microsoft.com/dotnet/fundamentals/code-analysis/quality-rules/ca2022) [__CI_WORKSPACE__/LiteDB.Tests/LiteDB.Tests.csproj::TargetFramework=net10.0]
2026-09-30T07:31:27.6170840Z ##[warning]__CI_WORKSPACE__/LiteDB.Tests/Internals/Aes_Tests.cs(140,21): warning CA2022: Avoid inexact read with 'System.Security.Cryptography.CryptoStream.Read(byte[], int, int)' (https://learn.microsoft.com/dotnet/fundamentals/code-analysis/quality-rules/ca2022) [__CI_WORKSPACE__/LiteDB.Tests/LiteDB.Tests.csproj::TargetFramework=net10.0]
2026-09-30T07:31:27.6181210Z ##[warning]__CI_WORKSPACE__/LiteDB.Tests/Internals/CacheAsync_Tests.cs(86,18): warning xUnit1031: Test methods should not use blocking task operations, as they can cause deadlocks. Use an async test method and await instead. (https://xunit.net/xunit.analyzers/rules/xUnit1031) [__CI_WORKSPACE__/LiteDB.Tests/LiteDB.Tests.csproj::TargetFramework=net10.0]
2026-09-30T07:31:27.6189800Z ##[warning]__CI_WORKSPACE__/LiteDB.Tests/Internals/TransactionHandleProcess_Tests.cs(22,13): warning xUnit2013: Do not use Assert.Equal() to check for collection size. Use Assert.Single instead. (https://xunit.net/xunit.analyzers/rules/xUnit2013) [__CI_WORKSPACE__/LiteDB.Tests/LiteDB.Tests.csproj::TargetFramework=net10.0]
2026-09-30T07:31:27.6199170Z ##[warning]__CI_WORKSPACE__/LiteDB.Tests/Issues/Issue2848_Tests.cs(87,89): warning xUnit1031: Test methods should not use blocking task operations, as they can cause deadlocks. Use an async test method and await instead. (https://xunit.net/xunit.analyzers/rules/xUnit1031) [__CI_WORKSPACE__/LiteDB.Tests/LiteDB.Tests.csproj::TargetFramework=net10.0]
2026-09-30T07:31:27.6208470Z ##[warning]__CI_WORKSPACE__/LiteDB.Tests/Issues/Issue2814Admission_Tests.cs(56,78): warning xUnit1031: Test methods should not use blocking task operations, as they can cause deadlocks. Use an async test method and await instead. (https://xunit.net/xunit.analyzers/rules/xUnit1031) [__CI_WORKSPACE__/LiteDB.Tests/LiteDB.Tests.csproj::TargetFramework=net10.0]
2026-09-30T07:31:27.6217550Z ##[warning]__CI_WORKSPACE__/LiteDB.Tests/Issues/Issue2814_Tests.cs(57,26): warning xUnit1031: Test methods should not use blocking task operations, as they can cause deadlocks. Use an async test method and await instead. (https://xunit.net/xunit.analyzers/rules/xUnit1031) [__CI_WORKSPACE__/LiteDB.Tests/LiteDB.Tests.csproj::TargetFramework=net10.0]
2026-09-30T07:31:27.6226820Z ##[warning]__CI_WORKSPACE__/LiteDB.Tests/Issues/Issue2792SnapshotPublication_Tests.cs(65,57): warning xUnit1031: Test methods should not use blocking task operations, as they can cause deadlocks. Use an async test method and await instead. (https://xunit.net/xunit.analyzers/rules/xUnit1031) [__CI_WORKSPACE__/LiteDB.Tests/LiteDB.Tests.csproj::TargetFramework=net10.0]
2026-09-30T07:31:27.6236450Z ##[warning]__CI_WORKSPACE__/LiteDB.Tests/Issues/Issue2792SnapshotPublication_Tests.cs(66,37): warning xUnit1031: Test methods should not use blocking task operations, as they can cause deadlocks. Use an async test method and await instead. (https://xunit.net/xunit.analyzers/rules/xUnit1031) [__CI_WORKSPACE__/LiteDB.Tests/LiteDB.Tests.csproj::TargetFramework=net10.0]
2026-09-30T07:31:27.6247350Z ##[warning]__CI_WORKSPACE__/LiteDB.Tests/Issues/Issue2790ReaderLease_Tests.cs(43,37): warning xUnit1030: Test methods should not call ConfigureAwait(false), as it may bypass parallelization limits. Omit ConfigureAwait, or use ConfigureAwait(true) to avoid CA2007. (https://xunit.net/xunit.analyzers/rules/xUnit1030) [__CI_WORKSPACE__/LiteDB.Tests/LiteDB.Tests.csproj::TargetFramework=net10.0]
2026-09-30T07:31:27.6257230Z ##[warning]__CI_WORKSPACE__/LiteDB.Tests/Issues/Issue2792_Tests.cs(48,24): warning xUnit1031: Test methods should not use blocking task operations, as they can cause deadlocks. Use an async test method and await instead. (https://xunit.net/xunit.analyzers/rules/xUnit1031) [__CI_WORKSPACE__/LiteDB.Tests/LiteDB.Tests.csproj::TargetFramework=net10.0]
2026-09-30T07:31:27.6266890Z ##[warning]__CI_WORKSPACE__/LiteDB.Tests/Issues/Issue2792_Tests.cs(53,24): warning xUnit1031: Test methods should not use blocking task operations, as they can cause deadlocks. Use an async test method and await instead. (https://xunit.net/xunit.analyzers/rules/xUnit1031) [__CI_WORKSPACE__/LiteDB.Tests/LiteDB.Tests.csproj::TargetFramework=net10.0]
2026-09-30T07:31:27.6277140Z ##[warning]__CI_WORKSPACE__/LiteDB.Tests/Issues/Issue2792_Tests.cs(54,44): warning xUnit1031: Test methods should not use blocking task operations, as they can cause deadlocks. Use an async test method and await instead. (https://xunit.net/xunit.analyzers/rules/xUnit1031) [__CI_WORKSPACE__/LiteDB.Tests/LiteDB.Tests.csproj::TargetFramework=net10.0]
2026-09-30T07:31:27.6287140Z ##[warning]__CI_WORKSPACE__/LiteDB.Tests/Issues/Issue2792_Tests.cs(59,24): warning xUnit1031: Test methods should not use blocking task operations, as they can cause deadlocks. Use an async test method and await instead. (https://xunit.net/xunit.analyzers/rules/xUnit1031) [__CI_WORKSPACE__/LiteDB.Tests/LiteDB.Tests.csproj::TargetFramework=net10.0]
2026-09-30T07:31:27.6297050Z ##[warning]__CI_WORKSPACE__/LiteDB.Tests/Issues/Issue2792_Tests.cs(60,24): warning xUnit1031: Test methods should not use blocking task operations, as they can cause deadlocks. Use an async test method and await instead. (https://xunit.net/xunit.analyzers/rules/xUnit1031) [__CI_WORKSPACE__/LiteDB.Tests/LiteDB.Tests.csproj::TargetFramework=net10.0]
2026-09-30T07:31:27.6306600Z ##[warning]__CI_WORKSPACE__/LiteDB.Tests/Issues/Issue2324_Tests.cs(64,33): warning xUnit1031: Test methods should not use blocking task operations, as they can cause deadlocks. Use an async test method and await instead. (https://xunit.net/xunit.analyzers/rules/xUnit1031) [__CI_WORKSPACE__/LiteDB.Tests/LiteDB.Tests.csproj::TargetFramework=net10.0]
2026-09-30T07:31:27.6314990Z ##[warning]__CI_WORKSPACE__/LiteDB.Tests/Issues/Issue2112_Tests.cs(32,13): warning xUnit2013: Do not use Assert.Equal() to check for collection size. Use Assert.Single instead. (https://xunit.net/xunit.analyzers/rules/xUnit2013) [__CI_WORKSPACE__/LiteDB.Tests/LiteDB.Tests.csproj::TargetFramework=net10.0]
2026-09-30T07:31:27.6322660Z ##[warning]__CI_WORKSPACE__/LiteDB.Tests/Issues/Issue2243ReferenceSchema_Tests.cs(21,13): warning xUnit2013: Do not use Assert.Equal() to check for collection size. Use Assert.Empty instead. (https://xunit.net/xunit.analyzers/rules/xUnit2013) [__CI_WORKSPACE__/LiteDB.Tests/LiteDB.Tests.csproj::TargetFramework=net10.0]
2026-09-30T07:31:27.6330450Z ##[warning]__CI_WORKSPACE__/LiteDB.Tests/Issues/Issue2243ReferenceSchema_Tests.cs(22,13): warning xUnit2013: Do not use Assert.Equal() to check for collection size. Use Assert.Empty instead. (https://xunit.net/xunit.analyzers/rules/xUnit2013) [__CI_WORKSPACE__/LiteDB.Tests/LiteDB.Tests.csproj::TargetFramework=net10.0]
2026-09-30T07:31:27.6339160Z ##[warning]__CI_WORKSPACE__/LiteDB.Tests/Issues/Issue1192DirectDictionary_Tests.cs(186,13): warning xUnit2013: Do not use Assert.Equal() to check for collection size. Use Assert.Empty instead. (https://xunit.net/xunit.analyzers/rules/xUnit2013) [__CI_WORKSPACE__/LiteDB.Tests/LiteDB.Tests.csproj::TargetFramework=net10.0]
2026-09-30T07:31:27.6348140Z ##[warning]__CI_WORKSPACE__/LiteDB.Tests/Engine/TransactionHandle_Tests.cs(146,32): warning xUnit1031: Test methods should not use blocking task operations, as they can cause deadlocks. Use an async test method and await instead. (https://xunit.net/xunit.analyzers/rules/xUnit1031) [__CI_WORKSPACE__/LiteDB.Tests/LiteDB.Tests.csproj::TargetFramework=net10.0]
2026-09-30T07:31:27.6357800Z ##[warning]__CI_WORKSPACE__/LiteDB.Tests/Engine/TransactionHandleSharedPinCancellation_Tests.cs(56,38): warning xUnit1031: Test methods should not use blocking task operations, as they can cause deadlocks. Use an async test method and await instead. (https://xunit.net/xunit.analyzers/rules/xUnit1031) [__CI_WORKSPACE__/LiteDB.Tests/LiteDB.Tests.csproj::TargetFramework=net10.0]
2026-09-30T07:31:27.6367900Z ##[warning]__CI_WORKSPACE__/LiteDB.Tests/Engine/TransactionHandleSharedPinCancellation_Tests.cs(57,68): warning xUnit1031: Test methods should not use blocking task operations, as they can cause deadlocks. Use an async test method and await instead. (https://xunit.net/xunit.analyzers/rules/xUnit1031) [__CI_WORKSPACE__/LiteDB.Tests/LiteDB.Tests.csproj::TargetFramework=net10.0]
2026-09-30T07:31:27.6377520Z ##[warning]__CI_WORKSPACE__/LiteDB.Tests/Engine/TransactionHandleSharedPinCancellation_Tests.cs(66,38): warning xUnit1031: Test methods should not use blocking task operations, as they can cause deadlocks. Use an async test method and await instead. (https://xunit.net/xunit.analyzers/rules/xUnit1031) [__CI_WORKSPACE__/LiteDB.Tests/LiteDB.Tests.csproj::TargetFramework=net10.0]
2026-09-30T07:31:27.6386770Z ##[warning]__CI_WORKSPACE__/LiteDB.Tests/Engine/TransactionHandleSharedAdmission_Tests.cs(48,34): warning xUnit1031: Test methods should not use blocking task operations, as they can cause deadlocks. Use an async test method and await instead. (https://xunit.net/xunit.analyzers/rules/xUnit1031) [__CI_WORKSPACE__/LiteDB.Tests/LiteDB.Tests.csproj::TargetFramework=net10.0]
2026-09-30T07:31:27.6395590Z ##[warning]__CI_WORKSPACE__/LiteDB.Tests/Engine/TransactionHandleSharedAdmission_Tests.cs(49,64): warning xUnit1031: Test methods should not use blocking task operations, as they can cause deadlocks. Use an async test method and await instead. (https://xunit.net/xunit.analyzers/rules/xUnit1031) [__CI_WORKSPACE__/LiteDB.Tests/LiteDB.Tests.csproj::TargetFramework=net10.0]
2026-09-30T07:31:27.6404410Z ##[warning]__CI_WORKSPACE__/LiteDB.Tests/Engine/TransactionHandleSharedAdmission_Tests.cs(54,22): warning xUnit1031: Test methods should not use blocking task operations, as they can cause deadlocks. Use an async test method and await instead. (https://xunit.net/xunit.analyzers/rules/xUnit1031) [__CI_WORKSPACE__/LiteDB.Tests/LiteDB.Tests.csproj::TargetFramework=net10.0]
2026-09-30T07:31:27.6413200Z ##[warning]__CI_WORKSPACE__/LiteDB.Tests/Engine/TransactionHandleMaintenanceProgress_Tests.cs(81,32): warning xUnit1031: Test methods should not use blocking task operations, as they can cause deadlocks. Use an async test method and await instead. (https://xunit.net/xunit.analyzers/rules/xUnit1031) [__CI_WORKSPACE__/LiteDB.Tests/LiteDB.Tests.csproj::TargetFramework=net10.0]
2026-09-30T07:31:27.6422440Z ##[warning]__CI_WORKSPACE__/LiteDB.Tests/Engine/TransactionHandleSharedAdmission_Tests.cs(91,34): warning xUnit1031: Test methods should not use blocking task operations, as they can cause deadlocks. Use an async test method and await instead. (https://xunit.net/xunit.analyzers/rules/xUnit1031) [__CI_WORKSPACE__/LiteDB.Tests/LiteDB.Tests.csproj::TargetFramework=net10.0]
2026-09-30T07:31:27.6431040Z ##[warning]__CI_WORKSPACE__/LiteDB.Tests/Engine/TransactionHandleSharedAdmission_Tests.cs(92,64): warning xUnit1031: Test methods should not use blocking task operations, as they can cause deadlocks. Use an async test method and await instead. (https://xunit.net/xunit.analyzers/rules/xUnit1031) [__CI_WORKSPACE__/LiteDB.Tests/LiteDB.Tests.csproj::TargetFramework=net10.0]
2026-09-30T07:31:27.6439930Z ##[warning]__CI_WORKSPACE__/LiteDB.Tests/Engine/TransactionHandleMaintenanceProgress_Tests.cs(111,41): warning xUnit1031: Test methods should not use blocking task operations, as they can cause deadlocks. Use an async test method and await instead. (https://xunit.net/xunit.analyzers/rules/xUnit1031) [__CI_WORKSPACE__/LiteDB.Tests/LiteDB.Tests.csproj::TargetFramework=net10.0]
2026-09-30T07:31:27.6448780Z ##[warning]__CI_WORKSPACE__/LiteDB.Tests/Engine/TransactionHandleMaintenanceProgress_Tests.cs(157,41): warning xUnit1031: Test methods should not use blocking task operations, as they can cause deadlocks. Use an async test method and await instead. (https://xunit.net/xunit.analyzers/rules/xUnit1031) [__CI_WORKSPACE__/LiteDB.Tests/LiteDB.Tests.csproj::TargetFramework=net10.0]
2026-09-30T07:31:27.6457890Z ##[warning]__CI_WORKSPACE__/LiteDB.Tests/Engine/TransactionHandleMaintenanceProgress_Tests.cs(190,31): warning xUnit1031: Test methods should not use blocking task operations, as they can cause deadlocks. Use an async test method and await instead. (https://xunit.net/xunit.analyzers/rules/xUnit1031) [__CI_WORKSPACE__/LiteDB.Tests/LiteDB.Tests.csproj::TargetFramework=net10.0]
2026-09-30T07:31:27.6465900Z ##[warning]__CI_WORKSPACE__/LiteDB.Tests/Engine/SharedReadPath_Tests.cs(43,13): warning CA2022: Avoid inexact read with 'System.IO.FileStream.Read(byte[], int, int)' (https://learn.microsoft.com/dotnet/fundamentals/code-analysis/quality-rules/ca2022) [__CI_WORKSPACE__/LiteDB.Tests/LiteDB.Tests.csproj::TargetFramework=net10.0]
2026-09-30T07:31:27.6474590Z ##[warning]__CI_WORKSPACE__/LiteDB.Tests/Engine/TransactionHandleContext_Tests.cs(24,46): warning CA1416: This call site is reachable on all platforms. 'WindowsIdentity.GetCurrent(bool)' is only supported on: 'windows'. (https://learn.microsoft.com/dotnet/fundamentals/code-analysis/quality-rules/ca1416) [__CI_WORKSPACE__/LiteDB.Tests/LiteDB.Tests.csproj::TargetFramework=net10.0]
2026-09-30T07:31:27.6483390Z ##[warning]__CI_WORKSPACE__/LiteDB.Tests/Engine/TransactionHandleAdmission_Tests.cs(83,37): warning xUnit1031: Test methods should not use blocking task operations, as they can cause deadlocks. Use an async test method and await instead. (https://xunit.net/xunit.analyzers/rules/xUnit1031) [__CI_WORKSPACE__/LiteDB.Tests/LiteDB.Tests.csproj::TargetFramework=net10.0]
2026-09-30T07:31:27.6492080Z ##[warning]__CI_WORKSPACE__/LiteDB.Tests/Engine/TransactionHandleAdmission_Tests.cs(84,112): warning xUnit1031: Test methods should not use blocking task operations, as they can cause deadlocks. Use an async test method and await instead. (https://xunit.net/xunit.analyzers/rules/xUnit1031) [__CI_WORKSPACE__/LiteDB.Tests/LiteDB.Tests.csproj::TargetFramework=net10.0]
2026-09-30T07:31:27.6500570Z ##[warning]__CI_WORKSPACE__/LiteDB.Tests/Engine/TransactionHandleAdmission_Tests.cs(85,62): warning xUnit1031: Test methods should not use blocking task operations, as they can cause deadlocks. Use an async test method and await instead. (https://xunit.net/xunit.analyzers/rules/xUnit1031) [__CI_WORKSPACE__/LiteDB.Tests/LiteDB.Tests.csproj::TargetFramework=net10.0]
2026-09-30T07:31:27.6509220Z ##[warning]__CI_WORKSPACE__/LiteDB.Tests/Engine/TransactionHandleAdmission_Tests.cs(130,37): warning xUnit1031: Test methods should not use blocking task operations, as they can cause deadlocks. Use an async test method and await instead. (https://xunit.net/xunit.analyzers/rules/xUnit1031) [__CI_WORKSPACE__/LiteDB.Tests/LiteDB.Tests.csproj::TargetFramework=net10.0]
2026-09-30T07:31:27.6518070Z ##[warning]__CI_WORKSPACE__/LiteDB.Tests/Engine/TransactionHandleAdmission_Tests.cs(131,57): warning xUnit1031: Test methods should not use blocking task operations, as they can cause deadlocks. Use an async test method and await instead. (https://xunit.net/xunit.analyzers/rules/xUnit1031) [__CI_WORKSPACE__/LiteDB.Tests/LiteDB.Tests.csproj::TargetFramework=net10.0]
2026-09-30T07:31:27.6527180Z ##[warning]__CI_WORKSPACE__/LiteDB.Tests/Engine/NativeAdmissionIsolation_Tests.cs(56,25): warning xUnit1031: Test methods should not use blocking task operations, as they can cause deadlocks. Use an async test method and await instead. (https://xunit.net/xunit.analyzers/rules/xUnit1031) [__CI_WORKSPACE__/LiteDB.Tests/LiteDB.Tests.csproj::TargetFramework=net10.0]
2026-09-30T07:31:27.6536100Z ##[warning]__CI_WORKSPACE__/LiteDB.Tests/Engine/NativeAdmissionIsolation_Tests.cs(65,22): warning xUnit1031: Test methods should not use blocking task operations, as they can cause deadlocks. Use an async test method and await instead. (https://xunit.net/xunit.analyzers/rules/xUnit1031) [__CI_WORKSPACE__/LiteDB.Tests/LiteDB.Tests.csproj::TargetFramework=net10.0]
2026-09-30T07:31:27.6544010Z ##[warning]__CI_WORKSPACE__/LiteDB.Tests/Engine/NativeAdmissionDirectPoolFinalizer_Tests.cs(74,13): warning xUnit2013: Do not use Assert.Equal() to check for collection size. Use Assert.Single instead. (https://xunit.net/xunit.analyzers/rules/xUnit2013) [__CI_WORKSPACE__/LiteDB.Tests/LiteDB.Tests.csproj::TargetFramework=net10.0]
2026-09-30T07:31:27.6552420Z ##[warning]__CI_WORKSPACE__/LiteDB.Tests/Engine/NativeAdmissionDirectContext_Tests.cs(140,38): warning xUnit1031: Test methods should not use blocking task operations, as they can cause deadlocks. Use an async test method and await instead. (https://xunit.net/xunit.analyzers/rules/xUnit1031) [__CI_WORKSPACE__/LiteDB.Tests/LiteDB.Tests.csproj::TargetFramework=net10.0]
2026-09-30T07:31:27.6560540Z ##[warning]__CI_WORKSPACE__/LiteDB.Tests/Engine/Issue2881_VectorPromotion_Tests.cs(147,13): warning CA2022: Avoid inexact read with 'System.IO.Stream.Read(byte[], int, int)' (https://learn.microsoft.com/dotnet/fundamentals/code-analysis/quality-rules/ca2022) [__CI_WORKSPACE__/LiteDB.Tests/LiteDB.Tests.csproj::TargetFramework=net10.0]
2026-09-30T07:31:27.6569030Z ##[warning]__CI_WORKSPACE__/LiteDB.Tests/Engine/NativeAdmissionDirectContextLifetime_Tests.cs(151,37): warning xUnit1031: Test methods should not use blocking task operations, as they can cause deadlocks. Use an async test method and await instead. (https://xunit.net/xunit.analyzers/rules/xUnit1031) [__CI_WORKSPACE__/LiteDB.Tests/LiteDB.Tests.csproj::TargetFramework=net10.0]
2026-09-30T07:31:27.6577760Z ##[warning]__CI_WORKSPACE__/LiteDB.Tests/Engine/CoordinatorSnapshotReads_Tests.cs(161,28): warning xUnit1031: Test methods should not use blocking task operations, as they can cause deadlocks. Use an async test method and await instead. (https://xunit.net/xunit.analyzers/rules/xUnit1031) [__CI_WORKSPACE__/LiteDB.Tests/LiteDB.Tests.csproj::TargetFramework=net10.0]
2026-09-30T07:31:27.6586560Z ##[warning]__CI_WORKSPACE__/LiteDB.Tests/Engine/CoordinatorSnapshotReads_Tests.cs(172,24): warning xUnit1031: Test methods should not use blocking task operations, as they can cause deadlocks. Use an async test method and await instead. (https://xunit.net/xunit.analyzers/rules/xUnit1031) [__CI_WORKSPACE__/LiteDB.Tests/LiteDB.Tests.csproj::TargetFramework=net10.0]
2026-09-30T07:31:27.6595360Z ##[warning]__CI_WORKSPACE__/LiteDB.Tests/Engine/CompactSchemaCacheConcurrency_Tests.cs(96,18): warning xUnit1031: Test methods should not use blocking task operations, as they can cause deadlocks. Use an async test method and await instead. (https://xunit.net/xunit.analyzers/rules/xUnit1031) [__CI_WORKSPACE__/LiteDB.Tests/LiteDB.Tests.csproj::TargetFramework=net10.0]
2026-09-30T07:31:27.6604010Z ##[warning]__CI_WORKSPACE__/LiteDB.Tests/Engine/CoordinatorPlatform_Tests.cs(289,22): warning xUnit1031: Test methods should not use blocking task operations, as they can cause deadlocks. Use an async test method and await instead. (https://xunit.net/xunit.analyzers/rules/xUnit1031) [__CI_WORKSPACE__/LiteDB.Tests/LiteDB.Tests.csproj::TargetFramework=net10.0]
2026-09-30T07:31:27.6612880Z ##[warning]__CI_WORKSPACE__/LiteDB.Tests/Engine/Coordinator_Tests.cs(262,20): warning xUnit1031: Test methods should not use blocking task operations, as they can cause deadlocks. Use an async test method and await instead. (https://xunit.net/xunit.analyzers/rules/xUnit1031) [__CI_WORKSPACE__/LiteDB.Tests/LiteDB.Tests.csproj::TargetFramework=net10.0]
2026-09-30T07:31:27.6621110Z ##[warning]__CI_WORKSPACE__/LiteDB.Tests/Engine/CoordinatorSafety_Tests.cs(252,13): warning CA2022: Avoid inexact read with 'System.IO.FileStream.Read(byte[], int, int)' (https://learn.microsoft.com/dotnet/fundamentals/code-analysis/quality-rules/ca2022) [__CI_WORKSPACE__/LiteDB.Tests/LiteDB.Tests.csproj::TargetFramework=net10.0]
2026-09-30T07:31:27.6624710Z     95 Warning(s)
2026-09-30T07:31:27.6625040Z     0 Error(s)
2026-09-30T07:31:27.6625230Z 
2026-09-30T07:31:27.6625420Z Time Elapsed 00:00:50.90
2026-09-30T07:31:27.6748410Z ##[group]Run printf '{"sha":"%s","tree":"%s","sdk":"%s"}' "$(git rev-parse HEAD)" "$(git rev-parse 'HEAD^{tree}')" "$(dotnet --version)" > LiteDB.Tests/bin/Release/build-evidence.json
2026-09-30T07:31:27.6750880Z [36;1mprintf '{"sha":"%s","tree":"%s","sdk":"%s"}' "$(git rev-parse HEAD)" "$(git rev-parse 'HEAD^{tree}')" "$(dotnet --version)" > LiteDB.Tests/bin/Release/build-evidence.json[0m
2026-09-30T07:31:27.6848130Z shell: /bin/bash -e {0}
2026-09-30T07:31:27.6848580Z env:
2026-09-30T07:31:27.6849500Z   LITEDB_RETAINED_FIXTURES: __CI_WORKSPACE__/LiteDB.Tests/TestResults/retained-fixtures
2026-09-30T07:31:27.6850630Z   DOTNET_ROOT: __CI_HOME__/.dotnet
2026-09-30T07:31:27.6851140Z ##[endgroup]
2026-09-30T07:31:27.8920480Z ##[group]Run ./scripts/run-ci-tests.ps1 -RuntimeMajor 10 -Framework "net10.0" -Architecture x64 -Filter 'FullyQualifiedName~TransactionHandle|FullyQualifiedName~NativeAdmission|FullyQualifiedName~SharedAdmissionLifetime|FullyQualifiedName~SharedMode|FullyQualifiedName~DirectModeAdmission|FullyQualifiedName~Rebuild|FullyQualifiedName~Issue2979|FullyQualifiedName~SharedCoordinated' -ResultFile 'NativeAdmission.trx' -RecordEvidence
2026-09-30T07:31:27.8927580Z [36;1m./scripts/run-ci-tests.ps1 -RuntimeMajor 10 -Framework "net10.0" -Architecture x64 -Filter 'FullyQualifiedName~TransactionHandle|FullyQualifiedName~NativeAdmission|FullyQualifiedName~SharedAdmissionLifetime|FullyQualifiedName~SharedMode|FullyQualifiedName~DirectModeAdmission|FullyQualifiedName~Rebuild|FullyQualifiedName~Issue2979|FullyQualifiedName~SharedCoordinated' -ResultFile 'NativeAdmission.trx' -RecordEvidence[0m
2026-09-30T07:31:27.8941500Z shell: /usr/local/bin/pwsh -command ". '{0}'"
2026-09-30T07:31:27.8942120Z env:
2026-09-30T07:31:27.8942990Z   LITEDB_RETAINED_FIXTURES: __CI_WORKSPACE__/LiteDB.Tests/TestResults/retained-fixtures
2026-09-30T07:31:27.8944020Z   DOTNET_ROOT: __CI_HOME__/.dotnet
2026-09-30T07:31:27.8944750Z   LITEDB_EVIDENCE_MATRIX: {
  "framework": "net10.0",
  "runtimeMajor": 10
}
2026-09-30T07:31:27.8945510Z ##[endgroup]
2026-09-30T07:31:30.5744470Z dotnet-install: Attempting to download using aka.ms link https://builds.dotnet.microsoft.com/dotnet/Runtime/10.0.12/dotnet-runtime-10.0.12-osx-x64.tar.gz
2026-09-30T07:31:31.6832480Z dotnet-install: Remote file https://builds.dotnet.microsoft.com/dotnet/Runtime/10.0.12/dotnet-runtime-10.0.12-osx-x64.tar.gz size is 35596837 bytes.
2026-09-30T07:31:31.6845060Z dotnet-install: Extracting archive from https://builds.dotnet.microsoft.com/dotnet/Runtime/10.0.12/dotnet-runtime-10.0.12-osx-x64.tar.gz
2026-09-30T07:31:32.3259130Z dotnet-install: Downloaded file size is 35596837 bytes.
2026-09-30T07:31:32.3260430Z dotnet-install: The remote and local file sizes are equal.
2026-09-30T07:31:32.3767270Z dotnet-install: Installed version is 10.0.12
2026-09-30T07:31:32.3941500Z dotnet-install: Binaries of dotnet can be found in __CI_HOME__/work/_temp/litedb-runtime-10-x64
2026-09-30T07:31:32.3943230Z dotnet-install: Note that the script does not resolve dependencies during installation.
2026-09-30T07:31:32.3945830Z dotnet-install: To check the list of dependencies, go to https://learn.microsoft.com/dotnet/core/install, select your operating system and check the "Dependencies" section.
2026-09-30T07:31:32.3949380Z dotnet-install: Installation finished successfully.
2026-09-30T07:31:32.4222630Z 
2026-09-30T07:31:32.4223620Z Host:
2026-09-30T07:31:32.4224680Z   Version:      10.0.12
2026-09-30T07:31:32.4225550Z   Architecture: x64
2026-09-30T07:31:32.4226260Z   Commit:       95017c711e
2026-09-30T07:31:32.4226770Z   RID:          osx-x64
2026-09-30T07:31:32.4227110Z 
2026-09-30T07:31:32.4227350Z .NET SDKs installed:
2026-09-30T07:31:32.4227820Z   No SDKs were found.
2026-09-30T07:31:32.4228080Z 
2026-09-30T07:31:32.4228670Z .NET runtimes installed:
2026-09-30T07:31:32.4230110Z   Microsoft.NETCore.App 10.0.12 [__CI_HOME__/work/_temp/litedb-runtime-10-x64/shared/Microsoft.NETCore.App]
2026-09-30T07:31:32.4231040Z 
2026-09-30T07:31:32.4231520Z Other architectures found:
2026-09-30T07:31:32.4232480Z   None
2026-09-30T07:31:32.4233140Z 
2026-09-30T07:31:32.4233870Z Environment variables:
2026-09-30T07:31:32.4234390Z   DOTNET_MULTILEVEL_LOOKUP                 [0]
2026-09-30T07:31:32.4235060Z   DOTNET_NOLOGO                            [1]
2026-09-30T07:31:32.4235760Z   DOTNET_ROOT                              [__CI_HOME__/.dotnet]
2026-09-30T07:31:32.4236500Z   DOTNET_SKIP_FIRST_TIME_EXPERIENCE        [1]
2026-09-30T07:31:32.4236940Z 
2026-09-30T07:31:32.4237580Z global.json file:
2026-09-30T07:31:32.4238530Z   Not found
2026-09-30T07:31:32.4239090Z 
2026-09-30T07:31:32.4239690Z Learn more:
2026-09-30T07:31:32.4240540Z   https://aka.ms/dotnet/info
2026-09-30T07:31:32.4241820Z 
2026-09-30T07:31:32.4242040Z Download .NET:
2026-09-30T07:31:32.4242610Z   https://aka.ms/dotnet/download
2026-09-30T07:31:37.9728080Z VSTest version 18.7.0 (x64)
2026-09-30T07:31:37.9738620Z 
2026-09-30T07:31:38.1154360Z Starting test execution, please wait...
2026-09-30T07:31:38.1634550Z A total of 1 test files matched the specified pattern.
2026-09-30T07:32:07.0101940Z [xUnit.net 00:00:28.32]     LiteDB.Tests.Engine.Rebuild_Tests.Rebuild_Change_Culture_Error [SKIP]
2026-09-30T07:32:07.5251580Z   Skipped LiteDB.Tests.Engine.Rebuild_Tests.Rebuild_Change_Culture_Error [1 ms]
2026-09-30T07:33:02.4705590Z [xUnit.net 00:01:23.78]     LiteDB.Tests.Engine.TransactionHandleDisposeSafety_Tests.Disposing_healthy_handle_after_peer_fatal_failure_does_not_repeat_peer_error(password: null) [FAIL]
2026-09-30T07:33:02.5299230Z [xUnit.net 00:01:23.84]     LiteDB.Tests.Engine.TransactionHandleDisposeSafety_Tests.Disposing_healthy_handle_after_peer_fatal_failure_does_not_repeat_peer_error(password: "secret") [FAIL]
2026-09-30T07:33:02.9306520Z   Failed LiteDB.Tests.Engine.TransactionHandleDisposeSafety_Tests.Disposing_healthy_handle_after_peer_fatal_failure_does_not_repeat_peer_error(password: null) [32 ms]
2026-09-30T07:33:02.9308830Z   Error Message:
2026-09-30T07:33:02.9313060Z    LiteDB.DatabaseAdmissionException : Cannot safely admit database access to '__CI_HOME__/temporary/T/litedb-1c103180a29042a384de15f5be88dbf3.db': could not acquire the OS-native database admission lock. An incompatible connection or unsupported locking environment may prevent access. Cause: fcntl OFD lock failed (native error 35). Database admission requires working OS locks on a supported local filesystem.
2026-09-30T07:33:02.9318220Z ---- System.IO.IOException : fcntl OFD lock failed (native error 35). Database admission requires working OS locks on a supported local filesystem.
2026-09-30T07:33:02.9319700Z   Stack Trace:
2026-09-30T07:33:02.9321200Z      at LiteDB.Client.Shared.SharedModeGuard.Open(EngineSettings settings) in __CI_WORKSPACE__/LiteDB/Client/Shared/SharedModeGuard.cs:line 23
2026-09-30T07:33:02.9323580Z    at LiteDB.Engine.LiteEngine.Open() in __CI_WORKSPACE__/LiteDB/Engine/LiteEngine.cs:line 120
2026-09-30T07:33:02.9326750Z    at LiteDB.Client.Direct.DirectEnginePool.Entry..ctor(EngineSettings settings, Object slot) in __CI_WORKSPACE__/LiteDB/Client/Direct/DirectEnginePool.cs:line 27
2026-09-30T07:33:02.9329570Z    at LiteDB.Client.Direct.DirectEnginePool.Open(EngineSettings settings) in __CI_WORKSPACE__/LiteDB/Client/Direct/DirectEnginePool.cs:line 145
2026-09-30T07:33:02.9333340Z    at LiteDB.LiteDatabase..ctor(ConnectionString connectionString, BsonMapper mapper) in __CI_WORKSPACE__/LiteDB/Client/Database/LiteDatabase.cs:line 60
2026-09-30T07:33:02.9336780Z    at LiteDB.Tests.Engine.TransactionHandleDisposeSafety_Tests.Verify(ConnectionString settings, Int32[] ids) in __CI_WORKSPACE__/LiteDB.Tests/Engine/TransactionHandleDisposeSafety_Tests.cs:line 202
2026-09-30T07:33:02.9340810Z    at LiteDB.Tests.Engine.TransactionHandleDisposeSafety_Tests.Disposing_healthy_handle_after_peer_fatal_failure_does_not_repeat_peer_error(String password) in __CI_WORKSPACE__/LiteDB.Tests/Engine/TransactionHandleDisposeSafety_Tests.cs:line 150
2026-09-30T07:33:02.9344450Z    at System.RuntimeMethodHandle.InvokeMethod(ObjectHandleOnStack target, Void** arguments, ObjectHandleOnStack sig, BOOL isConstructor, ObjectHandleOnStack result)
2026-09-30T07:33:02.9347410Z    at System.RuntimeMethodHandle.InvokeMethod(ObjectHandleOnStack target, Void** arguments, ObjectHandleOnStack sig, BOOL isConstructor, ObjectHandleOnStack result)
2026-09-30T07:33:02.9349730Z    at System.Reflection.MethodBaseInvoker.InterpretedInvoke_Method(Object obj, IntPtr* args)
2026-09-30T07:33:02.9351650Z    at System.Reflection.MethodBaseInvoker.InvokeDirectByRefWithFewArgs(Object obj, Span`1 copyOfArgs, BindingFlags invokeAttr)
2026-09-30T07:33:02.9353910Z ----- Inner Stack Trace -----
2026-09-30T07:33:02.9356790Z    at LiteDB.Client.Shared.DatabaseAdmissionRegistry.Open(String filename, Boolean shared, SharedMutexNameStrategy strategy, Boolean readOnly, Boolean engine, Boolean create, Boolean allowHostLocalFallback) in __CI_WORKSPACE__/LiteDB/Client/Shared/DatabaseAdmissionRegistry.cs:line 56
2026-09-30T07:33:02.9360650Z    at LiteDB.Client.Shared.SharedModeGuard.Open(EngineSettings settings) in __CI_WORKSPACE__/LiteDB/Client/Shared/SharedModeGuard.cs:line 23
2026-09-30T07:33:02.9363530Z   Failed LiteDB.Tests.Engine.TransactionHandleDisposeSafety_Tests.Disposing_healthy_handle_after_peer_fatal_failure_does_not_repeat_peer_error(password: "secret") [55 ms]
2026-09-30T07:33:02.9365330Z   Error Message:
2026-09-30T07:33:02.9369180Z    LiteDB.DatabaseAdmissionException : Cannot safely admit database access to '__CI_HOME__/temporary/T/litedb-34a2aaf1ef5740f4abcc65ec85c8dbe3.db': could not acquire the OS-native database admission lock. An incompatible connection or unsupported locking environment may prevent access. Cause: fcntl OFD lock failed (native error 35). Database admission requires working OS locks on a supported local filesystem.
2026-09-30T07:33:02.9374250Z ---- System.IO.IOException : fcntl OFD lock failed (native error 35). Database admission requires working OS locks on a supported local filesystem.
2026-09-30T07:33:02.9375680Z   Stack Trace:
2026-09-30T07:33:02.9377240Z      at LiteDB.Client.Shared.SharedModeGuard.Open(EngineSettings settings) in __CI_WORKSPACE__/LiteDB/Client/Shared/SharedModeGuard.cs:line 23
2026-09-30T07:33:02.9379590Z    at LiteDB.Engine.LiteEngine.Open() in __CI_WORKSPACE__/LiteDB/Engine/LiteEngine.cs:line 120
2026-09-30T07:33:02.9382000Z    at LiteDB.Client.Direct.DirectEnginePool.Entry..ctor(EngineSettings settings, Object slot) in __CI_WORKSPACE__/LiteDB/Client/Direct/DirectEnginePool.cs:line 27
2026-09-30T07:33:02.9384790Z    at LiteDB.Client.Direct.DirectEnginePool.Open(EngineSettings settings) in __CI_WORKSPACE__/LiteDB/Client/Direct/DirectEnginePool.cs:line 145
2026-09-30T07:33:02.9387500Z    at LiteDB.LiteDatabase..ctor(ConnectionString connectionString, BsonMapper mapper) in __CI_WORKSPACE__/LiteDB/Client/Database/LiteDatabase.cs:line 60
2026-09-30T07:33:02.9390670Z    at LiteDB.Tests.Engine.TransactionHandleDisposeSafety_Tests.Verify(ConnectionString settings, Int32[] ids) in __CI_WORKSPACE__/LiteDB.Tests/Engine/TransactionHandleDisposeSafety_Tests.cs:line 202
2026-09-30T07:33:02.9395270Z    at LiteDB.Tests.Engine.TransactionHandleDisposeSafety_Tests.Disposing_healthy_handle_after_peer_fatal_failure_does_not_repeat_peer_error(String password) in __CI_WORKSPACE__/LiteDB.Tests/Engine/TransactionHandleDisposeSafety_Tests.cs:line 150
2026-09-30T07:33:02.9398880Z    at InvokeStub_TransactionHandleDisposeSafety_Tests.Disposing_healthy_handle_after_peer_fatal_failure_does_not_repeat_peer_error(Object, Span`1)
2026-09-30T07:33:02.9401370Z    at System.Reflection.RuntimeMethodInfo.Invoke(Object obj, BindingFlags invokeAttr, Binder binder, Object[] parameters, CultureInfo culture)
2026-09-30T07:33:02.9403150Z ----- Inner Stack Trace -----
2026-09-30T07:33:02.9405940Z    at LiteDB.Client.Shared.DatabaseAdmissionRegistry.Open(String filename, Boolean shared, SharedMutexNameStrategy strategy, Boolean readOnly, Boolean engine, Boolean create, Boolean allowHostLocalFallback) in __CI_WORKSPACE__/LiteDB/Client/Shared/DatabaseAdmissionRegistry.cs:line 56
2026-09-30T07:33:02.9410080Z    at LiteDB.Client.Shared.SharedModeGuard.Open(EngineSettings settings) in __CI_WORKSPACE__/LiteDB/Client/Shared/SharedModeGuard.cs:line 23
2026-09-30T07:34:40.7704110Z Results File: __CI_WORKSPACE__/LiteDB.Tests/TestResults/NativeAdmission.trx
2026-09-30T07:34:40.7709650Z 
2026-09-30T07:34:40.7772590Z Failed!  - Failed:     2, Passed:   607, Skipped:     1, Total:   610, Duration: 3 m - LiteDB.Tests.dll (net10.0)
2026-09-30T07:34:40.9710170Z ##[error]Process completed with exit code 1.
2026-09-30T07:34:41.0020200Z ##[group]Run actions/upload-artifact@v4
2026-09-30T07:34:41.0021370Z with:
2026-09-30T07:34:41.0022480Z   name: test-results-test-native-macos-intel-1
2026-09-30T07:34:41.0024150Z   path: LiteDB.Tests/TestResults/*.trx
LiteDB.Tests/TestResults/evidence-leg.json
LiteDB.Tests/TestResults/discovered-tests.txt

2026-09-30T07:34:41.0027490Z   if-no-files-found: warn
2026-09-30T07:34:41.0028630Z   compression-level: 6
2026-09-30T07:34:41.0029470Z   overwrite: false
2026-09-30T07:34:41.0030940Z   include-hidden-files: false
2026-09-30T07:34:41.0031580Z env:
2026-09-30T07:34:41.0032510Z   LITEDB_RETAINED_FIXTURES: __CI_WORKSPACE__/LiteDB.Tests/TestResults/retained-fixtures
2026-09-30T07:34:41.0034610Z   DOTNET_ROOT: __CI_HOME__/.dotnet
2026-09-30T07:34:41.0035320Z ##[endgroup]
2026-09-30T07:34:41.6624530Z (node:69476) [DEP0040] DeprecationWarning: The `punycode` module is deprecated. Please use a userland alternative instead.
2026-09-30T07:34:41.6626800Z (Use `node --trace-deprecation ...` to show where the warning was created)
2026-09-30T07:34:41.6712880Z With the provided path, there will be 3 files uploaded
2026-09-30T07:34:41.6722090Z Artifact name is valid!
2026-09-30T07:34:41.6725870Z Root directory input is valid!
2026-09-30T07:34:42.1308560Z Beginning upload of artifact content to blob storage
2026-09-30T07:34:42.2018350Z (node:69476) [DEP0169] DeprecationWarning: `url.parse()` behavior is not standardized and prone to errors that have security implications. Use the WHATWG URL API instead. CVEs are not issued for `url.parse()` vulnerabilities.
2026-09-30T07:34:42.6341920Z Uploaded bytes 163059
2026-09-30T07:34:42.7143150Z Finished uploading artifact content to blob storage!
2026-09-30T07:34:42.7144540Z SHA256 digest of uploaded artifact zip is d8788f05a617f52485639503d6e51058658f89c904242f11850d6022ed7e0883
2026-09-30T07:34:42.7145940Z Finalizing artifact upload
2026-09-30T07:34:43.0049180Z Artifact test-results-test-native-macos-intel-1.zip successfully finalized. Artifact ID 11083655628
2026-09-30T07:34:43.0051230Z Artifact test-results-test-native-macos-intel-1 has been successfully uploaded! Final size is 163059 bytes. Artifact ID is 11083655628
2026-09-30T07:34:43.0061900Z Artifact download URL: https://github.com/JKamsker/LiteDB/actions/runs/36683990521/artifacts/11083655628
2026-09-30T07:34:43.0361540Z Prepare all required actions
2026-09-30T07:34:43.0362890Z Getting action download info
2026-09-30T07:34:43.4338960Z ##[group]Run ./.github/actions/retained-fixtures
2026-09-30T07:34:43.4339680Z env:
2026-09-30T07:34:43.4340710Z   LITEDB_RETAINED_FIXTURES: __CI_WORKSPACE__/LiteDB.Tests/TestResults/retained-fixtures
2026-09-30T07:34:43.4341970Z   DOTNET_ROOT: __CI_HOME__/.dotnet
2026-09-30T07:34:43.4342570Z ##[endgroup]
2026-09-30T07:34:43.4437280Z ##[start-action display=Collect retained fixtures;id=__self.__run]
2026-09-30T07:34:43.4484630Z ##[group]Run if [ "$RUNNER_OS" = "Windows" ]; then retained_python=python; else retained_python=python3; fi
2026-09-30T07:34:43.4486250Z [36;1mif [ "$RUNNER_OS" = "Windows" ]; then retained_python=python; else retained_python=python3; fi[0m
2026-09-30T07:34:43.4487780Z [36;1m"$retained_python" scripts/collect-retained-fixtures.py "$LITEDB_RETAINED_FIXTURES"[0m
2026-09-30T07:34:43.4582120Z shell: /bin/bash --noprofile --norc -e -o pipefail {0}
2026-09-30T07:34:43.4582800Z env:
2026-09-30T07:34:43.4583820Z   LITEDB_RETAINED_FIXTURES: __CI_WORKSPACE__/LiteDB.Tests/TestResults/retained-fixtures
2026-09-30T07:34:43.4584930Z   DOTNET_ROOT: __CI_HOME__/.dotnet
2026-09-30T07:34:43.4585670Z ##[endgroup]
2026-09-30T07:34:43.6069660Z ##[end-action id=__self.__run;outcome=success;conclusion=success;duration_ms=162]
2026-09-30T07:34:43.6074600Z ##[start-action display=Upload fixture manifests and copies;id=__self.__actions_upload-artifact]
2026-09-30T07:34:43.6148560Z ##[group]Run actions/upload-artifact@v4
2026-09-30T07:34:43.6149170Z with:
2026-09-30T07:34:43.6149720Z   name: retained-fixtures-test-native-macos-intel-1
2026-09-30T07:34:43.6150710Z   path: __CI_WORKSPACE__/LiteDB.Tests/TestResults/retained-fixtures/
2026-09-30T07:34:43.6151660Z   if-no-files-found: ignore
2026-09-30T07:34:43.6152150Z   retention-days: 14
2026-09-30T07:34:43.6152650Z   compression-level: 6
2026-09-30T07:34:43.6153180Z   overwrite: false
2026-09-30T07:34:43.6153890Z   include-hidden-files: false
2026-09-30T07:34:43.6154410Z env:
2026-09-30T07:34:43.6155450Z   LITEDB_RETAINED_FIXTURES: __CI_WORKSPACE__/LiteDB.Tests/TestResults/retained-fixtures
2026-09-30T07:34:43.6156690Z   DOTNET_ROOT: __CI_HOME__/.dotnet
2026-09-30T07:34:43.6157270Z ##[endgroup]
2026-09-30T07:34:43.8568450Z (node:69620) [DEP0040] DeprecationWarning: The `punycode` module is deprecated. Please use a userland alternative instead.
2026-09-30T07:34:43.8570220Z (Use `node --trace-deprecation ...` to show where the warning was created)
2026-09-30T07:34:43.8585570Z No files were found with the provided path: __CI_WORKSPACE__/LiteDB.Tests/TestResults/retained-fixtures/. No artifacts will be uploaded.
2026-09-30T07:34:43.8687920Z ##[end-action id=__self.__actions_upload-artifact;outcome=success;conclusion=success;duration_ms=261]
2026-09-30T07:34:43.8913280Z Post job cleanup.
2026-09-30T07:34:44.0455130Z [command]/usr/local/bin/git version
2026-09-30T07:34:44.0568030Z git version 2.55.0
2026-09-30T07:34:44.0609260Z Copying '__CI_HOME__/.gitconfig' to '__CI_HOME__/work/_temp/0b596e54-2bc7-4664-a566-3bd0874359cb/.gitconfig'
2026-09-30T07:34:44.0626210Z Temporarily overriding HOME='__CI_HOME__/work/_temp/0b596e54-2bc7-4664-a566-3bd0874359cb' before making global git config changes
2026-09-30T07:34:44.0628260Z Adding repository directory to the temporary git global config as a safe directory
2026-09-30T07:34:44.0633870Z [command]/usr/local/bin/git config --global --add safe.directory __CI_WORKSPACE__
2026-09-30T07:34:44.0759680Z [command]/usr/local/bin/git config --local --name-only --get-regexp core\.sshCommand
2026-09-30T07:34:44.0870070Z [command]/usr/local/bin/git submodule foreach --recursive sh -c "git config --local --name-only --get-regexp 'core\.sshCommand' && git config --local --unset-all 'core.sshCommand' || :"
2026-09-30T07:34:44.2327280Z [command]/usr/local/bin/git config --local --name-only --get-regexp http\.https\:\/\/github\.com\/\.extraheader
2026-09-30T07:34:44.2419140Z http.https://github.com/.extraheader
2026-09-30T07:34:44.2434410Z [command]/usr/local/bin/git config --local --unset-all http.https://github.com/.extraheader
2026-09-30T07:34:44.2548320Z [command]/usr/local/bin/git submodule foreach --recursive sh -c "git config --local --name-only --get-regexp 'http\.https\:\/\/github\.com\/\.extraheader' && git config --local --unset-all 'http.https://github.com/.extraheader' || :"
2026-09-30T07:34:44.4176490Z [command]/usr/local/bin/git config --local --name-only --get-regexp ^includeIf\.gitdir:
2026-09-30T07:34:44.4275910Z [command]/usr/local/bin/git submodule foreach --recursive git config --local --show-origin --name-only --get-regexp remote.origin.url
2026-09-30T07:34:44.5748080Z Cleaning up orphan processes
2026-09-30T07:34:44.8070640Z Terminate orphan process: pid (63275) (VBCSCompiler)
2026-09-30T07:34:44.8193160Z ##[warning]Node.js 20 is deprecated. The following actions target Node.js 20 but are being forced to run on Node.js 24: actions/checkout@v4, actions/setup-dotnet@v4, actions/upload-artifact@v4. For more information see: https://github.blog/changelog/2025-09-19-deprecation-of-node-20-on-github-actions-runners/
