2026-09-30T17:22:52.4073160Z Current runner version: '2.337.0'
2026-09-30T17:22:52.4109240Z ##[group]Runner Image Provisioner
2026-09-30T17:22:52.4110470Z Hosted Compute Agent
2026-09-30T17:22:52.4111370Z Version: 20260819.586
2026-09-30T17:22:52.4112330Z Commit: 3cc4a88dfa507ef76119ad1bb3eccc6378bb2b76
2026-09-30T17:22:52.4113450Z Build Date: 2026-08-18T23:20:18Z
2026-09-30T17:22:52.4114520Z Worker ID: {29c68dc5-b184-45e9-9645-438c6f6c112c}
2026-09-30T17:22:52.4115610Z Azure Region: westus
2026-09-30T17:22:52.4116450Z ##[endgroup]
2026-09-30T17:22:52.4119320Z ##[group]Operating System
2026-09-30T17:22:52.4120570Z macOS
2026-09-30T17:22:52.4121420Z 15.7.9
2026-09-30T17:22:52.4122620Z 24G830
2026-09-30T17:22:52.4123570Z ##[endgroup]
2026-09-30T17:22:52.4124460Z ##[group]Runner Image
2026-09-30T17:22:52.4125370Z Image: macos-15
2026-09-30T17:22:52.4126270Z Version: 20260824.0482.1
2026-09-30T17:22:52.4128610Z Included Software: https://github.com/actions/runner-images/blob/macos-15/20260824.0482/images/macos/macos-15-Readme.md
2026-09-30T17:22:52.4131270Z Image Release: https://github.com/actions/runner-images/releases/tag/macos-15%2F20260824.0482
2026-09-30T17:22:52.4132910Z ##[endgroup]
2026-09-30T17:22:52.4138680Z ##[group]GITHUB_TOKEN Permissions
2026-09-30T17:22:52.4142810Z Actions: write
2026-09-30T17:22:52.4143800Z ArtifactMetadata: write
2026-09-30T17:22:52.4145240Z Attestations: write
2026-09-30T17:22:52.4146160Z Checks: write
2026-09-30T17:22:52.4147100Z CodeQuality: write
2026-09-30T17:22:52.4147970Z Contents: write
2026-09-30T17:22:52.4148860Z CopilotRequests: write
2026-09-30T17:22:52.4149790Z Deployments: write
2026-09-30T17:22:52.4150650Z Discussions: write
2026-09-30T17:22:52.4151550Z Drives: write
2026-09-30T17:22:52.4152370Z Issues: write
2026-09-30T17:22:52.4153210Z Metadata: read
2026-09-30T17:22:52.4154190Z Models: read
2026-09-30T17:22:52.4155060Z Packages: write
2026-09-30T17:22:52.4155960Z Pages: write
2026-09-30T17:22:52.4157100Z PullRequests: write
2026-09-30T17:22:52.4158050Z RepositoryProjects: write
2026-09-30T17:22:52.4159050Z SecurityEvents: write
2026-09-30T17:22:52.4159950Z Statuses: write
2026-09-30T17:22:52.4160840Z VulnerabilityAlerts: read
2026-09-30T17:22:52.4161770Z ##[endgroup]
2026-09-30T17:22:52.4164740Z Secret source: Actions
2026-09-30T17:22:52.4166140Z Cache mode: write
2026-09-30T17:22:52.4167720Z Prepare workflow directory
2026-09-30T17:22:52.5038480Z Prepare all required actions
2026-09-30T17:22:52.5113560Z Getting action download info
2026-09-30T17:22:52.7215410Z Download action repository 'actions/checkout@v4' (SHA:11d5960a326750d5838078e36cf38b85af677262)
2026-09-30T17:22:52.9357210Z Download action repository 'actions/setup-dotnet@v4' (SHA:67a3573c9a986a3f9c594539f4ab511d57bb3ce9)
2026-09-30T17:22:54.0305440Z Download action repository 'actions/upload-artifact@v4' (SHA:ea165f8d65b6e75b540449e92b4886f43607fa02)
2026-09-30T17:22:54.3923120Z Uses: JKamsker/LiteDB/.github/workflows/_reusable-ci.yml@refs/pull/133/merge (b86a770a120cf551a976bf915a1fbbc4efd004ac)
2026-09-30T17:22:54.3932790Z ##[group] Inputs
2026-09-30T17:22:54.3934500Z   tier: full
2026-09-30T17:22:54.3945730Z   sdk-matrix: [
  { "display": ".NET 8", "runtimeMajor": 8,  "sdk": "8.0.x",           "framework": "net8.0", "includePrerelease": false, "msbuildProps": "" },
  { "display": ".NET 9", "runtimeMajor": 9,  "sdk": "9.0.x\n8.0.x",    "framework": "net8.0", "includePrerelease": true,  "msbuildProps": "" },
  { "display": ".NET 10", "runtimeMajor": 10, "sdk": "10.0.x",          "framework": "net10.0", "includePrerelease": false, "msbuildProps": "" }
]

2026-09-30T17:22:54.3957220Z ##[endgroup]
2026-09-30T17:22:54.3960270Z Complete job name: build-and-test / Native admission (macOS Intel - net10.0)
2026-09-30T17:22:54.5142200Z ##[group]Run actions/checkout@v4
2026-09-30T17:22:54.5144730Z with:
2026-09-30T17:22:54.5146270Z   repository: JKamsker/LiteDB
2026-09-30T17:22:54.5166920Z   token: ***
2026-09-30T17:22:54.5168490Z   ssh-strict: true
2026-09-30T17:22:54.5170130Z   ssh-user: git
2026-09-30T17:22:54.5171800Z   persist-credentials: true
2026-09-30T17:22:54.5174950Z   clean: true
2026-09-30T17:22:54.5176650Z   sparse-checkout-cone-mode: true
2026-09-30T17:22:54.5178700Z   fetch-depth: 1
2026-09-30T17:22:54.5180330Z   fetch-tags: false
2026-09-30T17:22:54.5182040Z   show-progress: true
2026-09-30T17:22:54.5183750Z   lfs: false
2026-09-30T17:22:54.5185310Z   submodules: false
2026-09-30T17:22:54.5187050Z   set-safe-directory: true
2026-09-30T17:22:54.5189030Z   allow-unsafe-pr-checkout: false
2026-09-30T17:22:54.5191760Z env:
2026-09-30T17:22:54.5195490Z   LITEDB_RETAINED_FIXTURES: __CI_WORKSPACE__/LiteDB.Tests/TestResults/retained-fixtures
2026-09-30T17:22:54.5199780Z ##[endgroup]
2026-09-30T17:22:54.8623330Z Syncing repository: JKamsker/LiteDB
2026-09-30T17:22:54.8628010Z ##[group]Getting Git version info
2026-09-30T17:22:54.8630560Z Working directory is '__CI_HOME__/work/LiteDB/LiteDB'
2026-09-30T17:22:54.8634410Z [command]/usr/local/bin/git version
2026-09-30T17:22:54.8943170Z git version 2.55.0
2026-09-30T17:22:54.8970360Z ##[endgroup]
2026-09-30T17:22:54.8984050Z Copying '__CI_HOME__/.gitconfig' to '__CI_HOME__/work/_temp/93fe844b-c93b-4354-96cc-0586d53b9a3a/.gitconfig'
2026-09-30T17:22:54.9000850Z Temporarily overriding HOME='__CI_HOME__/work/_temp/93fe844b-c93b-4354-96cc-0586d53b9a3a' before making global git config changes
2026-09-30T17:22:54.9006740Z Adding repository directory to the temporary git global config as a safe directory
2026-09-30T17:22:54.9011490Z [command]/usr/local/bin/git config --global --add safe.directory __CI_WORKSPACE__
2026-09-30T17:22:54.9153270Z Deleting the contents of '__CI_HOME__/work/LiteDB/LiteDB'
2026-09-30T17:22:54.9159000Z ##[group]Initializing the repository
2026-09-30T17:22:54.9165090Z [command]/usr/local/bin/git init __CI_WORKSPACE__
2026-09-30T17:22:54.9515230Z hint: Using 'master' as the name for the initial branch. This default branch name
2026-09-30T17:22:54.9519380Z hint: will change to "main" in Git 3.0. To configure the initial branch name
2026-09-30T17:22:54.9523500Z hint: to use in all of your new repositories, which will suppress this warning,
2026-09-30T17:22:54.9526640Z hint: call:
2026-09-30T17:22:54.9528130Z hint:
2026-09-30T17:22:54.9529960Z hint: 	git config --global init.defaultBranch <name>
2026-09-30T17:22:54.9532350Z hint:
2026-09-30T17:22:54.9534580Z hint: Names commonly chosen instead of 'master' are 'main', 'trunk' and
2026-09-30T17:22:54.9538430Z hint: 'development'. The just-created branch can be renamed via this command:
2026-09-30T17:22:54.9541470Z hint:
2026-09-30T17:22:54.9542990Z hint: 	git branch -m <name>
2026-09-30T17:22:54.9544790Z hint:
2026-09-30T17:22:54.9547340Z hint: Disable this message with "git config set advice.defaultBranchName false"
2026-09-30T17:22:54.9551640Z Initialized empty Git repository in __CI_WORKSPACE__/.git/
2026-09-30T17:22:54.9558670Z [command]/usr/local/bin/git remote add origin https://github.com/JKamsker/LiteDB
2026-09-30T17:22:54.9674920Z ##[endgroup]
2026-09-30T17:22:54.9677880Z ##[group]Disabling automatic garbage collection
2026-09-30T17:22:54.9680590Z [command]/usr/local/bin/git config --local gc.auto 0
2026-09-30T17:22:54.9801840Z ##[endgroup]
2026-09-30T17:22:54.9804540Z ##[group]Setting up auth
2026-09-30T17:22:54.9809020Z [command]/usr/local/bin/git config --local --name-only --get-regexp core\.sshCommand
2026-09-30T17:22:54.9940810Z [command]/usr/local/bin/git submodule foreach --recursive sh -c "git config --local --name-only --get-regexp 'core\.sshCommand' && git config --local --unset-all 'core.sshCommand' || :"
2026-09-30T17:22:55.1368220Z [command]/usr/local/bin/git config --local --name-only --get-regexp http\.https\:\/\/github\.com\/\.extraheader
2026-09-30T17:22:55.1464550Z [command]/usr/local/bin/git submodule foreach --recursive sh -c "git config --local --name-only --get-regexp 'http\.https\:\/\/github\.com\/\.extraheader' && git config --local --unset-all 'http.https://github.com/.extraheader' || :"
2026-09-30T17:22:55.2727450Z [command]/usr/local/bin/git config --local --name-only --get-regexp ^includeIf\.gitdir:
2026-09-30T17:22:55.2832690Z [command]/usr/local/bin/git submodule foreach --recursive git config --local --show-origin --name-only --get-regexp remote.origin.url
2026-09-30T17:22:55.4352540Z [command]/usr/local/bin/git config --local http.https://github.com/.extraheader AUTHORIZATION: basic ***
2026-09-30T17:22:55.4472790Z ##[endgroup]
2026-09-30T17:22:55.4473860Z ##[group]Fetching the repository
2026-09-30T17:22:55.4483330Z [command]/usr/local/bin/git -c protocol.version=2 fetch --no-tags --prune --no-recurse-submodules --depth=1 origin +b86a770a120cf551a976bf915a1fbbc4efd004ac:refs/remotes/pull/133/merge
2026-09-30T17:22:57.0709720Z From https://github.com/JKamsker/LiteDB
2026-09-30T17:22:57.0711580Z  * [new ref]         b86a770a120cf551a976bf915a1fbbc4efd004ac -> pull/133/merge
2026-09-30T17:22:57.0714010Z ##[endgroup]
2026-09-30T17:22:57.0714970Z ##[group]Determining the checkout info
2026-09-30T17:22:57.0715940Z ##[endgroup]
2026-09-30T17:22:57.0721330Z [command]/usr/local/bin/git sparse-checkout disable
2026-09-30T17:22:57.0839990Z [command]/usr/local/bin/git config --local --unset-all extensions.worktreeConfig
2026-09-30T17:22:57.0940950Z ##[group]Checking out the ref
2026-09-30T17:22:57.0945120Z [command]/usr/local/bin/git checkout --progress --force refs/remotes/pull/133/merge
2026-09-30T17:22:57.7195310Z HEAD is now at b86a770 Merge e8559b642b34449e0843c9e74860a3eb5817d0c7 into 5dd942a7367c361fadd600be4ce10aace2768b27
2026-09-30T17:22:57.7212670Z ##[endgroup]
2026-09-30T17:22:57.7341330Z [command]/usr/local/bin/git log -1 --format=%H
2026-09-30T17:22:57.7445420Z b86a770a120cf551a976bf915a1fbbc4efd004ac
2026-09-30T17:22:57.7834880Z ##[group]Run actions/setup-dotnet@v4
2026-09-30T17:22:57.7835490Z with:
2026-09-30T17:22:57.7835860Z   dotnet-version: 10.0.x
8.0.x

2026-09-30T17:22:57.7836320Z   cache: false
2026-09-30T17:22:57.7836660Z env:
2026-09-30T17:22:57.7837450Z   LITEDB_RETAINED_FIXTURES: __CI_WORKSPACE__/LiteDB.Tests/TestResults/retained-fixtures
2026-09-30T17:22:57.7838480Z ##[endgroup]
2026-09-30T17:22:58.0011160Z (node:1090) [DEP0040] DeprecationWarning: The `punycode` module is deprecated. Please use a userland alternative instead.
2026-09-30T17:22:58.0020350Z (Use `node --trace-deprecation ...` to show where the warning was created)
2026-09-30T17:22:58.0076040Z [command]__CI_HOME__/work/_actions/actions/setup-dotnet/v4/externals/install-dotnet.sh --skip-non-versioned-files --runtime dotnet --channel LTS
2026-09-30T17:22:58.4168660Z dotnet-install: Attempting to download using aka.ms link https://builds.dotnet.microsoft.com/dotnet/Runtime/10.0.12/dotnet-runtime-10.0.12-osx-x64.tar.gz
2026-09-30T17:22:58.7170440Z dotnet-install: Remote file https://builds.dotnet.microsoft.com/dotnet/Runtime/10.0.12/dotnet-runtime-10.0.12-osx-x64.tar.gz size is 35596837 bytes.
2026-09-30T17:22:58.7178300Z dotnet-install: Extracting archive from https://builds.dotnet.microsoft.com/dotnet/Runtime/10.0.12/dotnet-runtime-10.0.12-osx-x64.tar.gz
2026-09-30T17:22:59.3619170Z dotnet-install: Downloaded file size is 35596837 bytes.
2026-09-30T17:22:59.3622920Z dotnet-install: The remote and local file sizes are equal.
2026-09-30T17:22:59.4011830Z dotnet-install: Installed version is 10.0.12
2026-09-30T17:22:59.4185270Z dotnet-install: Adding to current process PATH: `__CI_HOME__/.dotnet`. Note: This change will be visible only when sourcing script.
2026-09-30T17:22:59.4187550Z dotnet-install: Note that the script does not resolve dependencies during installation.
2026-09-30T17:22:59.4190150Z dotnet-install: To check the list of dependencies, go to https://learn.microsoft.com/dotnet/core/install, select your operating system and check the "Dependencies" section.
2026-09-30T17:22:59.4191990Z dotnet-install: Installation finished successfully.
2026-09-30T17:22:59.4209550Z [command]__CI_HOME__/work/_actions/actions/setup-dotnet/v4/externals/install-dotnet.sh --skip-non-versioned-files --channel 10.0
2026-09-30T17:22:59.8046510Z dotnet-install: Attempting to download using aka.ms link https://builds.dotnet.microsoft.com/dotnet/Sdk/10.0.401/dotnet-sdk-10.0.401-osx-x64.tar.gz
2026-09-30T17:23:01.2299860Z dotnet-install: Remote file https://builds.dotnet.microsoft.com/dotnet/Sdk/10.0.401/dotnet-sdk-10.0.401-osx-x64.tar.gz size is 238641497 bytes.
2026-09-30T17:23:01.2304000Z dotnet-install: Extracting archive from https://builds.dotnet.microsoft.com/dotnet/Sdk/10.0.401/dotnet-sdk-10.0.401-osx-x64.tar.gz
2026-09-30T17:23:11.3190910Z dotnet-install: Downloaded file size is 238641497 bytes.
2026-09-30T17:23:11.3193540Z dotnet-install: The remote and local file sizes are equal.
2026-09-30T17:23:11.8541520Z dotnet-install: Installed version is 10.0.401
2026-09-30T17:23:11.8704910Z dotnet-install: Adding to current process PATH: `__CI_HOME__/.dotnet`. Note: This change will be visible only when sourcing script.
2026-09-30T17:23:11.8707190Z dotnet-install: Note that the script does not resolve dependencies during installation.
2026-09-30T17:23:11.8709410Z dotnet-install: To check the list of dependencies, go to https://learn.microsoft.com/dotnet/core/install, select your operating system and check the "Dependencies" section.
2026-09-30T17:23:11.8711610Z dotnet-install: Installation finished successfully.
2026-09-30T17:23:11.8728360Z [command]__CI_HOME__/work/_actions/actions/setup-dotnet/v4/externals/install-dotnet.sh --skip-non-versioned-files --runtime dotnet --channel LTS
2026-09-30T17:23:12.2206620Z dotnet-install: .NET Core Runtime with version '10.0.12' is already installed.
2026-09-30T17:23:12.2220230Z [command]__CI_HOME__/work/_actions/actions/setup-dotnet/v4/externals/install-dotnet.sh --skip-non-versioned-files --channel 8.0
2026-09-30T17:23:12.7447620Z dotnet-install: Attempting to download using aka.ms link https://builds.dotnet.microsoft.com/dotnet/Sdk/8.0.425/dotnet-sdk-8.0.425-osx-x64.tar.gz
2026-09-30T17:23:14.4071070Z dotnet-install: Remote file https://builds.dotnet.microsoft.com/dotnet/Sdk/8.0.425/dotnet-sdk-8.0.425-osx-x64.tar.gz size is 215008279 bytes.
2026-09-30T17:23:14.4074800Z dotnet-install: Extracting archive from https://builds.dotnet.microsoft.com/dotnet/Sdk/8.0.425/dotnet-sdk-8.0.425-osx-x64.tar.gz
2026-09-30T17:23:22.6863300Z dotnet-install: Downloaded file size is 215008279 bytes.
2026-09-30T17:23:22.6865080Z dotnet-install: The remote and local file sizes are equal.
2026-09-30T17:23:23.2257160Z dotnet-install: Installed version is 8.0.425
2026-09-30T17:23:23.2412330Z dotnet-install: Adding to current process PATH: `__CI_HOME__/.dotnet`. Note: This change will be visible only when sourcing script.
2026-09-30T17:23:23.2414070Z dotnet-install: Note that the script does not resolve dependencies during installation.
2026-09-30T17:23:23.2416090Z dotnet-install: To check the list of dependencies, go to https://learn.microsoft.com/dotnet/core/install, select your operating system and check the "Dependencies" section.
2026-09-30T17:23:23.2417940Z dotnet-install: Installation finished successfully.
2026-09-30T17:23:23.2648810Z ##[group]Run dotnet build LiteDB.Tests/LiteDB.Tests.csproj -c Release -f net10.0 -p:TestingEnabled=true
2026-09-30T17:23:23.2650840Z [36;1mdotnet build LiteDB.Tests/LiteDB.Tests.csproj -c Release -f net10.0 -p:TestingEnabled=true[0m
2026-09-30T17:23:23.2728730Z shell: /bin/bash -e {0}
2026-09-30T17:23:23.2729240Z env:
2026-09-30T17:23:23.2730160Z   LITEDB_RETAINED_FIXTURES: __CI_WORKSPACE__/LiteDB.Tests/TestResults/retained-fixtures
2026-09-30T17:23:23.2731380Z   DOTNET_ROOT: __CI_HOME__/.dotnet
2026-09-30T17:23:23.2731930Z ##[endgroup]
2026-09-30T17:23:24.7199950Z   Determining projects to restore...
2026-09-30T17:23:26.2591100Z __CI_WORKSPACE__/LiteDB/LiteDB.csproj : warning NU1510: PackageReference System.ComponentModel.TypeConverter will not be pruned. This package is automatically available and does not need to be referenced explicitly. Remove the PackageReference item. [__CI_WORKSPACE__/LiteDB.Tests/LiteDB.Tests.csproj]
2026-09-30T17:23:26.4104370Z   Restored __CI_WORKSPACE__/LiteDB.Tests.SharedMutexHarness/SharedMutexHarness.csproj (in 163 ms).
2026-09-30T17:23:28.2467600Z   Restored __CI_WORKSPACE__/LiteDB/LiteDB.csproj (in 1.96 sec).
2026-09-30T17:23:31.6177570Z   Restored __CI_WORKSPACE__/LiteDB.Tests/LiteDB.Tests.csproj (in 5.38 sec).
2026-09-30T17:23:33.7953870Z __CI_WORKSPACE__/LiteDB/LiteDB.csproj : warning NU1510: PackageReference System.ComponentModel.TypeConverter will not be pruned. This package is automatically available and does not need to be referenced explicitly. Remove the PackageReference item. [TargetFramework=net10.0]
2026-09-30T17:23:43.2387900Z ##[warning]__CI_WORKSPACE__/LiteDB/Client/Mapper/BsonMapper.Deserialize.cs(27,39): warning CS8632: The annotation for nullable reference types should only be used in code within a '#nullable' annotations context. [__CI_WORKSPACE__/LiteDB/LiteDB.csproj::TargetFramework=net10.0]
2026-09-30T17:23:43.2409420Z ##[warning]__CI_WORKSPACE__/LiteDB/Engine/Disk/Streams/AesStream.cs(97,27): warning SYSLIB0060: 'Rfc2898DeriveBytes.Rfc2898DeriveBytes(string, byte[])' is obsolete: 'The constructors on Rfc2898DeriveBytes are obsolete. Use the static Pbkdf2 method instead.' (https://aka.ms/dotnet-warnings/SYSLIB0060) [__CI_WORKSPACE__/LiteDB/LiteDB.csproj::TargetFramework=net10.0]
2026-09-30T17:23:43.2420410Z ##[warning]__CI_WORKSPACE__/LiteDB/Engine/FileReader/Legacy/AesEncryption.cs(21,23): warning SYSLIB0060: 'Rfc2898DeriveBytes.Rfc2898DeriveBytes(string, byte[])' is obsolete: 'The constructors on Rfc2898DeriveBytes are obsolete. Use the static Pbkdf2 method instead.' (https://aka.ms/dotnet-warnings/SYSLIB0060) [__CI_WORKSPACE__/LiteDB/LiteDB.csproj::TargetFramework=net10.0]
2026-09-30T17:23:43.2428640Z ##[warning]__CI_WORKSPACE__/LiteDB/Engine/FileReader/FileReaderV8.cs(23,29): warning CS0649: Field 'FileReaderV8.PageInfo.PageType' is never assigned to, and will always have its default value [__CI_WORKSPACE__/LiteDB/LiteDB.csproj::TargetFramework=net10.0]
2026-09-30T17:23:43.2436140Z ##[warning]__CI_WORKSPACE__/LiteDB/Engine/LiteEngine.cs(229,37): warning CS1734: XML comment on 'LiteEngine.InvalidDatafileState' has a paramref tag for 'checkpoint', but there is no parameter by that name [__CI_WORKSPACE__/LiteDB/LiteDB.csproj::TargetFramework=net10.0]
2026-09-30T17:23:43.2443550Z ##[warning]__CI_WORKSPACE__/LiteDB/Engine/LiteEngine.cs(232,42): warning CS1734: XML comment on 'LiteEngine.InvalidDatafileState' has a paramref tag for 'final', but there is no parameter by that name [__CI_WORKSPACE__/LiteDB/LiteDB.csproj::TargetFramework=net10.0]
2026-09-30T17:23:43.2453900Z ##[warning]__CI_WORKSPACE__/LiteDB/Client/Coordinated/CoordinatorClient.Snapshots.cs(376,42): warning CS1573: Parameter 'engine' has no matching param tag in the XML comment for 'CoordinatorClient.Snapshot.Snapshot(LiteEngine, IDisposable, int, CoordinatorStatus)' (but other parameters do) [__CI_WORKSPACE__/LiteDB/LiteDB.csproj::TargetFramework=net10.0]
2026-09-30T17:23:43.2463980Z ##[warning]__CI_WORKSPACE__/LiteDB/Client/Coordinated/CoordinatorClient.Snapshots.cs(376,62): warning CS1573: Parameter 'lease' has no matching param tag in the XML comment for 'CoordinatorClient.Snapshot.Snapshot(LiteEngine, IDisposable, int, CoordinatorStatus)' (but other parameters do) [__CI_WORKSPACE__/LiteDB/LiteDB.csproj::TargetFramework=net10.0]
2026-09-30T17:23:43.2473790Z ##[warning]__CI_WORKSPACE__/LiteDB/Client/Coordinated/CoordinatorClient.Snapshots.cs(376,73): warning CS1573: Parameter 'version' has no matching param tag in the XML comment for 'CoordinatorClient.Snapshot.Snapshot(LiteEngine, IDisposable, int, CoordinatorStatus)' (but other parameters do) [__CI_WORKSPACE__/LiteDB/LiteDB.csproj::TargetFramework=net10.0]
2026-09-30T17:23:43.2484390Z ##[warning]__CI_WORKSPACE__/LiteDB/Client/Coordinated/CoordinatorStatusPage.cs(138,24): warning CA1416: This call site is reachable on all platforms. 'File.GetUnixFileMode(string)' is unsupported on: 'windows'. (https://learn.microsoft.com/dotnet/fundamentals/code-analysis/quality-rules/ca1416) [__CI_WORKSPACE__/LiteDB/LiteDB.csproj::TargetFramework=net10.0]
2026-09-30T17:23:43.2494510Z ##[warning]__CI_WORKSPACE__/LiteDB/Client/Coordinated/CoordinatorStatusPage.cs(170,27): warning CA1416: This call site is reachable on all platforms. 'FileStreamOptions.UnixCreateMode.set' is unsupported on: 'windows'. (https://learn.microsoft.com/dotnet/fundamentals/code-analysis/quality-rules/ca1416) [__CI_WORKSPACE__/LiteDB/LiteDB.csproj::TargetFramework=net10.0]
2026-09-30T17:23:43.2504820Z ##[warning]__CI_WORKSPACE__/LiteDB/Client/Coordinated/CoordinatorStatusPage.cs(145,51): warning CA1416: This call site is reachable on all platforms. 'File.SetUnixFileMode(string, UnixFileMode)' is unsupported on: 'windows'. (https://learn.microsoft.com/dotnet/fundamentals/code-analysis/quality-rules/ca1416) [__CI_WORKSPACE__/LiteDB/LiteDB.csproj::TargetFramework=net10.0]
2026-09-30T17:23:43.2515260Z ##[warning]__CI_WORKSPACE__/LiteDB/Client/Coordinated/CoordinatorStatusPage.cs(133,17): warning CA1416: This call site is reachable on all platforms. 'Directory.CreateDirectory(string, UnixFileMode)' is unsupported on: 'windows'. (https://learn.microsoft.com/dotnet/fundamentals/code-analysis/quality-rules/ca1416) [__CI_WORKSPACE__/LiteDB/LiteDB.csproj::TargetFramework=net10.0]
2026-09-30T17:23:43.2525740Z ##[warning]__CI_WORKSPACE__/LiteDB/Client/Coordinated/CoordinatorStatusPage.cs(115,57): warning CA1416: This call site is reachable on all platforms. 'File.GetUnixFileMode(string)' is unsupported on: 'windows'. (https://learn.microsoft.com/dotnet/fundamentals/code-analysis/quality-rules/ca1416) [__CI_WORKSPACE__/LiteDB/LiteDB.csproj::TargetFramework=net10.0]
2026-09-30T17:23:43.2534930Z ##[warning]__CI_WORKSPACE__/LiteDB/Engine/Sort/SortContainer.cs(141,21): warning CA2022: Avoid inexact read with 'System.IO.Stream.Read(byte[], int, int)' (https://learn.microsoft.com/dotnet/fundamentals/code-analysis/quality-rules/ca2022) [__CI_WORKSPACE__/LiteDB/LiteDB.csproj::TargetFramework=net10.0]
2026-09-30T17:23:43.2763630Z   LiteDB -> __CI_WORKSPACE__/LiteDB/bin/Release/net10.0/LiteDB.dll
2026-09-30T17:23:43.6681350Z __CI_WORKSPACE__/LiteDB/LiteDB.csproj : warning NU1510: PackageReference System.ComponentModel.TypeConverter will not be pruned. This package is automatically available and does not need to be referenced explicitly. Remove the PackageReference item. [TargetFramework=net8.0]
2026-09-30T17:23:52.1393920Z ##[warning]__CI_WORKSPACE__/LiteDB/Client/Mapper/BsonMapper.Deserialize.cs(27,39): warning CS8632: The annotation for nullable reference types should only be used in code within a '#nullable' annotations context. [__CI_WORKSPACE__/LiteDB/LiteDB.csproj::TargetFramework=net8.0]
2026-09-30T17:23:52.1479360Z ##[warning]__CI_WORKSPACE__/LiteDB/Engine/Disk/Streams/AesStream.cs(97,27): warning SYSLIB0041: 'Rfc2898DeriveBytes.Rfc2898DeriveBytes(string, byte[])' is obsolete: 'The default hash algorithm and iteration counts in Rfc2898DeriveBytes constructors are outdated and insecure. Use a constructor that accepts the hash algorithm and the number of iterations.' (https://aka.ms/dotnet-warnings/SYSLIB0041) [__CI_WORKSPACE__/LiteDB/LiteDB.csproj::TargetFramework=net8.0]
2026-09-30T17:23:52.1516610Z ##[warning]__CI_WORKSPACE__/LiteDB/Engine/FileReader/Legacy/AesEncryption.cs(21,23): warning SYSLIB0041: 'Rfc2898DeriveBytes.Rfc2898DeriveBytes(string, byte[])' is obsolete: 'The default hash algorithm and iteration counts in Rfc2898DeriveBytes constructors are outdated and insecure. Use a constructor that accepts the hash algorithm and the number of iterations.' (https://aka.ms/dotnet-warnings/SYSLIB0041) [__CI_WORKSPACE__/LiteDB/LiteDB.csproj::TargetFramework=net8.0]
2026-09-30T17:23:52.1583720Z ##[warning]__CI_WORKSPACE__/LiteDB/Engine/FileReader/FileReaderV8.cs(23,29): warning CS0649: Field 'FileReaderV8.PageInfo.PageType' is never assigned to, and will always have its default value [__CI_WORKSPACE__/LiteDB/LiteDB.csproj::TargetFramework=net8.0]
2026-09-30T17:23:52.1643600Z ##[warning]__CI_WORKSPACE__/LiteDB/Engine/LiteEngine.cs(229,37): warning CS1734: XML comment on 'LiteEngine.InvalidDatafileState' has a paramref tag for 'checkpoint', but there is no parameter by that name [__CI_WORKSPACE__/LiteDB/LiteDB.csproj::TargetFramework=net8.0]
2026-09-30T17:23:52.1685820Z ##[warning]__CI_WORKSPACE__/LiteDB/Engine/LiteEngine.cs(232,42): warning CS1734: XML comment on 'LiteEngine.InvalidDatafileState' has a paramref tag for 'final', but there is no parameter by that name [__CI_WORKSPACE__/LiteDB/LiteDB.csproj::TargetFramework=net8.0]
2026-09-30T17:23:52.1755570Z ##[warning]__CI_WORKSPACE__/LiteDB/Client/Coordinated/CoordinatorClient.Snapshots.cs(376,42): warning CS1573: Parameter 'engine' has no matching param tag in the XML comment for 'CoordinatorClient.Snapshot.Snapshot(LiteEngine, IDisposable, int, CoordinatorStatus)' (but other parameters do) [__CI_WORKSPACE__/LiteDB/LiteDB.csproj::TargetFramework=net8.0]
2026-09-30T17:23:52.1787370Z ##[warning]__CI_WORKSPACE__/LiteDB/Client/Coordinated/CoordinatorClient.Snapshots.cs(376,62): warning CS1573: Parameter 'lease' has no matching param tag in the XML comment for 'CoordinatorClient.Snapshot.Snapshot(LiteEngine, IDisposable, int, CoordinatorStatus)' (but other parameters do) [__CI_WORKSPACE__/LiteDB/LiteDB.csproj::TargetFramework=net8.0]
2026-09-30T17:23:52.1850810Z ##[warning]__CI_WORKSPACE__/LiteDB/Client/Coordinated/CoordinatorClient.Snapshots.cs(376,73): warning CS1573: Parameter 'version' has no matching param tag in the XML comment for 'CoordinatorClient.Snapshot.Snapshot(LiteEngine, IDisposable, int, CoordinatorStatus)' (but other parameters do) [__CI_WORKSPACE__/LiteDB/LiteDB.csproj::TargetFramework=net8.0]
2026-09-30T17:23:52.1914700Z ##[warning]__CI_WORKSPACE__/LiteDB/Client/Coordinated/CoordinatorStatusPage.cs(145,51): warning CA1416: This call site is reachable on all platforms. 'File.SetUnixFileMode(string, UnixFileMode)' is unsupported on: 'windows'. (https://learn.microsoft.com/dotnet/fundamentals/code-analysis/quality-rules/ca1416) [__CI_WORKSPACE__/LiteDB/LiteDB.csproj::TargetFramework=net8.0]
2026-09-30T17:23:52.1975060Z ##[warning]__CI_WORKSPACE__/LiteDB/Client/Coordinated/CoordinatorStatusPage.cs(133,17): warning CA1416: This call site is reachable on all platforms. 'Directory.CreateDirectory(string, UnixFileMode)' is unsupported on: 'windows'. (https://learn.microsoft.com/dotnet/fundamentals/code-analysis/quality-rules/ca1416) [__CI_WORKSPACE__/LiteDB/LiteDB.csproj::TargetFramework=net8.0]
2026-09-30T17:23:52.1985740Z ##[warning]__CI_WORKSPACE__/LiteDB/Client/Coordinated/CoordinatorStatusPage.cs(138,24): warning CA1416: This call site is reachable on all platforms. 'File.GetUnixFileMode(string)' is unsupported on: 'windows'. (https://learn.microsoft.com/dotnet/fundamentals/code-analysis/quality-rules/ca1416) [__CI_WORKSPACE__/LiteDB/LiteDB.csproj::TargetFramework=net8.0]
2026-09-30T17:23:52.2027650Z ##[warning]__CI_WORKSPACE__/LiteDB/Client/Coordinated/CoordinatorStatusPage.cs(170,27): warning CA1416: This call site is reachable on all platforms. 'FileStreamOptions.UnixCreateMode.set' is unsupported on: 'windows'. (https://learn.microsoft.com/dotnet/fundamentals/code-analysis/quality-rules/ca1416) [__CI_WORKSPACE__/LiteDB/LiteDB.csproj::TargetFramework=net8.0]
2026-09-30T17:23:52.2064990Z ##[warning]__CI_WORKSPACE__/LiteDB/Client/Coordinated/CoordinatorStatusPage.cs(115,57): warning CA1416: This call site is reachable on all platforms. 'File.GetUnixFileMode(string)' is unsupported on: 'windows'. (https://learn.microsoft.com/dotnet/fundamentals/code-analysis/quality-rules/ca1416) [__CI_WORKSPACE__/LiteDB/LiteDB.csproj::TargetFramework=net8.0]
2026-09-30T17:23:52.2124900Z   LiteDB -> __CI_WORKSPACE__/LiteDB/bin/Release/net8.0/LiteDB.dll
2026-09-30T17:23:52.8956080Z ##[warning]__CI_WORKSPACE__/LiteDB.Tests.SharedMutexHarness/SharedStorageHarness.cs(34,17): warning CS0618: 'LiteDatabase.BeginTrans()' is obsolete: 'Use BeginTransaction() and Commit/Rollback on the returned handle. This legacy API is thread-bound and must not cross await.' [__CI_WORKSPACE__/LiteDB.Tests.SharedMutexHarness/SharedMutexHarness.csproj]
2026-09-30T17:23:52.9016670Z ##[warning]__CI_WORKSPACE__/LiteDB.Tests.SharedMutexHarness/SharedStorageHarness.cs(36,55): warning CS0618: 'LiteDatabase.Commit()' is obsolete: 'Use BeginTransaction() and Commit/Rollback on the returned handle. This legacy API is thread-bound and must not cross await.' [__CI_WORKSPACE__/LiteDB.Tests.SharedMutexHarness/SharedMutexHarness.csproj]
2026-09-30T17:23:52.9128280Z ##[warning]__CI_WORKSPACE__/LiteDB.Tests.SharedMutexHarness/SharedMappedHarness.cs(40,13): warning CS0618: 'LiteDatabase.BeginTrans()' is obsolete: 'Use BeginTransaction() and Commit/Rollback on the returned handle. This legacy API is thread-bound and must not cross await.' [__CI_WORKSPACE__/LiteDB.Tests.SharedMutexHarness/SharedMutexHarness.csproj]
2026-09-30T17:23:52.9211840Z ##[warning]__CI_WORKSPACE__/LiteDB.Tests.SharedMutexHarness/CoordinatorHarness.cs(35,9): warning CS0618: 'LiteDatabase.BeginTrans()' is obsolete: 'Use BeginTransaction() and Commit/Rollback on the returned handle. This legacy API is thread-bound and must not cross await.' [__CI_WORKSPACE__/LiteDB.Tests.SharedMutexHarness/SharedMutexHarness.csproj]
2026-09-30T17:23:52.9233220Z ##[warning]__CI_WORKSPACE__/LiteDB.Tests.SharedMutexHarness/CoordinatorHarness.cs(39,9): warning CS0618: 'LiteDatabase.Rollback()' is obsolete: 'Use BeginTransaction() and Commit/Rollback on the returned handle. This legacy API is thread-bound and must not cross await.' [__CI_WORKSPACE__/LiteDB.Tests.SharedMutexHarness/SharedMutexHarness.csproj]
2026-09-30T17:23:52.9243600Z ##[warning]__CI_WORKSPACE__/LiteDB.Tests.SharedMutexHarness/MvccHarness.cs(65,17): warning CS0618: 'LiteDatabase.BeginTrans()' is obsolete: 'Use BeginTransaction() and Commit/Rollback on the returned handle. This legacy API is thread-bound and must not cross await.' [__CI_WORKSPACE__/LiteDB.Tests.SharedMutexHarness/SharedMutexHarness.csproj]
2026-09-30T17:23:52.9253080Z ##[warning]__CI_WORKSPACE__/LiteDB.Tests.SharedMutexHarness/MvccHarness.cs(85,17): warning CS0618: 'LiteDatabase.BeginTrans()' is obsolete: 'Use BeginTransaction() and Commit/Rollback on the returned handle. This legacy API is thread-bound and must not cross await.' [__CI_WORKSPACE__/LiteDB.Tests.SharedMutexHarness/SharedMutexHarness.csproj]
2026-09-30T17:23:53.0320480Z   SharedMutexHarness -> __CI_WORKSPACE__/LiteDB.Tests.SharedMutexHarness/bin/Release/net8.0/SharedMutexHarness.dll
2026-09-30T17:24:34.3265380Z ##[warning]__CI_WORKSPACE__/LiteDB.Tests/Issues/Issue1829Invocation_Tests.cs(91,58): warning CS1718: Comparison made to same variable; did you mean to compare something else? [__CI_WORKSPACE__/LiteDB.Tests/LiteDB.Tests.csproj::TargetFramework=net10.0]
2026-09-30T17:24:34.3315350Z ##[warning]__CI_WORKSPACE__/LiteDB.Tests/Issues/Issue1829Invocation_Tests.cs(105,57): warning CS1718: Comparison made to same variable; did you mean to compare something else? [__CI_WORKSPACE__/LiteDB.Tests/LiteDB.Tests.csproj::TargetFramework=net10.0]
2026-09-30T17:24:34.3362540Z ##[warning]__CI_WORKSPACE__/LiteDB.Tests/Issues/Issue2265_Tests.cs(38,20): warning CS8632: The annotation for nullable reference types should only be used in code within a '#nullable' annotations context. [__CI_WORKSPACE__/LiteDB.Tests/LiteDB.Tests.csproj::TargetFramework=net10.0]
2026-09-30T17:24:34.3391550Z ##[warning]__CI_WORKSPACE__/LiteDB.Tests/Internals/Aes_Tests.cs(54,17): warning CA2022: Avoid inexact read with 'LiteDB.Engine.AesStream.Read(byte[], int, int)' (https://learn.microsoft.com/dotnet/fundamentals/code-analysis/quality-rules/ca2022) [__CI_WORKSPACE__/LiteDB.Tests/LiteDB.Tests.csproj::TargetFramework=net10.0]
2026-09-30T17:24:34.3484970Z ##[warning]__CI_WORKSPACE__/LiteDB.Tests/Internals/Aes_Tests.cs(57,17): warning CA2022: Avoid inexact read with 'LiteDB.Engine.AesStream.Read(byte[], int, int)' (https://learn.microsoft.com/dotnet/fundamentals/code-analysis/quality-rules/ca2022) [__CI_WORKSPACE__/LiteDB.Tests/LiteDB.Tests.csproj::TargetFramework=net10.0]
2026-09-30T17:24:34.3517530Z ##[warning]__CI_WORKSPACE__/LiteDB.Tests/Internals/Aes_Tests.cs(60,17): warning CA2022: Avoid inexact read with 'LiteDB.Engine.AesStream.Read(byte[], int, int)' (https://learn.microsoft.com/dotnet/fundamentals/code-analysis/quality-rules/ca2022) [__CI_WORKSPACE__/LiteDB.Tests/LiteDB.Tests.csproj::TargetFramework=net10.0]
2026-09-30T17:24:34.3653590Z ##[warning]__CI_WORKSPACE__/LiteDB.Tests/Internals/Aes_Tests.cs(140,21): warning CA2022: Avoid inexact read with 'System.Security.Cryptography.CryptoStream.Read(byte[], int, int)' (https://learn.microsoft.com/dotnet/fundamentals/code-analysis/quality-rules/ca2022) [__CI_WORKSPACE__/LiteDB.Tests/LiteDB.Tests.csproj::TargetFramework=net10.0]
2026-09-30T17:24:34.3791430Z ##[warning]__CI_WORKSPACE__/LiteDB.Tests/Internals/CacheAsync_Tests.cs(86,18): warning xUnit1031: Test methods should not use blocking task operations, as they can cause deadlocks. Use an async test method and await instead. (https://xunit.net/xunit.analyzers/rules/xUnit1031) [__CI_WORKSPACE__/LiteDB.Tests/LiteDB.Tests.csproj::TargetFramework=net10.0]
2026-09-30T17:24:34.3874960Z ##[warning]__CI_WORKSPACE__/LiteDB.Tests/Engine/CompactSchemaCacheConcurrency_Tests.cs(96,18): warning xUnit1031: Test methods should not use blocking task operations, as they can cause deadlocks. Use an async test method and await instead. (https://xunit.net/xunit.analyzers/rules/xUnit1031) [__CI_WORKSPACE__/LiteDB.Tests/LiteDB.Tests.csproj::TargetFramework=net10.0]
2026-09-30T17:24:34.4323730Z ##[warning]__CI_WORKSPACE__/LiteDB.Tests/Internals/TransactionHandleProcess_Tests.cs(22,13): warning xUnit2013: Do not use Assert.Equal() to check for collection size. Use Assert.Single instead. (https://xunit.net/xunit.analyzers/rules/xUnit2013) [__CI_WORKSPACE__/LiteDB.Tests/LiteDB.Tests.csproj::TargetFramework=net10.0]
2026-09-30T17:24:34.4397290Z ##[warning]__CI_WORKSPACE__/LiteDB.Tests/Engine/CoordinatorSafety_Tests.cs(252,13): warning CA2022: Avoid inexact read with 'System.IO.FileStream.Read(byte[], int, int)' (https://learn.microsoft.com/dotnet/fundamentals/code-analysis/quality-rules/ca2022) [__CI_WORKSPACE__/LiteDB.Tests/LiteDB.Tests.csproj::TargetFramework=net10.0]
2026-09-30T17:24:34.4413220Z ##[warning]__CI_WORKSPACE__/LiteDB.Tests/Engine/CoordinatorPlatform_Tests.cs(289,22): warning xUnit1031: Test methods should not use blocking task operations, as they can cause deadlocks. Use an async test method and await instead. (https://xunit.net/xunit.analyzers/rules/xUnit1031) [__CI_WORKSPACE__/LiteDB.Tests/LiteDB.Tests.csproj::TargetFramework=net10.0]
2026-09-30T17:24:34.4545340Z ##[warning]__CI_WORKSPACE__/LiteDB.Tests/Engine/CoordinatorSnapshotReads_Tests.cs(161,28): warning xUnit1031: Test methods should not use blocking task operations, as they can cause deadlocks. Use an async test method and await instead. (https://xunit.net/xunit.analyzers/rules/xUnit1031) [__CI_WORKSPACE__/LiteDB.Tests/LiteDB.Tests.csproj::TargetFramework=net10.0]
2026-09-30T17:24:34.4583800Z ##[warning]__CI_WORKSPACE__/LiteDB.Tests/Engine/CoordinatorSnapshotReads_Tests.cs(172,24): warning xUnit1031: Test methods should not use blocking task operations, as they can cause deadlocks. Use an async test method and await instead. (https://xunit.net/xunit.analyzers/rules/xUnit1031) [__CI_WORKSPACE__/LiteDB.Tests/LiteDB.Tests.csproj::TargetFramework=net10.0]
2026-09-30T17:24:34.4648930Z ##[warning]__CI_WORKSPACE__/LiteDB.Tests/Engine/TransactionHandleSharedAdmission_Tests.cs(48,34): warning xUnit1031: Test methods should not use blocking task operations, as they can cause deadlocks. Use an async test method and await instead. (https://xunit.net/xunit.analyzers/rules/xUnit1031) [__CI_WORKSPACE__/LiteDB.Tests/LiteDB.Tests.csproj::TargetFramework=net10.0]
2026-09-30T17:24:34.4719960Z ##[warning]__CI_WORKSPACE__/LiteDB.Tests/Engine/TransactionHandleSharedAdmission_Tests.cs(49,64): warning xUnit1031: Test methods should not use blocking task operations, as they can cause deadlocks. Use an async test method and await instead. (https://xunit.net/xunit.analyzers/rules/xUnit1031) [__CI_WORKSPACE__/LiteDB.Tests/LiteDB.Tests.csproj::TargetFramework=net10.0]
2026-09-30T17:24:34.4856170Z ##[warning]__CI_WORKSPACE__/LiteDB.Tests/Engine/TransactionHandleSharedAdmission_Tests.cs(54,22): warning xUnit1031: Test methods should not use blocking task operations, as they can cause deadlocks. Use an async test method and await instead. (https://xunit.net/xunit.analyzers/rules/xUnit1031) [__CI_WORKSPACE__/LiteDB.Tests/LiteDB.Tests.csproj::TargetFramework=net10.0]
2026-09-30T17:24:34.4926950Z ##[warning]__CI_WORKSPACE__/LiteDB.Tests/Engine/TransactionHandleRawCloseDependency_Tests.cs(33,35): warning xUnit1031: Test methods should not use blocking task operations, as they can cause deadlocks. Use an async test method and await instead. (https://xunit.net/xunit.analyzers/rules/xUnit1031) [__CI_WORKSPACE__/LiteDB.Tests/LiteDB.Tests.csproj::TargetFramework=net10.0]
2026-09-30T17:24:34.4949580Z ##[warning]__CI_WORKSPACE__/LiteDB.Tests/Engine/TransactionHandleMaintenanceProgress_Tests.cs(81,32): warning xUnit1031: Test methods should not use blocking task operations, as they can cause deadlocks. Use an async test method and await instead. (https://xunit.net/xunit.analyzers/rules/xUnit1031) [__CI_WORKSPACE__/LiteDB.Tests/LiteDB.Tests.csproj::TargetFramework=net10.0]
2026-09-30T17:24:34.5014210Z ##[warning]__CI_WORKSPACE__/LiteDB.Tests/Engine/TransactionHandleMaintenanceProgress_Tests.cs(111,41): warning xUnit1031: Test methods should not use blocking task operations, as they can cause deadlocks. Use an async test method and await instead. (https://xunit.net/xunit.analyzers/rules/xUnit1031) [__CI_WORKSPACE__/LiteDB.Tests/LiteDB.Tests.csproj::TargetFramework=net10.0]
2026-09-30T17:24:34.5038660Z ##[warning]__CI_WORKSPACE__/LiteDB.Tests/Engine/TransactionHandle_Tests.cs(146,32): warning xUnit1031: Test methods should not use blocking task operations, as they can cause deadlocks. Use an async test method and await instead. (https://xunit.net/xunit.analyzers/rules/xUnit1031) [__CI_WORKSPACE__/LiteDB.Tests/LiteDB.Tests.csproj::TargetFramework=net10.0]
2026-09-30T17:24:34.5083500Z ##[warning]__CI_WORKSPACE__/LiteDB.Tests/Engine/TransactionHandleContext_Tests.cs(24,46): warning CA1416: This call site is reachable on all platforms. 'WindowsIdentity.GetCurrent(bool)' is only supported on: 'windows'. (https://learn.microsoft.com/dotnet/fundamentals/code-analysis/quality-rules/ca1416) [__CI_WORKSPACE__/LiteDB.Tests/LiteDB.Tests.csproj::TargetFramework=net10.0]
2026-09-30T17:24:34.5095950Z ##[warning]__CI_WORKSPACE__/LiteDB.Tests/Engine/TransactionHandleSharedPinCancellation_Tests.cs(56,38): warning xUnit1031: Test methods should not use blocking task operations, as they can cause deadlocks. Use an async test method and await instead. (https://xunit.net/xunit.analyzers/rules/xUnit1031) [__CI_WORKSPACE__/LiteDB.Tests/LiteDB.Tests.csproj::TargetFramework=net10.0]
2026-09-30T17:24:34.5140230Z ##[warning]__CI_WORKSPACE__/LiteDB.Tests/Engine/TransactionHandleSharedPinCancellation_Tests.cs(57,68): warning xUnit1031: Test methods should not use blocking task operations, as they can cause deadlocks. Use an async test method and await instead. (https://xunit.net/xunit.analyzers/rules/xUnit1031) [__CI_WORKSPACE__/LiteDB.Tests/LiteDB.Tests.csproj::TargetFramework=net10.0]
2026-09-30T17:24:34.5199890Z ##[warning]__CI_WORKSPACE__/LiteDB.Tests/Engine/TransactionHandleSharedPinCancellation_Tests.cs(66,38): warning xUnit1031: Test methods should not use blocking task operations, as they can cause deadlocks. Use an async test method and await instead. (https://xunit.net/xunit.analyzers/rules/xUnit1031) [__CI_WORKSPACE__/LiteDB.Tests/LiteDB.Tests.csproj::TargetFramework=net10.0]
2026-09-30T17:24:34.5473990Z ##[warning]__CI_WORKSPACE__/LiteDB.Tests/Engine/TransactionHandleSharedAdmission_Tests.cs(91,34): warning xUnit1031: Test methods should not use blocking task operations, as they can cause deadlocks. Use an async test method and await instead. (https://xunit.net/xunit.analyzers/rules/xUnit1031) [__CI_WORKSPACE__/LiteDB.Tests/LiteDB.Tests.csproj::TargetFramework=net10.0]
2026-09-30T17:24:34.5584290Z ##[warning]__CI_WORKSPACE__/LiteDB.Tests/Engine/TransactionHandleSharedAdmission_Tests.cs(92,64): warning xUnit1031: Test methods should not use blocking task operations, as they can cause deadlocks. Use an async test method and await instead. (https://xunit.net/xunit.analyzers/rules/xUnit1031) [__CI_WORKSPACE__/LiteDB.Tests/LiteDB.Tests.csproj::TargetFramework=net10.0]
2026-09-30T17:24:34.5679830Z ##[warning]__CI_WORKSPACE__/LiteDB.Tests/Engine/TransactionHandleMaintenanceProgress_Tests.cs(157,41): warning xUnit1031: Test methods should not use blocking task operations, as they can cause deadlocks. Use an async test method and await instead. (https://xunit.net/xunit.analyzers/rules/xUnit1031) [__CI_WORKSPACE__/LiteDB.Tests/LiteDB.Tests.csproj::TargetFramework=net10.0]
2026-09-30T17:24:34.5725890Z ##[warning]__CI_WORKSPACE__/LiteDB.Tests/Engine/TransactionHandleMaintenanceProgress_Tests.cs(190,31): warning xUnit1031: Test methods should not use blocking task operations, as they can cause deadlocks. Use an async test method and await instead. (https://xunit.net/xunit.analyzers/rules/xUnit1031) [__CI_WORKSPACE__/LiteDB.Tests/LiteDB.Tests.csproj::TargetFramework=net10.0]
2026-09-30T17:24:34.5838370Z ##[warning]__CI_WORKSPACE__/LiteDB.Tests/Engine/SharedReadPath_Tests.cs(43,13): warning CA2022: Avoid inexact read with 'System.IO.FileStream.Read(byte[], int, int)' (https://learn.microsoft.com/dotnet/fundamentals/code-analysis/quality-rules/ca2022) [__CI_WORKSPACE__/LiteDB.Tests/LiteDB.Tests.csproj::TargetFramework=net10.0]
2026-09-30T17:24:34.5941020Z ##[warning]__CI_WORKSPACE__/LiteDB.Tests/Engine/TransactionHandleAdmission_Tests.cs(83,37): warning xUnit1031: Test methods should not use blocking task operations, as they can cause deadlocks. Use an async test method and await instead. (https://xunit.net/xunit.analyzers/rules/xUnit1031) [__CI_WORKSPACE__/LiteDB.Tests/LiteDB.Tests.csproj::TargetFramework=net10.0]
2026-09-30T17:24:34.6136170Z ##[warning]__CI_WORKSPACE__/LiteDB.Tests/Engine/TransactionHandleAdmission_Tests.cs(84,112): warning xUnit1031: Test methods should not use blocking task operations, as they can cause deadlocks. Use an async test method and await instead. (https://xunit.net/xunit.analyzers/rules/xUnit1031) [__CI_WORKSPACE__/LiteDB.Tests/LiteDB.Tests.csproj::TargetFramework=net10.0]
2026-09-30T17:24:34.6229700Z ##[warning]__CI_WORKSPACE__/LiteDB.Tests/Engine/TransactionHandleAdmission_Tests.cs(85,62): warning xUnit1031: Test methods should not use blocking task operations, as they can cause deadlocks. Use an async test method and await instead. (https://xunit.net/xunit.analyzers/rules/xUnit1031) [__CI_WORKSPACE__/LiteDB.Tests/LiteDB.Tests.csproj::TargetFramework=net10.0]
2026-09-30T17:24:34.6250830Z ##[warning]__CI_WORKSPACE__/LiteDB.Tests/Engine/TransactionHandleDisposeSafety_Tests.cs(250,55): warning xUnit1031: Test methods should not use blocking task operations, as they can cause deadlocks. Use an async test method and await instead. (https://xunit.net/xunit.analyzers/rules/xUnit1031) [__CI_WORKSPACE__/LiteDB.Tests/LiteDB.Tests.csproj::TargetFramework=net10.0]
2026-09-30T17:24:34.6414030Z ##[warning]__CI_WORKSPACE__/LiteDB.Tests/Engine/TransactionHandleAdmission_Tests.cs(130,37): warning xUnit1031: Test methods should not use blocking task operations, as they can cause deadlocks. Use an async test method and await instead. (https://xunit.net/xunit.analyzers/rules/xUnit1031) [__CI_WORKSPACE__/LiteDB.Tests/LiteDB.Tests.csproj::TargetFramework=net10.0]
2026-09-30T17:24:34.6698490Z ##[warning]__CI_WORKSPACE__/LiteDB.Tests/Engine/TransactionHandleAdmission_Tests.cs(131,57): warning xUnit1031: Test methods should not use blocking task operations, as they can cause deadlocks. Use an async test method and await instead. (https://xunit.net/xunit.analyzers/rules/xUnit1031) [__CI_WORKSPACE__/LiteDB.Tests/LiteDB.Tests.csproj::TargetFramework=net10.0]
2026-09-30T17:24:34.6844700Z ##[warning]__CI_WORKSPACE__/LiteDB.Tests/Engine/SharedDisposalFailure_Tests.cs(71,35): warning xUnit1031: Test methods should not use blocking task operations, as they can cause deadlocks. Use an async test method and await instead. (https://xunit.net/xunit.analyzers/rules/xUnit1031) [__CI_WORKSPACE__/LiteDB.Tests/LiteDB.Tests.csproj::TargetFramework=net10.0]
2026-09-30T17:24:34.7007290Z ##[warning]__CI_WORKSPACE__/LiteDB.Tests/Engine/SharedDisposalFailure_Tests.cs(72,54): warning xUnit1031: Test methods should not use blocking task operations, as they can cause deadlocks. Use an async test method and await instead. (https://xunit.net/xunit.analyzers/rules/xUnit1031) [__CI_WORKSPACE__/LiteDB.Tests/LiteDB.Tests.csproj::TargetFramework=net10.0]
2026-09-30T17:24:34.7106440Z ##[warning]__CI_WORKSPACE__/LiteDB.Tests/Engine/SharedDisposalFailure_Tests.cs(73,49): warning xUnit1031: Test methods should not use blocking task operations, as they can cause deadlocks. Use an async test method and await instead. (https://xunit.net/xunit.analyzers/rules/xUnit1031) [__CI_WORKSPACE__/LiteDB.Tests/LiteDB.Tests.csproj::TargetFramework=net10.0]
2026-09-30T17:24:34.7192720Z ##[warning]__CI_WORKSPACE__/LiteDB.Tests/Engine/SharedDisposalFailure_Tests.cs(93,37): warning xUnit1031: Test methods should not use blocking task operations, as they can cause deadlocks. Use an async test method and await instead. (https://xunit.net/xunit.analyzers/rules/xUnit1031) [__CI_WORKSPACE__/LiteDB.Tests/LiteDB.Tests.csproj::TargetFramework=net10.0]
2026-09-30T17:24:34.7254690Z ##[warning]__CI_WORKSPACE__/LiteDB.Tests/Engine/SharedDisposalFailure_Tests.cs(117,23): warning xUnit1031: Test methods should not use blocking task operations, as they can cause deadlocks. Use an async test method and await instead. (https://xunit.net/xunit.analyzers/rules/xUnit1031) [__CI_WORKSPACE__/LiteDB.Tests/LiteDB.Tests.csproj::TargetFramework=net10.0]
2026-09-30T17:24:34.7351270Z ##[warning]__CI_WORKSPACE__/LiteDB.Tests/Engine/NativeAdmissionIsolation_Tests.cs(56,25): warning xUnit1031: Test methods should not use blocking task operations, as they can cause deadlocks. Use an async test method and await instead. (https://xunit.net/xunit.analyzers/rules/xUnit1031) [__CI_WORKSPACE__/LiteDB.Tests/LiteDB.Tests.csproj::TargetFramework=net10.0]
2026-09-30T17:24:34.7423740Z ##[warning]__CI_WORKSPACE__/LiteDB.Tests/Engine/NativeAdmissionIsolation_Tests.cs(65,22): warning xUnit1031: Test methods should not use blocking task operations, as they can cause deadlocks. Use an async test method and await instead. (https://xunit.net/xunit.analyzers/rules/xUnit1031) [__CI_WORKSPACE__/LiteDB.Tests/LiteDB.Tests.csproj::TargetFramework=net10.0]
2026-09-30T17:24:34.7506720Z ##[warning]__CI_WORKSPACE__/LiteDB.Tests/Engine/NativeAdmissionDirectPoolFinalizer_Tests.cs(74,13): warning xUnit2013: Do not use Assert.Equal() to check for collection size. Use Assert.Single instead. (https://xunit.net/xunit.analyzers/rules/xUnit2013) [__CI_WORKSPACE__/LiteDB.Tests/LiteDB.Tests.csproj::TargetFramework=net10.0]
2026-09-30T17:24:34.7527280Z ##[warning]__CI_WORKSPACE__/LiteDB.Tests/Engine/NativeAdmissionDirectContext_Tests.cs(140,38): warning xUnit1031: Test methods should not use blocking task operations, as they can cause deadlocks. Use an async test method and await instead. (https://xunit.net/xunit.analyzers/rules/xUnit1031) [__CI_WORKSPACE__/LiteDB.Tests/LiteDB.Tests.csproj::TargetFramework=net10.0]
2026-09-30T17:24:34.7617900Z ##[warning]__CI_WORKSPACE__/LiteDB.Tests/Engine/NativeAdmissionDirectContextLifetime_Tests.cs(151,37): warning xUnit1031: Test methods should not use blocking task operations, as they can cause deadlocks. Use an async test method and await instead. (https://xunit.net/xunit.analyzers/rules/xUnit1031) [__CI_WORKSPACE__/LiteDB.Tests/LiteDB.Tests.csproj::TargetFramework=net10.0]
2026-09-30T17:24:34.7854920Z ##[warning]__CI_WORKSPACE__/LiteDB.Tests/Engine/Issue2881_VectorPromotion_Tests.cs(147,13): warning CA2022: Avoid inexact read with 'System.IO.Stream.Read(byte[], int, int)' (https://learn.microsoft.com/dotnet/fundamentals/code-analysis/quality-rules/ca2022) [__CI_WORKSPACE__/LiteDB.Tests/LiteDB.Tests.csproj::TargetFramework=net10.0]
2026-09-30T17:24:34.7877350Z ##[warning]__CI_WORKSPACE__/LiteDB.Tests/Engine/Coordinator_Tests.cs(262,20): warning xUnit1031: Test methods should not use blocking task operations, as they can cause deadlocks. Use an async test method and await instead. (https://xunit.net/xunit.analyzers/rules/xUnit1031) [__CI_WORKSPACE__/LiteDB.Tests/LiteDB.Tests.csproj::TargetFramework=net10.0]
2026-09-30T17:24:34.7992290Z ##[warning]__CI_WORKSPACE__/LiteDB.Tests/Issues/Issue1192DirectDictionary_Tests.cs(186,13): warning xUnit2013: Do not use Assert.Equal() to check for collection size. Use Assert.Empty instead. (https://xunit.net/xunit.analyzers/rules/xUnit2013) [__CI_WORKSPACE__/LiteDB.Tests/LiteDB.Tests.csproj::TargetFramework=net10.0]
2026-09-30T17:24:34.8100320Z ##[warning]__CI_WORKSPACE__/LiteDB.Tests/Issues/Issue2848_Tests.cs(87,89): warning xUnit1031: Test methods should not use blocking task operations, as they can cause deadlocks. Use an async test method and await instead. (https://xunit.net/xunit.analyzers/rules/xUnit1031) [__CI_WORKSPACE__/LiteDB.Tests/LiteDB.Tests.csproj::TargetFramework=net10.0]
2026-09-30T17:24:34.8185040Z ##[warning]__CI_WORKSPACE__/LiteDB.Tests/Issues/Issue2814_Tests.cs(57,26): warning xUnit1031: Test methods should not use blocking task operations, as they can cause deadlocks. Use an async test method and await instead. (https://xunit.net/xunit.analyzers/rules/xUnit1031) [__CI_WORKSPACE__/LiteDB.Tests/LiteDB.Tests.csproj::TargetFramework=net10.0]
2026-09-30T17:24:34.8290920Z ##[warning]__CI_WORKSPACE__/LiteDB.Tests/Issues/Issue2792SnapshotPublication_Tests.cs(65,57): warning xUnit1031: Test methods should not use blocking task operations, as they can cause deadlocks. Use an async test method and await instead. (https://xunit.net/xunit.analyzers/rules/xUnit1031) [__CI_WORKSPACE__/LiteDB.Tests/LiteDB.Tests.csproj::TargetFramework=net10.0]
2026-09-30T17:24:34.8306840Z ##[warning]__CI_WORKSPACE__/LiteDB.Tests/Issues/Issue2792SnapshotPublication_Tests.cs(66,37): warning xUnit1031: Test methods should not use blocking task operations, as they can cause deadlocks. Use an async test method and await instead. (https://xunit.net/xunit.analyzers/rules/xUnit1031) [__CI_WORKSPACE__/LiteDB.Tests/LiteDB.Tests.csproj::TargetFramework=net10.0]
2026-09-30T17:24:34.8382380Z ##[warning]__CI_WORKSPACE__/LiteDB.Tests/Issues/Issue2790ReaderLease_Tests.cs(43,37): warning xUnit1030: Test methods should not call ConfigureAwait(false), as it may bypass parallelization limits. Omit ConfigureAwait, or use ConfigureAwait(true) to avoid CA2007. (https://xunit.net/xunit.analyzers/rules/xUnit1030) [__CI_WORKSPACE__/LiteDB.Tests/LiteDB.Tests.csproj::TargetFramework=net10.0]
2026-09-30T17:24:34.8493280Z ##[warning]__CI_WORKSPACE__/LiteDB.Tests/Issues/Issue2814Admission_Tests.cs(56,78): warning xUnit1031: Test methods should not use blocking task operations, as they can cause deadlocks. Use an async test method and await instead. (https://xunit.net/xunit.analyzers/rules/xUnit1031) [__CI_WORKSPACE__/LiteDB.Tests/LiteDB.Tests.csproj::TargetFramework=net10.0]
2026-09-30T17:24:34.8581090Z ##[warning]__CI_WORKSPACE__/LiteDB.Tests/Issues/Issue2792_Tests.cs(48,24): warning xUnit1031: Test methods should not use blocking task operations, as they can cause deadlocks. Use an async test method and await instead. (https://xunit.net/xunit.analyzers/rules/xUnit1031) [__CI_WORKSPACE__/LiteDB.Tests/LiteDB.Tests.csproj::TargetFramework=net10.0]
2026-09-30T17:24:34.8687390Z ##[warning]__CI_WORKSPACE__/LiteDB.Tests/Issues/Issue2792_Tests.cs(53,24): warning xUnit1031: Test methods should not use blocking task operations, as they can cause deadlocks. Use an async test method and await instead. (https://xunit.net/xunit.analyzers/rules/xUnit1031) [__CI_WORKSPACE__/LiteDB.Tests/LiteDB.Tests.csproj::TargetFramework=net10.0]
2026-09-30T17:24:34.8777330Z ##[warning]__CI_WORKSPACE__/LiteDB.Tests/Issues/Issue2792_Tests.cs(54,44): warning xUnit1031: Test methods should not use blocking task operations, as they can cause deadlocks. Use an async test method and await instead. (https://xunit.net/xunit.analyzers/rules/xUnit1031) [__CI_WORKSPACE__/LiteDB.Tests/LiteDB.Tests.csproj::TargetFramework=net10.0]
2026-09-30T17:24:34.8846100Z ##[warning]__CI_WORKSPACE__/LiteDB.Tests/Issues/Issue2792_Tests.cs(59,24): warning xUnit1031: Test methods should not use blocking task operations, as they can cause deadlocks. Use an async test method and await instead. (https://xunit.net/xunit.analyzers/rules/xUnit1031) [__CI_WORKSPACE__/LiteDB.Tests/LiteDB.Tests.csproj::TargetFramework=net10.0]
2026-09-30T17:24:34.8925980Z ##[warning]__CI_WORKSPACE__/LiteDB.Tests/Issues/Issue2792_Tests.cs(60,24): warning xUnit1031: Test methods should not use blocking task operations, as they can cause deadlocks. Use an async test method and await instead. (https://xunit.net/xunit.analyzers/rules/xUnit1031) [__CI_WORKSPACE__/LiteDB.Tests/LiteDB.Tests.csproj::TargetFramework=net10.0]
2026-09-30T17:24:34.8942460Z ##[warning]__CI_WORKSPACE__/LiteDB.Tests/Issues/Issue2324_Tests.cs(64,33): warning xUnit1031: Test methods should not use blocking task operations, as they can cause deadlocks. Use an async test method and await instead. (https://xunit.net/xunit.analyzers/rules/xUnit1031) [__CI_WORKSPACE__/LiteDB.Tests/LiteDB.Tests.csproj::TargetFramework=net10.0]
2026-09-30T17:24:34.9045990Z ##[warning]__CI_WORKSPACE__/LiteDB.Tests/Issues/Issue2112_Tests.cs(32,13): warning xUnit2013: Do not use Assert.Equal() to check for collection size. Use Assert.Single instead. (https://xunit.net/xunit.analyzers/rules/xUnit2013) [__CI_WORKSPACE__/LiteDB.Tests/LiteDB.Tests.csproj::TargetFramework=net10.0]
2026-09-30T17:24:34.9200080Z ##[warning]__CI_WORKSPACE__/LiteDB.Tests/Issues/Issue2243ReferenceSchema_Tests.cs(21,13): warning xUnit2013: Do not use Assert.Equal() to check for collection size. Use Assert.Empty instead. (https://xunit.net/xunit.analyzers/rules/xUnit2013) [__CI_WORKSPACE__/LiteDB.Tests/LiteDB.Tests.csproj::TargetFramework=net10.0]
2026-09-30T17:24:34.9323450Z ##[warning]__CI_WORKSPACE__/LiteDB.Tests/Issues/Issue2243ReferenceSchema_Tests.cs(22,13): warning xUnit2013: Do not use Assert.Equal() to check for collection size. Use Assert.Empty instead. (https://xunit.net/xunit.analyzers/rules/xUnit2013) [__CI_WORKSPACE__/LiteDB.Tests/LiteDB.Tests.csproj::TargetFramework=net10.0]
2026-09-30T17:24:34.9399460Z   LiteDB.Tests -> __CI_WORKSPACE__/LiteDB.Tests/bin/Release/net10.0/LiteDB.Tests.dll
2026-09-30T17:24:35.0196130Z 
2026-09-30T17:24:35.0481360Z Build succeeded.
2026-09-30T17:24:35.0662050Z 
2026-09-30T17:24:35.0731100Z __CI_WORKSPACE__/LiteDB/LiteDB.csproj : warning NU1510: PackageReference System.ComponentModel.TypeConverter will not be pruned. This package is automatically available and does not need to be referenced explicitly. Remove the PackageReference item. [TargetFramework=net10.0]
2026-09-30T17:24:35.0848120Z ##[warning]__CI_WORKSPACE__/LiteDB/Client/Mapper/BsonMapper.Deserialize.cs(27,39): warning CS8632: The annotation for nullable reference types should only be used in code within a '#nullable' annotations context. [__CI_WORKSPACE__/LiteDB/LiteDB.csproj::TargetFramework=net10.0]
2026-09-30T17:24:35.0938790Z ##[warning]__CI_WORKSPACE__/LiteDB/Engine/Disk/Streams/AesStream.cs(97,27): warning SYSLIB0060: 'Rfc2898DeriveBytes.Rfc2898DeriveBytes(string, byte[])' is obsolete: 'The constructors on Rfc2898DeriveBytes are obsolete. Use the static Pbkdf2 method instead.' (https://aka.ms/dotnet-warnings/SYSLIB0060) [__CI_WORKSPACE__/LiteDB/LiteDB.csproj::TargetFramework=net10.0]
2026-09-30T17:24:35.1017770Z ##[warning]__CI_WORKSPACE__/LiteDB/Engine/FileReader/Legacy/AesEncryption.cs(21,23): warning SYSLIB0060: 'Rfc2898DeriveBytes.Rfc2898DeriveBytes(string, byte[])' is obsolete: 'The constructors on Rfc2898DeriveBytes are obsolete. Use the static Pbkdf2 method instead.' (https://aka.ms/dotnet-warnings/SYSLIB0060) [__CI_WORKSPACE__/LiteDB/LiteDB.csproj::TargetFramework=net10.0]
2026-09-30T17:24:35.1058980Z ##[warning]__CI_WORKSPACE__/LiteDB/Engine/FileReader/FileReaderV8.cs(23,29): warning CS0649: Field 'FileReaderV8.PageInfo.PageType' is never assigned to, and will always have its default value [__CI_WORKSPACE__/LiteDB/LiteDB.csproj::TargetFramework=net10.0]
2026-09-30T17:24:35.1070670Z ##[warning]__CI_WORKSPACE__/LiteDB/Engine/LiteEngine.cs(229,37): warning CS1734: XML comment on 'LiteEngine.InvalidDatafileState' has a paramref tag for 'checkpoint', but there is no parameter by that name [__CI_WORKSPACE__/LiteDB/LiteDB.csproj::TargetFramework=net10.0]
2026-09-30T17:24:35.1168900Z ##[warning]__CI_WORKSPACE__/LiteDB/Engine/LiteEngine.cs(232,42): warning CS1734: XML comment on 'LiteEngine.InvalidDatafileState' has a paramref tag for 'final', but there is no parameter by that name [__CI_WORKSPACE__/LiteDB/LiteDB.csproj::TargetFramework=net10.0]
2026-09-30T17:24:35.1216750Z ##[warning]__CI_WORKSPACE__/LiteDB/Client/Coordinated/CoordinatorClient.Snapshots.cs(376,42): warning CS1573: Parameter 'engine' has no matching param tag in the XML comment for 'CoordinatorClient.Snapshot.Snapshot(LiteEngine, IDisposable, int, CoordinatorStatus)' (but other parameters do) [__CI_WORKSPACE__/LiteDB/LiteDB.csproj::TargetFramework=net10.0]
2026-09-30T17:24:35.1264540Z ##[warning]__CI_WORKSPACE__/LiteDB/Client/Coordinated/CoordinatorClient.Snapshots.cs(376,62): warning CS1573: Parameter 'lease' has no matching param tag in the XML comment for 'CoordinatorClient.Snapshot.Snapshot(LiteEngine, IDisposable, int, CoordinatorStatus)' (but other parameters do) [__CI_WORKSPACE__/LiteDB/LiteDB.csproj::TargetFramework=net10.0]
2026-09-30T17:24:35.1306960Z ##[warning]__CI_WORKSPACE__/LiteDB/Client/Coordinated/CoordinatorClient.Snapshots.cs(376,73): warning CS1573: Parameter 'version' has no matching param tag in the XML comment for 'CoordinatorClient.Snapshot.Snapshot(LiteEngine, IDisposable, int, CoordinatorStatus)' (but other parameters do) [__CI_WORKSPACE__/LiteDB/LiteDB.csproj::TargetFramework=net10.0]
2026-09-30T17:24:35.1344960Z ##[warning]__CI_WORKSPACE__/LiteDB/Client/Coordinated/CoordinatorStatusPage.cs(138,24): warning CA1416: This call site is reachable on all platforms. 'File.GetUnixFileMode(string)' is unsupported on: 'windows'. (https://learn.microsoft.com/dotnet/fundamentals/code-analysis/quality-rules/ca1416) [__CI_WORKSPACE__/LiteDB/LiteDB.csproj::TargetFramework=net10.0]
2026-09-30T17:24:35.1357970Z ##[warning]__CI_WORKSPACE__/LiteDB/Client/Coordinated/CoordinatorStatusPage.cs(170,27): warning CA1416: This call site is reachable on all platforms. 'FileStreamOptions.UnixCreateMode.set' is unsupported on: 'windows'. (https://learn.microsoft.com/dotnet/fundamentals/code-analysis/quality-rules/ca1416) [__CI_WORKSPACE__/LiteDB/LiteDB.csproj::TargetFramework=net10.0]
2026-09-30T17:24:35.1406230Z ##[warning]__CI_WORKSPACE__/LiteDB/Client/Coordinated/CoordinatorStatusPage.cs(145,51): warning CA1416: This call site is reachable on all platforms. 'File.SetUnixFileMode(string, UnixFileMode)' is unsupported on: 'windows'. (https://learn.microsoft.com/dotnet/fundamentals/code-analysis/quality-rules/ca1416) [__CI_WORKSPACE__/LiteDB/LiteDB.csproj::TargetFramework=net10.0]
2026-09-30T17:24:35.1549370Z ##[warning]__CI_WORKSPACE__/LiteDB/Client/Coordinated/CoordinatorStatusPage.cs(133,17): warning CA1416: This call site is reachable on all platforms. 'Directory.CreateDirectory(string, UnixFileMode)' is unsupported on: 'windows'. (https://learn.microsoft.com/dotnet/fundamentals/code-analysis/quality-rules/ca1416) [__CI_WORKSPACE__/LiteDB/LiteDB.csproj::TargetFramework=net10.0]
2026-09-30T17:24:35.1610730Z ##[warning]__CI_WORKSPACE__/LiteDB/Client/Coordinated/CoordinatorStatusPage.cs(115,57): warning CA1416: This call site is reachable on all platforms. 'File.GetUnixFileMode(string)' is unsupported on: 'windows'. (https://learn.microsoft.com/dotnet/fundamentals/code-analysis/quality-rules/ca1416) [__CI_WORKSPACE__/LiteDB/LiteDB.csproj::TargetFramework=net10.0]
2026-09-30T17:24:35.1623790Z ##[warning]__CI_WORKSPACE__/LiteDB/Engine/Sort/SortContainer.cs(141,21): warning CA2022: Avoid inexact read with 'System.IO.Stream.Read(byte[], int, int)' (https://learn.microsoft.com/dotnet/fundamentals/code-analysis/quality-rules/ca2022) [__CI_WORKSPACE__/LiteDB/LiteDB.csproj::TargetFramework=net10.0]
2026-09-30T17:24:35.1678410Z __CI_WORKSPACE__/LiteDB/LiteDB.csproj : warning NU1510: PackageReference System.ComponentModel.TypeConverter will not be pruned. This package is automatically available and does not need to be referenced explicitly. Remove the PackageReference item. [TargetFramework=net8.0]
2026-09-30T17:24:35.1724690Z ##[warning]__CI_WORKSPACE__/LiteDB/Client/Mapper/BsonMapper.Deserialize.cs(27,39): warning CS8632: The annotation for nullable reference types should only be used in code within a '#nullable' annotations context. [__CI_WORKSPACE__/LiteDB/LiteDB.csproj::TargetFramework=net8.0]
2026-09-30T17:24:35.1770750Z ##[warning]__CI_WORKSPACE__/LiteDB/Engine/Disk/Streams/AesStream.cs(97,27): warning SYSLIB0041: 'Rfc2898DeriveBytes.Rfc2898DeriveBytes(string, byte[])' is obsolete: 'The default hash algorithm and iteration counts in Rfc2898DeriveBytes constructors are outdated and insecure. Use a constructor that accepts the hash algorithm and the number of iterations.' (https://aka.ms/dotnet-warnings/SYSLIB0041) [__CI_WORKSPACE__/LiteDB/LiteDB.csproj::TargetFramework=net8.0]
2026-09-30T17:24:35.1820280Z ##[warning]__CI_WORKSPACE__/LiteDB/Engine/FileReader/Legacy/AesEncryption.cs(21,23): warning SYSLIB0041: 'Rfc2898DeriveBytes.Rfc2898DeriveBytes(string, byte[])' is obsolete: 'The default hash algorithm and iteration counts in Rfc2898DeriveBytes constructors are outdated and insecure. Use a constructor that accepts the hash algorithm and the number of iterations.' (https://aka.ms/dotnet-warnings/SYSLIB0041) [__CI_WORKSPACE__/LiteDB/LiteDB.csproj::TargetFramework=net8.0]
2026-09-30T17:24:35.1861760Z ##[warning]__CI_WORKSPACE__/LiteDB/Engine/FileReader/FileReaderV8.cs(23,29): warning CS0649: Field 'FileReaderV8.PageInfo.PageType' is never assigned to, and will always have its default value [__CI_WORKSPACE__/LiteDB/LiteDB.csproj::TargetFramework=net8.0]
2026-09-30T17:24:35.1890570Z ##[warning]__CI_WORKSPACE__/LiteDB/Engine/LiteEngine.cs(229,37): warning CS1734: XML comment on 'LiteEngine.InvalidDatafileState' has a paramref tag for 'checkpoint', but there is no parameter by that name [__CI_WORKSPACE__/LiteDB/LiteDB.csproj::TargetFramework=net8.0]
2026-09-30T17:24:35.1902120Z ##[warning]__CI_WORKSPACE__/LiteDB/Engine/LiteEngine.cs(232,42): warning CS1734: XML comment on 'LiteEngine.InvalidDatafileState' has a paramref tag for 'final', but there is no parameter by that name [__CI_WORKSPACE__/LiteDB/LiteDB.csproj::TargetFramework=net8.0]
2026-09-30T17:24:35.1940760Z ##[warning]__CI_WORKSPACE__/LiteDB/Client/Coordinated/CoordinatorClient.Snapshots.cs(376,42): warning CS1573: Parameter 'engine' has no matching param tag in the XML comment for 'CoordinatorClient.Snapshot.Snapshot(LiteEngine, IDisposable, int, CoordinatorStatus)' (but other parameters do) [__CI_WORKSPACE__/LiteDB/LiteDB.csproj::TargetFramework=net8.0]
2026-09-30T17:24:35.1981220Z ##[warning]__CI_WORKSPACE__/LiteDB/Client/Coordinated/CoordinatorClient.Snapshots.cs(376,62): warning CS1573: Parameter 'lease' has no matching param tag in the XML comment for 'CoordinatorClient.Snapshot.Snapshot(LiteEngine, IDisposable, int, CoordinatorStatus)' (but other parameters do) [__CI_WORKSPACE__/LiteDB/LiteDB.csproj::TargetFramework=net8.0]
2026-09-30T17:24:35.1992780Z ##[warning]__CI_WORKSPACE__/LiteDB/Client/Coordinated/CoordinatorClient.Snapshots.cs(376,73): warning CS1573: Parameter 'version' has no matching param tag in the XML comment for 'CoordinatorClient.Snapshot.Snapshot(LiteEngine, IDisposable, int, CoordinatorStatus)' (but other parameters do) [__CI_WORKSPACE__/LiteDB/LiteDB.csproj::TargetFramework=net8.0]
2026-09-30T17:24:35.2028850Z ##[warning]__CI_WORKSPACE__/LiteDB/Client/Coordinated/CoordinatorStatusPage.cs(145,51): warning CA1416: This call site is reachable on all platforms. 'File.SetUnixFileMode(string, UnixFileMode)' is unsupported on: 'windows'. (https://learn.microsoft.com/dotnet/fundamentals/code-analysis/quality-rules/ca1416) [__CI_WORKSPACE__/LiteDB/LiteDB.csproj::TargetFramework=net8.0]
2026-09-30T17:24:35.2046200Z ##[warning]__CI_WORKSPACE__/LiteDB/Client/Coordinated/CoordinatorStatusPage.cs(133,17): warning CA1416: This call site is reachable on all platforms. 'Directory.CreateDirectory(string, UnixFileMode)' is unsupported on: 'windows'. (https://learn.microsoft.com/dotnet/fundamentals/code-analysis/quality-rules/ca1416) [__CI_WORKSPACE__/LiteDB/LiteDB.csproj::TargetFramework=net8.0]
2026-09-30T17:24:35.2102910Z ##[warning]__CI_WORKSPACE__/LiteDB/Client/Coordinated/CoordinatorStatusPage.cs(138,24): warning CA1416: This call site is reachable on all platforms. 'File.GetUnixFileMode(string)' is unsupported on: 'windows'. (https://learn.microsoft.com/dotnet/fundamentals/code-analysis/quality-rules/ca1416) [__CI_WORKSPACE__/LiteDB/LiteDB.csproj::TargetFramework=net8.0]
2026-09-30T17:24:35.2153630Z ##[warning]__CI_WORKSPACE__/LiteDB/Client/Coordinated/CoordinatorStatusPage.cs(170,27): warning CA1416: This call site is reachable on all platforms. 'FileStreamOptions.UnixCreateMode.set' is unsupported on: 'windows'. (https://learn.microsoft.com/dotnet/fundamentals/code-analysis/quality-rules/ca1416) [__CI_WORKSPACE__/LiteDB/LiteDB.csproj::TargetFramework=net8.0]
2026-09-30T17:24:35.2198070Z ##[warning]__CI_WORKSPACE__/LiteDB/Client/Coordinated/CoordinatorStatusPage.cs(115,57): warning CA1416: This call site is reachable on all platforms. 'File.GetUnixFileMode(string)' is unsupported on: 'windows'. (https://learn.microsoft.com/dotnet/fundamentals/code-analysis/quality-rules/ca1416) [__CI_WORKSPACE__/LiteDB/LiteDB.csproj::TargetFramework=net8.0]
2026-09-30T17:24:35.2244520Z ##[warning]__CI_WORKSPACE__/LiteDB.Tests.SharedMutexHarness/SharedStorageHarness.cs(34,17): warning CS0618: 'LiteDatabase.BeginTrans()' is obsolete: 'Use BeginTransaction() and Commit/Rollback on the returned handle. This legacy API is thread-bound and must not cross await.' [__CI_WORKSPACE__/LiteDB.Tests.SharedMutexHarness/SharedMutexHarness.csproj]
2026-09-30T17:24:35.2294650Z ##[warning]__CI_WORKSPACE__/LiteDB.Tests.SharedMutexHarness/SharedStorageHarness.cs(36,55): warning CS0618: 'LiteDatabase.Commit()' is obsolete: 'Use BeginTransaction() and Commit/Rollback on the returned handle. This legacy API is thread-bound and must not cross await.' [__CI_WORKSPACE__/LiteDB.Tests.SharedMutexHarness/SharedMutexHarness.csproj]
2026-09-30T17:24:35.2336570Z ##[warning]__CI_WORKSPACE__/LiteDB.Tests.SharedMutexHarness/SharedMappedHarness.cs(40,13): warning CS0618: 'LiteDatabase.BeginTrans()' is obsolete: 'Use BeginTransaction() and Commit/Rollback on the returned handle. This legacy API is thread-bound and must not cross await.' [__CI_WORKSPACE__/LiteDB.Tests.SharedMutexHarness/SharedMutexHarness.csproj]
2026-09-30T17:24:35.2351240Z ##[warning]__CI_WORKSPACE__/LiteDB.Tests.SharedMutexHarness/CoordinatorHarness.cs(35,9): warning CS0618: 'LiteDatabase.BeginTrans()' is obsolete: 'Use BeginTransaction() and Commit/Rollback on the returned handle. This legacy API is thread-bound and must not cross await.' [__CI_WORKSPACE__/LiteDB.Tests.SharedMutexHarness/SharedMutexHarness.csproj]
2026-09-30T17:24:35.2429630Z ##[warning]__CI_WORKSPACE__/LiteDB.Tests.SharedMutexHarness/CoordinatorHarness.cs(39,9): warning CS0618: 'LiteDatabase.Rollback()' is obsolete: 'Use BeginTransaction() and Commit/Rollback on the returned handle. This legacy API is thread-bound and must not cross await.' [__CI_WORKSPACE__/LiteDB.Tests.SharedMutexHarness/SharedMutexHarness.csproj]
2026-09-30T17:24:35.2490790Z ##[warning]__CI_WORKSPACE__/LiteDB.Tests.SharedMutexHarness/MvccHarness.cs(65,17): warning CS0618: 'LiteDatabase.BeginTrans()' is obsolete: 'Use BeginTransaction() and Commit/Rollback on the returned handle. This legacy API is thread-bound and must not cross await.' [__CI_WORKSPACE__/LiteDB.Tests.SharedMutexHarness/SharedMutexHarness.csproj]
2026-09-30T17:24:35.2504570Z ##[warning]__CI_WORKSPACE__/LiteDB.Tests.SharedMutexHarness/MvccHarness.cs(85,17): warning CS0618: 'LiteDatabase.BeginTrans()' is obsolete: 'Use BeginTransaction() and Commit/Rollback on the returned handle. This legacy API is thread-bound and must not cross await.' [__CI_WORKSPACE__/LiteDB.Tests.SharedMutexHarness/SharedMutexHarness.csproj]
2026-09-30T17:24:35.2536320Z ##[warning]__CI_WORKSPACE__/LiteDB.Tests/Issues/Issue1829Invocation_Tests.cs(91,58): warning CS1718: Comparison made to same variable; did you mean to compare something else? [__CI_WORKSPACE__/LiteDB.Tests/LiteDB.Tests.csproj::TargetFramework=net10.0]
2026-09-30T17:24:35.2579860Z ##[warning]__CI_WORKSPACE__/LiteDB.Tests/Issues/Issue1829Invocation_Tests.cs(105,57): warning CS1718: Comparison made to same variable; did you mean to compare something else? [__CI_WORKSPACE__/LiteDB.Tests/LiteDB.Tests.csproj::TargetFramework=net10.0]
2026-09-30T17:24:35.2623930Z ##[warning]__CI_WORKSPACE__/LiteDB.Tests/Issues/Issue2265_Tests.cs(38,20): warning CS8632: The annotation for nullable reference types should only be used in code within a '#nullable' annotations context. [__CI_WORKSPACE__/LiteDB.Tests/LiteDB.Tests.csproj::TargetFramework=net10.0]
2026-09-30T17:24:35.2658540Z ##[warning]__CI_WORKSPACE__/LiteDB.Tests/Internals/Aes_Tests.cs(54,17): warning CA2022: Avoid inexact read with 'LiteDB.Engine.AesStream.Read(byte[], int, int)' (https://learn.microsoft.com/dotnet/fundamentals/code-analysis/quality-rules/ca2022) [__CI_WORKSPACE__/LiteDB.Tests/LiteDB.Tests.csproj::TargetFramework=net10.0]
2026-09-30T17:24:35.2672290Z ##[warning]__CI_WORKSPACE__/LiteDB.Tests/Internals/Aes_Tests.cs(57,17): warning CA2022: Avoid inexact read with 'LiteDB.Engine.AesStream.Read(byte[], int, int)' (https://learn.microsoft.com/dotnet/fundamentals/code-analysis/quality-rules/ca2022) [__CI_WORKSPACE__/LiteDB.Tests/LiteDB.Tests.csproj::TargetFramework=net10.0]
2026-09-30T17:24:35.2716100Z ##[warning]__CI_WORKSPACE__/LiteDB.Tests/Internals/Aes_Tests.cs(60,17): warning CA2022: Avoid inexact read with 'LiteDB.Engine.AesStream.Read(byte[], int, int)' (https://learn.microsoft.com/dotnet/fundamentals/code-analysis/quality-rules/ca2022) [__CI_WORKSPACE__/LiteDB.Tests/LiteDB.Tests.csproj::TargetFramework=net10.0]
2026-09-30T17:24:35.2911160Z ##[warning]__CI_WORKSPACE__/LiteDB.Tests/Internals/Aes_Tests.cs(140,21): warning CA2022: Avoid inexact read with 'System.Security.Cryptography.CryptoStream.Read(byte[], int, int)' (https://learn.microsoft.com/dotnet/fundamentals/code-analysis/quality-rules/ca2022) [__CI_WORKSPACE__/LiteDB.Tests/LiteDB.Tests.csproj::TargetFramework=net10.0]
2026-09-30T17:24:35.3020130Z ##[warning]__CI_WORKSPACE__/LiteDB.Tests/Internals/CacheAsync_Tests.cs(86,18): warning xUnit1031: Test methods should not use blocking task operations, as they can cause deadlocks. Use an async test method and await instead. (https://xunit.net/xunit.analyzers/rules/xUnit1031) [__CI_WORKSPACE__/LiteDB.Tests/LiteDB.Tests.csproj::TargetFramework=net10.0]
2026-09-30T17:24:35.3060530Z ##[warning]__CI_WORKSPACE__/LiteDB.Tests/Engine/CompactSchemaCacheConcurrency_Tests.cs(96,18): warning xUnit1031: Test methods should not use blocking task operations, as they can cause deadlocks. Use an async test method and await instead. (https://xunit.net/xunit.analyzers/rules/xUnit1031) [__CI_WORKSPACE__/LiteDB.Tests/LiteDB.Tests.csproj::TargetFramework=net10.0]
2026-09-30T17:24:35.3074170Z ##[warning]__CI_WORKSPACE__/LiteDB.Tests/Internals/TransactionHandleProcess_Tests.cs(22,13): warning xUnit2013: Do not use Assert.Equal() to check for collection size. Use Assert.Single instead. (https://xunit.net/xunit.analyzers/rules/xUnit2013) [__CI_WORKSPACE__/LiteDB.Tests/LiteDB.Tests.csproj::TargetFramework=net10.0]
2026-09-30T17:24:35.3143050Z ##[warning]__CI_WORKSPACE__/LiteDB.Tests/Engine/CoordinatorSafety_Tests.cs(252,13): warning CA2022: Avoid inexact read with 'System.IO.FileStream.Read(byte[], int, int)' (https://learn.microsoft.com/dotnet/fundamentals/code-analysis/quality-rules/ca2022) [__CI_WORKSPACE__/LiteDB.Tests/LiteDB.Tests.csproj::TargetFramework=net10.0]
2026-09-30T17:24:35.3193900Z ##[warning]__CI_WORKSPACE__/LiteDB.Tests/Engine/CoordinatorPlatform_Tests.cs(289,22): warning xUnit1031: Test methods should not use blocking task operations, as they can cause deadlocks. Use an async test method and await instead. (https://xunit.net/xunit.analyzers/rules/xUnit1031) [__CI_WORKSPACE__/LiteDB.Tests/LiteDB.Tests.csproj::TargetFramework=net10.0]
2026-09-30T17:24:35.3241510Z ##[warning]__CI_WORKSPACE__/LiteDB.Tests/Engine/CoordinatorSnapshotReads_Tests.cs(161,28): warning xUnit1031: Test methods should not use blocking task operations, as they can cause deadlocks. Use an async test method and await instead. (https://xunit.net/xunit.analyzers/rules/xUnit1031) [__CI_WORKSPACE__/LiteDB.Tests/LiteDB.Tests.csproj::TargetFramework=net10.0]
2026-09-30T17:24:35.3316550Z ##[warning]__CI_WORKSPACE__/LiteDB.Tests/Engine/CoordinatorSnapshotReads_Tests.cs(172,24): warning xUnit1031: Test methods should not use blocking task operations, as they can cause deadlocks. Use an async test method and await instead. (https://xunit.net/xunit.analyzers/rules/xUnit1031) [__CI_WORKSPACE__/LiteDB.Tests/LiteDB.Tests.csproj::TargetFramework=net10.0]
2026-09-30T17:24:35.3330320Z ##[warning]__CI_WORKSPACE__/LiteDB.Tests/Engine/TransactionHandleSharedAdmission_Tests.cs(48,34): warning xUnit1031: Test methods should not use blocking task operations, as they can cause deadlocks. Use an async test method and await instead. (https://xunit.net/xunit.analyzers/rules/xUnit1031) [__CI_WORKSPACE__/LiteDB.Tests/LiteDB.Tests.csproj::TargetFramework=net10.0]
2026-09-30T17:24:35.3373270Z ##[warning]__CI_WORKSPACE__/LiteDB.Tests/Engine/TransactionHandleSharedAdmission_Tests.cs(49,64): warning xUnit1031: Test methods should not use blocking task operations, as they can cause deadlocks. Use an async test method and await instead. (https://xunit.net/xunit.analyzers/rules/xUnit1031) [__CI_WORKSPACE__/LiteDB.Tests/LiteDB.Tests.csproj::TargetFramework=net10.0]
2026-09-30T17:24:35.3420160Z ##[warning]__CI_WORKSPACE__/LiteDB.Tests/Engine/TransactionHandleSharedAdmission_Tests.cs(54,22): warning xUnit1031: Test methods should not use blocking task operations, as they can cause deadlocks. Use an async test method and await instead. (https://xunit.net/xunit.analyzers/rules/xUnit1031) [__CI_WORKSPACE__/LiteDB.Tests/LiteDB.Tests.csproj::TargetFramework=net10.0]
2026-09-30T17:24:35.3435640Z ##[warning]__CI_WORKSPACE__/LiteDB.Tests/Engine/TransactionHandleRawCloseDependency_Tests.cs(33,35): warning xUnit1031: Test methods should not use blocking task operations, as they can cause deadlocks. Use an async test method and await instead. (https://xunit.net/xunit.analyzers/rules/xUnit1031) [__CI_WORKSPACE__/LiteDB.Tests/LiteDB.Tests.csproj::TargetFramework=net10.0]
2026-09-30T17:24:35.3457030Z ##[warning]__CI_WORKSPACE__/LiteDB.Tests/Engine/TransactionHandleMaintenanceProgress_Tests.cs(81,32): warning xUnit1031: Test methods should not use blocking task operations, as they can cause deadlocks. Use an async test method and await instead. (https://xunit.net/xunit.analyzers/rules/xUnit1031) [__CI_WORKSPACE__/LiteDB.Tests/LiteDB.Tests.csproj::TargetFramework=net10.0]
2026-09-30T17:24:35.3501990Z ##[warning]__CI_WORKSPACE__/LiteDB.Tests/Engine/TransactionHandleMaintenanceProgress_Tests.cs(111,41): warning xUnit1031: Test methods should not use blocking task operations, as they can cause deadlocks. Use an async test method and await instead. (https://xunit.net/xunit.analyzers/rules/xUnit1031) [__CI_WORKSPACE__/LiteDB.Tests/LiteDB.Tests.csproj::TargetFramework=net10.0]
2026-09-30T17:24:35.3515930Z ##[warning]__CI_WORKSPACE__/LiteDB.Tests/Engine/TransactionHandle_Tests.cs(146,32): warning xUnit1031: Test methods should not use blocking task operations, as they can cause deadlocks. Use an async test method and await instead. (https://xunit.net/xunit.analyzers/rules/xUnit1031) [__CI_WORKSPACE__/LiteDB.Tests/LiteDB.Tests.csproj::TargetFramework=net10.0]
2026-09-30T17:24:35.3569110Z ##[warning]__CI_WORKSPACE__/LiteDB.Tests/Engine/TransactionHandleContext_Tests.cs(24,46): warning CA1416: This call site is reachable on all platforms. 'WindowsIdentity.GetCurrent(bool)' is only supported on: 'windows'. (https://learn.microsoft.com/dotnet/fundamentals/code-analysis/quality-rules/ca1416) [__CI_WORKSPACE__/LiteDB.Tests/LiteDB.Tests.csproj::TargetFramework=net10.0]
2026-09-30T17:24:35.3613760Z ##[warning]__CI_WORKSPACE__/LiteDB.Tests/Engine/TransactionHandleSharedPinCancellation_Tests.cs(56,38): warning xUnit1031: Test methods should not use blocking task operations, as they can cause deadlocks. Use an async test method and await instead. (https://xunit.net/xunit.analyzers/rules/xUnit1031) [__CI_WORKSPACE__/LiteDB.Tests/LiteDB.Tests.csproj::TargetFramework=net10.0]
2026-09-30T17:24:35.3629930Z ##[warning]__CI_WORKSPACE__/LiteDB.Tests/Engine/TransactionHandleSharedPinCancellation_Tests.cs(57,68): warning xUnit1031: Test methods should not use blocking task operations, as they can cause deadlocks. Use an async test method and await instead. (https://xunit.net/xunit.analyzers/rules/xUnit1031) [__CI_WORKSPACE__/LiteDB.Tests/LiteDB.Tests.csproj::TargetFramework=net10.0]
2026-09-30T17:24:35.3666080Z ##[warning]__CI_WORKSPACE__/LiteDB.Tests/Engine/TransactionHandleSharedPinCancellation_Tests.cs(66,38): warning xUnit1031: Test methods should not use blocking task operations, as they can cause deadlocks. Use an async test method and await instead. (https://xunit.net/xunit.analyzers/rules/xUnit1031) [__CI_WORKSPACE__/LiteDB.Tests/LiteDB.Tests.csproj::TargetFramework=net10.0]
2026-09-30T17:24:35.3706700Z ##[warning]__CI_WORKSPACE__/LiteDB.Tests/Engine/TransactionHandleSharedAdmission_Tests.cs(91,34): warning xUnit1031: Test methods should not use blocking task operations, as they can cause deadlocks. Use an async test method and await instead. (https://xunit.net/xunit.analyzers/rules/xUnit1031) [__CI_WORKSPACE__/LiteDB.Tests/LiteDB.Tests.csproj::TargetFramework=net10.0]
2026-09-30T17:24:35.3745820Z ##[warning]__CI_WORKSPACE__/LiteDB.Tests/Engine/TransactionHandleSharedAdmission_Tests.cs(92,64): warning xUnit1031: Test methods should not use blocking task operations, as they can cause deadlocks. Use an async test method and await instead. (https://xunit.net/xunit.analyzers/rules/xUnit1031) [__CI_WORKSPACE__/LiteDB.Tests/LiteDB.Tests.csproj::TargetFramework=net10.0]
2026-09-30T17:24:35.3761150Z ##[warning]__CI_WORKSPACE__/LiteDB.Tests/Engine/TransactionHandleMaintenanceProgress_Tests.cs(157,41): warning xUnit1031: Test methods should not use blocking task operations, as they can cause deadlocks. Use an async test method and await instead. (https://xunit.net/xunit.analyzers/rules/xUnit1031) [__CI_WORKSPACE__/LiteDB.Tests/LiteDB.Tests.csproj::TargetFramework=net10.0]
2026-09-30T17:24:35.3802080Z ##[warning]__CI_WORKSPACE__/LiteDB.Tests/Engine/TransactionHandleMaintenanceProgress_Tests.cs(190,31): warning xUnit1031: Test methods should not use blocking task operations, as they can cause deadlocks. Use an async test method and await instead. (https://xunit.net/xunit.analyzers/rules/xUnit1031) [__CI_WORKSPACE__/LiteDB.Tests/LiteDB.Tests.csproj::TargetFramework=net10.0]
2026-09-30T17:24:35.3858890Z ##[warning]__CI_WORKSPACE__/LiteDB.Tests/Engine/SharedReadPath_Tests.cs(43,13): warning CA2022: Avoid inexact read with 'System.IO.FileStream.Read(byte[], int, int)' (https://learn.microsoft.com/dotnet/fundamentals/code-analysis/quality-rules/ca2022) [__CI_WORKSPACE__/LiteDB.Tests/LiteDB.Tests.csproj::TargetFramework=net10.0]
2026-09-30T17:24:35.3873030Z ##[warning]__CI_WORKSPACE__/LiteDB.Tests/Engine/TransactionHandleAdmission_Tests.cs(83,37): warning xUnit1031: Test methods should not use blocking task operations, as they can cause deadlocks. Use an async test method and await instead. (https://xunit.net/xunit.analyzers/rules/xUnit1031) [__CI_WORKSPACE__/LiteDB.Tests/LiteDB.Tests.csproj::TargetFramework=net10.0]
2026-09-30T17:24:35.3914490Z ##[warning]__CI_WORKSPACE__/LiteDB.Tests/Engine/TransactionHandleAdmission_Tests.cs(84,112): warning xUnit1031: Test methods should not use blocking task operations, as they can cause deadlocks. Use an async test method and await instead. (https://xunit.net/xunit.analyzers/rules/xUnit1031) [__CI_WORKSPACE__/LiteDB.Tests/LiteDB.Tests.csproj::TargetFramework=net10.0]
2026-09-30T17:24:35.3971230Z ##[warning]__CI_WORKSPACE__/LiteDB.Tests/Engine/TransactionHandleAdmission_Tests.cs(85,62): warning xUnit1031: Test methods should not use blocking task operations, as they can cause deadlocks. Use an async test method and await instead. (https://xunit.net/xunit.analyzers/rules/xUnit1031) [__CI_WORKSPACE__/LiteDB.Tests/LiteDB.Tests.csproj::TargetFramework=net10.0]
2026-09-30T17:24:35.4032870Z ##[warning]__CI_WORKSPACE__/LiteDB.Tests/Engine/TransactionHandleDisposeSafety_Tests.cs(250,55): warning xUnit1031: Test methods should not use blocking task operations, as they can cause deadlocks. Use an async test method and await instead. (https://xunit.net/xunit.analyzers/rules/xUnit1031) [__CI_WORKSPACE__/LiteDB.Tests/LiteDB.Tests.csproj::TargetFramework=net10.0]
2026-09-30T17:24:35.4073230Z ##[warning]__CI_WORKSPACE__/LiteDB.Tests/Engine/TransactionHandleAdmission_Tests.cs(130,37): warning xUnit1031: Test methods should not use blocking task operations, as they can cause deadlocks. Use an async test method and await instead. (https://xunit.net/xunit.analyzers/rules/xUnit1031) [__CI_WORKSPACE__/LiteDB.Tests/LiteDB.Tests.csproj::TargetFramework=net10.0]
2026-09-30T17:24:35.4119690Z ##[warning]__CI_WORKSPACE__/LiteDB.Tests/Engine/TransactionHandleAdmission_Tests.cs(131,57): warning xUnit1031: Test methods should not use blocking task operations, as they can cause deadlocks. Use an async test method and await instead. (https://xunit.net/xunit.analyzers/rules/xUnit1031) [__CI_WORKSPACE__/LiteDB.Tests/LiteDB.Tests.csproj::TargetFramework=net10.0]
2026-09-30T17:24:35.4145130Z ##[warning]__CI_WORKSPACE__/LiteDB.Tests/Engine/SharedDisposalFailure_Tests.cs(71,35): warning xUnit1031: Test methods should not use blocking task operations, as they can cause deadlocks. Use an async test method and await instead. (https://xunit.net/xunit.analyzers/rules/xUnit1031) [__CI_WORKSPACE__/LiteDB.Tests/LiteDB.Tests.csproj::TargetFramework=net10.0]
2026-09-30T17:24:35.4159670Z ##[warning]__CI_WORKSPACE__/LiteDB.Tests/Engine/SharedDisposalFailure_Tests.cs(72,54): warning xUnit1031: Test methods should not use blocking task operations, as they can cause deadlocks. Use an async test method and await instead. (https://xunit.net/xunit.analyzers/rules/xUnit1031) [__CI_WORKSPACE__/LiteDB.Tests/LiteDB.Tests.csproj::TargetFramework=net10.0]
2026-09-30T17:24:35.4215480Z ##[warning]__CI_WORKSPACE__/LiteDB.Tests/Engine/SharedDisposalFailure_Tests.cs(73,49): warning xUnit1031: Test methods should not use blocking task operations, as they can cause deadlocks. Use an async test method and await instead. (https://xunit.net/xunit.analyzers/rules/xUnit1031) [__CI_WORKSPACE__/LiteDB.Tests/LiteDB.Tests.csproj::TargetFramework=net10.0]
2026-09-30T17:24:35.4259990Z ##[warning]__CI_WORKSPACE__/LiteDB.Tests/Engine/SharedDisposalFailure_Tests.cs(93,37): warning xUnit1031: Test methods should not use blocking task operations, as they can cause deadlocks. Use an async test method and await instead. (https://xunit.net/xunit.analyzers/rules/xUnit1031) [__CI_WORKSPACE__/LiteDB.Tests/LiteDB.Tests.csproj::TargetFramework=net10.0]
2026-09-30T17:24:35.4308980Z ##[warning]__CI_WORKSPACE__/LiteDB.Tests/Engine/SharedDisposalFailure_Tests.cs(117,23): warning xUnit1031: Test methods should not use blocking task operations, as they can cause deadlocks. Use an async test method and await instead. (https://xunit.net/xunit.analyzers/rules/xUnit1031) [__CI_WORKSPACE__/LiteDB.Tests/LiteDB.Tests.csproj::TargetFramework=net10.0]
2026-09-30T17:24:35.4323110Z ##[warning]__CI_WORKSPACE__/LiteDB.Tests/Engine/NativeAdmissionIsolation_Tests.cs(56,25): warning xUnit1031: Test methods should not use blocking task operations, as they can cause deadlocks. Use an async test method and await instead. (https://xunit.net/xunit.analyzers/rules/xUnit1031) [__CI_WORKSPACE__/LiteDB.Tests/LiteDB.Tests.csproj::TargetFramework=net10.0]
2026-09-30T17:24:35.4367320Z ##[warning]__CI_WORKSPACE__/LiteDB.Tests/Engine/NativeAdmissionIsolation_Tests.cs(65,22): warning xUnit1031: Test methods should not use blocking task operations, as they can cause deadlocks. Use an async test method and await instead. (https://xunit.net/xunit.analyzers/rules/xUnit1031) [__CI_WORKSPACE__/LiteDB.Tests/LiteDB.Tests.csproj::TargetFramework=net10.0]
2026-09-30T17:24:35.4420180Z ##[warning]__CI_WORKSPACE__/LiteDB.Tests/Engine/NativeAdmissionDirectPoolFinalizer_Tests.cs(74,13): warning xUnit2013: Do not use Assert.Equal() to check for collection size. Use Assert.Single instead. (https://xunit.net/xunit.analyzers/rules/xUnit2013) [__CI_WORKSPACE__/LiteDB.Tests/LiteDB.Tests.csproj::TargetFramework=net10.0]
2026-09-30T17:24:35.4435780Z ##[warning]__CI_WORKSPACE__/LiteDB.Tests/Engine/NativeAdmissionDirectContext_Tests.cs(140,38): warning xUnit1031: Test methods should not use blocking task operations, as they can cause deadlocks. Use an async test method and await instead. (https://xunit.net/xunit.analyzers/rules/xUnit1031) [__CI_WORKSPACE__/LiteDB.Tests/LiteDB.Tests.csproj::TargetFramework=net10.0]
2026-09-30T17:24:35.4472910Z ##[warning]__CI_WORKSPACE__/LiteDB.Tests/Engine/NativeAdmissionDirectContextLifetime_Tests.cs(151,37): warning xUnit1031: Test methods should not use blocking task operations, as they can cause deadlocks. Use an async test method and await instead. (https://xunit.net/xunit.analyzers/rules/xUnit1031) [__CI_WORKSPACE__/LiteDB.Tests/LiteDB.Tests.csproj::TargetFramework=net10.0]
2026-09-30T17:24:35.4508480Z ##[warning]__CI_WORKSPACE__/LiteDB.Tests/Engine/Issue2881_VectorPromotion_Tests.cs(147,13): warning CA2022: Avoid inexact read with 'System.IO.Stream.Read(byte[], int, int)' (https://learn.microsoft.com/dotnet/fundamentals/code-analysis/quality-rules/ca2022) [__CI_WORKSPACE__/LiteDB.Tests/LiteDB.Tests.csproj::TargetFramework=net10.0]
2026-09-30T17:24:35.4522930Z ##[warning]__CI_WORKSPACE__/LiteDB.Tests/Engine/Coordinator_Tests.cs(262,20): warning xUnit1031: Test methods should not use blocking task operations, as they can cause deadlocks. Use an async test method and await instead. (https://xunit.net/xunit.analyzers/rules/xUnit1031) [__CI_WORKSPACE__/LiteDB.Tests/LiteDB.Tests.csproj::TargetFramework=net10.0]
2026-09-30T17:24:35.4571830Z ##[warning]__CI_WORKSPACE__/LiteDB.Tests/Issues/Issue1192DirectDictionary_Tests.cs(186,13): warning xUnit2013: Do not use Assert.Equal() to check for collection size. Use Assert.Empty instead. (https://xunit.net/xunit.analyzers/rules/xUnit2013) [__CI_WORKSPACE__/LiteDB.Tests/LiteDB.Tests.csproj::TargetFramework=net10.0]
2026-09-30T17:24:35.4586040Z ##[warning]__CI_WORKSPACE__/LiteDB.Tests/Issues/Issue2848_Tests.cs(87,89): warning xUnit1031: Test methods should not use blocking task operations, as they can cause deadlocks. Use an async test method and await instead. (https://xunit.net/xunit.analyzers/rules/xUnit1031) [__CI_WORKSPACE__/LiteDB.Tests/LiteDB.Tests.csproj::TargetFramework=net10.0]
2026-09-30T17:24:35.4631100Z ##[warning]__CI_WORKSPACE__/LiteDB.Tests/Issues/Issue2814_Tests.cs(57,26): warning xUnit1031: Test methods should not use blocking task operations, as they can cause deadlocks. Use an async test method and await instead. (https://xunit.net/xunit.analyzers/rules/xUnit1031) [__CI_WORKSPACE__/LiteDB.Tests/LiteDB.Tests.csproj::TargetFramework=net10.0]
2026-09-30T17:24:35.4653510Z ##[warning]__CI_WORKSPACE__/LiteDB.Tests/Issues/Issue2792SnapshotPublication_Tests.cs(65,57): warning xUnit1031: Test methods should not use blocking task operations, as they can cause deadlocks. Use an async test method and await instead. (https://xunit.net/xunit.analyzers/rules/xUnit1031) [__CI_WORKSPACE__/LiteDB.Tests/LiteDB.Tests.csproj::TargetFramework=net10.0]
2026-09-30T17:24:35.4668340Z ##[warning]__CI_WORKSPACE__/LiteDB.Tests/Issues/Issue2792SnapshotPublication_Tests.cs(66,37): warning xUnit1031: Test methods should not use blocking task operations, as they can cause deadlocks. Use an async test method and await instead. (https://xunit.net/xunit.analyzers/rules/xUnit1031) [__CI_WORKSPACE__/LiteDB.Tests/LiteDB.Tests.csproj::TargetFramework=net10.0]
2026-09-30T17:24:35.4755620Z ##[warning]__CI_WORKSPACE__/LiteDB.Tests/Issues/Issue2790ReaderLease_Tests.cs(43,37): warning xUnit1030: Test methods should not call ConfigureAwait(false), as it may bypass parallelization limits. Omit ConfigureAwait, or use ConfigureAwait(true) to avoid CA2007. (https://xunit.net/xunit.analyzers/rules/xUnit1030) [__CI_WORKSPACE__/LiteDB.Tests/LiteDB.Tests.csproj::TargetFramework=net10.0]
2026-09-30T17:24:35.4770850Z ##[warning]__CI_WORKSPACE__/LiteDB.Tests/Issues/Issue2814Admission_Tests.cs(56,78): warning xUnit1031: Test methods should not use blocking task operations, as they can cause deadlocks. Use an async test method and await instead. (https://xunit.net/xunit.analyzers/rules/xUnit1031) [__CI_WORKSPACE__/LiteDB.Tests/LiteDB.Tests.csproj::TargetFramework=net10.0]
2026-09-30T17:24:35.4805760Z ##[warning]__CI_WORKSPACE__/LiteDB.Tests/Issues/Issue2792_Tests.cs(48,24): warning xUnit1031: Test methods should not use blocking task operations, as they can cause deadlocks. Use an async test method and await instead. (https://xunit.net/xunit.analyzers/rules/xUnit1031) [__CI_WORKSPACE__/LiteDB.Tests/LiteDB.Tests.csproj::TargetFramework=net10.0]
2026-09-30T17:24:35.4851640Z ##[warning]__CI_WORKSPACE__/LiteDB.Tests/Issues/Issue2792_Tests.cs(53,24): warning xUnit1031: Test methods should not use blocking task operations, as they can cause deadlocks. Use an async test method and await instead. (https://xunit.net/xunit.analyzers/rules/xUnit1031) [__CI_WORKSPACE__/LiteDB.Tests/LiteDB.Tests.csproj::TargetFramework=net10.0]
2026-09-30T17:24:35.4885350Z ##[warning]__CI_WORKSPACE__/LiteDB.Tests/Issues/Issue2792_Tests.cs(54,44): warning xUnit1031: Test methods should not use blocking task operations, as they can cause deadlocks. Use an async test method and await instead. (https://xunit.net/xunit.analyzers/rules/xUnit1031) [__CI_WORKSPACE__/LiteDB.Tests/LiteDB.Tests.csproj::TargetFramework=net10.0]
2026-09-30T17:24:35.4900560Z ##[warning]__CI_WORKSPACE__/LiteDB.Tests/Issues/Issue2792_Tests.cs(59,24): warning xUnit1031: Test methods should not use blocking task operations, as they can cause deadlocks. Use an async test method and await instead. (https://xunit.net/xunit.analyzers/rules/xUnit1031) [__CI_WORKSPACE__/LiteDB.Tests/LiteDB.Tests.csproj::TargetFramework=net10.0]
2026-09-30T17:24:35.4950960Z ##[warning]__CI_WORKSPACE__/LiteDB.Tests/Issues/Issue2792_Tests.cs(60,24): warning xUnit1031: Test methods should not use blocking task operations, as they can cause deadlocks. Use an async test method and await instead. (https://xunit.net/xunit.analyzers/rules/xUnit1031) [__CI_WORKSPACE__/LiteDB.Tests/LiteDB.Tests.csproj::TargetFramework=net10.0]
2026-09-30T17:24:35.4983390Z ##[warning]__CI_WORKSPACE__/LiteDB.Tests/Issues/Issue2324_Tests.cs(64,33): warning xUnit1031: Test methods should not use blocking task operations, as they can cause deadlocks. Use an async test method and await instead. (https://xunit.net/xunit.analyzers/rules/xUnit1031) [__CI_WORKSPACE__/LiteDB.Tests/LiteDB.Tests.csproj::TargetFramework=net10.0]
2026-09-30T17:24:35.4994190Z ##[warning]__CI_WORKSPACE__/LiteDB.Tests/Issues/Issue2112_Tests.cs(32,13): warning xUnit2013: Do not use Assert.Equal() to check for collection size. Use Assert.Single instead. (https://xunit.net/xunit.analyzers/rules/xUnit2013) [__CI_WORKSPACE__/LiteDB.Tests/LiteDB.Tests.csproj::TargetFramework=net10.0]
2026-09-30T17:24:35.5042480Z ##[warning]__CI_WORKSPACE__/LiteDB.Tests/Issues/Issue2243ReferenceSchema_Tests.cs(21,13): warning xUnit2013: Do not use Assert.Equal() to check for collection size. Use Assert.Empty instead. (https://xunit.net/xunit.analyzers/rules/xUnit2013) [__CI_WORKSPACE__/LiteDB.Tests/LiteDB.Tests.csproj::TargetFramework=net10.0]
2026-09-30T17:24:35.5074570Z ##[warning]__CI_WORKSPACE__/LiteDB.Tests/Issues/Issue2243ReferenceSchema_Tests.cs(22,13): warning xUnit2013: Do not use Assert.Equal() to check for collection size. Use Assert.Empty instead. (https://xunit.net/xunit.analyzers/rules/xUnit2013) [__CI_WORKSPACE__/LiteDB.Tests/LiteDB.Tests.csproj::TargetFramework=net10.0]
2026-09-30T17:24:35.5112700Z     102 Warning(s)
2026-09-30T17:24:35.5120340Z     0 Error(s)
2026-09-30T17:24:35.5157010Z 
2026-09-30T17:24:35.5215470Z Time Elapsed 00:01:03.37
2026-09-30T17:24:35.5462940Z ##[group]Run printf '{"sha":"%s","tree":"%s","sdk":"%s"}' "$(git rev-parse HEAD)" "$(git rev-parse 'HEAD^{tree}')" "$(dotnet --version)" > LiteDB.Tests/bin/Release/build-evidence.json
2026-09-30T17:24:35.5466860Z [36;1mprintf '{"sha":"%s","tree":"%s","sdk":"%s"}' "$(git rev-parse HEAD)" "$(git rev-parse 'HEAD^{tree}')" "$(dotnet --version)" > LiteDB.Tests/bin/Release/build-evidence.json[0m
2026-09-30T17:24:35.5619500Z shell: /bin/bash -e {0}
2026-09-30T17:24:35.5620180Z env:
2026-09-30T17:24:35.5621650Z   LITEDB_RETAINED_FIXTURES: __CI_WORKSPACE__/LiteDB.Tests/TestResults/retained-fixtures
2026-09-30T17:24:35.5623360Z   DOTNET_ROOT: __CI_HOME__/.dotnet
2026-09-30T17:24:35.5624360Z ##[endgroup]
2026-09-30T17:24:35.9501870Z ##[group]Run ./scripts/run-ci-tests.ps1 -RuntimeMajor 10 -Framework "net10.0" -Architecture x64 -Filter 'FullyQualifiedName~TransactionHandle|FullyQualifiedName~NativeAdmission|FullyQualifiedName~SharedAdmissionLifetime|FullyQualifiedName~SharedMode|FullyQualifiedName~DirectModeAdmission|FullyQualifiedName~Rebuild|FullyQualifiedName~Issue2979|FullyQualifiedName~SharedCoordinated' -ResultFile 'NativeAdmission.trx' -PartitionFiltered
2026-09-30T17:24:35.9515000Z [36;1m./scripts/run-ci-tests.ps1 -RuntimeMajor 10 -Framework "net10.0" -Architecture x64 -Filter 'FullyQualifiedName~TransactionHandle|FullyQualifiedName~NativeAdmission|FullyQualifiedName~SharedAdmissionLifetime|FullyQualifiedName~SharedMode|FullyQualifiedName~DirectModeAdmission|FullyQualifiedName~Rebuild|FullyQualifiedName~Issue2979|FullyQualifiedName~SharedCoordinated' -ResultFile 'NativeAdmission.trx' -PartitionFiltered[0m
2026-09-30T17:24:35.9545970Z shell: /usr/local/bin/pwsh -command ". '{0}'"
2026-09-30T17:24:35.9547150Z env:
2026-09-30T17:24:35.9548920Z   LITEDB_RETAINED_FIXTURES: __CI_WORKSPACE__/LiteDB.Tests/TestResults/retained-fixtures
2026-09-30T17:24:35.9551080Z   DOTNET_ROOT: __CI_HOME__/.dotnet
2026-09-30T17:24:35.9552450Z   LITEDB_EVIDENCE_MATRIX: {
  "framework": "net10.0",
  "runtimeMajor": 10
}
2026-09-30T17:24:35.9553800Z ##[endgroup]
2026-09-30T17:24:39.8480010Z dotnet-install: Attempting to download using aka.ms link https://builds.dotnet.microsoft.com/dotnet/Runtime/10.0.12/dotnet-runtime-10.0.12-osx-x64.tar.gz
2026-09-30T17:24:41.6850100Z dotnet-install: Remote file https://builds.dotnet.microsoft.com/dotnet/Runtime/10.0.12/dotnet-runtime-10.0.12-osx-x64.tar.gz size is 35596837 bytes.
2026-09-30T17:24:41.6911760Z dotnet-install: Extracting archive from https://builds.dotnet.microsoft.com/dotnet/Runtime/10.0.12/dotnet-runtime-10.0.12-osx-x64.tar.gz
2026-09-30T17:24:42.6734740Z dotnet-install: Downloaded file size is 35596837 bytes.
2026-09-30T17:24:42.6855680Z dotnet-install: The remote and local file sizes are equal.
2026-09-30T17:24:42.7525320Z dotnet-install: Installed version is 10.0.12
2026-09-30T17:24:42.7865670Z dotnet-install: Binaries of dotnet can be found in __CI_HOME__/work/_temp/litedb-runtime-10-x64
2026-09-30T17:24:42.7935620Z dotnet-install: Note that the script does not resolve dependencies during installation.
2026-09-30T17:24:42.8091250Z dotnet-install: To check the list of dependencies, go to https://learn.microsoft.com/dotnet/core/install, select your operating system and check the "Dependencies" section.
2026-09-30T17:24:42.8208880Z dotnet-install: Installation finished successfully.
2026-09-30T17:24:42.8411100Z 
2026-09-30T17:24:42.8502370Z Host:
2026-09-30T17:24:42.8531720Z   Version:      10.0.12
2026-09-30T17:24:42.8600220Z   Architecture: x64
2026-09-30T17:24:42.8654710Z   Commit:       95017c711e
2026-09-30T17:24:42.8682740Z   RID:          osx-x64
2026-09-30T17:24:42.8744690Z 
2026-09-30T17:24:42.8798190Z .NET SDKs installed:
2026-09-30T17:24:42.8888220Z   No SDKs were found.
2026-09-30T17:24:42.8932310Z 
2026-09-30T17:24:42.8975000Z .NET runtimes installed:
2026-09-30T17:24:42.9009390Z   Microsoft.NETCore.App 10.0.12 [__CI_HOME__/work/_temp/litedb-runtime-10-x64/shared/Microsoft.NETCore.App]
2026-09-30T17:24:42.9048750Z 
2026-09-30T17:24:42.9094880Z Other architectures found:
2026-09-30T17:24:42.9144010Z   None
2026-09-30T17:24:42.9175390Z 
2026-09-30T17:24:42.9257950Z Environment variables:
2026-09-30T17:24:42.9331310Z   DOTNET_MULTILEVEL_LOOKUP                 [0]
2026-09-30T17:24:42.9365700Z   DOTNET_NOLOGO                            [1]
2026-09-30T17:24:42.9407470Z   DOTNET_ROOT                              [__CI_HOME__/.dotnet]
2026-09-30T17:24:42.9493400Z   DOTNET_SKIP_FIRST_TIME_EXPERIENCE        [1]
2026-09-30T17:24:42.9549220Z 
2026-09-30T17:24:42.9633870Z global.json file:
2026-09-30T17:24:42.9679110Z   Not found
2026-09-30T17:24:42.9679670Z 
2026-09-30T17:24:42.9679950Z Learn more:
2026-09-30T17:24:42.9680730Z   https://aka.ms/dotnet/info
2026-09-30T17:24:42.9682760Z 
2026-09-30T17:24:42.9683090Z Download .NET:
2026-09-30T17:24:42.9683880Z   https://aka.ms/dotnet/download
2026-09-30T17:24:51.3586630Z Running native selection partition: handles
2026-09-30T17:24:51.3878610Z 
2026-09-30T17:24:51.3994910Z Host:
2026-09-30T17:24:51.4049410Z   Version:      10.0.12
2026-09-30T17:24:51.4094960Z   Architecture: x64
2026-09-30T17:24:51.4160940Z   Commit:       95017c711e
2026-09-30T17:24:51.4217470Z   RID:          osx-x64
2026-09-30T17:24:51.4272480Z 
2026-09-30T17:24:51.4316860Z .NET SDKs installed:
2026-09-30T17:24:51.4374210Z   No SDKs were found.
2026-09-30T17:24:51.4488020Z 
2026-09-30T17:24:51.4556780Z .NET runtimes installed:
2026-09-30T17:24:51.4794640Z   Microsoft.NETCore.App 10.0.12 [__CI_HOME__/work/_temp/litedb-runtime-10-x64/shared/Microsoft.NETCore.App]
2026-09-30T17:24:51.4878900Z 
2026-09-30T17:24:51.4935730Z Other architectures found:
2026-09-30T17:24:51.5020570Z   None
2026-09-30T17:24:51.5146760Z 
2026-09-30T17:24:51.5258810Z Environment variables:
2026-09-30T17:24:51.5346950Z   DOTNET_MULTILEVEL_LOOKUP                 [0]
2026-09-30T17:24:51.5437310Z   DOTNET_NOLOGO                            [1]
2026-09-30T17:24:51.5496070Z   DOTNET_ROLL_FORWARD                      [LatestMajor]
2026-09-30T17:24:51.5589550Z   DOTNET_ROOT                              [__CI_HOME__/.dotnet]
2026-09-30T17:24:51.5673720Z   DOTNET_SKIP_FIRST_TIME_EXPERIENCE        [1]
2026-09-30T17:24:51.5711240Z 
2026-09-30T17:24:51.5768810Z global.json file:
2026-09-30T17:24:51.5833950Z   Not found
2026-09-30T17:24:51.6043440Z 
2026-09-30T17:24:51.6206840Z Learn more:
2026-09-30T17:24:51.6292310Z   https://aka.ms/dotnet/info
2026-09-30T17:24:51.6422710Z 
2026-09-30T17:24:51.6543420Z Download .NET:
2026-09-30T17:24:51.6713600Z   https://aka.ms/dotnet/download
2026-09-30T17:24:51.8852720Z VSTest version 18.7.0 (x64)
2026-09-30T17:24:51.9310970Z 
2026-09-30T17:24:52.4603370Z Starting test execution, please wait...
2026-09-30T17:24:52.6069460Z A total of 1 test files matched the specified pattern.
2026-09-30T17:27:22.5331680Z [xUnit.net 00:02:28.34]     LiteDB.Tests.Engine.TransactionHandleCallbackHandoff_Tests.Public_admission_handoff_preserves_current_callback_marker(shared: True, password: null) [FAIL]
2026-09-30T17:27:22.5337180Z   Failed LiteDB.Tests.Engine.TransactionHandleCallbackHandoff_Tests.Public_admission_handoff_preserves_current_callback_marker(shared: True, password: null) [15 s]
2026-09-30T17:27:22.5484740Z   Error Message:
2026-09-30T17:27:22.5672780Z    Assert.Empty() Failure: Collection was not empty
2026-09-30T17:27:22.6101790Z Collection: ["handoff deadline", "handoff deadline", "handoff deadline", "handoff deadline"]
2026-09-30T17:27:22.6166080Z   Stack Trace:
2026-09-30T17:27:22.6229280Z      at LiteDB.Tests.Engine.TransactionHandleCallbackHandoff_Tests.Public_admission_handoff_preserves_current_callback_marker(Boolean shared, String password) in __CI_WORKSPACE__/LiteDB.Tests/Engine/TransactionHandleCallbackHandoff_Tests.cs:line 64
2026-09-30T17:27:22.6276700Z    at System.RuntimeMethodHandle.InvokeMethod(ObjectHandleOnStack target, Void** arguments, ObjectHandleOnStack sig, BOOL isConstructor, ObjectHandleOnStack result)
2026-09-30T17:27:22.6426340Z    at System.Reflection.MethodBaseInvoker.InvokeDirectByRefWithFewArgs(Object obj, Span`1 copyOfArgs, BindingFlags invokeAttr)
2026-09-30T17:27:51.1373890Z Results File: __CI_WORKSPACE__/LiteDB.Tests/TestResults/NativeAdmission-handles.trx
2026-09-30T17:27:51.1427700Z 
2026-09-30T17:27:51.1545720Z Failed!  - Failed:     1, Passed:   324, Skipped:     0, Total:   325, Duration: 2 m 49 s - LiteDB.Tests.dll (net10.0)
2026-09-30T17:27:52.0772620Z Running native selection partition: admission
2026-09-30T17:27:52.3607640Z 
2026-09-30T17:27:52.4231350Z Host:
2026-09-30T17:27:52.5234010Z   Version:      10.0.12
2026-09-30T17:27:52.5357120Z   Architecture: x64
2026-09-30T17:27:52.5899950Z   Commit:       95017c711e
2026-09-30T17:27:52.6025510Z   RID:          osx-x64
2026-09-30T17:27:52.6141460Z 
2026-09-30T17:27:52.6312920Z .NET SDKs installed:
2026-09-30T17:27:52.6554000Z   No SDKs were found.
2026-09-30T17:27:52.7129200Z 
2026-09-30T17:27:52.7395010Z .NET runtimes installed:
2026-09-30T17:27:52.7534050Z   Microsoft.NETCore.App 10.0.12 [__CI_HOME__/work/_temp/litedb-runtime-10-x64/shared/Microsoft.NETCore.App]
2026-09-30T17:27:52.7722850Z 
2026-09-30T17:27:52.7918620Z Other architectures found:
2026-09-30T17:27:52.8924690Z   None
2026-09-30T17:27:52.9294350Z 
2026-09-30T17:27:53.0115680Z Environment variables:
2026-09-30T17:27:53.0200550Z   DOTNET_MULTILEVEL_LOOKUP                 [0]
2026-09-30T17:27:53.0295720Z   DOTNET_NOLOGO                            [1]
2026-09-30T17:27:53.0362070Z   DOTNET_ROLL_FORWARD                      [LatestMajor]
2026-09-30T17:27:53.0425300Z   DOTNET_ROOT                              [__CI_HOME__/.dotnet]
2026-09-30T17:27:53.0478610Z   DOTNET_SKIP_FIRST_TIME_EXPERIENCE        [1]
2026-09-30T17:27:53.1172660Z 
2026-09-30T17:27:53.1247630Z global.json file:
2026-09-30T17:27:53.1287790Z   Not found
2026-09-30T17:27:53.1394480Z 
2026-09-30T17:27:53.1438370Z Learn more:
2026-09-30T17:27:53.1484090Z   https://aka.ms/dotnet/info
2026-09-30T17:27:53.1547380Z 
2026-09-30T17:27:53.1556610Z Download .NET:
2026-09-30T17:27:53.1646480Z   https://aka.ms/dotnet/download
2026-09-30T17:27:53.9957140Z VSTest version 18.7.0 (x64)
2026-09-30T17:27:54.0574080Z 
2026-09-30T17:27:54.2204880Z Starting test execution, please wait...
2026-09-30T17:27:54.3015070Z A total of 1 test files matched the specified pattern.
2026-09-30T17:31:06.0287760Z Results File: __CI_WORKSPACE__/LiteDB.Tests/TestResults/NativeAdmission-admission.trx
2026-09-30T17:31:06.0343220Z 
2026-09-30T17:31:06.0406590Z Passed!  - Failed:     0, Passed:   202, Skipped:     0, Total:   202, Duration: 3 m 5 s - LiteDB.Tests.dll (net10.0)
2026-09-30T17:31:06.5780940Z Running native selection partition: remaining
2026-09-30T17:31:06.5977210Z 
2026-09-30T17:31:06.6005240Z Host:
2026-09-30T17:31:06.6045720Z   Version:      10.0.12
2026-09-30T17:31:06.6082700Z   Architecture: x64
2026-09-30T17:31:06.6130140Z   Commit:       95017c711e
2026-09-30T17:31:06.6175000Z   RID:          osx-x64
2026-09-30T17:31:06.6207590Z 
2026-09-30T17:31:06.6240000Z .NET SDKs installed:
2026-09-30T17:31:06.6569230Z   No SDKs were found.
2026-09-30T17:31:06.6598660Z 
2026-09-30T17:31:06.6638890Z .NET runtimes installed:
2026-09-30T17:31:06.6709890Z   Microsoft.NETCore.App 10.0.12 [__CI_HOME__/work/_temp/litedb-runtime-10-x64/shared/Microsoft.NETCore.App]
2026-09-30T17:31:06.6769800Z 
2026-09-30T17:31:06.6815960Z Other architectures found:
2026-09-30T17:31:06.6818420Z   None
2026-09-30T17:31:06.7128870Z 
2026-09-30T17:31:06.7254170Z Environment variables:
2026-09-30T17:31:06.7313240Z   DOTNET_MULTILEVEL_LOOKUP                 [0]
2026-09-30T17:31:06.7389580Z   DOTNET_NOLOGO                            [1]
2026-09-30T17:31:06.7443350Z   DOTNET_ROLL_FORWARD                      [LatestMajor]
2026-09-30T17:31:06.7674200Z   DOTNET_ROOT                              [__CI_HOME__/.dotnet]
2026-09-30T17:31:06.7804230Z   DOTNET_SKIP_FIRST_TIME_EXPERIENCE        [1]
2026-09-30T17:31:06.7868910Z 
2026-09-30T17:31:06.8001210Z global.json file:
2026-09-30T17:31:06.8083320Z   Not found
2026-09-30T17:31:06.8153130Z 
2026-09-30T17:31:06.8209070Z Learn more:
2026-09-30T17:31:06.8271170Z   https://aka.ms/dotnet/info
2026-09-30T17:31:06.8344610Z 
2026-09-30T17:31:06.8405930Z Download .NET:
2026-09-30T17:31:06.8461370Z   https://aka.ms/dotnet/download
2026-09-30T17:31:06.9998330Z VSTest version 18.7.0 (x64)
2026-09-30T17:31:07.0266780Z 
2026-09-30T17:31:07.2821510Z Starting test execution, please wait...
2026-09-30T17:31:07.4180100Z A total of 1 test files matched the specified pattern.
2026-09-30T17:32:05.3719640Z [xUnit.net 00:00:56.97]     LiteDB.Tests.Engine.Rebuild_Tests.Rebuild_Change_Culture_Error [SKIP]
2026-09-30T17:32:05.5256570Z   Skipped LiteDB.Tests.Engine.Rebuild_Tests.Rebuild_Change_Culture_Error [1 ms]
2026-09-30T17:32:32.6003690Z Results File: __CI_WORKSPACE__/LiteDB.Tests/TestResults/NativeAdmission-remaining.trx
2026-09-30T17:32:32.6779830Z 
2026-09-30T17:32:32.6821950Z Passed!  - Failed:     0, Passed:   237, Skipped:     1, Total:   238, Duration: 1 m 20 s - LiteDB.Tests.dll (net10.0)
2026-09-30T17:32:33.2734300Z [31;1mException: [0m__CI_WORKSPACE__/scripts/run-ci-tests.ps1:170[0m
2026-09-30T17:32:33.2742420Z [31;1m[0m[36;1mLine |[0m
2026-09-30T17:32:33.2756730Z [31;1m[0m[36;1m[36;1m 170 | [0m … ed.Count) { [36;1mthrow "Native test partitions failed: $($failed -join ', [0m …[0m
2026-09-30T17:32:33.2759790Z [31;1m[0m[36;1m[36;1m[0m[36;1m[0m[36;1m     | [31;1m               ~~~~~~~~~~~~~~~~~~~~~~~~~~~~~~~~~~~~~~~~~~~~~~~~~~~~~~~~~[0m
2026-09-30T17:32:33.2770210Z [31;1m[0m[36;1m[36;1m[0m[36;1m[0m[36;1m[31;1m[31;1m[36;1m     | [31;1mNative test partitions failed: handles[0m
2026-09-30T17:32:33.5191080Z ##[error]Process completed with exit code 1.
2026-09-30T17:32:33.6930920Z ##[group]Run actions/upload-artifact@v4
2026-09-30T17:32:33.6932160Z with:
2026-09-30T17:32:33.6932840Z   name: test-results-test-native-macos-intel-1
2026-09-30T17:32:33.6935340Z   path: LiteDB.Tests/TestResults/*.trx
LiteDB.Tests/TestResults/evidence-leg.json
LiteDB.Tests/TestResults/discovered-tests.txt
LiteDB.Tests/TestResults/native-partitions.json

2026-09-30T17:32:33.6947780Z   if-no-files-found: warn
2026-09-30T17:32:33.6953950Z   compression-level: 6
2026-09-30T17:32:33.6954420Z   overwrite: false
2026-09-30T17:32:33.6954860Z   include-hidden-files: false
2026-09-30T17:32:33.6956070Z env:
2026-09-30T17:32:33.6982640Z   LITEDB_RETAINED_FIXTURES: __CI_WORKSPACE__/LiteDB.Tests/TestResults/retained-fixtures
2026-09-30T17:32:33.6983980Z   DOTNET_ROOT: __CI_HOME__/.dotnet
2026-09-30T17:32:33.6984520Z ##[endgroup]
2026-09-30T17:32:35.9163030Z (node:9934) [DEP0040] DeprecationWarning: The `punycode` module is deprecated. Please use a userland alternative instead.
2026-09-30T17:32:35.9718110Z (Use `node --trace-deprecation ...` to show where the warning was created)
2026-09-30T17:32:36.1345060Z With the provided path, there will be 6 files uploaded
2026-09-30T17:32:36.1417820Z Artifact name is valid!
2026-09-30T17:32:36.2469140Z Root directory input is valid!
2026-09-30T17:32:36.6913690Z Beginning upload of artifact content to blob storage
2026-09-30T17:32:36.7817610Z (node:9934) [DEP0169] DeprecationWarning: `url.parse()` behavior is not standardized and prone to errors that have security implications. Use the WHATWG URL API instead. CVEs are not issued for `url.parse()` vulnerabilities.
2026-09-30T17:32:36.8076800Z Uploaded bytes 188782
2026-09-30T17:32:36.8384820Z Finished uploading artifact content to blob storage!
2026-09-30T17:32:36.8389390Z SHA256 digest of uploaded artifact zip is 7729b551873f5866c571165f524b873e02b350d482db41ab5880770239d2c48a
2026-09-30T17:32:36.8392880Z Finalizing artifact upload
2026-09-30T17:32:37.0584970Z Artifact test-results-test-native-macos-intel-1.zip successfully finalized. Artifact ID 11114678436
2026-09-30T17:32:37.0591690Z Artifact test-results-test-native-macos-intel-1 has been successfully uploaded! Final size is 188782 bytes. Artifact ID is 11114678436
2026-09-30T17:32:37.0891840Z Artifact download URL: https://github.com/JKamsker/LiteDB/actions/runs/36750796590/artifacts/11114678436
2026-09-30T17:32:37.2280850Z Prepare all required actions
2026-09-30T17:32:37.2283320Z Getting action download info
2026-09-30T17:32:37.4077840Z ##[group]Run ./.github/actions/retained-fixtures
2026-09-30T17:32:37.4079860Z env:
2026-09-30T17:32:37.4082070Z   LITEDB_RETAINED_FIXTURES: __CI_WORKSPACE__/LiteDB.Tests/TestResults/retained-fixtures
2026-09-30T17:32:37.4084480Z   DOTNET_ROOT: __CI_HOME__/.dotnet
2026-09-30T17:32:37.4085130Z ##[endgroup]
2026-09-30T17:32:37.4293290Z ##[start-action display=Collect retained fixtures;id=__self.__run]
2026-09-30T17:32:37.4380470Z ##[group]Run if [ "$RUNNER_OS" = "Windows" ]; then retained_python=python; else retained_python=python3; fi
2026-09-30T17:32:37.4382530Z [36;1mif [ "$RUNNER_OS" = "Windows" ]; then retained_python=python; else retained_python=python3; fi[0m
2026-09-30T17:32:37.4384440Z [36;1m"$retained_python" scripts/collect-retained-fixtures.py "$LITEDB_RETAINED_FIXTURES"[0m
2026-09-30T17:32:37.4622320Z shell: /bin/bash --noprofile --norc -e -o pipefail {0}
2026-09-30T17:32:37.4624610Z env:
2026-09-30T17:32:37.4627300Z   LITEDB_RETAINED_FIXTURES: __CI_WORKSPACE__/LiteDB.Tests/TestResults/retained-fixtures
2026-09-30T17:32:37.4633300Z   DOTNET_ROOT: __CI_HOME__/.dotnet
2026-09-30T17:32:37.4634200Z ##[endgroup]
2026-09-30T17:32:38.0642360Z ##[end-action id=__self.__run;outcome=success;conclusion=success;duration_ms=634]
2026-09-30T17:32:38.0651180Z ##[start-action display=Upload fixture manifests and copies;id=__self.__actions_upload-artifact]
2026-09-30T17:32:38.0832350Z ##[group]Run actions/upload-artifact@v4
2026-09-30T17:32:38.0833000Z with:
2026-09-30T17:32:38.0833580Z   name: retained-fixtures-test-native-macos-intel-1
2026-09-30T17:32:38.0834770Z   path: __CI_WORKSPACE__/LiteDB.Tests/TestResults/retained-fixtures/
2026-09-30T17:32:38.0836040Z   if-no-files-found: ignore
2026-09-30T17:32:38.0836630Z   retention-days: 14
2026-09-30T17:32:38.0837150Z   compression-level: 6
2026-09-30T17:32:38.0837690Z   overwrite: false
2026-09-30T17:32:38.0838240Z   include-hidden-files: false
2026-09-30T17:32:38.0838870Z env:
2026-09-30T17:32:38.0839880Z   LITEDB_RETAINED_FIXTURES: __CI_WORKSPACE__/LiteDB.Tests/TestResults/retained-fixtures
2026-09-30T17:32:38.0841100Z   DOTNET_ROOT: __CI_HOME__/.dotnet
2026-09-30T17:32:38.0841740Z ##[endgroup]
2026-09-30T17:32:38.8604800Z (node:10019) [DEP0040] DeprecationWarning: The `punycode` module is deprecated. Please use a userland alternative instead.
2026-09-30T17:32:38.8736330Z (Use `node --trace-deprecation ...` to show where the warning was created)
2026-09-30T17:32:38.9118760Z No files were found with the provided path: __CI_WORKSPACE__/LiteDB.Tests/TestResults/retained-fixtures/. No artifacts will be uploaded.
2026-09-30T17:32:38.9143000Z ##[end-action id=__self.__actions_upload-artifact;outcome=success;conclusion=success;duration_ms=848]
2026-09-30T17:32:38.9498010Z Post job cleanup.
2026-09-30T17:32:39.2262810Z [command]/usr/local/bin/git version
2026-09-30T17:32:39.2496300Z git version 2.55.0
2026-09-30T17:32:39.2624370Z Copying '__CI_HOME__/.gitconfig' to '__CI_HOME__/work/_temp/2ee736d3-69d7-4a4f-8a1a-68161b2fe50a/.gitconfig'
2026-09-30T17:32:39.2651210Z Temporarily overriding HOME='__CI_HOME__/work/_temp/2ee736d3-69d7-4a4f-8a1a-68161b2fe50a' before making global git config changes
2026-09-30T17:32:39.2656950Z Adding repository directory to the temporary git global config as a safe directory
2026-09-30T17:32:39.2692430Z [command]/usr/local/bin/git config --global --add safe.directory __CI_WORKSPACE__
2026-09-30T17:32:39.2822910Z [command]/usr/local/bin/git config --local --name-only --get-regexp core\.sshCommand
2026-09-30T17:32:39.3041770Z [command]/usr/local/bin/git submodule foreach --recursive sh -c "git config --local --name-only --get-regexp 'core\.sshCommand' && git config --local --unset-all 'core.sshCommand' || :"
2026-09-30T17:32:39.6107740Z [command]/usr/local/bin/git config --local --name-only --get-regexp http\.https\:\/\/github\.com\/\.extraheader
2026-09-30T17:32:39.6182360Z http.https://github.com/.extraheader
2026-09-30T17:32:39.6390730Z [command]/usr/local/bin/git config --local --unset-all http.https://github.com/.extraheader
2026-09-30T17:32:39.6545170Z [command]/usr/local/bin/git submodule foreach --recursive sh -c "git config --local --name-only --get-regexp 'http\.https\:\/\/github\.com\/\.extraheader' && git config --local --unset-all 'http.https://github.com/.extraheader' || :"
2026-09-30T17:32:39.9930720Z [command]/usr/local/bin/git config --local --name-only --get-regexp ^includeIf\.gitdir:
2026-09-30T17:32:40.0360670Z [command]/usr/local/bin/git submodule foreach --recursive git config --local --show-origin --name-only --get-regexp remote.origin.url
2026-09-30T17:32:40.2980700Z Cleaning up orphan processes
2026-09-30T17:32:43.4070320Z Terminate orphan process: pid (2098) (VBCSCompiler)
2026-09-30T17:32:43.4280260Z ##[warning]Node.js 20 is deprecated. The following actions target Node.js 20 but are being forced to run on Node.js 24: actions/checkout@v4, actions/setup-dotnet@v4, actions/upload-artifact@v4. For more information see: https://github.blog/changelog/2025-09-19-deprecation-of-node-20-on-github-actions-runners/
