source,scenario,activity,readers,pairs,metric,baseline_median,candidate_median,mean_paired_percent,exploratory_95_low,exploratory_95_high
hosted-archived/ubuntu-net10.0-checkpoint/readers.jsonl,large,checkpoint,1,5,read_calls_per_second,69.08456512645944,179.09581101194382,157.6915034440853,150.61841539265967,166.14010482616578
hosted-archived/ubuntu-net10.0-checkpoint/readers.jsonl,large,checkpoint,1,5,writer_transactions_per_second,69.08773692669551,67.31722606565741,-2.9149624675300023,-3.7629933623506906,-1.8097306244047353
hosted-archived/ubuntu-net10.0-checkpoint/readers.jsonl,large,checkpoint,1,5,writer_p99_ms,25.087415,27.699502,6.91097999477416,-0.4811682120987948,15.666074229857339
hosted-archived/ubuntu-net10.0-checkpoint/readers.jsonl,large,checkpoint,1,5,total_active_cpu_ms,9346.942,10479.303,11.532293124925538,10.76122322009257,12.196671467910928
hosted-archived/ubuntu-net10.0-checkpoint/readers.jsonl,large,checkpoint,1,5,read_completion_fraction,1.0,1.0,0.0,0.0,0.0
hosted-archived/ubuntu-net10.0-checkpoint/readers.jsonl,large,checkpoint,1,5,median_reader_api_p99_ms,25.468277,23.922389,-4.5778792230997105,-9.080999371269675,0.0939155995895958
hosted-archived/ubuntu-net10.0-checkpoint/readers.jsonl,large,checkpoint,1,5,median_reader_arrival_p99_ms,25.46770000000015,23.921699999999873,-4.579464017155188,-9.082283729547331,0.09220568153911923
hosted-archived/ubuntu-net10.0-checkpoint/readers.jsonl,large,checkpoint,4,5,read_calls_per_second,331.1523333842118,566.6796603903238,71.98452403912414,69.60724244033085,75.23723506578793
hosted-archived/ubuntu-net10.0-checkpoint/readers.jsonl,large,checkpoint,4,5,writer_transactions_per_second,52.82122981282932,49.71613137218169,-5.457639249806103,-6.259520401317184,-4.850656748726827
hosted-archived/ubuntu-net10.0-checkpoint/readers.jsonl,large,checkpoint,4,5,writer_p99_ms,29.2432,33.530556,14.980261556871719,5.591441480105388,23.651197202504786
hosted-archived/ubuntu-net10.0-checkpoint/readers.jsonl,large,checkpoint,4,5,total_active_cpu_ms,15988.641,17876.617,12.646066694030726,11.493903063146679,14.40796484075407
hosted-archived/ubuntu-net10.0-checkpoint/readers.jsonl,large,checkpoint,4,5,read_completion_fraction,1.0,1.0,0.0,0.0,0.0
hosted-archived/ubuntu-net10.0-checkpoint/readers.jsonl,large,checkpoint,4,5,median_reader_api_p99_ms,26.378651499999997,31.5409515,16.62354333788723,10.539014157543374,22.708072518231084
hosted-archived/ubuntu-net10.0-checkpoint/readers.jsonl,large,checkpoint,4,5,median_reader_arrival_p99_ms,26.37754999999993,31.540050000000065,16.6237064143534,10.539115299458071,22.708297529248732
hosted-archived/ubuntu-net10.0-checkpoint/readers.jsonl,medium,checkpoint,1,5,read_calls_per_second,70.47298206813471,512.8856084298275,625.3859694116381,609.0334430522297,637.3539438517926
hosted-archived/ubuntu-net10.0-checkpoint/readers.jsonl,medium,checkpoint,1,5,writer_transactions_per_second,69.97504130226831,68.65127955992192,-1.8868187244147805,-2.6719126804062987,-1.201651261468435
hosted-archived/ubuntu-net10.0-checkpoint/readers.jsonl,medium,checkpoint,1,5,writer_p99_ms,24.981579,26.255377,7.696799966060115,0.04043843514458967,15.559467979593402
hosted-archived/ubuntu-net10.0-checkpoint/readers.jsonl,medium,checkpoint,1,5,total_active_cpu_ms,8088.719,9626.753,19.225892931039454,18.54164756475841,20.00030714628047
hosted-archived/ubuntu-net10.0-checkpoint/readers.jsonl,medium,checkpoint,1,5,read_completion_fraction,1.0,1.0,0.0,0.0,0.0
hosted-archived/ubuntu-net10.0-checkpoint/readers.jsonl,medium,checkpoint,1,5,median_reader_api_p99_ms,23.792962,9.331675,-60.464064940740094,-62.66644148690766,-59.02097432835963
hosted-archived/ubuntu-net10.0-checkpoint/readers.jsonl,medium,checkpoint,1,5,median_reader_arrival_p99_ms,23.792500000000018,9.331500000000233,-60.46433353847894,-62.666804988303944,-59.02136575850924
hosted-archived/ubuntu-net10.0-checkpoint/readers.jsonl,medium,checkpoint,4,5,read_calls_per_second,1451.8312253889414,1865.181091851033,29.101018265200963,26.9396925073783,31.184830730389102
hosted-archived/ubuntu-net10.0-checkpoint/readers.jsonl,medium,checkpoint,4,5,writer_transactions_per_second,53.530338828868445,54.490599281811896,1.9611146900318888,1.3514495312258612,2.631643606396792
hosted-archived/ubuntu-net10.0-checkpoint/readers.jsonl,medium,checkpoint,4,5,writer_p99_ms,28.015498,31.85272,8.58177377667911,1.508371804813673,16.994323829293965
hosted-archived/ubuntu-net10.0-checkpoint/readers.jsonl,medium,checkpoint,4,5,total_active_cpu_ms,14098.524,15226.037,8.63003771650322,7.780933873999575,9.492665270166304
hosted-archived/ubuntu-net10.0-checkpoint/readers.jsonl,medium,checkpoint,4,5,read_completion_fraction,1.0,1.0,0.0,0.0,0.0
hosted-archived/ubuntu-net10.0-checkpoint/readers.jsonl,medium,checkpoint,4,5,median_reader_api_p99_ms,20.453274999999998,21.315906499999997,2.4509386914188647,-0.48777777440389025,5.570140835019157
hosted-archived/ubuntu-net10.0-checkpoint/readers.jsonl,medium,checkpoint,4,5,median_reader_arrival_p99_ms,20.452499999999645,21.31484999999998,2.4512840666223257,-0.48823177472824053,5.57125492703385
hosted-archived/ubuntu-net10.0-checkpoint/readers.jsonl,point,checkpoint,1,5,read_calls_per_second,188.59201980206225,2913.5920097108806,1438.0547731389777,1373.6084432036328,1517.1116315691615
hosted-archived/ubuntu-net10.0-checkpoint/readers.jsonl,point,checkpoint,1,5,writer_transactions_per_second,71.08667267060771,70.05794071529156,-0.8424780298361711,-1.8626856121640945,0.397262141250736
hosted-archived/ubuntu-net10.0-checkpoint/readers.jsonl,point,checkpoint,1,5,writer_p99_ms,26.163168,24.238809,-1.1102772084557475,-6.887591870635307,4.772627545179643
hosted-archived/ubuntu-net10.0-checkpoint/readers.jsonl,point,checkpoint,1,5,total_active_cpu_ms,7727.261,9057.853,15.95263877779602,14.682164469131957,17.22311308646008
hosted-archived/ubuntu-net10.0-checkpoint/readers.jsonl,point,checkpoint,1,5,read_completion_fraction,1.0,1.0,0.0,0.0,0.0
hosted-archived/ubuntu-net10.0-checkpoint/readers.jsonl,point,checkpoint,1,5,median_reader_api_p99_ms,20.56918,5.550758,-72.73169540269181,-73.3404326084116,-72.12295819697201
hosted-archived/ubuntu-net10.0-checkpoint/readers.jsonl,point,checkpoint,1,5,median_reader_arrival_p99_ms,20.56880000000092,5.550699999999779,-72.73154172544893,-73.34056275267184,-72.12252069822603
hosted-archived/ubuntu-net10.0-checkpoint/readers.jsonl,point,checkpoint,4,5,read_calls_per_second,11509.821806702594,8879.843293989776,-22.7320522409317,-25.47442464985587,-19.461885931947315
hosted-archived/ubuntu-net10.0-checkpoint/readers.jsonl,point,checkpoint,4,5,writer_transactions_per_second,56.21102020345874,63.12536183467392,12.475934712113785,11.643425386957729,13.308444037269842
hosted-archived/ubuntu-net10.0-checkpoint/readers.jsonl,point,checkpoint,4,5,writer_p99_ms,26.997914,27.019275,-0.23245607736121182,-9.411168264854703,9.556425811159025
hosted-archived/ubuntu-net10.0-checkpoint/readers.jsonl,point,checkpoint,4,5,total_active_cpu_ms,13836.672999999999,12699.23,-7.741440555290365,-8.846269679482733,-6.21431220944674
hosted-archived/ubuntu-net10.0-checkpoint/readers.jsonl,point,checkpoint,4,5,read_completion_fraction,1.0,1.0,0.0,0.0,0.0
hosted-archived/ubuntu-net10.0-checkpoint/readers.jsonl,point,checkpoint,4,5,median_reader_api_p99_ms,13.334582999999999,6.3672455,-52.33681608618648,-53.54479942939488,-51.12883274297808
hosted-archived/ubuntu-net10.0-checkpoint/readers.jsonl,point,checkpoint,4,5,median_reader_arrival_p99_ms,13.3344000000003,6.3671500000001515,-52.336998446804884,-53.54483108177728,-51.12916581183249
hosted-archived/ubuntu-net10.0-idle/readers.jsonl,large,idle,1,5,read_calls_per_second,2187.4946940054306,2189.5551141201604,-0.7392983426911659,-2.4099459465256112,0.9313492611432794
hosted-archived/ubuntu-net10.0-idle/readers.jsonl,large,idle,1,5,total_active_cpu_ms,10025.076,10022.202,-0.0323639471066528,-0.04360565174443831,-0.02102386487814023
hosted-archived/ubuntu-net10.0-idle/readers.jsonl,large,idle,1,5,read_completion_fraction,1.0,1.0,0.0,0.0,0.0
hosted-archived/ubuntu-net10.0-idle/readers.jsonl,large,idle,1,5,median_reader_api_p99_ms,0.615345,0.622786,-4.676407026228039,-19.155607452873728,4.574103564580798
hosted-archived/ubuntu-net10.0-idle/readers.jsonl,large,idle,1,5,median_reader_arrival_p99_ms,0.6153999999996813,0.622799999999188,-4.694466847790518,-19.173578458733637,4.567069945931754
hosted-archived/ubuntu-net10.0-idle/readers.jsonl,large,idle,4,5,read_calls_per_second,3244.7831409782148,3223.490797238912,-0.962293812579551,-1.8068689444458808,-0.2586150542097321
hosted-archived/ubuntu-net10.0-idle/readers.jsonl,large,idle,4,5,total_active_cpu_ms,39770.5,39770.059,-0.017389866367569784,-0.0678247703482815,0.022908289625367395
hosted-archived/ubuntu-net10.0-idle/readers.jsonl,large,idle,4,5,read_completion_fraction,1.0,1.0,0.0,0.0,0.0
hosted-archived/ubuntu-net10.0-idle/readers.jsonl,large,idle,4,5,median_reader_api_p99_ms,1.5652775,1.5884415,2.034892741701926,-1.4069132623553227,5.308673147487237
hosted-archived/ubuntu-net10.0-idle/readers.jsonl,large,idle,4,5,median_reader_arrival_p99_ms,1.5649500000000671,1.5883000000000038,2.0094171023892105,-1.3566557910091934,5.265493706711619
hosted-archived/ubuntu-net10.0-idle/readers.jsonl,medium,idle,1,5,read_calls_per_second,7952.454909580663,8140.829907454497,2.2918028137005764,-0.041858162597163684,4.625463789998316
hosted-archived/ubuntu-net10.0-idle/readers.jsonl,medium,idle,1,5,total_active_cpu_ms,10023.928,10020.886,-0.029138226663047995,-0.036314127473486835,-0.019853537438649926
hosted-archived/ubuntu-net10.0-idle/readers.jsonl,medium,idle,1,5,read_completion_fraction,1.0,1.0,0.0,0.0,0.0
hosted-archived/ubuntu-net10.0-idle/readers.jsonl,medium,idle,1,5,median_reader_api_p99_ms,0.252211,0.238451,-3.712166759838571,-5.956130869571441,-1.2340939342664403
hosted-archived/ubuntu-net10.0-idle/readers.jsonl,medium,idle,1,5,median_reader_arrival_p99_ms,0.2521000000015192,0.23839999999927386,-3.7132041350637324,-5.949064930298036,-1.2453686679290985
hosted-archived/ubuntu-net10.0-idle/readers.jsonl,medium,idle,4,5,read_calls_per_second,12727.47426633365,12843.941458398387,0.757193304042878,-0.13383094894656278,1.3784794178361404
hosted-archived/ubuntu-net10.0-idle/readers.jsonl,medium,idle,4,5,total_active_cpu_ms,39777.86,39771.468,-0.01701263733777214,-0.050594936573589155,0.014551959317576912
hosted-archived/ubuntu-net10.0-idle/readers.jsonl,medium,idle,4,5,read_completion_fraction,1.0,1.0,0.0,0.0,0.0
hosted-archived/ubuntu-net10.0-idle/readers.jsonl,medium,idle,4,5,median_reader_api_p99_ms,0.5696835,0.5650065,-0.8360352532861026,-1.498274830621391,-0.17379567595081413
hosted-archived/ubuntu-net10.0-idle/readers.jsonl,medium,idle,4,5,median_reader_arrival_p99_ms,0.5694999999998345,0.5648999999998523,-0.8320060432279841,-1.4888169987168998,-0.17519508773906844
hosted-archived/ubuntu-net10.0-idle/readers.jsonl,point,idle,1,5,read_calls_per_second,62626.03737396262,75586.63272789687,20.458243861207535,19.275292957557724,21.762276877636822
hosted-archived/ubuntu-net10.0-idle/readers.jsonl,point,idle,1,5,total_active_cpu_ms,10028.415,10024.056,-0.045321104842741544,-0.052520951182550846,-0.03920667999864902
hosted-archived/ubuntu-net10.0-idle/readers.jsonl,point,idle,1,5,read_completion_fraction,1.0,1.0,0.0,0.0,0.0
hosted-archived/ubuntu-net10.0-idle/readers.jsonl,point,idle,1,5,median_reader_api_p99_ms,0.026039,0.022854,-12.23035022755153,-13.517605093737885,-11.038611909542407
hosted-archived/ubuntu-net10.0-idle/readers.jsonl,point,idle,1,5,median_reader_arrival_p99_ms,0.026000000000067303,0.022800000000643195,-12.224160086066497,-13.57406825327401,-11.016826923674008
hosted-archived/ubuntu-net10.0-idle/readers.jsonl,point,idle,4,5,read_calls_per_second,147093.92345390323,168704.4342372975,14.020743341305257,12.62155157556855,15.495787519455641
hosted-archived/ubuntu-net10.0-idle/readers.jsonl,point,idle,4,5,total_active_cpu_ms,39799.697,39784.156,-0.053834060263289185,-0.12281723723402527,0.030087019929498915
hosted-archived/ubuntu-net10.0-idle/readers.jsonl,point,idle,4,5,read_completion_fraction,1.0,1.0,0.0,0.0,0.0
hosted-archived/ubuntu-net10.0-idle/readers.jsonl,point,idle,4,5,median_reader_api_p99_ms,0.0568385,0.052031499999999994,-7.991442812180051,-10.711687466873467,-5.271198157486635
hosted-archived/ubuntu-net10.0-idle/readers.jsonl,point,idle,4,5,median_reader_arrival_p99_ms,0.0567999999998392,0.05200000000002092,-7.980820773041057,-10.717087312497876,-5.24455423358424
hosted-archived/ubuntu-net10.0-writer/readers.jsonl,large,writer,1,5,read_calls_per_second,73.31633652889678,168.3658772876501,129.87291927197475,125.23945215702233,134.88052353519691
hosted-archived/ubuntu-net10.0-writer/readers.jsonl,large,writer,1,5,writer_transactions_per_second,73.32766445884128,73.45056776789221,0.39194832588810957,-0.48520057858361776,1.1509789054591324
hosted-archived/ubuntu-net10.0-writer/readers.jsonl,large,writer,1,5,writer_p99_ms,19.866259,20.789613,4.759240195884256,2.822216858313822,6.679740139777141
hosted-archived/ubuntu-net10.0-writer/readers.jsonl,large,writer,1,5,total_active_cpu_ms,9907.383,10899.473,10.211660218885985,9.736830457420492,10.89269326360002
hosted-archived/ubuntu-net10.0-writer/readers.jsonl,large,writer,1,5,read_completion_fraction,1.0,1.0,0.0,0.0,0.0
hosted-archived/ubuntu-net10.0-writer/readers.jsonl,large,writer,1,5,median_reader_api_p99_ms,21.646441,23.12127,7.154242814129286,4.052745087183065,9.994928532195742
hosted-archived/ubuntu-net10.0-writer/readers.jsonl,large,writer,1,5,median_reader_arrival_p99_ms,21.645999999999958,23.120900000000006,7.15361949193805,4.0535300795269915,9.99340427180532
hosted-archived/ubuntu-net10.0-writer/readers.jsonl,large,writer,4,5,read_calls_per_second,319.1652064527133,559.321488287736,75.15884716483596,74.12663733057647,76.38357646349381
hosted-archived/ubuntu-net10.0-writer/readers.jsonl,large,writer,4,5,writer_transactions_per_second,57.34086723066837,59.510795697681,3.8995103850256774,3.1805903420798476,4.618430427971507
hosted-archived/ubuntu-net10.0-writer/readers.jsonl,large,writer,4,5,writer_p99_ms,24.476568,26.238579,9.85205807433879,6.56828383847464,14.075849188458056
hosted-archived/ubuntu-net10.0-writer/readers.jsonl,large,writer,4,5,total_active_cpu_ms,15473.572,18256.155,17.73349098386097,16.944474459662157,18.59697248435635
hosted-archived/ubuntu-net10.0-writer/readers.jsonl,large,writer,4,5,read_completion_fraction,1.0,1.0,0.0,0.0,0.0
hosted-archived/ubuntu-net10.0-writer/readers.jsonl,large,writer,4,5,median_reader_api_p99_ms,24.8332215,29.219394,18.648061535201993,16.313384583740522,21.105723544004427
hosted-archived/ubuntu-net10.0-writer/readers.jsonl,large,writer,4,5,median_reader_arrival_p99_ms,24.83195000000015,29.218500000000063,18.63311151429397,16.313421782685488,21.10752287479982
hosted-archived/ubuntu-net10.0-writer/readers.jsonl,medium,writer,1,5,read_calls_per_second,74.19561874871289,513.1718576553262,600.0533094470238,588.7147238361703,611.3918950578774
hosted-archived/ubuntu-net10.0-writer/readers.jsonl,medium,writer,1,5,writer_transactions_per_second,73.69700569065878,74.02500378816214,0.3558495611026524,-0.7570750300653728,1.3364206035030701
hosted-archived/ubuntu-net10.0-writer/readers.jsonl,medium,writer,1,5,writer_p99_ms,19.551227,20.030951,3.921657136077421,1.5250556300947382,7.082473519870471
hosted-archived/ubuntu-net10.0-writer/readers.jsonl,medium,writer,1,5,total_active_cpu_ms,8545.674,9988.027,16.679159270386705,15.915167115977743,17.443151424795666
hosted-archived/ubuntu-net10.0-writer/readers.jsonl,medium,writer,1,5,read_completion_fraction,1.0,1.0,0.0,0.0,0.0
hosted-archived/ubuntu-net10.0-writer/readers.jsonl,medium,writer,1,5,median_reader_api_p99_ms,20.027865,14.541545,-31.626464650064374,-42.01334858879426,-25.314261845209153
hosted-archived/ubuntu-net10.0-writer/readers.jsonl,medium,writer,1,5,median_reader_arrival_p99_ms,20.027200000000448,14.541299999999865,-31.625424616065544,-42.011044614772004,-25.313733518882827
hosted-archived/ubuntu-net10.0-writer/readers.jsonl,medium,writer,4,5,read_calls_per_second,1525.417601650649,2659.695985991568,75.37681027049366,71.87731086957523,79.46355098322707
hosted-archived/ubuntu-net10.0-writer/readers.jsonl,medium,writer,4,5,writer_transactions_per_second,57.21753522735357,55.273745523613734,-3.178846656405099,-3.7826628893562804,-2.5471687002838195
hosted-archived/ubuntu-net10.0-writer/readers.jsonl,medium,writer,4,5,writer_p99_ms,25.150186,26.211681,5.817795171590627,2.814498895349473,10.317875326547247
hosted-archived/ubuntu-net10.0-writer/readers.jsonl,medium,writer,4,5,total_active_cpu_ms,14092.847,18383.373,30.25300050699225,29.19814875470314,31.46248141027105
hosted-archived/ubuntu-net10.0-writer/readers.jsonl,medium,writer,4,5,read_completion_fraction,1.0,1.0,0.0,0.0,0.0
hosted-archived/ubuntu-net10.0-writer/readers.jsonl,medium,writer,4,5,median_reader_api_p99_ms,19.721092,14.9657305,-25.53787042568711,-36.34315996492069,-16.4922745382947
hosted-archived/ubuntu-net10.0-writer/readers.jsonl,medium,writer,4,5,median_reader_arrival_p99_ms,19.720350000000508,14.964800000000196,-25.53752103459617,-36.34284383560514,-16.49166443543572
hosted-archived/ubuntu-net10.0-writer/readers.jsonl,point,writer,1,5,read_calls_per_second,122.6119915646947,2320.6447522836966,1818.551020874559,1650.1761265916502,2018.5537640916814
hosted-archived/ubuntu-net10.0-writer/readers.jsonl,point,writer,1,5,writer_transactions_per_second,75.77577221235055,74.76186397318727,-1.2266021666438864,-1.4873299387279526,-0.9199495855009099
hosted-archived/ubuntu-net10.0-writer/readers.jsonl,point,writer,1,5,writer_p99_ms,19.385725,19.255293,0.37096707522267014,-2.1482104445215056,2.5390611051199974
hosted-archived/ubuntu-net10.0-writer/readers.jsonl,point,writer,1,5,total_active_cpu_ms,7917.915,9115.233,15.260824839433358,14.614817698936935,16.19909600308233
hosted-archived/ubuntu-net10.0-writer/readers.jsonl,point,writer,1,5,read_completion_fraction,1.0,1.0,0.0,0.0,0.0
hosted-archived/ubuntu-net10.0-writer/readers.jsonl,point,writer,1,5,median_reader_api_p99_ms,18.807152,6.120735,-68.07989190282493,-69.84015792583622,-66.96221797561563
hosted-archived/ubuntu-net10.0-writer/readers.jsonl,point,writer,1,5,median_reader_arrival_p99_ms,18.8070000000007,6.1206999999999425,-68.07957105565099,-69.83982080765522,-66.96185044371329
hosted-archived/ubuntu-net10.0-writer/readers.jsonl,point,writer,4,5,read_calls_per_second,13092.136566950438,21303.95290690341,61.55152721139435,58.80774894551648,63.660609978045656
hosted-archived/ubuntu-net10.0-writer/readers.jsonl,point,writer,4,5,writer_transactions_per_second,58.20140681685225,55.987574677551805,-4.134956061249984,-4.961448205259218,-3.3084639172407493
hosted-archived/ubuntu-net10.0-writer/readers.jsonl,point,writer,4,5,writer_p99_ms,24.612269,25.571686,4.124325088241769,1.841855212198076,6.406794964285463
hosted-archived/ubuntu-net10.0-writer/readers.jsonl,point,writer,4,5,total_active_cpu_ms,14116.333,17577.474,24.13140152076111,22.741107847179627,25.100246200733146
hosted-archived/ubuntu-net10.0-writer/readers.jsonl,point,writer,4,5,read_completion_fraction,1.0,1.0,0.0,0.0,0.0
hosted-archived/ubuntu-net10.0-writer/readers.jsonl,point,writer,4,5,median_reader_api_p99_ms,12.6633845,4.9344805,-60.43962778835149,-61.64985827132964,-59.14103469968793
hosted-archived/ubuntu-net10.0-writer/readers.jsonl,point,writer,4,5,median_reader_arrival_p99_ms,12.663849999999684,4.93444999999997,-60.43984455085906,-61.650547485038295,-59.14090449713431
hosted-archived/windows-net10.0-checkpoint/readers.jsonl,large,checkpoint,1,5,read_calls_per_second,51.332976585790995,122.98951145446316,134.6879917485542,121.02708593675689,150.60135522842285
hosted-archived/windows-net10.0-checkpoint/readers.jsonl,large,checkpoint,1,5,writer_transactions_per_second,53.5746136693128,56.132814634164376,0.8303084952525387,-3.4910200779153584,4.952976201053199
hosted-archived/windows-net10.0-checkpoint/readers.jsonl,large,checkpoint,1,5,writer_p99_ms,36.8868,37.2092,-0.4862644718543163,-5.867394718444919,4.894865774736286
hosted-archived/windows-net10.0-checkpoint/readers.jsonl,large,checkpoint,1,5,total_active_cpu_ms,9359.375,9406.25,1.9070663277103495,-1.3344462993878659,5.833374464025187
hosted-archived/windows-net10.0-checkpoint/readers.jsonl,large,checkpoint,1,5,read_completion_fraction,1.0,1.0,0.0,0.0,0.0
hosted-archived/windows-net10.0-checkpoint/readers.jsonl,large,checkpoint,1,5,median_reader_api_p99_ms,42.2002,47.1517,10.507293054256376,4.500416158584106,18.052105529767534
hosted-archived/windows-net10.0-checkpoint/readers.jsonl,large,checkpoint,1,5,median_reader_arrival_p99_ms,42.19959999999992,47.150400000000445,10.507309844736485,4.500870882999086,18.052028065473188
hosted-archived/windows-net10.0-checkpoint/readers.jsonl,large,checkpoint,4,5,read_calls_per_second,548.1903714316975,541.2373885048862,25.577692057645866,-7.094700582906874,60.00129644317987
hosted-archived/windows-net10.0-checkpoint/readers.jsonl,large,checkpoint,4,5,writer_transactions_per_second,28.86309074544744,38.65546233596038,25.301867809356036,10.475248730530442,40.77380334123928
hosted-archived/windows-net10.0-checkpoint/readers.jsonl,large,checkpoint,4,5,writer_p99_ms,77.7862,62.0131,-17.40316241942904,-29.864119821330274,-4.942205017527807
hosted-archived/windows-net10.0-checkpoint/readers.jsonl,large,checkpoint,4,5,total_active_cpu_ms,16656.25,16359.375,0.11008378687158427,-1.4035586368650788,1.6847296025178295
hosted-archived/windows-net10.0-checkpoint/readers.jsonl,large,checkpoint,4,5,read_completion_fraction,1.0,1.0,0.0,0.0,0.0
hosted-archived/windows-net10.0-checkpoint/readers.jsonl,large,checkpoint,4,5,median_reader_api_p99_ms,47.620149999999995,50.62375,7.985233064826831,1.4723648613038343,14.831072413010181
hosted-archived/windows-net10.0-checkpoint/readers.jsonl,large,checkpoint,4,5,median_reader_arrival_p99_ms,47.61940000000027,50.62265000000002,7.985027030550014,1.471820852425636,14.831015385953794
hosted-archived/windows-net10.0-checkpoint/readers.jsonl,medium,checkpoint,1,5,read_calls_per_second,65.37682965429211,285.56483269085413,346.97845555762774,306.27273042648824,394.6130088422134
hosted-archived/windows-net10.0-checkpoint/readers.jsonl,medium,checkpoint,1,5,writer_transactions_per_second,56.806483034893326,58.667203850723695,5.996527331689558,-0.3574509893726763,16.558915128045978
hosted-archived/windows-net10.0-checkpoint/readers.jsonl,medium,checkpoint,1,5,writer_p99_ms,35.5143,34.8008,-10.710293807037825,-40.6278745566828,6.493651047765718
hosted-archived/windows-net10.0-checkpoint/readers.jsonl,medium,checkpoint,1,5,total_active_cpu_ms,8250.0,8843.75,10.881293718863212,3.4706725010746453,19.206556803560257
hosted-archived/windows-net10.0-checkpoint/readers.jsonl,medium,checkpoint,1,5,read_completion_fraction,1.0,1.0,0.0,0.0,0.0
hosted-archived/windows-net10.0-checkpoint/readers.jsonl,medium,checkpoint,1,5,median_reader_api_p99_ms,34.6055,31.2968,-17.44802446713604,-45.24489221184706,-0.7010797185162176
hosted-archived/windows-net10.0-checkpoint/readers.jsonl,medium,checkpoint,1,5,median_reader_arrival_p99_ms,34.60480000000007,31.29580000000078,-17.44840649572572,-45.24534745935044,-0.7012615573678205
hosted-archived/windows-net10.0-checkpoint/readers.jsonl,medium,checkpoint,4,5,read_calls_per_second,1748.696745137022,1666.0716467275893,19.32986157954766,-7.81046524590969,47.14106668794561
hosted-archived/windows-net10.0-checkpoint/readers.jsonl,medium,checkpoint,4,5,writer_transactions_per_second,38.07719252322244,40.79724251437845,2.8976447947935684,-6.805403896909596,12.600693486496734
hosted-archived/windows-net10.0-checkpoint/readers.jsonl,medium,checkpoint,4,5,writer_p99_ms,52.3662,61.7213,19.179424874646067,6.300401818567858,31.759998492961017
hosted-archived/windows-net10.0-checkpoint/readers.jsonl,medium,checkpoint,4,5,total_active_cpu_ms,15703.125,14265.625,-5.162854754083471,-11.611024659967153,1.2853151518002126
hosted-archived/windows-net10.0-checkpoint/readers.jsonl,medium,checkpoint,4,5,read_completion_fraction,1.0,1.0,0.0,0.0,0.0
hosted-archived/windows-net10.0-checkpoint/readers.jsonl,medium,checkpoint,4,5,median_reader_api_p99_ms,28.24555,32.391400000000004,10.230362946022302,2.053234805904341,18.15885425281817
hosted-archived/windows-net10.0-checkpoint/readers.jsonl,medium,checkpoint,4,5,median_reader_arrival_p99_ms,28.244800000000396,32.39069999999947,10.230199990202781,2.0516978587630463,18.159591600209623
hosted-archived/windows-net10.0-checkpoint/readers.jsonl,point,checkpoint,1,5,read_calls_per_second,130.44131836410753,1066.6746346859084,721.4493357151441,717.3036178674762,725.6511221324006
hosted-archived/windows-net10.0-checkpoint/readers.jsonl,point,checkpoint,1,5,writer_transactions_per_second,61.57124807428675,61.938781566463156,1.6964199332514696,-0.3410576053380243,3.6914420451886527
hosted-archived/windows-net10.0-checkpoint/readers.jsonl,point,checkpoint,1,5,writer_p99_ms,34.9037,35.3893,1.8053580759191812,-0.4750122550125191,4.0857284068508815
hosted-archived/windows-net10.0-checkpoint/readers.jsonl,point,checkpoint,1,5,total_active_cpu_ms,7937.5,8343.75,5.687376438792984,4.234130103102318,7.055935989004238
hosted-archived/windows-net10.0-checkpoint/readers.jsonl,point,checkpoint,1,5,read_completion_fraction,1.0,1.0,0.0,0.0,0.0
hosted-archived/windows-net10.0-checkpoint/readers.jsonl,point,checkpoint,1,5,median_reader_api_p99_ms,31.4313,24.2647,-23.23492554335249,-25.492541425310286,-20.756246455132185
hosted-archived/windows-net10.0-checkpoint/readers.jsonl,point,checkpoint,1,5,median_reader_arrival_p99_ms,31.430699999999888,24.263600000000224,-23.23657406956047,-25.49279692898766,-20.758463084049758
hosted-archived/windows-net10.0-checkpoint/readers.jsonl,point,checkpoint,4,5,read_calls_per_second,5304.253675272569,5206.261782184466,-0.9959895439251442,-11.468962987282074,8.215500299415819
hosted-archived/windows-net10.0-checkpoint/readers.jsonl,point,checkpoint,4,5,writer_transactions_per_second,46.082355066245135,51.152022472042574,9.663483551970687,5.261169688315945,15.06842165313103
hosted-archived/windows-net10.0-checkpoint/readers.jsonl,point,checkpoint,4,5,writer_p99_ms,40.3927,37.448,-7.348239815622695,-23.89070824286737,5.819698803668005
hosted-archived/windows-net10.0-checkpoint/readers.jsonl,point,checkpoint,4,5,total_active_cpu_ms,12906.25,10968.75,-12.571065075689212,-17.243745302416677,-9.194372883099657
hosted-archived/windows-net10.0-checkpoint/readers.jsonl,point,checkpoint,4,5,read_completion_fraction,1.0,1.0,0.0,0.0,0.0
hosted-archived/windows-net10.0-checkpoint/readers.jsonl,point,checkpoint,4,5,median_reader_api_p99_ms,18.1478,25.17655,36.331893183457225,32.38007575493408,39.560124488680046
hosted-archived/windows-net10.0-checkpoint/readers.jsonl,point,checkpoint,4,5,median_reader_arrival_p99_ms,18.14749999999998,25.176249999999868,36.33224444324145,32.379657497700954,39.560650036568866
hosted-archived/windows-net10.0-idle/readers.jsonl,large,idle,1,5,read_calls_per_second,1753.6140203045845,1743.5306597856604,1.5546166741175038,-2.41657034741781,5.85826650281283
hosted-archived/windows-net10.0-idle/readers.jsonl,large,idle,1,5,total_active_cpu_ms,9921.875,9906.25,0.0002979130398594876,-0.37745737930384937,0.41019399388956046
hosted-archived/windows-net10.0-idle/readers.jsonl,large,idle,1,5,read_completion_fraction,1.0,1.0,0.0,0.0,0.0
hosted-archived/windows-net10.0-idle/readers.jsonl,large,idle,1,5,median_reader_api_p99_ms,0.9413,0.8954,-0.523235770717772,-12.60465841747295,16.0519640880422
hosted-archived/windows-net10.0-idle/readers.jsonl,large,idle,1,5,median_reader_arrival_p99_ms,0.9407000000010157,0.8952999999999065,-0.5681798745785829,-12.714097497857676,16.020637879760606
hosted-archived/windows-net10.0-idle/readers.jsonl,large,idle,4,5,read_calls_per_second,3072.843755050775,3199.3329280475673,1.6536633375659004,0.3806661685552326,2.985266328483389
hosted-archived/windows-net10.0-idle/readers.jsonl,large,idle,4,5,total_active_cpu_ms,38015.625,38421.875,-0.47585943355192617,-1.9155209574808363,0.7224184922786892
hosted-archived/windows-net10.0-idle/readers.jsonl,large,idle,4,5,read_completion_fraction,1.0,1.0,0.0,0.0,0.0
hosted-archived/windows-net10.0-idle/readers.jsonl,large,idle,4,5,median_reader_api_p99_ms,2.4407,1.7194500000000001,-5.407918114611234,-17.56740774988075,4.189727879619294
hosted-archived/windows-net10.0-idle/readers.jsonl,large,idle,4,5,median_reader_arrival_p99_ms,2.4402500000000487,1.7147999999998547,-5.418441309783055,-17.70326801726662,4.2434621186539845
hosted-archived/windows-net10.0-idle/readers.jsonl,medium,idle,1,5,read_calls_per_second,5805.283255753727,6032.675386684422,4.047468498816444,1.6272314850732883,7.290040215917072
hosted-archived/windows-net10.0-idle/readers.jsonl,medium,idle,1,5,total_active_cpu_ms,9921.875,9953.125,0.004240096076628674,-0.6862357948312958,0.6639014259123055
hosted-archived/windows-net10.0-idle/readers.jsonl,medium,idle,1,5,read_completion_fraction,1.0,1.0,0.0,0.0,0.0
hosted-archived/windows-net10.0-idle/readers.jsonl,medium,idle,1,5,median_reader_api_p99_ms,0.3357,0.3298,-0.5308227804333511,-3.6150782233186662,2.5534326624519643
hosted-archived/windows-net10.0-idle/readers.jsonl,medium,idle,1,5,median_reader_arrival_p99_ms,0.33560000000011314,0.32960000000002765,-0.5348099151394892,-3.6275615030294817,2.5579416727505033
hosted-archived/windows-net10.0-idle/readers.jsonl,medium,idle,4,5,read_calls_per_second,10637.645959403235,11133.293548533657,1.0460845445006763,-5.160832636250933,6.015974891876841
hosted-archived/windows-net10.0-idle/readers.jsonl,medium,idle,4,5,total_active_cpu_ms,38406.25,38046.875,-4.1375039280901005,-11.006523078106962,0.8901735748785322
hosted-archived/windows-net10.0-idle/readers.jsonl,medium,idle,4,5,read_completion_fraction,1.0,1.0,0.0,0.0,0.0
hosted-archived/windows-net10.0-idle/readers.jsonl,medium,idle,4,5,median_reader_api_p99_ms,0.66415,0.6496999999999999,21.644288324126503,-3.1486818017132667,67.9467022528477
hosted-archived/windows-net10.0-idle/readers.jsonl,medium,idle,4,5,median_reader_arrival_p99_ms,0.6636500000000751,0.6494500000000443,21.649951434869745,-3.1344687661267367,68.00424437886284
hosted-archived/windows-net10.0-idle/readers.jsonl,point,idle,1,5,read_calls_per_second,27540.980996723112,36717.998898460035,32.512682577259014,31.400421783185596,33.665993198723726
hosted-archived/windows-net10.0-idle/readers.jsonl,point,idle,1,5,total_active_cpu_ms,9968.75,9968.75,-0.030363856453885507,-0.2814468417294713,0.2207191288217003
hosted-archived/windows-net10.0-idle/readers.jsonl,point,idle,1,5,read_completion_fraction,1.0,1.0,0.0,0.0,0.0
hosted-archived/windows-net10.0-idle/readers.jsonl,point,idle,1,5,median_reader_api_p99_ms,0.0847,0.0706,-17.48970740468304,-18.726000279130254,-16.253414530235823
hosted-archived/windows-net10.0-idle/readers.jsonl,point,idle,1,5,median_reader_arrival_p99_ms,0.08460000000013679,0.0706000000000131,-17.475037023741145,-18.649545265673527,-16.300528781808758
hosted-archived/windows-net10.0-idle/readers.jsonl,point,idle,4,5,read_calls_per_second,49587.37889917207,64264.57117257858,30.157351965283752,25.13447654772162,35.465228460743205
hosted-archived/windows-net10.0-idle/readers.jsonl,point,idle,4,5,total_active_cpu_ms,36828.125,37218.75,0.6846758279342424,-2.079116532986318,3.598277860572941
hosted-archived/windows-net10.0-idle/readers.jsonl,point,idle,4,5,read_completion_fraction,1.0,1.0,0.0,0.0,0.0
hosted-archived/windows-net10.0-idle/readers.jsonl,point,idle,4,5,median_reader_api_p99_ms,0.26385000000000003,0.21305,-21.87495124979842,-29.431066096944853,-14.487887645948438
hosted-archived/windows-net10.0-idle/readers.jsonl,point,idle,4,5,median_reader_arrival_p99_ms,0.263749999999618,0.2126499999999396,-21.90127671014056,-29.507200233351995,-14.444663210944821
hosted-archived/windows-net10.0-writer/readers.jsonl,large,writer,1,5,read_calls_per_second,58.55089921591753,153.99252828252776,165.17023382956702,155.11729690414978,176.56293631525614
hosted-archived/windows-net10.0-writer/readers.jsonl,large,writer,1,5,writer_transactions_per_second,62.81330068546288,61.20761200628547,-1.2805652841859927,-2.8648413527310512,0.2446660545831647
hosted-archived/windows-net10.0-writer/readers.jsonl,large,writer,1,5,writer_p99_ms,34.9187,35.5352,0.3180516171429226,-3.012761668405304,2.9898621233411515
hosted-archived/windows-net10.0-writer/readers.jsonl,large,writer,1,5,total_active_cpu_ms,9046.875,9562.5,6.43329947733609,4.5193136274831325,8.595999329948421
hosted-archived/windows-net10.0-writer/readers.jsonl,large,writer,1,5,read_completion_fraction,1.0,1.0,0.0,0.0,0.0
hosted-archived/windows-net10.0-writer/readers.jsonl,large,writer,1,5,median_reader_api_p99_ms,36.8934,40.8668,8.899050581187966,-1.1752450214215315,16.724593133728245
hosted-archived/windows-net10.0-writer/readers.jsonl,large,writer,1,5,median_reader_arrival_p99_ms,36.89230000000043,40.8658000000014,8.899217957144625,-1.174798869604406,16.725035590720413
hosted-archived/windows-net10.0-writer/readers.jsonl,large,writer,4,5,read_calls_per_second,352.7951475453998,463.4099120534845,34.06740967590227,29.1431790074743,40.01691304916538
hosted-archived/windows-net10.0-writer/readers.jsonl,large,writer,4,5,writer_transactions_per_second,45.66518942610048,47.6712061147946,4.894332265111743,3.9105888146453305,5.922133979707689
hosted-archived/windows-net10.0-writer/readers.jsonl,large,writer,4,5,writer_p99_ms,46.87,48.2822,3.7093144251893584,-2.6034373901975316,9.231011084533417
hosted-archived/windows-net10.0-writer/readers.jsonl,large,writer,4,5,total_active_cpu_ms,14656.25,15156.25,3.783845591991919,1.578467541983688,5.855076916771664
hosted-archived/windows-net10.0-writer/readers.jsonl,large,writer,4,5,read_completion_fraction,1.0,1.0,0.0,0.0,0.0
hosted-archived/windows-net10.0-writer/readers.jsonl,large,writer,4,5,median_reader_api_p99_ms,43.557900000000004,53.8647,20.602208295395833,13.698094645127522,26.257667228133005
hosted-archived/windows-net10.0-writer/readers.jsonl,large,writer,4,5,median_reader_arrival_p99_ms,43.55635000000001,53.86314999999922,20.6023568396617,13.698429562308082,26.258281061124695
hosted-archived/windows-net10.0-writer/readers.jsonl,medium,writer,1,5,read_calls_per_second,58.6592875214957,336.2680642744855,361.4728339988061,172.58218842514168,481.10825576954414
hosted-archived/windows-net10.0-writer/readers.jsonl,medium,writer,1,5,writer_transactions_per_second,58.277069138835245,55.472448499003995,18.436640270438936,-9.051123239216741,63.372490701718924
hosted-archived/windows-net10.0-writer/readers.jsonl,medium,writer,1,5,writer_p99_ms,35.0353,37.5823,-11.189692205936101,-44.83264866836733,8.18623197519781
hosted-archived/windows-net10.0-writer/readers.jsonl,medium,writer,1,5,total_active_cpu_ms,8171.875,8390.625,-2.005069506654966,-13.989133521801818,4.916375301633131
hosted-archived/windows-net10.0-writer/readers.jsonl,medium,writer,1,5,read_completion_fraction,1.0,1.0,0.0,0.0,0.0
hosted-archived/windows-net10.0-writer/readers.jsonl,medium,writer,1,5,median_reader_api_p99_ms,35.5446,32.9783,-7.150935004837248,-11.113165388032764,-3.1887046216417336
hosted-archived/windows-net10.0-writer/readers.jsonl,medium,writer,1,5,median_reader_arrival_p99_ms,35.54409999999916,32.97740000000067,-7.150693077829586,-11.112041809474775,-3.1893443461843973
hosted-archived/windows-net10.0-writer/readers.jsonl,medium,writer,4,5,read_calls_per_second,2689.2704495395246,3170.6610098831693,8.986456908106042,-11.490165962266856,22.388657990493776
hosted-archived/windows-net10.0-writer/readers.jsonl,medium,writer,4,5,writer_transactions_per_second,32.38461601200965,29.189158562726632,-1.1251995226211409,-9.7901899927509,15.00552875181938
hosted-archived/windows-net10.0-writer/readers.jsonl,medium,writer,4,5,writer_p99_ms,73.0225,110.4635,57.34817959512587,23.27129256253659,92.64152355938151
hosted-archived/windows-net10.0-writer/readers.jsonl,medium,writer,4,5,total_active_cpu_ms,16765.625,19187.5,12.5540883301099,9.18368190778645,16.196320965203817
hosted-archived/windows-net10.0-writer/readers.jsonl,medium,writer,4,5,read_completion_fraction,1.0,1.0,0.0,0.0,0.0
hosted-archived/windows-net10.0-writer/readers.jsonl,medium,writer,4,5,median_reader_api_p99_ms,26.432000000000002,27.889400000000002,8.540734988887507,0.7489546828093196,19.281996297828908
hosted-archived/windows-net10.0-writer/readers.jsonl,medium,writer,4,5,median_reader_arrival_p99_ms,26.43145000000004,27.888300000000527,8.540195943786408,0.7480276127927099,19.28149694463967
hosted-archived/windows-net10.0-writer/readers.jsonl,point,writer,1,5,read_calls_per_second,109.57652697787078,870.6362740131362,691.4967020772658,625.4203588550281,749.1196443924515
hosted-archived/windows-net10.0-writer/readers.jsonl,point,writer,1,5,writer_transactions_per_second,60.586469223828246,59.69279651288658,-1.9593386198941531,-3.3148833693708553,-0.5054190454798291
hosted-archived/windows-net10.0-writer/readers.jsonl,point,writer,1,5,writer_p99_ms,34.816,35.4336,-2.133437026240588,-12.078019832414888,4.291916698564333
hosted-archived/windows-net10.0-writer/readers.jsonl,point,writer,1,5,total_active_cpu_ms,7781.25,7812.5,2.0793888860794363,-0.25102636663263844,4.6102815466319225
hosted-archived/windows-net10.0-writer/readers.jsonl,point,writer,1,5,read_completion_fraction,1.0,1.0,0.0,0.0,0.0
hosted-archived/windows-net10.0-writer/readers.jsonl,point,writer,1,5,median_reader_api_p99_ms,34.019,26.0931,-21.697806924571694,-24.722213990421984,-18.673399858721403
hosted-archived/windows-net10.0-writer/readers.jsonl,point,writer,1,5,median_reader_arrival_p99_ms,34.01839999999993,26.092499999998836,-21.698121681839552,-24.722300008639117,-18.673943355039988
hosted-archived/windows-net10.0-writer/readers.jsonl,point,writer,4,5,read_calls_per_second,5156.334779752693,4950.945011019932,15.146796460882905,-1.481085075835153,29.127362751358817
hosted-archived/windows-net10.0-writer/readers.jsonl,point,writer,4,5,writer_transactions_per_second,46.40644414454017,47.38765172571332,1.7489841905892756,-4.184806417637221,8.250726320096643
hosted-archived/windows-net10.0-writer/readers.jsonl,point,writer,4,5,writer_p99_ms,47.4404,44.8492,1.825943462127462,-15.15146045784779,18.803347382102714
hosted-archived/windows-net10.0-writer/readers.jsonl,point,writer,4,5,total_active_cpu_ms,11531.25,10765.625,-3.9896956336735623,-8.738586616635398,0.7510399205314489
hosted-archived/windows-net10.0-writer/readers.jsonl,point,writer,4,5,read_completion_fraction,1.0,1.0,0.0,0.0,0.0
hosted-archived/windows-net10.0-writer/readers.jsonl,point,writer,4,5,median_reader_api_p99_ms,20.6984,25.34765,17.686938562796705,11.680442126587254,24.78318819877153
hosted-archived/windows-net10.0-writer/readers.jsonl,point,writer,4,5,median_reader_arrival_p99_ms,20.698049999999967,25.347400000000334,17.687062381271925,11.6807790231158,24.78318527678827
hosted-churn/ubuntu-net10.0-churn/readers.jsonl,large,churn,1,5,read_calls_per_second,556.4810740786706,159.95850265062322,-71.0538539034273,-71.65974565904253,-70.39716675668902
hosted-churn/ubuntu-net10.0-churn/readers.jsonl,large,churn,1,5,writer_transactions_per_second,44.8837852837284,63.39646501311087,41.02048730673389,39.14413600954656,42.89683860392123
hosted-churn/ubuntu-net10.0-churn/readers.jsonl,large,churn,1,5,writer_p99_ms,37.379465,23.012035,-38.14436061624321,-39.173922906513255,-36.343579259155156
hosted-churn/ubuntu-net10.0-churn/readers.jsonl,large,churn,1,5,total_active_cpu_ms,15002.932,12950.438,-13.742506230785507,-14.121944361620148,-13.423077166069726
hosted-churn/ubuntu-net10.0-churn/readers.jsonl,large,churn,1,5,read_completion_fraction,1.0,1.0,0.0,0.0,0.0
hosted-churn/ubuntu-net10.0-churn/readers.jsonl,large,churn,1,5,median_reader_api_p99_ms,10.839277,25.844596,138.45892085706546,135.32411764088474,140.5320137626322
hosted-churn/ubuntu-net10.0-churn/readers.jsonl,large,churn,1,5,median_reader_arrival_p99_ms,10.838700000000244,25.843399999999747,138.46165690349483,135.32040726110952,140.53777771594272
hosted-churn/ubuntu-net10.0-churn/readers.jsonl,large,churn,4,5,read_calls_per_second,388.71274788310393,635.7445262539759,66.0663903830624,55.536036607376026,77.29731150096346
hosted-churn/ubuntu-net10.0-churn/readers.jsonl,large,churn,4,5,writer_transactions_per_second,3.7995613786344506,33.95141179506596,767.73268233554,291.35483218540924,1262.6362947671967
hosted-churn/ubuntu-net10.0-churn/readers.jsonl,large,churn,4,5,writer_p99_ms,2063.549944,68.678053,-96.60691228522394,-97.23610234066656,-95.89687008677011
hosted-churn/ubuntu-net10.0-churn/readers.jsonl,large,churn,4,5,total_active_cpu_ms,21195.663,21774.055,1.5788016112931413,-2.8386416294857213,5.7689100418276995
hosted-churn/ubuntu-net10.0-churn/readers.jsonl,large,churn,4,5,read_completion_fraction,1.0,1.0,0.0,0.0,0.0
hosted-churn/ubuntu-net10.0-churn/readers.jsonl,large,churn,4,5,median_reader_api_p99_ms,22.3535645,29.333283,24.79962781521087,16.4123327831005,33.891582433466134
hosted-churn/ubuntu-net10.0-churn/readers.jsonl,large,churn,4,5,median_reader_arrival_p99_ms,22.35275000000047,29.33205000000008,24.801654675340817,16.414645068378285,33.89464310034209
hosted-churn/ubuntu-net10.0-churn/readers.jsonl,medium,churn,1,5,read_calls_per_second,2362.565476957478,530.6462346405882,-77.05519273075512,-78.02241684118606,-75.99665663945386
hosted-churn/ubuntu-net10.0-churn/readers.jsonl,medium,churn,1,5,writer_transactions_per_second,50.9829895255448,64.34130850179774,25.85090049850618,23.81046505173179,27.51817442523399
hosted-churn/ubuntu-net10.0-churn/readers.jsonl,medium,churn,1,5,writer_p99_ms,29.909322,22.541882,-25.584038792395567,-28.365206318203263,-23.644840265058654
hosted-churn/ubuntu-net10.0-churn/readers.jsonl,medium,churn,1,5,total_active_cpu_ms,15714.434000000001,12017.236,-23.33489580726971,-23.988181227103357,-22.681610387436066
hosted-churn/ubuntu-net10.0-churn/readers.jsonl,medium,churn,1,5,read_completion_fraction,1.0,1.0,0.0,0.0,0.0
hosted-churn/ubuntu-net10.0-churn/readers.jsonl,medium,churn,1,5,median_reader_api_p99_ms,6.588446,8.970675,35.15463743044621,25.960581502711698,43.07250333785077
hosted-churn/ubuntu-net10.0-churn/readers.jsonl,medium,churn,1,5,median_reader_arrival_p99_ms,6.588400000000547,8.970499999999447,35.15007445900285,25.95560938730913,43.06968002745227
hosted-churn/ubuntu-net10.0-churn/readers.jsonl,medium,churn,4,5,read_calls_per_second,1118.2414840094657,3511.955972665715,199.88829292981404,118.23211173615675,276.2690645124743
hosted-churn/ubuntu-net10.0-churn/readers.jsonl,medium,churn,4,5,writer_transactions_per_second,6.297283226070608,33.15985535271579,360.98793930561857,273.8685240910926,431.61736435734736
hosted-churn/ubuntu-net10.0-churn/readers.jsonl,medium,churn,4,5,writer_p99_ms,2062.659722,126.952807,-75.41511101276798,-94.4802373861186,-38.47235346655841
hosted-churn/ubuntu-net10.0-churn/readers.jsonl,medium,churn,4,5,total_active_cpu_ms,16188.891,23799.879,40.40479499895806,25.604365561305436,53.22795402504373
hosted-churn/ubuntu-net10.0-churn/readers.jsonl,medium,churn,4,5,read_completion_fraction,1.0,1.0,0.0,0.0,0.0
hosted-churn/ubuntu-net10.0-churn/readers.jsonl,medium,churn,4,5,median_reader_api_p99_ms,15.1028815,10.0068855,-23.174890680631925,-35.734988084389215,-8.071793352073058
hosted-churn/ubuntu-net10.0-churn/readers.jsonl,medium,churn,4,5,median_reader_arrival_p99_ms,15.102200000000266,10.006000000000313,-23.176324020470506,-35.73746502311068,-8.072645635760187
hosted-churn/ubuntu-net10.0-churn/readers.jsonl,point,churn,1,5,read_calls_per_second,22217.04162676226,3629.0448781450664,-83.53389125223924,-84.09272218189486,-82.99463756657512
hosted-churn/ubuntu-net10.0-churn/readers.jsonl,point,churn,1,5,writer_transactions_per_second,59.79896607587655,67.23360479825358,12.197857502959954,10.850614190138078,13.204808280155618
hosted-churn/ubuntu-net10.0-churn/readers.jsonl,point,churn,1,5,writer_p99_ms,28.641654,21.65303,-23.893935893111422,-26.486467196239857,-21.052029549761745
hosted-churn/ubuntu-net10.0-churn/readers.jsonl,point,churn,1,5,total_active_cpu_ms,16789.645,11482.636,-31.679577333116097,-31.96859031952345,-31.348379722706465
hosted-churn/ubuntu-net10.0-churn/readers.jsonl,point,churn,1,5,read_completion_fraction,1.0,1.0,0.0,0.0,0.0
hosted-churn/ubuntu-net10.0-churn/readers.jsonl,point,churn,1,5,median_reader_api_p99_ms,0.094227,5.37094,5611.533153406716,5523.671950366269,5701.602838601215
hosted-churn/ubuntu-net10.0-churn/readers.jsonl,point,churn,1,5,median_reader_arrival_p99_ms,0.0941000000002532,5.370899999999892,5616.168561404093,5525.330993207553,5707.006129600633
hosted-churn/ubuntu-net10.0-churn/readers.jsonl,point,churn,4,5,read_calls_per_second,21301.13798941172,17541.495824842612,-23.8951273059028,-42.017823322781375,-6.075675982200854
hosted-churn/ubuntu-net10.0-churn/readers.jsonl,point,churn,4,5,writer_transactions_per_second,14.380630872084698,53.96951100414843,286.2970579631595,178.11466640935066,402.91623549970143
hosted-churn/ubuntu-net10.0-churn/readers.jsonl,point,churn,4,5,writer_p99_ms,2040.025681,28.117092,-82.93852567172095,-98.65227841612175,-66.8064785037445
hosted-churn/ubuntu-net10.0-churn/readers.jsonl,point,churn,4,5,total_active_cpu_ms,19300.87,18355.607,-9.021329580937042,-20.236300649423846,1.6492232992801203
hosted-churn/ubuntu-net10.0-churn/readers.jsonl,point,churn,4,5,read_completion_fraction,1.0,1.0,0.0,0.0,0.0
hosted-churn/ubuntu-net10.0-churn/readers.jsonl,point,churn,4,5,median_reader_api_p99_ms,4.8314705,5.4642775,76.76072277096128,8.242872978400063,205.7557557784283
hosted-churn/ubuntu-net10.0-churn/readers.jsonl,point,churn,4,5,median_reader_arrival_p99_ms,4.831299999999715,5.464199999999778,76.67532464523137,8.247184702614756,205.49321727738715
hosted-churn/ubuntu-net8.0-churn/readers.jsonl,large,churn,1,5,read_calls_per_second,659.5553810784701,165.11187977977292,-76.06309087588063,-77.01386273744461,-75.13042472711649
hosted-churn/ubuntu-net8.0-churn/readers.jsonl,large,churn,1,5,writer_transactions_per_second,48.99431567949486,58.95553514583766,24.599295177821936,9.961700988345301,41.6405989581052
hosted-churn/ubuntu-net8.0-churn/readers.jsonl,large,churn,1,5,writer_p99_ms,57.64498,50.716577,-8.161711980881012,-55.823895139201966,46.74669487487643
hosted-churn/ubuntu-net8.0-churn/readers.jsonl,large,churn,1,5,total_active_cpu_ms,13230,9780,-24.750447730941282,-30.95722141124897,-17.432000971478686
hosted-churn/ubuntu-net8.0-churn/readers.jsonl,large,churn,1,5,read_completion_fraction,1.0,1.0,0.0,0.0,0.0
hosted-churn/ubuntu-net8.0-churn/readers.jsonl,large,churn,1,5,median_reader_api_p99_ms,10.542713,25.896164,192.08413202772437,102.50870816837786,338.65293545073735
hosted-churn/ubuntu-net8.0-churn/readers.jsonl,large,churn,1,5,median_reader_arrival_p99_ms,10.542399999998452,25.89599999999973,192.08749034885676,102.5104853787337,338.6593242540563
hosted-churn/ubuntu-net8.0-churn/readers.jsonl,large,churn,4,5,read_calls_per_second,336.9499664271103,825.9834998942015,144.78148052617934,134.15158679928282,153.10037196694918
hosted-churn/ubuntu-net8.0-churn/readers.jsonl,large,churn,4,5,writer_transactions_per_second,11.19952984373716,39.260507070727414,624.7521924681383,222.65744020578094,1393.3769503841531
hosted-churn/ubuntu-net8.0-churn/readers.jsonl,large,churn,4,5,writer_p99_ms,2054.059998,100.750218,-95.0486402715596,-95.64528540610924,-94.43895843329646
hosted-churn/ubuntu-net8.0-churn/readers.jsonl,large,churn,4,5,total_active_cpu_ms,18640.0001,20480.0001,10.11806487244366,7.310741784742961,12.275255745044749
hosted-churn/ubuntu-net8.0-churn/readers.jsonl,large,churn,4,5,read_completion_fraction,1.0,1.0,0.0,0.0,0.0
hosted-churn/ubuntu-net8.0-churn/readers.jsonl,large,churn,4,5,median_reader_api_p99_ms,24.505955999999998,28.076837,16.711477782891485,14.317565887458002,18.87973790834168
hosted-churn/ubuntu-net8.0-churn/readers.jsonl,large,churn,4,5,median_reader_arrival_p99_ms,24.504899999999907,28.075800000000072,16.710862062615856,14.318175752355817,18.87831707311391
hosted-churn/ubuntu-net8.0-churn/readers.jsonl,medium,churn,1,5,read_calls_per_second,2608.1776218360046,543.4862008853595,-78.87821229557352,-79.8930876323695,-77.72719203344884
hosted-churn/ubuntu-net8.0-churn/readers.jsonl,medium,churn,1,5,writer_transactions_per_second,55.65251526928487,58.89586904374527,4.15286691908515,-4.363355038619847,13.709096494958157
hosted-churn/ubuntu-net8.0-churn/readers.jsonl,medium,churn,1,5,writer_p99_ms,34.400525,44.88625,81.1183144783679,-12.534629070172212,187.747757370223
hosted-churn/ubuntu-net8.0-churn/readers.jsonl,medium,churn,1,5,total_active_cpu_ms,13280,8900.000100000001,-33.78040945024813,-38.258556400535824,-29.12174666865758
hosted-churn/ubuntu-net8.0-churn/readers.jsonl,medium,churn,1,5,read_completion_fraction,1.0,1.0,0.0,0.0,0.0
hosted-churn/ubuntu-net8.0-churn/readers.jsonl,medium,churn,1,5,median_reader_api_p99_ms,7.80548,12.300442,58.15911402941772,51.58099278130577,67.10105993302815
hosted-churn/ubuntu-net8.0-churn/readers.jsonl,medium,churn,1,5,median_reader_arrival_p99_ms,7.805100000000493,12.29989999999998,58.161012826902486,51.58189895202163,67.10268777296474
hosted-churn/ubuntu-net8.0-churn/readers.jsonl,medium,churn,4,5,read_calls_per_second,1512.249278185151,3924.4854365460133,131.68223912169628,84.54723997255695,171.20385903613914
hosted-churn/ubuntu-net8.0-churn/readers.jsonl,medium,churn,4,5,writer_transactions_per_second,8.99881575584653,36.45985186951537,457.2193090000752,216.37305977676064,795.8710021379267
hosted-churn/ubuntu-net8.0-churn/readers.jsonl,medium,churn,4,5,writer_p99_ms,2050.316164,147.16952,-92.69641041315333,-93.31983722205825,-91.92201795120855
hosted-churn/ubuntu-net8.0-churn/readers.jsonl,medium,churn,4,5,total_active_cpu_ms,15959.999899999999,22280,29.10099068352256,18.32470485792442,38.476186382504174
hosted-churn/ubuntu-net8.0-churn/readers.jsonl,medium,churn,4,5,read_completion_fraction,1.0,1.0,0.0,0.0,0.0
hosted-churn/ubuntu-net8.0-churn/readers.jsonl,medium,churn,4,5,median_reader_api_p99_ms,16.51132,11.501055999999998,-29.635008211471344,-31.21554513628622,-28.406701002683878
hosted-churn/ubuntu-net8.0-churn/readers.jsonl,medium,churn,4,5,median_reader_arrival_p99_ms,16.51079999999999,11.500849999999673,-29.634750416082987,-31.21528770101557,-28.40672853671012
hosted-churn/ubuntu-net8.0-churn/readers.jsonl,point,churn,1,5,read_calls_per_second,24062.761304971016,3925.1938766975522,-84.10908171659118,-85.05575412699748,-82.95985894848812
hosted-churn/ubuntu-net8.0-churn/readers.jsonl,point,churn,1,5,writer_transactions_per_second,58.36383949700707,61.185644031305486,3.923977269730201,-1.4241514051970203,8.350217590356163
hosted-churn/ubuntu-net8.0-churn/readers.jsonl,point,churn,1,5,writer_p99_ms,26.416839,39.780063,57.743612630854756,-9.236162510796795,163.63299463320072
hosted-churn/ubuntu-net8.0-churn/readers.jsonl,point,churn,1,5,total_active_cpu_ms,13080,8340,-37.008912151205834,-39.01566262511358,-35.356656975990234
hosted-churn/ubuntu-net8.0-churn/readers.jsonl,point,churn,1,5,read_completion_fraction,1.0,1.0,0.0,0.0,0.0
hosted-churn/ubuntu-net8.0-churn/readers.jsonl,point,churn,1,5,median_reader_api_p99_ms,0.057615,4.829427,9794.731071224862,8233.872863563134,12245.973671728842
hosted-churn/ubuntu-net8.0-churn/readers.jsonl,point,churn,1,5,median_reader_arrival_p99_ms,0.05749999999989086,4.82930000000033,9806.012670003038,8241.699432149464,12265.8523243567
hosted-churn/ubuntu-net8.0-churn/readers.jsonl,point,churn,4,5,read_calls_per_second,29651.122421552966,19232.131681660838,-38.32235892132752,-53.82513855267395,-20.001877223018045
hosted-churn/ubuntu-net8.0-churn/readers.jsonl,point,churn,4,5,writer_transactions_per_second,21.390914850644634,52.67830233405163,151.1492950602775,93.82664082666227,226.49849578130073
hosted-churn/ubuntu-net8.0-churn/readers.jsonl,point,churn,4,5,writer_p99_ms,998.053114,31.566515,-84.916329380925,-94.45469798782776,-75.37796077402226
hosted-churn/ubuntu-net8.0-churn/readers.jsonl,point,churn,4,5,total_active_cpu_ms,19170.0001,14539.999899999999,-27.580423130235076,-33.82753731624102,-22.25633922181068
hosted-churn/ubuntu-net8.0-churn/readers.jsonl,point,churn,4,5,read_completion_fraction,1.0,1.0,0.0,0.0,0.0
hosted-churn/ubuntu-net8.0-churn/readers.jsonl,point,churn,4,5,median_reader_api_p99_ms,2.0094275,2.3480499999999997,208.3241594609549,-21.871994939303725,455.7723296576808
hosted-churn/ubuntu-net8.0-churn/readers.jsonl,point,churn,4,5,median_reader_arrival_p99_ms,1.9991500000000997,2.3479000000003794,209.05786010309615,-21.648310046681488,457.694727345095
hosted-churn/windows-net10.0-churn/readers.jsonl,large,churn,1,5,read_calls_per_second,546.2572672653723,123.97485670123628,-77.40498712445705,-78.4287316414058,-76.25411278266924
hosted-churn/windows-net10.0-churn/readers.jsonl,large,churn,1,5,writer_transactions_per_second,33.56228740013996,51.101244800373486,50.73406439076446,47.187208964293504,55.93957962134876
hosted-churn/windows-net10.0-churn/readers.jsonl,large,churn,1,5,writer_p99_ms,51.5605,36.6857,-30.35849843087621,-32.248989178426925,-28.850531967152712
hosted-churn/windows-net10.0-churn/readers.jsonl,large,churn,1,5,total_active_cpu_ms,11968.75,10046.875,-16.595144538538186,-18.52476464981182,-14.363295880149815
hosted-churn/windows-net10.0-churn/readers.jsonl,large,churn,1,5,read_completion_fraction,1.0,1.0,0.0,0.0,0.0
hosted-churn/windows-net10.0-churn/readers.jsonl,large,churn,1,5,median_reader_api_p99_ms,18.6856,48.8234,169.8096508440157,146.93413331066444,192.68516837736692
hosted-churn/windows-net10.0-churn/readers.jsonl,large,churn,1,5,median_reader_arrival_p99_ms,18.684699999999793,48.82270000000017,169.81876129103028,146.94002071979722,192.69750186226338
hosted-churn/windows-net10.0-churn/readers.jsonl,large,churn,4,5,read_calls_per_second,742.39755451104,757.9178359737842,2.888514113711153,-10.162652467581967,20.58355823989348
hosted-churn/windows-net10.0-churn/readers.jsonl,large,churn,4,5,writer_transactions_per_second,9.396388310225198,32.118784121283085,304.33267783820384,160.3622839258015,472.88425503554464
hosted-churn/windows-net10.0-churn/readers.jsonl,large,churn,4,5,writer_p99_ms,1045.1934,129.0334,-87.73048989384633,-92.47506348420328,-82.54173630494235
hosted-churn/windows-net10.0-churn/readers.jsonl,large,churn,4,5,total_active_cpu_ms,23796.875,21640.625,-9.080168167280107,-14.339055386464654,-3.0012075167565833
hosted-churn/windows-net10.0-churn/readers.jsonl,large,churn,4,5,read_completion_fraction,1.0,1.0,0.0,0.0,0.0
hosted-churn/windows-net10.0-churn/readers.jsonl,large,churn,4,5,median_reader_api_p99_ms,32.21215,47.6486,48.50303037895434,44.52003167129034,52.48602908661835
hosted-churn/windows-net10.0-churn/readers.jsonl,large,churn,4,5,median_reader_arrival_p99_ms,32.21120000000019,47.647749999999974,48.504577162944344,44.521361710785825,52.48779261510286
hosted-churn/windows-net10.0-churn/readers.jsonl,medium,churn,1,5,read_calls_per_second,1975.099608514183,270.9332014191901,-86.09635311783684,-86.67851798454952,-85.59702638380077
hosted-churn/windows-net10.0-churn/readers.jsonl,medium,churn,1,5,writer_transactions_per_second,45.003156357739094,49.29569523844498,10.462631914816724,8.891456575862344,11.578466660563766
hosted-churn/windows-net10.0-churn/readers.jsonl,medium,churn,1,5,writer_p99_ms,47.9237,37.1045,-23.61276435099436,-26.23053491976715,-21.418687781373453
hosted-churn/windows-net10.0-churn/readers.jsonl,medium,churn,1,5,total_active_cpu_ms,14156.25,9125.0,-35.23327274138395,-35.709760827407884,-34.415451510447824
hosted-churn/windows-net10.0-churn/readers.jsonl,medium,churn,1,5,read_completion_fraction,1.0,1.0,0.0,0.0,0.0
hosted-churn/windows-net10.0-churn/readers.jsonl,medium,churn,1,5,median_reader_api_p99_ms,8.7808,44.9249,431.31806852965184,397.749887052297,477.1509682776931
hosted-churn/windows-net10.0-churn/readers.jsonl,medium,churn,1,5,median_reader_arrival_p99_ms,8.78060000000005,44.924299999999675,431.3207151592485,397.748267280491,477.1563288046088
hosted-churn/windows-net10.0-churn/readers.jsonl,medium,churn,4,5,read_calls_per_second,5869.303619758419,3106.353519143544,-40.245298037371704,-49.52601218781216,-29.995191598990328
hosted-churn/windows-net10.0-churn/readers.jsonl,medium,churn,4,5,writer_transactions_per_second,10.98962524428813,31.49836806955032,203.46448351712576,115.18379616509128,297.6173206567752
hosted-churn/windows-net10.0-churn/readers.jsonl,medium,churn,4,5,writer_p99_ms,436.7027,206.6419,-55.97994280625196,-84.0553857111256,-27.904499901378323
hosted-churn/windows-net10.0-churn/readers.jsonl,medium,churn,4,5,total_active_cpu_ms,32609.375,21890.625,-30.537682974865447,-37.36199425598507,-23.407548508332127
hosted-churn/windows-net10.0-churn/readers.jsonl,medium,churn,4,5,read_completion_fraction,1.0,1.0,0.0,0.0,0.0
hosted-churn/windows-net10.0-churn/readers.jsonl,medium,churn,4,5,median_reader_api_p99_ms,9.6218,27.22085,147.91748524656677,87.69786519860108,210.58472034662813
hosted-churn/windows-net10.0-churn/readers.jsonl,medium,churn,4,5,median_reader_arrival_p99_ms,9.62139999999954,27.2200499999999,147.9173792283861,87.69432297058323,210.58586425728677
hosted-churn/windows-net10.0-churn/readers.jsonl,point,churn,1,5,read_calls_per_second,15133.79515718555,1252.2317182738875,-91.15190042294678,-92.63114303934593,-89.67265780654762
hosted-churn/windows-net10.0-churn/readers.jsonl,point,churn,1,5,writer_transactions_per_second,47.5231783070349,48.47209073959396,3.840162708025703,-1.9951443001325455,9.451175365516384
hosted-churn/windows-net10.0-churn/readers.jsonl,point,churn,1,5,writer_p99_ms,41.8089,38.2168,2.6788796763144833,-12.993771839718173,27.935682555521264
hosted-churn/windows-net10.0-churn/readers.jsonl,point,churn,1,5,total_active_cpu_ms,15328.125,8468.75,-42.97259541574134,-45.000037741493664,-40.25122382310339
hosted-churn/windows-net10.0-churn/readers.jsonl,point,churn,1,5,read_completion_fraction,1.0,1.0,0.0,0.0,0.0
hosted-churn/windows-net10.0-churn/readers.jsonl,point,churn,1,5,median_reader_api_p99_ms,0.1648,25.8184,14910.243904542123,12779.744523634856,17040.74328544939
hosted-churn/windows-net10.0-churn/readers.jsonl,point,churn,1,5,median_reader_arrival_p99_ms,0.16460000000006403,25.81809999999996,14950.008851531105,12822.881605943014,17077.136097119197
hosted-churn/windows-net10.0-churn/readers.jsonl,point,churn,4,5,read_calls_per_second,36815.22368909557,12166.19705563177,-65.10422722806709,-69.08360079570532,-60.42462539679822
hosted-churn/windows-net10.0-churn/readers.jsonl,point,churn,4,5,writer_transactions_per_second,20.646037863756256,39.331512823350955,89.34055552607185,74.25228100357343,104.42883004857026
hosted-churn/windows-net10.0-churn/readers.jsonl,point,churn,4,5,writer_p99_ms,111.6494,74.5206,-34.62592494916755,-48.315175499413435,-20.93667439892166
hosted-churn/windows-net10.0-churn/readers.jsonl,point,churn,4,5,total_active_cpu_ms,33953.125,17093.75,-47.04692366120684,-49.46970936498268,-44.418266282576006
hosted-churn/windows-net10.0-churn/readers.jsonl,point,churn,4,5,read_completion_fraction,1.0,1.0,0.0,0.0,0.0
hosted-churn/windows-net10.0-churn/readers.jsonl,point,churn,4,5,median_reader_api_p99_ms,0.5286,11.7539,1845.2585426938922,1439.9062863526954,2220.6733172025297
hosted-churn/windows-net10.0-churn/readers.jsonl,point,churn,4,5,median_reader_arrival_p99_ms,0.5284500000004755,11.753600000000006,1848.2589731182832,1442.7055729570725,2225.439155287251
hosted-churn/windows-net8.0-churn/readers.jsonl,large,churn,1,5,read_calls_per_second,373.23109465373335,95.3793332060809,-74.8347387932554,-75.84548372477632,-73.70975346482155
hosted-churn/windows-net8.0-churn/readers.jsonl,large,churn,1,5,writer_transactions_per_second,30.795284318112365,45.29701130319422,45.198101952788214,37.87073355712816,50.37788627290169
hosted-churn/windows-net8.0-churn/readers.jsonl,large,churn,1,5,writer_p99_ms,61.8182,42.9587,-28.498059508706074,-32.25940497443262,-24.599601563950664
hosted-churn/windows-net8.0-churn/readers.jsonl,large,churn,1,5,total_active_cpu_ms,12171.875,10125,-16.65387755012728,-19.24538432878164,-13.208070556965083
hosted-churn/windows-net8.0-churn/readers.jsonl,large,churn,1,5,read_completion_fraction,1.0,1.0,0.0,0.0,0.0
hosted-churn/windows-net8.0-churn/readers.jsonl,large,churn,1,5,median_reader_api_p99_ms,23.31,56.0951,137.41685573067275,124.0848756264251,151.31292626956565
hosted-churn/windows-net8.0-churn/readers.jsonl,large,churn,1,5,median_reader_arrival_p99_ms,23.308899999999994,56.09439999999995,137.4250560995989,124.0911669252766,151.3229960271196
hosted-churn/windows-net8.0-churn/readers.jsonl,large,churn,4,5,read_calls_per_second,426.125091284355,825.661427332637,77.5331660645198,42.787572724377824,108.7459637305157
hosted-churn/windows-net8.0-churn/readers.jsonl,large,churn,4,5,writer_transactions_per_second,4.169756340288255,19.669546428047312,347.19750355421866,160.07959461511786,534.3154124933194
hosted-churn/windows-net8.0-churn/readers.jsonl,large,churn,4,5,writer_p99_ms,2090.128,201.5361,-89.5204647481992,-91.32388681503575,-86.93993301295097
hosted-churn/windows-net8.0-churn/readers.jsonl,large,churn,4,5,total_active_cpu_ms,19984.375,20671.875,4.62684247173889,-0.49069656692017655,9.914051684356263
hosted-churn/windows-net8.0-churn/readers.jsonl,large,churn,4,5,read_completion_fraction,1.0,1.0,0.0,0.0,0.0
hosted-churn/windows-net8.0-churn/readers.jsonl,large,churn,4,5,median_reader_api_p99_ms,56.74385,52.6174,5.4247158647608344,-9.814311788269904,27.600125451154867
hosted-churn/windows-net8.0-churn/readers.jsonl,large,churn,4,5,median_reader_arrival_p99_ms,56.74144999999987,52.615999999999985,5.42560456995197,-9.813021549467594,27.60011484864851
hosted-churn/windows-net8.0-churn/readers.jsonl,medium,churn,1,5,read_calls_per_second,1632.8311106755473,242.8875573590034,-84.67571993015662,-85.94365568139271,-83.40778417892052
hosted-churn/windows-net8.0-churn/readers.jsonl,medium,churn,1,5,writer_transactions_per_second,42.6760945588719,46.13702849255108,12.202367919118569,5.4754208637679636,20.938251281262378
hosted-churn/windows-net8.0-churn/readers.jsonl,medium,churn,1,5,writer_p99_ms,50.6969,39.5709,-16.768547658728124,-25.65619412211293,-7.880901195343322
hosted-churn/windows-net8.0-churn/readers.jsonl,medium,churn,1,5,total_active_cpu_ms,13500.0,9812.5,-28.624203152679225,-31.587955862522698,-25.97429213905307
hosted-churn/windows-net8.0-churn/readers.jsonl,medium,churn,1,5,read_completion_fraction,1.0,1.0,0.0,0.0,0.0
hosted-churn/windows-net8.0-churn/readers.jsonl,medium,churn,1,5,median_reader_api_p99_ms,9.6462,44.6886,338.41019735226706,282.54269849172624,386.2727442339109
hosted-churn/windows-net8.0-churn/readers.jsonl,medium,churn,1,5,median_reader_arrival_p99_ms,9.645300000000134,44.6878999999999,338.41966286649927,282.5602832405191,386.27744234919544
hosted-churn/windows-net8.0-churn/readers.jsonl,medium,churn,4,5,read_calls_per_second,4880.3972726824495,3040.070768377131,-41.01138372665395,-50.893606884134265,-31.129160569173642
hosted-churn/windows-net8.0-churn/readers.jsonl,medium,churn,4,5,writer_transactions_per_second,9.972882137806163,29.268060643461606,180.4890501484962,149.20986699845074,206.96022505460687
hosted-churn/windows-net8.0-churn/readers.jsonl,medium,churn,4,5,writer_p99_ms,1123.6761,265.0785,-61.93528810239583,-82.77004361455423,-29.50496952329892
hosted-churn/windows-net8.0-churn/readers.jsonl,medium,churn,4,5,total_active_cpu_ms,29046.875,20750.0,-29.128996043592924,-36.640814973682616,-21.617177113503235
hosted-churn/windows-net8.0-churn/readers.jsonl,medium,churn,4,5,read_completion_fraction,1.0,1.0,0.0,0.0,0.0
hosted-churn/windows-net8.0-churn/readers.jsonl,medium,churn,4,5,median_reader_api_p99_ms,11.59805,26.875,154.19512216332058,73.42906140271734,234.9611829239238
hosted-churn/windows-net8.0-churn/readers.jsonl,medium,churn,4,5,median_reader_arrival_p99_ms,11.59684999999996,26.873749999999745,154.20146684511369,73.43226278234376,234.97067090788363
hosted-churn/windows-net8.0-churn/readers.jsonl,point,churn,1,5,read_calls_per_second,12713.451816017618,1075.8784248983934,-91.33695964509621,-91.99431615381805,-90.46272580329844
hosted-churn/windows-net8.0-churn/readers.jsonl,point,churn,1,5,writer_transactions_per_second,43.799657486678456,45.386864587519725,3.700695738165125,3.0572698046460056,4.313542170867044
hosted-churn/windows-net8.0-churn/readers.jsonl,point,churn,1,5,writer_p99_ms,47.1836,49.9414,-3.82098409842633,-8.170602753645962,1.1275746362617012
hosted-churn/windows-net8.0-churn/readers.jsonl,point,churn,1,5,total_active_cpu_ms,15328.125,9234.375,-40.12626889804377,-41.87363743285091,-38.37890036323663
hosted-churn/windows-net8.0-churn/readers.jsonl,point,churn,1,5,read_completion_fraction,1.0,1.0,0.0,0.0,0.0
hosted-churn/windows-net8.0-churn/readers.jsonl,point,churn,1,5,median_reader_api_p99_ms,0.2632,26.4348,10787.557274263954,8279.536711059423,13295.577837468485
hosted-churn/windows-net8.0-churn/readers.jsonl,point,churn,1,5,median_reader_arrival_p99_ms,0.26299999999991996,26.43409999999949,10823.229677223664,8296.563175653753,13349.896178793575
hosted-churn/windows-net8.0-churn/readers.jsonl,point,churn,4,5,read_calls_per_second,29780.924149922215,11827.468017229086,-50.08368426747865,-65.92759901823457,-33.423123525190775
hosted-churn/windows-net8.0-churn/readers.jsonl,point,churn,4,5,writer_transactions_per_second,22.983738545304426,32.294198347266914,30.33130458176929,0.6395665960387532,56.9055043360549
hosted-churn/windows-net8.0-churn/readers.jsonl,point,churn,4,5,writer_p99_ms,111.7601,99.9945,10.06694557517707,-19.31908335326304,40.20250849110824
hosted-churn/windows-net8.0-churn/readers.jsonl,point,churn,4,5,total_active_cpu_ms,31625.0,16890.625,-41.216780146397426,-46.61090719664735,-35.69831460147836
hosted-churn/windows-net8.0-churn/readers.jsonl,point,churn,4,5,read_completion_fraction,1.0,1.0,0.0,0.0,0.0
hosted-churn/windows-net8.0-churn/readers.jsonl,point,churn,4,5,median_reader_api_p99_ms,0.7010000000000001,9.598500000000001,1026.3772381513725,475.790359752942,1576.9641165498028
hosted-churn/windows-net8.0-churn/readers.jsonl,point,churn,4,5,median_reader_arrival_p99_ms,0.6981500000001688,9.597700000000486,1027.2183429142265,477.0932492947071,1577.3434365337457
hosted-saturation/ubuntu-net10.0-checkpoint/readers.jsonl,large,checkpoint,1,5,read_calls_per_second,73.66655096586844,184.94602720088199,152.2250764540336,149.71023093814657,156.0711460109053
hosted-saturation/ubuntu-net10.0-checkpoint/readers.jsonl,large,checkpoint,1,5,writer_transactions_per_second,73.66720409740788,70.19022250200547,-4.504645030121814,-5.3496284554301905,-3.3697478379894186
hosted-saturation/ubuntu-net10.0-checkpoint/readers.jsonl,large,checkpoint,1,5,writer_p99_ms,19.496758,20.312259,4.367508685985957,3.029629911876306,5.854416464975261
hosted-saturation/ubuntu-net10.0-checkpoint/readers.jsonl,large,checkpoint,1,5,total_active_cpu_ms,9501.996,10747.274000000001,13.434762484430664,12.911737601978928,13.897953388223652
hosted-saturation/ubuntu-net10.0-checkpoint/readers.jsonl,large,checkpoint,1,5,read_completion_fraction,1.0,1.0,0.0,0.0,0.0
hosted-saturation/ubuntu-net10.0-checkpoint/readers.jsonl,large,checkpoint,1,5,median_reader_api_p99_ms,21.142954,22.742744,7.654442368022352,5.043175761578955,9.695080778707243
hosted-saturation/ubuntu-net10.0-checkpoint/readers.jsonl,large,checkpoint,1,5,median_reader_arrival_p99_ms,21.142799999999625,22.742399999999634,7.65364104047181,5.042202010095824,9.693536496642542
hosted-saturation/ubuntu-net10.0-checkpoint/readers.jsonl,large,checkpoint,4,5,read_calls_per_second,339.65703660489964,592.968727390356,74.0232364791108,71.1165761446056,76.3040551066825
hosted-saturation/ubuntu-net10.0-checkpoint/readers.jsonl,large,checkpoint,4,5,writer_transactions_per_second,53.85263714415808,51.96134491628987,-3.603969635078077,-4.41437696425176,-2.87164878067814
hosted-saturation/ubuntu-net10.0-checkpoint/readers.jsonl,large,checkpoint,4,5,writer_p99_ms,26.329732,27.944405,8.204936838079519,4.266821710266622,12.143051965892417
hosted-saturation/ubuntu-net10.0-checkpoint/readers.jsonl,large,checkpoint,4,5,total_active_cpu_ms,16693.34,18145.581,8.835839458528326,7.9242535882845875,9.747425328772067
hosted-saturation/ubuntu-net10.0-checkpoint/readers.jsonl,large,checkpoint,4,5,read_completion_fraction,1.0,1.0,0.0,0.0,0.0
hosted-saturation/ubuntu-net10.0-checkpoint/readers.jsonl,large,checkpoint,4,5,median_reader_api_p99_ms,24.0593165,30.5974975,26.93103656430361,26.480646727336516,27.410571972717328
hosted-saturation/ubuntu-net10.0-checkpoint/readers.jsonl,large,checkpoint,4,5,median_reader_arrival_p99_ms,24.058650000000398,30.59665000000018,26.823471540570175,26.230033566695926,27.389908578837606
hosted-saturation/ubuntu-net10.0-checkpoint/readers.jsonl,medium,checkpoint,1,5,read_calls_per_second,75.04645360488838,543.4453137259011,625.289990907117,613.0026559510055,641.0101171085919
hosted-saturation/ubuntu-net10.0-checkpoint/readers.jsonl,medium,checkpoint,1,5,writer_transactions_per_second,74.64736837997633,72.48436947056737,-2.809866927117415,-3.3660440746572617,-2.0437803467270133
hosted-saturation/ubuntu-net10.0-checkpoint/readers.jsonl,medium,checkpoint,1,5,writer_p99_ms,19.422986,19.703478,2.2450398352963274,0.8399787701497452,4.033826055125629
hosted-saturation/ubuntu-net10.0-checkpoint/readers.jsonl,medium,checkpoint,1,5,total_active_cpu_ms,8150.125,9827.073,20.160209673347765,18.6953129156317,21.440020464840508
hosted-saturation/ubuntu-net10.0-checkpoint/readers.jsonl,medium,checkpoint,1,5,read_completion_fraction,1.0,1.0,0.0,0.0,0.0
hosted-saturation/ubuntu-net10.0-checkpoint/readers.jsonl,medium,checkpoint,1,5,median_reader_api_p99_ms,19.401786,8.571765,-55.81346918121149,-56.28928911839124,-55.44021348812348
hosted-saturation/ubuntu-net10.0-checkpoint/readers.jsonl,medium,checkpoint,1,5,median_reader_arrival_p99_ms,19.401600000000144,8.571600000001126,-55.81353315593342,-56.289486653993606,-55.4407469737687
hosted-saturation/ubuntu-net10.0-checkpoint/readers.jsonl,medium,checkpoint,4,5,read_calls_per_second,359.96995352112896,1922.9607720009878,437.6390063618286,428.5458097278336,447.8926444623586
hosted-saturation/ubuntu-net10.0-checkpoint/readers.jsonl,medium,checkpoint,4,5,writer_transactions_per_second,60.285201188812174,56.437462776246896,-5.889323029371638,-6.899420984170834,-4.932556641454949
hosted-saturation/ubuntu-net10.0-checkpoint/readers.jsonl,medium,checkpoint,4,5,writer_p99_ms,23.184406,25.878548,11.829730165169057,11.061294888207367,12.80884565306367
hosted-saturation/ubuntu-net10.0-checkpoint/readers.jsonl,medium,checkpoint,4,5,total_active_cpu_ms,10346.447,15687.863000000001,51.02684621281078,50.49204678953823,51.58621424912999
hosted-saturation/ubuntu-net10.0-checkpoint/readers.jsonl,medium,checkpoint,4,5,read_completion_fraction,1.0,1.0,0.0,0.0,0.0
hosted-saturation/ubuntu-net10.0-checkpoint/readers.jsonl,medium,checkpoint,4,5,median_reader_api_p99_ms,22.1298775,20.7412255,-7.167021570463146,-10.49450671413596,-4.675844794423772
hosted-saturation/ubuntu-net10.0-checkpoint/readers.jsonl,medium,checkpoint,4,5,median_reader_arrival_p99_ms,22.12944999999945,20.74069999999938,-7.16786848962818,-10.4955487164722,-4.677098704054021
hosted-saturation/ubuntu-net10.0-checkpoint/readers.jsonl,point,checkpoint,1,5,read_calls_per_second,151.88768835146857,3225.019151393832,2016.9361612033035,1945.638709409655,2071.6184672518975
hosted-saturation/ubuntu-net10.0-checkpoint/readers.jsonl,point,checkpoint,1,5,writer_transactions_per_second,75.91327060659737,74.8702622805248,-0.8140607888636131,-2.1059673997661132,1.0589663366749758
hosted-saturation/ubuntu-net10.0-checkpoint/readers.jsonl,point,checkpoint,1,5,writer_p99_ms,19.084453,19.335387,1.2889170186750798,-0.9983619925402021,3.087505156637622
hosted-saturation/ubuntu-net10.0-checkpoint/readers.jsonl,point,checkpoint,1,5,total_active_cpu_ms,7885.271,9275.124,18.026095543388017,17.279275767856557,18.77522721772498
hosted-saturation/ubuntu-net10.0-checkpoint/readers.jsonl,point,checkpoint,1,5,read_completion_fraction,1.0,1.0,0.0,0.0,0.0
hosted-saturation/ubuntu-net10.0-checkpoint/readers.jsonl,point,checkpoint,1,5,median_reader_api_p99_ms,18.410593,5.314497,-71.03607633657961,-71.25901846120436,-70.84224297203251
hosted-saturation/ubuntu-net10.0-checkpoint/readers.jsonl,point,checkpoint,1,5,median_reader_arrival_p99_ms,18.410299999999552,5.3145000000004075,-71.02797440810416,-71.25517639660943,-70.8340353658916
hosted-saturation/ubuntu-net10.0-checkpoint/readers.jsonl,point,checkpoint,4,5,read_calls_per_second,556.8149767365097,9729.753149198163,1648.5086145427142,1589.2072341813857,1701.259094350933
hosted-saturation/ubuntu-net10.0-checkpoint/readers.jsonl,point,checkpoint,4,5,writer_transactions_per_second,70.42334067251093,66.3737770481638,-6.004488695565713,-6.781331716029916,-5.12877745517063
hosted-saturation/ubuntu-net10.0-checkpoint/readers.jsonl,point,checkpoint,4,5,writer_p99_ms,20.346795,22.028795,7.576518225130027,3.6599811593741194,11.09919582938186
hosted-saturation/ubuntu-net10.0-checkpoint/readers.jsonl,point,checkpoint,4,5,total_active_cpu_ms,8295.106,13151.519,58.98742054847561,58.554187945477736,59.562161578895896
hosted-saturation/ubuntu-net10.0-checkpoint/readers.jsonl,point,checkpoint,4,5,read_completion_fraction,1.0,1.0,0.0,0.0,0.0
hosted-saturation/ubuntu-net10.0-checkpoint/readers.jsonl,point,checkpoint,4,5,median_reader_api_p99_ms,31.7054115,6.091791,-80.96754510805529,-81.4630612848404,-80.5520413577357
hosted-saturation/ubuntu-net10.0-checkpoint/readers.jsonl,point,checkpoint,4,5,median_reader_arrival_p99_ms,31.704799999999523,6.091699999999946,-80.96731002493254,-81.4630331024143,-80.55172360268577
hosted-saturation/ubuntu-net10.0-idle/readers.jsonl,large,idle,1,5,read_calls_per_second,478.2597257484947,1634.8832202915746,238.79000952085184,233.60529266852095,243.85675614075657
hosted-saturation/ubuntu-net10.0-idle/readers.jsonl,large,idle,1,5,total_active_cpu_ms,9038.105,10027.628,11.856200953887228,10.416866334210415,13.431329395943456
hosted-saturation/ubuntu-net10.0-idle/readers.jsonl,large,idle,1,5,read_completion_fraction,1.0,1.0,0.0,0.0,0.0
hosted-saturation/ubuntu-net10.0-idle/readers.jsonl,large,idle,1,5,median_reader_api_p99_ms,4.052177,0.819783,-79.51873352012623,-79.8614446779645,-79.14552997968907
hosted-saturation/ubuntu-net10.0-idle/readers.jsonl,large,idle,1,5,median_reader_arrival_p99_ms,4.052099999999882,0.8196999999999548,-79.52021712036664,-79.8613471102897,-79.1494895866048
hosted-saturation/ubuntu-net10.0-idle/readers.jsonl,large,idle,4,5,read_calls_per_second,1063.8974978109734,2913.7928867030914,173.76975941524594,171.57597356922406,175.82922303305187
hosted-saturation/ubuntu-net10.0-idle/readers.jsonl,large,idle,4,5,total_active_cpu_ms,32190.81,39759.401,23.410779316373894,23.169586605094032,23.640860525889543
hosted-saturation/ubuntu-net10.0-idle/readers.jsonl,large,idle,4,5,read_completion_fraction,1.0,1.0,0.0,0.0,0.0
hosted-saturation/ubuntu-net10.0-idle/readers.jsonl,large,idle,4,5,median_reader_api_p99_ms,6.933154999999999,1.756339,-74.78376329663791,-75.1280884845272,-74.54510522309599
hosted-saturation/ubuntu-net10.0-idle/readers.jsonl,large,idle,4,5,median_reader_arrival_p99_ms,6.932749999999714,1.7551499999999578,-74.79688064360514,-75.14398637132868,-74.55907116660708
hosted-saturation/ubuntu-net10.0-idle/readers.jsonl,medium,idle,1,5,read_calls_per_second,1545.19302628679,5498.157939091767,252.66337344728544,245.94915775180704,258.8857019155883
hosted-saturation/ubuntu-net10.0-idle/readers.jsonl,medium,idle,1,5,total_active_cpu_ms,10183.907,10028.513,-1.569195627689468,-1.686226262683843,-1.4516657977154601
hosted-saturation/ubuntu-net10.0-idle/readers.jsonl,medium,idle,1,5,read_completion_fraction,1.0,1.0,0.0,0.0,0.0
hosted-saturation/ubuntu-net10.0-idle/readers.jsonl,medium,idle,1,5,median_reader_api_p99_ms,1.010129,0.348782,-65.73967564605545,-66.07476078595087,-65.17805807445234
hosted-saturation/ubuntu-net10.0-idle/readers.jsonl,medium,idle,1,5,median_reader_arrival_p99_ms,1.0092999999997119,0.34869999999955326,-65.73884275479936,-66.07672174132203,-65.16743393514093
hosted-saturation/ubuntu-net10.0-idle/readers.jsonl,medium,idle,4,5,read_calls_per_second,2058.380601067538,10768.040319467847,424.44081477074036,417.77349975997356,433.723306082449
hosted-saturation/ubuntu-net10.0-idle/readers.jsonl,medium,idle,4,5,total_active_cpu_ms,20395.751,39728.528,95.27104563311308,94.14966105845897,96.63417995054019
hosted-saturation/ubuntu-net10.0-idle/readers.jsonl,medium,idle,4,5,read_completion_fraction,1.0,1.0,0.0,0.0,0.0
hosted-saturation/ubuntu-net10.0-idle/readers.jsonl,medium,idle,4,5,median_reader_api_p99_ms,3.3306065,0.7062455000000001,-78.83295714169721,-79.81731591577119,-77.86571279045987
hosted-saturation/ubuntu-net10.0-idle/readers.jsonl,medium,idle,4,5,median_reader_arrival_p99_ms,3.330900000000071,0.7062000000000239,-78.83629887726485,-79.81988942425849,-77.87145792313866
hosted-saturation/ubuntu-net10.0-idle/readers.jsonl,point,idle,1,5,read_calls_per_second,12209.669109537153,55192.46743644421,350.6846650321618,346.993403079415,354.8989714468357
hosted-saturation/ubuntu-net10.0-idle/readers.jsonl,point,idle,1,5,total_active_cpu_ms,10115.625,10029.254,-0.8497823888888734,-0.8803517072401256,-0.8192130705376212
hosted-saturation/ubuntu-net10.0-idle/readers.jsonl,point,idle,1,5,read_completion_fraction,1.0,1.0,0.0,0.0,0.0
hosted-saturation/ubuntu-net10.0-idle/readers.jsonl,point,idle,1,5,median_reader_api_p99_ms,0.388817,0.036619,-90.54385751253255,-90.65363957800312,-90.41090682826714
hosted-saturation/ubuntu-net10.0-idle/readers.jsonl,point,idle,1,5,median_reader_arrival_p99_ms,0.3886999999999716,0.03660000000002128,-90.54625241191701,-90.65602613628502,-90.41213220553516
hosted-saturation/ubuntu-net10.0-idle/readers.jsonl,point,idle,4,5,read_calls_per_second,7743.623209044232,109367.4246786778,1311.0650035304993,1301.8446180658686,1321.995813984726
hosted-saturation/ubuntu-net10.0-idle/readers.jsonl,point,idle,4,5,total_active_cpu_ms,11721.522,39734.616,238.9012086454059,238.58096549037555,239.12569817933564
hosted-saturation/ubuntu-net10.0-idle/readers.jsonl,point,idle,4,5,read_completion_fraction,1.0,1.0,0.0,0.0,0.0
hosted-saturation/ubuntu-net10.0-idle/readers.jsonl,point,idle,4,5,median_reader_api_p99_ms,1.3064429999999998,0.0804805,-93.86634405612678,-93.9917745373751,-93.75032512216642
hosted-saturation/ubuntu-net10.0-idle/readers.jsonl,point,idle,4,5,median_reader_arrival_p99_ms,1.3064000000003944,0.0804499999997006,-93.86970892783195,-93.99401968998961,-93.75547438064446
hosted-saturation/ubuntu-net10.0-writer/readers.jsonl,large,writer,1,5,read_calls_per_second,71.4935155381407,157.3928826938446,124.58667404681894,117.60891922336543,133.03587460658298
hosted-saturation/ubuntu-net10.0-writer/readers.jsonl,large,writer,1,5,writer_transactions_per_second,71.48272619921397,71.27626714132995,0.018401239343890374,-1.4408501806693952,1.3025517402567854
hosted-saturation/ubuntu-net10.0-writer/readers.jsonl,large,writer,1,5,writer_p99_ms,20.394877,20.920373,4.260882627827116,2.296805366622632,6.610105417957422
hosted-saturation/ubuntu-net10.0-writer/readers.jsonl,large,writer,1,5,total_active_cpu_ms,10085.607,11087.424,10.032153010399094,9.627408352598428,10.45817110080737
hosted-saturation/ubuntu-net10.0-writer/readers.jsonl,large,writer,1,5,read_completion_fraction,1.0,1.0,0.0,0.0,0.0
hosted-saturation/ubuntu-net10.0-writer/readers.jsonl,large,writer,1,5,median_reader_api_p99_ms,21.735998,23.964975,9.676475850240607,6.4107020391647165,13.784977072735952
hosted-saturation/ubuntu-net10.0-writer/readers.jsonl,large,writer,1,5,median_reader_arrival_p99_ms,21.735300000000052,23.96430000000055,9.675384350272704,6.409317840569213,13.783807556622403
hosted-saturation/ubuntu-net10.0-writer/readers.jsonl,large,writer,4,5,read_calls_per_second,261.41094363718184,537.0857992650124,104.46870639386016,102.33812250468473,106.60476411313769
hosted-saturation/ubuntu-net10.0-writer/readers.jsonl,large,writer,4,5,writer_transactions_per_second,56.18191111007989,58.924029837570714,4.0252803421094185,3.3543636167445356,4.696197067474301
hosted-saturation/ubuntu-net10.0-writer/readers.jsonl,large,writer,4,5,writer_p99_ms,24.797286,26.830092,8.238448252893983,4.3343582000838055,11.265287906041394
hosted-saturation/ubuntu-net10.0-writer/readers.jsonl,large,writer,4,5,total_active_cpu_ms,15135.072,18351.716,20.932078055482705,19.96988837219237,21.914076789812434
hosted-saturation/ubuntu-net10.0-writer/readers.jsonl,large,writer,4,5,read_completion_fraction,1.0,1.0,0.0,0.0,0.0
hosted-saturation/ubuntu-net10.0-writer/readers.jsonl,large,writer,4,5,median_reader_api_p99_ms,26.3985805,30.118403999999998,12.988136725581567,8.51672900399953,16.52644889996557
hosted-saturation/ubuntu-net10.0-writer/readers.jsonl,large,writer,4,5,median_reader_arrival_p99_ms,26.397750000000087,30.09484999999991,12.971054054809233,8.482549857293394,16.52602099364976
hosted-saturation/ubuntu-net10.0-writer/readers.jsonl,medium,writer,1,5,read_calls_per_second,73.0975409987208,518.0971090181316,639.2025414170483,602.3801811021584,703.0921694936252
hosted-saturation/ubuntu-net10.0-writer/readers.jsonl,medium,writer,1,5,writer_transactions_per_second,73.10150814503096,72.92465861819521,3.6498813559319365,-0.5318033407645273,11.47840782017791
hosted-saturation/ubuntu-net10.0-writer/readers.jsonl,medium,writer,1,5,writer_p99_ms,19.848622,20.505595,-12.972731473770516,-45.70393206664899,4.093330965654363
hosted-saturation/ubuntu-net10.0-writer/readers.jsonl,medium,writer,1,5,total_active_cpu_ms,8623.134,10091.435000000001,21.81767690318826,16.513940856002804,31.38486678359906
hosted-saturation/ubuntu-net10.0-writer/readers.jsonl,medium,writer,1,5,read_completion_fraction,1.0,1.0,0.0,0.0,0.0
hosted-saturation/ubuntu-net10.0-writer/readers.jsonl,medium,writer,1,5,median_reader_api_p99_ms,19.884739,10.988647,-47.33592317625393,-68.90221029426365,-31.068906529788183
hosted-saturation/ubuntu-net10.0-writer/readers.jsonl,medium,writer,1,5,median_reader_arrival_p99_ms,19.884500000000116,10.98830000000089,-47.33585938516364,-68.90213611649463,-31.06882129329792
hosted-saturation/ubuntu-net10.0-writer/readers.jsonl,medium,writer,4,5,read_calls_per_second,252.22590522719275,2640.69433172592,944.47277213027,936.9723073477857,953.6019895070558
hosted-saturation/ubuntu-net10.0-writer/readers.jsonl,medium,writer,4,5,writer_transactions_per_second,62.8744295982267,55.58295326406345,-11.843466235434896,-12.693472503683433,-11.08102333178671
hosted-saturation/ubuntu-net10.0-writer/readers.jsonl,medium,writer,4,5,writer_p99_ms,22.241812,26.218493,20.057910124407563,17.25148422077833,23.149300792962606
hosted-saturation/ubuntu-net10.0-writer/readers.jsonl,medium,writer,4,5,total_active_cpu_ms,9741.827,18450.295,89.48427678319435,88.31563572007794,90.59401420394047
hosted-saturation/ubuntu-net10.0-writer/readers.jsonl,medium,writer,4,5,read_completion_fraction,1.0,1.0,0.0,0.0,0.0
hosted-saturation/ubuntu-net10.0-writer/readers.jsonl,medium,writer,4,5,median_reader_api_p99_ms,25.8247175,14.709639,-38.592329158228395,-42.43298691827376,-34.768935575483326
hosted-saturation/ubuntu-net10.0-writer/readers.jsonl,medium,writer,4,5,median_reader_arrival_p99_ms,25.823699999999988,14.708900000000085,-38.59311015411289,-42.43414958244715,-34.76970993998026
hosted-saturation/ubuntu-net10.0-writer/readers.jsonl,point,writer,1,5,read_calls_per_second,75.91584728328648,2286.9886693915737,2907.3214980601415,2759.273090567027,3063.4262459176343
hosted-saturation/ubuntu-net10.0-writer/readers.jsonl,point,writer,1,5,writer_transactions_per_second,75.31668618807248,73.65964482698509,-2.8888669885092955,-4.565792178452172,-1.7993544646681214
hosted-saturation/ubuntu-net10.0-writer/readers.jsonl,point,writer,1,5,writer_p99_ms,19.895561,20.12549,2.0755104318732576,-2.4249770840894813,5.898564784092559
hosted-saturation/ubuntu-net10.0-writer/readers.jsonl,point,writer,1,5,total_active_cpu_ms,8028.239,9189.996,14.499773524149843,13.383806181499116,15.511423448516414
hosted-saturation/ubuntu-net10.0-writer/readers.jsonl,point,writer,1,5,read_completion_fraction,1.0,1.0,0.0,0.0,0.0
hosted-saturation/ubuntu-net10.0-writer/readers.jsonl,point,writer,1,5,median_reader_api_p99_ms,19.898967,7.118286,-65.6766168186204,-69.34182267613869,-63.35933906564185
hosted-saturation/ubuntu-net10.0-writer/readers.jsonl,point,writer,1,5,median_reader_arrival_p99_ms,19.898600000000442,7.118199999999888,-65.67642360515312,-69.34183417534027,-63.35864447844479
hosted-saturation/ubuntu-net10.0-writer/readers.jsonl,point,writer,4,5,read_calls_per_second,393.75398948489743,20904.641409232674,5236.031807543448,5163.3756347947465,5308.68798029215
hosted-saturation/ubuntu-net10.0-writer/readers.jsonl,point,writer,4,5,writer_transactions_per_second,70.61693189067836,55.23373994854552,-21.287521477459688,-22.973854262486043,-19.429112961662632
hosted-saturation/ubuntu-net10.0-writer/readers.jsonl,point,writer,4,5,writer_p99_ms,20.768166,25.733475,25.101767657767095,21.95614625094081,29.962920749628353
hosted-saturation/ubuntu-net10.0-writer/readers.jsonl,point,writer,4,5,total_active_cpu_ms,8469.902,17629.828999999998,107.14466256732837,105.67285799709202,108.43171591867599
hosted-saturation/ubuntu-net10.0-writer/readers.jsonl,point,writer,4,5,read_completion_fraction,1.0,1.0,0.0,0.0,0.0
hosted-saturation/ubuntu-net10.0-writer/readers.jsonl,point,writer,4,5,median_reader_api_p99_ms,34.2609445,5.1905565,-85.71276922592145,-86.9989497355851,-84.65255614185486
hosted-saturation/ubuntu-net10.0-writer/readers.jsonl,point,writer,4,5,median_reader_arrival_p99_ms,34.26035000000002,5.190500000000156,-85.71263153453167,-86.99895471238455,-84.65231683969017
hosted-saturation/ubuntu-net8.0-checkpoint/readers.jsonl,large,checkpoint,1,5,read_calls_per_second,68.73238589002841,172.44580373280286,151.03103082803074,146.23551745081195,157.72247232140518
hosted-saturation/ubuntu-net8.0-checkpoint/readers.jsonl,large,checkpoint,1,5,writer_transactions_per_second,68.64241176222797,67.67695126070915,-1.9034128145343354,-2.723392439389456,-1.0741461882516345
hosted-saturation/ubuntu-net8.0-checkpoint/readers.jsonl,large,checkpoint,1,5,writer_p99_ms,20.829108,21.119721,0.8160305982451876,-2.4938008609445905,4.125862057434966
hosted-saturation/ubuntu-net8.0-checkpoint/readers.jsonl,large,checkpoint,1,5,total_active_cpu_ms,9810,11040,12.549456376361139,11.546080251738346,13.685444472870532
hosted-saturation/ubuntu-net8.0-checkpoint/readers.jsonl,large,checkpoint,1,5,read_completion_fraction,1.0,1.0,0.0,0.0,0.0
hosted-saturation/ubuntu-net8.0-checkpoint/readers.jsonl,large,checkpoint,1,5,median_reader_api_p99_ms,22.726759,24.133221,7.001433853941337,4.610440564851475,9.337061021144232
hosted-saturation/ubuntu-net8.0-checkpoint/readers.jsonl,large,checkpoint,1,5,median_reader_arrival_p99_ms,22.72650000000067,24.132800000000316,7.002770868683341,4.611979245228368,9.33928278463019
hosted-saturation/ubuntu-net8.0-checkpoint/readers.jsonl,large,checkpoint,4,5,read_calls_per_second,300.9773153232019,541.3873501296071,82.18341349279626,78.45420280196772,86.70031488593796
hosted-saturation/ubuntu-net8.0-checkpoint/readers.jsonl,large,checkpoint,4,5,writer_transactions_per_second,51.29935568009266,48.04774951383619,-5.836341525573965,-6.404627923458699,-5.220578162671083
hosted-saturation/ubuntu-net8.0-checkpoint/readers.jsonl,large,checkpoint,4,5,writer_p99_ms,26.898536,30.514548,13.457027734541107,10.66158620461351,16.65735318045919
hosted-saturation/ubuntu-net8.0-checkpoint/readers.jsonl,large,checkpoint,4,5,total_active_cpu_ms,16530,18510,12.073561260994397,10.51237739419264,13.616636205829062
hosted-saturation/ubuntu-net8.0-checkpoint/readers.jsonl,large,checkpoint,4,5,read_completion_fraction,1.0,1.0,0.0,0.0,0.0
hosted-saturation/ubuntu-net8.0-checkpoint/readers.jsonl,large,checkpoint,4,5,median_reader_api_p99_ms,26.325802,32.4219755,25.069831388351698,21.872700896105318,28.34330930400119
hosted-saturation/ubuntu-net8.0-checkpoint/readers.jsonl,large,checkpoint,4,5,median_reader_arrival_p99_ms,26.325099999999907,32.42065000000002,25.070260331074344,21.8736985845557,28.342131470943077
hosted-saturation/ubuntu-net8.0-checkpoint/readers.jsonl,medium,checkpoint,1,5,read_calls_per_second,69.69248331521513,469.9437336367717,579.2800370051062,571.7419358452727,587.6813057434009
hosted-saturation/ubuntu-net8.0-checkpoint/readers.jsonl,medium,checkpoint,1,5,writer_transactions_per_second,68.52422454201695,67.07394378505782,-2.4359478213120234,-3.411361061881462,-1.5130402891946493
hosted-saturation/ubuntu-net8.0-checkpoint/readers.jsonl,medium,checkpoint,1,5,writer_p99_ms,21.24484,21.69725,3.583460230214228,0.6431759430917583,7.123060372570636
hosted-saturation/ubuntu-net8.0-checkpoint/readers.jsonl,medium,checkpoint,1,5,total_active_cpu_ms,8520.000100000001,10060,18.16219390400833,17.900988893535796,18.50192512531431
hosted-saturation/ubuntu-net8.0-checkpoint/readers.jsonl,medium,checkpoint,1,5,read_completion_fraction,1.0,1.0,0.0,0.0,0.0
hosted-saturation/ubuntu-net8.0-checkpoint/readers.jsonl,medium,checkpoint,1,5,median_reader_api_p99_ms,21.245281,9.562577,-55.27317101607267,-56.085541283583176,-54.53827661100787
hosted-saturation/ubuntu-net8.0-checkpoint/readers.jsonl,medium,checkpoint,1,5,median_reader_arrival_p99_ms,21.244700000000194,9.559600000000046,-55.27554241130543,-56.08587919912948,-54.540322215867796
hosted-saturation/ubuntu-net8.0-checkpoint/readers.jsonl,medium,checkpoint,4,5,read_calls_per_second,336.25544239978876,1810.4929250597943,440.7416778082676,432.02137026962373,449.660303255253
hosted-saturation/ubuntu-net8.0-checkpoint/readers.jsonl,medium,checkpoint,4,5,writer_transactions_per_second,56.341440959923894,54.067099629204634,-4.023344163416982,-4.351618507855098,-3.5705351601413193
hosted-saturation/ubuntu-net8.0-checkpoint/readers.jsonl,medium,checkpoint,4,5,writer_p99_ms,25.141416,26.575809,5.8903995904498485,4.04364032410919,7.707506524574432
hosted-saturation/ubuntu-net8.0-checkpoint/readers.jsonl,medium,checkpoint,4,5,total_active_cpu_ms,10570,16060,51.98645056679361,50.88665548817867,53.225351158148236
hosted-saturation/ubuntu-net8.0-checkpoint/readers.jsonl,medium,checkpoint,4,5,read_completion_fraction,1.0,1.0,0.0,0.0,0.0
hosted-saturation/ubuntu-net8.0-checkpoint/readers.jsonl,medium,checkpoint,4,5,median_reader_api_p99_ms,23.3708235,16.951887,-25.5520794536942,-29.106543783800163,-21.704440685610496
hosted-saturation/ubuntu-net8.0-checkpoint/readers.jsonl,medium,checkpoint,4,5,median_reader_arrival_p99_ms,23.370200000000068,16.951300000000174,-25.552956514950505,-29.107873141950904,-21.704600772930696
hosted-saturation/ubuntu-net8.0-checkpoint/readers.jsonl,point,checkpoint,1,5,read_calls_per_second,145.92847899316067,2659.980680645503,1733.1916769520903,1687.532134895476,1762.9166642651512
hosted-saturation/ubuntu-net8.0-checkpoint/readers.jsonl,point,checkpoint,1,5,writer_transactions_per_second,72.36320982049516,70.25320574471756,-2.6155540656046283,-3.398740797143789,-1.8323673340654678
hosted-saturation/ubuntu-net8.0-checkpoint/readers.jsonl,point,checkpoint,1,5,writer_p99_ms,19.852599,20.701933,37.540354789809996,4.545131477395459,102.32100748766022
hosted-saturation/ubuntu-net8.0-checkpoint/readers.jsonl,point,checkpoint,1,5,total_active_cpu_ms,8090,9540,17.03342755796596,15.983558950556235,18.081697333000285
hosted-saturation/ubuntu-net8.0-checkpoint/readers.jsonl,point,checkpoint,1,5,read_completion_fraction,1.0,1.0,0.0,0.0,0.0
hosted-saturation/ubuntu-net8.0-checkpoint/readers.jsonl,point,checkpoint,1,5,median_reader_api_p99_ms,18.883413,5.504947,-71.05753385983218,-71.51535228360149,-70.62576683422435
hosted-saturation/ubuntu-net8.0-checkpoint/readers.jsonl,point,checkpoint,1,5,median_reader_arrival_p99_ms,18.883200000000215,5.504899999999907,-71.05772857092617,-71.51524862426541,-70.62621674860384
hosted-saturation/ubuntu-net8.0-checkpoint/readers.jsonl,point,checkpoint,4,5,read_calls_per_second,725.8329395126171,6770.401022682091,841.9520747940481,806.8452406746826,885.3895783853226
hosted-saturation/ubuntu-net8.0-checkpoint/readers.jsonl,point,checkpoint,4,5,writer_transactions_per_second,61.362500148909,60.38483676364029,-1.3928191081005492,-2.578433781885674,-0.35831065489050573
hosted-saturation/ubuntu-net8.0-checkpoint/readers.jsonl,point,checkpoint,4,5,writer_p99_ms,23.885117,23.685429,0.2879337839844087,-1.9841389769256736,3.654919507653416
hosted-saturation/ubuntu-net8.0-checkpoint/readers.jsonl,point,checkpoint,4,5,total_active_cpu_ms,8800.0002,13110.000100000001,49.1208175637283,48.23159087163097,50.491411009627384
hosted-saturation/ubuntu-net8.0-checkpoint/readers.jsonl,point,checkpoint,4,5,read_completion_fraction,1.0,1.0,0.0,0.0,0.0
hosted-saturation/ubuntu-net8.0-checkpoint/readers.jsonl,point,checkpoint,4,5,median_reader_api_p99_ms,44.338262,8.20579,-81.60102570047816,-82.13563174170896,-81.06649419150685
hosted-saturation/ubuntu-net8.0-checkpoint/readers.jsonl,point,checkpoint,4,5,median_reader_arrival_p99_ms,44.33755000000008,8.205599999999777,-81.60155797414636,-82.13605973513481,-81.06709032858816
hosted-saturation/ubuntu-net8.0-idle/readers.jsonl,large,idle,1,5,read_calls_per_second,531.636655492498,2025.858652224908,285.2052001269781,277.19540640156913,293.1953596291502
hosted-saturation/ubuntu-net8.0-idle/readers.jsonl,large,idle,1,5,total_active_cpu_ms,8590,10020,16.42885277639697,15.963954684888886,16.810535055209385
hosted-saturation/ubuntu-net8.0-idle/readers.jsonl,large,idle,1,5,read_completion_fraction,1.0,1.0,0.0,0.0,0.0
hosted-saturation/ubuntu-net8.0-idle/readers.jsonl,large,idle,1,5,median_reader_api_p99_ms,3.693424,0.658612,-82.30467911988822,-82.74687880140625,-81.89531099521682
hosted-saturation/ubuntu-net8.0-idle/readers.jsonl,large,idle,1,5,median_reader_arrival_p99_ms,3.693300000000818,0.6582999999991443,-82.31087588451749,-82.75354989598137,-81.9000396893966
hosted-saturation/ubuntu-net8.0-idle/readers.jsonl,large,idle,4,5,read_calls_per_second,1197.3089820646899,3067.6527075431713,159.98910382519037,155.76363728171313,164.72540714997785
hosted-saturation/ubuntu-net8.0-idle/readers.jsonl,large,idle,4,5,total_active_cpu_ms,31270.0001,39769.9999,27.078922857262526,26.923030801871846,27.22926952423881
hosted-saturation/ubuntu-net8.0-idle/readers.jsonl,large,idle,4,5,read_completion_fraction,1.0,1.0,0.0,0.0,0.0
hosted-saturation/ubuntu-net8.0-idle/readers.jsonl,large,idle,4,5,median_reader_api_p99_ms,6.2214905,1.6391555,-73.80844346209264,-74.25986344882898,-73.3959820028764
hosted-saturation/ubuntu-net8.0-idle/readers.jsonl,large,idle,4,5,median_reader_arrival_p99_ms,6.202050000000327,1.6385000000002492,-73.80235444582918,-74.25209077627213,-73.41376831005427
hosted-saturation/ubuntu-net8.0-idle/readers.jsonl,medium,idle,1,5,read_calls_per_second,1772.2907737196158,7417.996216821929,318.242582948334,308.3822146310091,327.7124751355909
hosted-saturation/ubuntu-net8.0-idle/readers.jsonl,medium,idle,1,5,total_active_cpu_ms,10110.0001,10020,-0.9095029372396657,-1.0276107522312006,-0.7914534251972372
hosted-saturation/ubuntu-net8.0-idle/readers.jsonl,medium,idle,1,5,read_completion_fraction,1.0,1.0,0.0,0.0,0.0
hosted-saturation/ubuntu-net8.0-idle/readers.jsonl,medium,idle,1,5,median_reader_api_p99_ms,0.912587,0.286944,-68.47051707435546,-68.77933364982226,-68.17598812699529
hosted-saturation/ubuntu-net8.0-idle/readers.jsonl,medium,idle,1,5,median_reader_arrival_p99_ms,0.912399999999991,0.2867000000005646,-68.4774997411895,-68.77846779924627,-68.18405668804932
hosted-saturation/ubuntu-net8.0-idle/readers.jsonl,medium,idle,4,5,read_calls_per_second,2421.315179744585,11883.72780932724,394.20658161086186,390.4526394068149,400.5683988792078
hosted-saturation/ubuntu-net8.0-idle/readers.jsonl,medium,idle,4,5,total_active_cpu_ms,19320,39770,106.2641070514164,105.31399733657311,107.57764785892755
hosted-saturation/ubuntu-net8.0-idle/readers.jsonl,medium,idle,4,5,read_completion_fraction,1.0,1.0,0.0,0.0,0.0
hosted-saturation/ubuntu-net8.0-idle/readers.jsonl,medium,idle,4,5,median_reader_api_p99_ms,2.758899,0.6334805,-76.9840066805534,-77.98700766366889,-75.98100569743794
hosted-saturation/ubuntu-net8.0-idle/readers.jsonl,medium,idle,4,5,median_reader_arrival_p99_ms,2.7587500000000205,0.633199999999988,-76.99086018697992,-77.99398011765405,-75.98774025630578
hosted-saturation/ubuntu-net8.0-idle/readers.jsonl,point,idle,1,5,read_calls_per_second,16891.252873404486,68551.48286212928,302.81497243581157,297.9045779343979,306.87116216324483
hosted-saturation/ubuntu-net8.0-idle/readers.jsonl,point,idle,1,5,total_active_cpu_ms,10109.9999,10020,-0.9095406576863629,-1.007436484285018,-0.8313302186801019
hosted-saturation/ubuntu-net8.0-idle/readers.jsonl,point,idle,1,5,read_completion_fraction,1.0,1.0,0.0,0.0,0.0
hosted-saturation/ubuntu-net8.0-idle/readers.jsonl,point,idle,1,5,median_reader_api_p99_ms,0.336607,0.024777,-92.6093767726849,-92.72593438675298,-92.5062559567509
hosted-saturation/ubuntu-net8.0-idle/readers.jsonl,point,idle,1,5,median_reader_arrival_p99_ms,0.3361000000004424,0.02479999999991378,-92.59671698738062,-92.71630151207452,-92.48358282134402
hosted-saturation/ubuntu-net8.0-idle/readers.jsonl,point,idle,4,5,read_calls_per_second,9950.924028101688,149339.54529334026,1401.676486543121,1397.0061969970066,1408.0965415579074
hosted-saturation/ubuntu-net8.0-idle/readers.jsonl,point,idle,4,5,total_active_cpu_ms,11449.9998,39760.0001,247.6055373974754,247.213976398772,248.0753207766159
hosted-saturation/ubuntu-net8.0-idle/readers.jsonl,point,idle,4,5,read_completion_fraction,1.0,1.0,0.0,0.0,0.0
hosted-saturation/ubuntu-net8.0-idle/readers.jsonl,point,idle,4,5,median_reader_api_p99_ms,1.4404625000000002,0.0570495,-96.02899004795238,-96.05960791006235,-95.99314153807507
hosted-saturation/ubuntu-net8.0-idle/readers.jsonl,point,idle,4,5,median_reader_arrival_p99_ms,1.4403999999999542,0.056950000000256296,-96.03572483511242,-96.06679706676877,-95.99960390766371
hosted-saturation/ubuntu-net8.0-writer/readers.jsonl,large,writer,1,5,read_calls_per_second,70.33757540183088,158.11351823006888,125.52321108881172,121.41618697389842,129.88969539072923
hosted-saturation/ubuntu-net8.0-writer/readers.jsonl,large,writer,1,5,writer_transactions_per_second,70.34576060474332,70.28421416549844,-0.362845864525132,-1.1933507688329792,0.4159771898619513
hosted-saturation/ubuntu-net8.0-writer/readers.jsonl,large,writer,1,5,writer_p99_ms,21.035114,21.561004,3.8375132158855263,-0.12540891711551483,7.0708146950566375
hosted-saturation/ubuntu-net8.0-writer/readers.jsonl,large,writer,1,5,total_active_cpu_ms,10230.000100000001,11239.9999,9.687733072370715,8.986345574707887,10.410472643194671
hosted-saturation/ubuntu-net8.0-writer/readers.jsonl,large,writer,1,5,read_completion_fraction,1.0,1.0,0.0,0.0,0.0
hosted-saturation/ubuntu-net8.0-writer/readers.jsonl,large,writer,1,5,median_reader_api_p99_ms,22.874285,24.07485,4.745748976307018,3.2348118661210457,5.95937910098812
hosted-saturation/ubuntu-net8.0-writer/readers.jsonl,large,writer,1,5,median_reader_arrival_p99_ms,22.873999999999796,24.07420000000002,4.745952204179864,3.23594053410809,5.959738615695014
hosted-saturation/ubuntu-net8.0-writer/readers.jsonl,large,writer,4,5,read_calls_per_second,246.00980506075734,516.3837063240418,110.05157563239104,106.28597820608294,114.16084548605322
hosted-saturation/ubuntu-net8.0-writer/readers.jsonl,large,writer,4,5,writer_transactions_per_second,55.3887815422145,55.88822435112922,1.0418808899454213,0.2443215213448502,2.0955883602087244
hosted-saturation/ubuntu-net8.0-writer/readers.jsonl,large,writer,4,5,writer_p99_ms,25.674024,27.46315,8.437264465097698,5.656215333425703,11.45561428307949
hosted-saturation/ubuntu-net8.0-writer/readers.jsonl,large,writer,4,5,total_active_cpu_ms,15290.000100000001,18500,21.713810250533193,21.040334646168247,22.387285854898135
hosted-saturation/ubuntu-net8.0-writer/readers.jsonl,large,writer,4,5,read_completion_fraction,1.0,1.0,0.0,0.0,0.0
hosted-saturation/ubuntu-net8.0-writer/readers.jsonl,large,writer,4,5,median_reader_api_p99_ms,27.556725,31.30035,13.702967217618127,11.276729775535703,16.323185881402843
hosted-saturation/ubuntu-net8.0-writer/readers.jsonl,large,writer,4,5,median_reader_arrival_p99_ms,27.556100000000015,31.299199999999928,13.70262447413607,11.276668700294907,16.323002627328695
hosted-saturation/ubuntu-net8.0-writer/readers.jsonl,medium,writer,1,5,read_calls_per_second,70.55697153647819,449.2594844424089,543.0188579596652,527.5217815449304,562.7990504335754
hosted-saturation/ubuntu-net8.0-writer/readers.jsonl,medium,writer,1,5,writer_transactions_per_second,70.55816253752337,69.56381012342139,-1.2132370128050551,-2.6117342402842847,0.21716048368861207
hosted-saturation/ubuntu-net8.0-writer/readers.jsonl,medium,writer,1,5,writer_p99_ms,22.0699,21.63206,-0.9496869441527545,-4.193219999762716,3.40475737346845
hosted-saturation/ubuntu-net8.0-writer/readers.jsonl,medium,writer,1,5,total_active_cpu_ms,8800,10340,17.354041999603215,16.675294976747765,18.032789022458665
hosted-saturation/ubuntu-net8.0-writer/readers.jsonl,medium,writer,1,5,read_completion_fraction,1.0,1.0,0.0,0.0,0.0
hosted-saturation/ubuntu-net8.0-writer/readers.jsonl,medium,writer,1,5,median_reader_api_p99_ms,22.236643,14.876513,-33.69332373571654,-37.211490445789465,-29.4348539766737
hosted-saturation/ubuntu-net8.0-writer/readers.jsonl,medium,writer,1,5,median_reader_arrival_p99_ms,22.236199999999826,14.876099999999951,-33.692743755378075,-37.21131172604468,-29.434102895438826
hosted-saturation/ubuntu-net8.0-writer/readers.jsonl,medium,writer,4,5,read_calls_per_second,239.52717143881563,2494.2749587878093,942.4400357595853,918.3654549504465,963.9949112584438
hosted-saturation/ubuntu-net8.0-writer/readers.jsonl,medium,writer,4,5,writer_transactions_per_second,59.6425016462879,51.50642364458675,-12.8715921103549,-14.465697219690218,-11.042225728316804
hosted-saturation/ubuntu-net8.0-writer/readers.jsonl,medium,writer,4,5,writer_p99_ms,25.155882,27.964833,7.757903872146896,0.6609078815911016,14.832138965356497
hosted-saturation/ubuntu-net8.0-writer/readers.jsonl,medium,writer,4,5,total_active_cpu_ms,9920,18740,88.59133907749508,87.53735412297793,89.62658546657707
hosted-saturation/ubuntu-net8.0-writer/readers.jsonl,medium,writer,4,5,read_completion_fraction,1.0,1.0,0.0,0.0,0.0
hosted-saturation/ubuntu-net8.0-writer/readers.jsonl,medium,writer,4,5,median_reader_api_p99_ms,28.182412499999998,10.613611500000001,-61.922649839652976,-65.20794667197295,-58.637353007333004
hosted-saturation/ubuntu-net8.0-writer/readers.jsonl,medium,writer,4,5,median_reader_arrival_p99_ms,28.18170000000009,10.61324999999988,-61.92377885994984,-65.20867196095426,-58.63888575894542
hosted-saturation/ubuntu-net8.0-writer/readers.jsonl,point,writer,1,5,read_calls_per_second,73.28124513093364,1963.7854847376125,2566.5984315024384,2497.015622125149,2634.6371510184213
hosted-saturation/ubuntu-net8.0-writer/readers.jsonl,point,writer,1,5,writer_transactions_per_second,72.98332039195762,71.86099744363747,-1.6815188652679702,-2.524266703244522,-0.6748871080730767
hosted-saturation/ubuntu-net8.0-writer/readers.jsonl,point,writer,1,5,writer_p99_ms,21.129448,21.495941,1.9228286726940078,-4.5305183990943965,7.418733555539343
hosted-saturation/ubuntu-net8.0-writer/readers.jsonl,point,writer,1,5,total_active_cpu_ms,8230,9460,14.95009801400574,14.569849514514223,15.495013172463832
hosted-saturation/ubuntu-net8.0-writer/readers.jsonl,point,writer,1,5,read_completion_fraction,1.0,1.0,0.0,0.0,0.0
hosted-saturation/ubuntu-net8.0-writer/readers.jsonl,point,writer,1,5,median_reader_api_p99_ms,21.090239,8.141426,-60.958413894954894,-63.23461206258138,-58.95484529571369
hosted-saturation/ubuntu-net8.0-writer/readers.jsonl,point,writer,1,5,median_reader_arrival_p99_ms,21.089899999999943,8.141400000000004,-60.9576894640671,-63.233879172946295,-58.95381408858212
hosted-saturation/ubuntu-net8.0-writer/readers.jsonl,point,writer,4,5,read_calls_per_second,430.08299988842583,17562.99275449234,4011.6103385228907,3912.1379674157556,4117.708579157115
hosted-saturation/ubuntu-net8.0-writer/readers.jsonl,point,writer,4,5,writer_transactions_per_second,67.40262410298466,52.70373662505434,-21.582902626953793,-22.405958195339842,-20.534277426541507
hosted-saturation/ubuntu-net8.0-writer/readers.jsonl,point,writer,4,5,writer_p99_ms,22.827955,28.128495,22.701307673263052,21.95913477941455,23.50802820890445
hosted-saturation/ubuntu-net8.0-writer/readers.jsonl,point,writer,4,5,total_active_cpu_ms,8730,17849.9999,104.46585356362048,103.79471648491531,105.23036724137191
hosted-saturation/ubuntu-net8.0-writer/readers.jsonl,point,writer,4,5,read_completion_fraction,1.0,1.0,0.0,0.0,0.0
hosted-saturation/ubuntu-net8.0-writer/readers.jsonl,point,writer,4,5,median_reader_api_p99_ms,45.6398105,5.799390000000001,-87.17962884834868,-87.4666771346053,-86.89258056209205
hosted-saturation/ubuntu-net8.0-writer/readers.jsonl,point,writer,4,5,median_reader_arrival_p99_ms,45.639100000000326,5.799149999999827,-87.17987295495537,-87.46685335083973,-86.89289255907104
hosted-saturation/windows-net10.0-checkpoint/readers.jsonl,large,checkpoint,1,5,read_calls_per_second,54.772014786764856,113.53677364149453,106.92438098128719,94.14851435684973,118.33127188153587
hosted-saturation/windows-net10.0-checkpoint/readers.jsonl,large,checkpoint,1,5,writer_transactions_per_second,56.46629357537605,55.22576056233366,-4.682838615488716,-10.508827586905838,1.1431503559284062
hosted-saturation/windows-net10.0-checkpoint/readers.jsonl,large,checkpoint,1,5,writer_p99_ms,35.0318,36.9294,9.320917038189686,3.3799366651137452,14.784690675985951
hosted-saturation/windows-net10.0-checkpoint/readers.jsonl,large,checkpoint,1,5,total_active_cpu_ms,9187.5,9937.5,5.667040057407042,1.0527457547138863,9.69911620636631
hosted-saturation/windows-net10.0-checkpoint/readers.jsonl,large,checkpoint,1,5,read_completion_fraction,1.0,1.0,0.0,0.0,0.0
hosted-saturation/windows-net10.0-checkpoint/readers.jsonl,large,checkpoint,1,5,median_reader_api_p99_ms,37.5569,45.2722,16.72074697834148,1.9299712173889283,27.294722523578134
hosted-saturation/windows-net10.0-checkpoint/readers.jsonl,large,checkpoint,1,5,median_reader_arrival_p99_ms,37.5565000000006,45.271199999999226,16.720141690796492,1.9289835051762823,27.292196648123728
hosted-saturation/windows-net10.0-checkpoint/readers.jsonl,large,checkpoint,4,5,read_calls_per_second,197.61583681579128,616.5086621016185,184.82039047076216,127.97612447413876,216.4020299099765
hosted-saturation/windows-net10.0-checkpoint/readers.jsonl,large,checkpoint,4,5,writer_transactions_per_second,36.45937841894075,29.460281648281786,-23.850596613514245,-31.245809201790905,-18.56855586613417
hosted-saturation/windows-net10.0-checkpoint/readers.jsonl,large,checkpoint,4,5,writer_p99_ms,50.6254,78.8313,158.5944103280822,52.79813208476821,342.81066627766813
hosted-saturation/windows-net10.0-checkpoint/readers.jsonl,large,checkpoint,4,5,total_active_cpu_ms,14578.125,17750.0,14.254193953901455,-2.711101247973999,25.286894241878173
hosted-saturation/windows-net10.0-checkpoint/readers.jsonl,large,checkpoint,4,5,read_completion_fraction,1.0,1.0,0.0,0.0,0.0
hosted-saturation/windows-net10.0-checkpoint/readers.jsonl,large,checkpoint,4,5,median_reader_api_p99_ms,51.7256,51.804550000000006,2.9350682981260574,-2.201943959851305,9.076885093721106
hosted-saturation/windows-net10.0-checkpoint/readers.jsonl,large,checkpoint,4,5,median_reader_arrival_p99_ms,51.72484999999983,51.803849999999784,2.935030573164419,-2.2020028126675113,9.077647276343743
hosted-saturation/windows-net10.0-checkpoint/readers.jsonl,medium,checkpoint,1,5,read_calls_per_second,60.447564155997235,405.06278498158747,518.8947059902542,445.32157044420927,577.1350005249458
hosted-saturation/windows-net10.0-checkpoint/readers.jsonl,medium,checkpoint,1,5,writer_transactions_per_second,60.30340239184461,56.59012841799877,-5.786045582499542,-7.953793551744852,-3.6182976132542306
hosted-saturation/windows-net10.0-checkpoint/readers.jsonl,medium,checkpoint,1,5,writer_p99_ms,31.5992,34.8013,9.601482880993743,4.9262782189618015,14.517900132302321
hosted-saturation/windows-net10.0-checkpoint/readers.jsonl,medium,checkpoint,1,5,total_active_cpu_ms,8265.625,9031.25,9.20836786869954,6.052654268914677,13.032123428134176
hosted-saturation/windows-net10.0-checkpoint/readers.jsonl,medium,checkpoint,1,5,read_completion_fraction,1.0,1.0,0.0,0.0,0.0
hosted-saturation/windows-net10.0-checkpoint/readers.jsonl,medium,checkpoint,1,5,median_reader_api_p99_ms,31.5683,31.7781,-0.43105686766624174,-4.812377991210288,3.9089121110637004
hosted-saturation/windows-net10.0-checkpoint/readers.jsonl,medium,checkpoint,1,5,median_reader_arrival_p99_ms,31.56770000000006,31.777600000000348,-0.4304671530436456,-4.812244112799105,3.9101304006984483
hosted-saturation/windows-net10.0-checkpoint/readers.jsonl,medium,checkpoint,4,5,read_calls_per_second,300.3944625648302,2371.399354089836,661.8228675737467,587.2363394509963,751.4837089908735
hosted-saturation/windows-net10.0-checkpoint/readers.jsonl,medium,checkpoint,4,5,writer_transactions_per_second,42.51808635555085,34.759889173487146,-21.429743681557937,-31.957739619546413,-11.721393098846281
hosted-saturation/windows-net10.0-checkpoint/readers.jsonl,medium,checkpoint,4,5,writer_p99_ms,38.8503,64.3056,71.64378080185426,45.29765781945743,98.38327269542533
hosted-saturation/windows-net10.0-checkpoint/readers.jsonl,medium,checkpoint,4,5,total_active_cpu_ms,9609.375,16203.125,68.64968147719424,66.48662605304114,71.7178483046703
hosted-saturation/windows-net10.0-checkpoint/readers.jsonl,medium,checkpoint,4,5,read_completion_fraction,1.0,1.0,0.0,0.0,0.0
hosted-saturation/windows-net10.0-checkpoint/readers.jsonl,medium,checkpoint,4,5,median_reader_api_p99_ms,34.952799999999996,30.75925,-13.369086422296341,-17.900883442002463,-5.991596126176275
hosted-saturation/windows-net10.0-checkpoint/readers.jsonl,medium,checkpoint,4,5,median_reader_arrival_p99_ms,34.952150000000074,30.758450000000266,-13.369463647504991,-17.90096722352758,-5.992569237526393
hosted-saturation/windows-net10.0-checkpoint/readers.jsonl,point,checkpoint,1,5,read_calls_per_second,125.67486804738259,1311.0229642906181,965.474514152447,940.721032168169,984.3775785575733
hosted-saturation/windows-net10.0-checkpoint/readers.jsonl,point,checkpoint,1,5,writer_transactions_per_second,62.63723123058383,62.66447488254434,-0.26700337201835067,-1.6040216501519944,0.7482856898678314
hosted-saturation/windows-net10.0-checkpoint/readers.jsonl,point,checkpoint,1,5,writer_p99_ms,30.3784,30.333,-1.2212134964051202,-4.015016756689573,1.572589763879333
hosted-saturation/windows-net10.0-checkpoint/readers.jsonl,point,checkpoint,1,5,total_active_cpu_ms,8000.0,8468.75,5.845455743134136,4.450916788499026,7.5620223126232755
hosted-saturation/windows-net10.0-checkpoint/readers.jsonl,point,checkpoint,1,5,read_completion_fraction,1.0,1.0,0.0,0.0,0.0
hosted-saturation/windows-net10.0-checkpoint/readers.jsonl,point,checkpoint,1,5,median_reader_api_p99_ms,29.3483,23.9587,-18.75109646230739,-20.164655453795593,-17.173690840584584
hosted-saturation/windows-net10.0-checkpoint/readers.jsonl,point,checkpoint,1,5,median_reader_arrival_p99_ms,29.347499999999854,23.95850000000064,-18.75042124035761,-20.16356873113602,-17.173176632927202
hosted-saturation/windows-net10.0-checkpoint/readers.jsonl,point,checkpoint,4,5,read_calls_per_second,426.11275663802724,8978.278226628612,1987.0077103011222,1698.7857689196014,2275.2296516826427
hosted-saturation/windows-net10.0-checkpoint/readers.jsonl,point,checkpoint,4,5,writer_transactions_per_second,52.76469092412739,44.50104880291331,-13.192518626687917,-15.371651014833983,-10.889765011833564
hosted-saturation/windows-net10.0-checkpoint/readers.jsonl,point,checkpoint,4,5,writer_p99_ms,36.2022,49.3484,34.783165896166494,20.034525617425867,49.30803374452128
hosted-saturation/windows-net10.0-checkpoint/readers.jsonl,point,checkpoint,4,5,total_active_cpu_ms,7859.375,11937.5,52.78426527337956,45.53308217339593,60.03544837336318
hosted-saturation/windows-net10.0-checkpoint/readers.jsonl,point,checkpoint,4,5,read_completion_fraction,1.0,1.0,0.0,0.0,0.0
hosted-saturation/windows-net10.0-checkpoint/readers.jsonl,point,checkpoint,4,5,median_reader_api_p99_ms,31.3024,15.56705,-47.410250789207886,-53.8145255678733,-37.77079521230758
hosted-saturation/windows-net10.0-checkpoint/readers.jsonl,point,checkpoint,4,5,median_reader_arrival_p99_ms,31.301899999999932,15.567000000000121,-47.40969437075844,-53.81405411377748,-37.77003782278383
hosted-saturation/windows-net10.0-idle/readers.jsonl,large,idle,1,5,read_calls_per_second,301.5637580675554,2243.120615961401,705.2641119747393,630.8963771733432,785.1770353640202
hosted-saturation/windows-net10.0-idle/readers.jsonl,large,idle,1,5,total_active_cpu_ms,5125,9906.25,105.23032194159015,78.82714300018732,132.78409827517646
hosted-saturation/windows-net10.0-idle/readers.jsonl,large,idle,1,5,read_completion_fraction,1.0,1.0,0.0,0.0,0.0
hosted-saturation/windows-net10.0-idle/readers.jsonl,large,idle,1,5,median_reader_api_p99_ms,15.1712,0.7816,-94.69653081895444,-95.31639887096767,-93.92649570320062
hosted-saturation/windows-net10.0-idle/readers.jsonl,large,idle,1,5,median_reader_arrival_p99_ms,15.170899999999847,0.7812000000003536,-94.70065985639107,-95.31814122628396,-93.9364152259719
hosted-saturation/windows-net10.0-idle/readers.jsonl,large,idle,4,5,read_calls_per_second,587.2291947561996,3312.851568272536,448.5386292533946,424.3781924457732,470.64452900644153
hosted-saturation/windows-net10.0-idle/readers.jsonl,large,idle,4,5,total_active_cpu_ms,15703.125,38718.75,138.56931915330415,122.87413188489839,149.47632941915913
hosted-saturation/windows-net10.0-idle/readers.jsonl,large,idle,4,5,read_completion_fraction,1.0,1.0,0.0,0.0,0.0
hosted-saturation/windows-net10.0-idle/readers.jsonl,large,idle,4,5,median_reader_api_p99_ms,18.7078,1.62665,-79.06216751373248,-91.360410273911,-54.656896177918064
hosted-saturation/windows-net10.0-idle/readers.jsonl,large,idle,4,5,median_reader_arrival_p99_ms,18.70704999999998,1.6249000000007072,-79.0702244953004,-91.37698322011013,-54.65859724415909
hosted-saturation/windows-net10.0-idle/readers.jsonl,medium,idle,1,5,read_calls_per_second,1691.0858963436247,7593.946994249981,359.1305964990154,343.4328565634338,380.5223853498983
hosted-saturation/windows-net10.0-idle/readers.jsonl,medium,idle,1,5,total_active_cpu_ms,10000,9937.5,-0.11422939346812155,-0.9667087869362367,1.061520606531876
hosted-saturation/windows-net10.0-idle/readers.jsonl,medium,idle,1,5,read_completion_fraction,1.0,1.0,0.0,0.0,0.0
hosted-saturation/windows-net10.0-idle/readers.jsonl,medium,idle,1,5,median_reader_api_p99_ms,1.0073,0.2576,-75.27747967835002,-78.78064678925361,-71.41298306428244
hosted-saturation/windows-net10.0-idle/readers.jsonl,medium,idle,1,5,median_reader_arrival_p99_ms,1.006600000000617,0.25750000000152795,-75.28541892116735,-78.79632851259385,-71.4126534809036
hosted-saturation/windows-net10.0-idle/readers.jsonl,medium,idle,4,5,read_calls_per_second,1990.6938305372882,11605.034662592816,480.7914106992678,452.96079277360275,504.2652845786437
hosted-saturation/windows-net10.0-idle/readers.jsonl,medium,idle,4,5,total_active_cpu_ms,16296.875,35812.5,118.16209551345784,105.15620811712836,127.75589798668038
hosted-saturation/windows-net10.0-idle/readers.jsonl,medium,idle,4,5,read_completion_fraction,1.0,1.0,0.0,0.0,0.0
hosted-saturation/windows-net10.0-idle/readers.jsonl,medium,idle,4,5,median_reader_api_p99_ms,3.25805,0.75715,-68.96996916399073,-76.13007948073987,-55.49499782046045
hosted-saturation/windows-net10.0-idle/readers.jsonl,medium,idle,4,5,median_reader_arrival_p99_ms,3.2579999999999814,0.7559000000001106,-68.9847374482994,-76.15775109178401,-55.489519055582036
hosted-saturation/windows-net10.0-idle/readers.jsonl,point,idle,1,5,read_calls_per_second,8845.844094265323,56293.93638785188,540.5460723791738,530.7403333229914,551.2155304926636
hosted-saturation/windows-net10.0-idle/readers.jsonl,point,idle,1,5,total_active_cpu_ms,9921.875,9984.375,0.3473495160011919,-0.03095425867507995,0.726200694107555
hosted-saturation/windows-net10.0-idle/readers.jsonl,point,idle,1,5,read_completion_fraction,1.0,1.0,0.0,0.0,0.0
hosted-saturation/windows-net10.0-idle/readers.jsonl,point,idle,1,5,median_reader_api_p99_ms,0.389,0.0382,-90.51232235965678,-90.96940857030995,-90.0552361490036
hosted-saturation/windows-net10.0-idle/readers.jsonl,point,idle,1,5,median_reader_arrival_p99_ms,0.387100000000828,0.03810000000066793,-90.50328673931088,-90.95801841445197,-90.04855506416978
hosted-saturation/windows-net10.0-idle/readers.jsonl,point,idle,4,5,read_calls_per_second,5776.29934283645,105053.38027964998,1717.6504500953172,1677.487482704959,1748.2728161446644
hosted-saturation/windows-net10.0-idle/readers.jsonl,point,idle,4,5,total_active_cpu_ms,10359.375,38187.5,265.1802343467965,257.390529331455,272.60271970458484
hosted-saturation/windows-net10.0-idle/readers.jsonl,point,idle,4,5,read_completion_fraction,1.0,1.0,0.0,0.0,0.0
hosted-saturation/windows-net10.0-idle/readers.jsonl,point,idle,4,5,median_reader_api_p99_ms,1.1677,0.0859,-92.0452982650205,-92.96871979943933,-90.96655367902778
hosted-saturation/windows-net10.0-idle/readers.jsonl,point,idle,4,5,median_reader_arrival_p99_ms,1.1676999999997406,0.08580000000029031,-92.05866476859217,-92.97458133864282,-90.98480986050393
hosted-saturation/windows-net10.0-writer/readers.jsonl,large,writer,1,5,read_calls_per_second,52.85772386387643,126.0838890006635,161.13029950823068,122.5427121432358,221.47727845844656
hosted-saturation/windows-net10.0-writer/readers.jsonl,large,writer,1,5,writer_transactions_per_second,57.85578256106206,59.60801410479376,21.840484775585377,-0.6537724555428959,61.78085072854467
hosted-saturation/windows-net10.0-writer/readers.jsonl,large,writer,1,5,writer_p99_ms,37.2826,36.2488,-27.199980210024496,-62.92480064605631,4.43231879209775
hosted-saturation/windows-net10.0-writer/readers.jsonl,large,writer,1,5,total_active_cpu_ms,9312.5,9593.75,4.19524307587587,-1.468187635090037,10.710394591027383
hosted-saturation/windows-net10.0-writer/readers.jsonl,large,writer,1,5,read_completion_fraction,1.0,1.0,0.0,0.0,0.0
hosted-saturation/windows-net10.0-writer/readers.jsonl,large,writer,1,5,median_reader_api_p99_ms,38.5261,44.4458,-14.08630234930872,-51.29056970457517,21.017771529211387
hosted-saturation/windows-net10.0-writer/readers.jsonl,large,writer,1,5,median_reader_arrival_p99_ms,38.525399999998626,44.44490000000019,-14.086441611619916,-51.291064596341755,21.018017209455767
hosted-saturation/windows-net10.0-writer/readers.jsonl,large,writer,4,5,read_calls_per_second,166.99024047246965,645.586117216872,466.0012567721146,249.49996312658337,784.1349083288814
hosted-saturation/windows-net10.0-writer/readers.jsonl,large,writer,4,5,writer_transactions_per_second,45.48166770419847,36.87790460345684,29.165871433316443,-16.032591619948366,101.36112267801538
hosted-saturation/windows-net10.0-writer/readers.jsonl,large,writer,4,5,writer_p99_ms,41.5182,76.2536,72.08561986063962,18.25699449239654,136.02810509010192
hosted-saturation/windows-net10.0-writer/readers.jsonl,large,writer,4,5,total_active_cpu_ms,12593.75,17656.25,102.00359312537728,29.924343098169736,220.31814966017856
hosted-saturation/windows-net10.0-writer/readers.jsonl,large,writer,4,5,read_completion_fraction,1.0,1.0,0.0,0.0,0.0
hosted-saturation/windows-net10.0-writer/readers.jsonl,large,writer,4,5,median_reader_api_p99_ms,48.571,57.16865,-3.874718121678886,-25.25345597647118,12.064333177971864
hosted-saturation/windows-net10.0-writer/readers.jsonl,large,writer,4,5,median_reader_arrival_p99_ms,48.57015000000001,57.167750000000524,-3.8746965362426846,-25.25350311875364,12.06431189714039
hosted-saturation/windows-net10.0-writer/readers.jsonl,medium,writer,1,5,read_calls_per_second,63.14491931832781,374.2145202764098,507.64165348194166,470.2762115475277,545.0070954163556
hosted-saturation/windows-net10.0-writer/readers.jsonl,medium,writer,1,5,writer_transactions_per_second,63.13560673198192,60.95169334495639,-1.207536580918298,-6.640959502205608,4.7598949021289005
hosted-saturation/windows-net10.0-writer/readers.jsonl,medium,writer,1,5,writer_p99_ms,34.9807,35.8027,4.046694137695175,-1.7409596060877952,9.834347881478147
hosted-saturation/windows-net10.0-writer/readers.jsonl,medium,writer,1,5,total_active_cpu_ms,7843.75,8500.0,8.879332143188302,4.1886680870856186,13.130262987433605
hosted-saturation/windows-net10.0-writer/readers.jsonl,medium,writer,1,5,read_completion_fraction,1.0,1.0,0.0,0.0,0.0
hosted-saturation/windows-net10.0-writer/readers.jsonl,medium,writer,1,5,median_reader_api_p99_ms,35.0482,29.4509,-13.104023839218556,-20.01262706644776,-6.195420611989351
hosted-saturation/windows-net10.0-writer/readers.jsonl,medium,writer,1,5,median_reader_arrival_p99_ms,35.04749999999967,29.450200000000223,-13.104506723396709,-20.01284141387951,-6.196172032913907
hosted-saturation/windows-net10.0-writer/readers.jsonl,medium,writer,4,5,read_calls_per_second,203.38214592351056,2564.267302220807,1119.5024130175234,866.752387134411,1324.6502699319894
hosted-saturation/windows-net10.0-writer/readers.jsonl,medium,writer,4,5,writer_transactions_per_second,50.85484191747412,36.77227076606073,-26.463676093661025,-37.50355692356948,-11.020586888964875
hosted-saturation/windows-net10.0-writer/readers.jsonl,medium,writer,4,5,writer_p99_ms,34.4164,70.4397,131.83724337849247,66.45002962971026,197.22445712727472
hosted-saturation/windows-net10.0-writer/readers.jsonl,medium,writer,4,5,total_active_cpu_ms,8953.125,15671.875,86.88989651741946,64.43541119361363,111.6864158709463
hosted-saturation/windows-net10.0-writer/readers.jsonl,medium,writer,4,5,read_completion_fraction,1.0,1.0,0.0,0.0,0.0
hosted-saturation/windows-net10.0-writer/readers.jsonl,medium,writer,4,5,median_reader_api_p99_ms,35.25075,29.2868,-15.17408083991743,-20.838531325916072,-9.297306065282871
hosted-saturation/windows-net10.0-writer/readers.jsonl,medium,writer,4,5,median_reader_arrival_p99_ms,35.250249999999596,29.286099999999806,-15.174795534227748,-20.839418333609412,-9.298290337259882
hosted-saturation/windows-net10.0-writer/readers.jsonl,point,writer,1,5,read_calls_per_second,64.40653195269961,895.6334530530036,1302.8336678593448,1287.2379897652575,1316.7009197887962
hosted-saturation/windows-net10.0-writer/readers.jsonl,point,writer,1,5,writer_transactions_per_second,64.40770311735581,65.52028278234437,1.4808684076502665,-1.3285023869095136,4.705716904666639
hosted-saturation/windows-net10.0-writer/readers.jsonl,point,writer,1,5,writer_p99_ms,33.9491,33.3445,-10.935246444488097,-35.455403442894806,5.804221043854269
hosted-saturation/windows-net10.0-writer/readers.jsonl,point,writer,1,5,total_active_cpu_ms,7187.5,7875.0,8.667927841418752,4.829072800162719,12.227934736341028
hosted-saturation/windows-net10.0-writer/readers.jsonl,point,writer,1,5,read_completion_fraction,1.0,1.0,0.0,0.0,0.0
hosted-saturation/windows-net10.0-writer/readers.jsonl,point,writer,1,5,median_reader_api_p99_ms,34.0465,24.8257,-34.27296922582079,-51.690246833583956,-24.140952131296743
hosted-saturation/windows-net10.0-writer/readers.jsonl,point,writer,1,5,median_reader_arrival_p99_ms,34.04579999999987,24.825399999999718,-34.27335170161415,-51.690464140522366,-24.141317999296678
hosted-saturation/windows-net10.0-writer/readers.jsonl,point,writer,4,5,read_calls_per_second,244.60633507225322,4474.8839417155805,1805.0082695935657,1675.260529048676,1986.6754131170237
hosted-saturation/windows-net10.0-writer/readers.jsonl,point,writer,4,5,writer_transactions_per_second,61.15953746161077,55.333632840770775,-10.18489481232094,-15.53843244972172,-6.3349241466734085
hosted-saturation/windows-net10.0-writer/readers.jsonl,point,writer,4,5,writer_p99_ms,34.8073,37.8328,12.381841206576448,7.574441978896273,20.66664970559894
hosted-saturation/windows-net10.0-writer/readers.jsonl,point,writer,4,5,total_active_cpu_ms,7640.625,10921.875,41.20585984898661,39.48196618835626,43.243414724900944
hosted-saturation/windows-net10.0-writer/readers.jsonl,point,writer,4,5,read_completion_fraction,1.0,1.0,0.0,0.0,0.0
hosted-saturation/windows-net10.0-writer/readers.jsonl,point,writer,4,5,median_reader_api_p99_ms,34.9216,23.9161,-31.43138307149901,-32.208627286128575,-30.346507470792524
hosted-saturation/windows-net10.0-writer/readers.jsonl,point,writer,4,5,median_reader_arrival_p99_ms,34.920900000000074,23.915849999999864,-31.430621961476902,-32.20769826975935,-30.345802539528272
hosted-saturation/windows-net8.0-checkpoint/readers.jsonl,large,checkpoint,1,5,read_calls_per_second,53.04016538942419,111.50335558158322,115.92060151168532,98.83725533171227,133.71836002627552
hosted-saturation/windows-net8.0-checkpoint/readers.jsonl,large,checkpoint,1,5,writer_transactions_per_second,56.002496293802714,53.54257719223864,-3.396773897258756,-7.454382733122896,0.6608349386053834
hosted-saturation/windows-net8.0-checkpoint/readers.jsonl,large,checkpoint,1,5,writer_p99_ms,36.5368,37.381,3.5253500136778326,2.727974218150262,4.4277473338780515
hosted-saturation/windows-net8.0-checkpoint/readers.jsonl,large,checkpoint,1,5,total_active_cpu_ms,8890.625,9656.25,7.9419717106492005,2.2351517374220453,13.648791683876354
hosted-saturation/windows-net8.0-checkpoint/readers.jsonl,large,checkpoint,1,5,read_completion_fraction,1.0,1.0,0.0,0.0,0.0
hosted-saturation/windows-net8.0-checkpoint/readers.jsonl,large,checkpoint,1,5,median_reader_api_p99_ms,38.9833,48.2568,21.561461876572725,14.476287705169728,26.475425137939293
hosted-saturation/windows-net8.0-checkpoint/readers.jsonl,large,checkpoint,1,5,median_reader_arrival_p99_ms,38.98259999999982,48.25610000000006,21.555268157995954,14.476324499990668,26.469139823086312
hosted-saturation/windows-net8.0-checkpoint/readers.jsonl,large,checkpoint,4,5,read_calls_per_second,200.26433445904925,640.4540314772512,188.10271633779675,138.69389044117423,237.51154223441932
hosted-saturation/windows-net8.0-checkpoint/readers.jsonl,large,checkpoint,4,5,writer_transactions_per_second,35.389485783773644,31.784912337811484,-17.14906765214816,-40.97709451504089,-0.4293447034880593
hosted-saturation/windows-net8.0-checkpoint/readers.jsonl,large,checkpoint,4,5,writer_p99_ms,51.1452,71.7078,180.46538110387718,20.653055040747628,481.03687662365456
hosted-saturation/windows-net8.0-checkpoint/readers.jsonl,large,checkpoint,4,5,total_active_cpu_ms,13593.75,16390.625,18.017435920226305,6.395785859831289,26.392861113611218
hosted-saturation/windows-net8.0-checkpoint/readers.jsonl,large,checkpoint,4,5,read_completion_fraction,1.0,1.0,0.0,0.0,0.0
hosted-saturation/windows-net8.0-checkpoint/readers.jsonl,large,checkpoint,4,5,median_reader_api_p99_ms,48.8749,50.5509,21.28088229156923,-0.9435693265616907,58.942607350712805
hosted-saturation/windows-net8.0-checkpoint/readers.jsonl,large,checkpoint,4,5,median_reader_arrival_p99_ms,48.87409999999977,50.55000000000007,21.282237739066343,-0.943552802264076,58.94623767040141
hosted-saturation/windows-net8.0-checkpoint/readers.jsonl,medium,checkpoint,1,5,read_calls_per_second,64.6385668596709,279.221038636929,334.34999330873313,328.44707450373346,343.3519482280165
hosted-saturation/windows-net8.0-checkpoint/readers.jsonl,medium,checkpoint,1,5,writer_transactions_per_second,59.43446340024245,59.02223643283264,0.32890442188510116,-2.308892248151775,4.478797313901239
hosted-saturation/windows-net8.0-checkpoint/readers.jsonl,medium,checkpoint,1,5,writer_p99_ms,35.6553,35.4246,1.3531211901885154,-5.742584630659847,8.154658408289361
hosted-saturation/windows-net8.0-checkpoint/readers.jsonl,medium,checkpoint,1,5,total_active_cpu_ms,7781.25,8656.25,10.896161531885294,6.688944741406786,16.446483044243063
hosted-saturation/windows-net8.0-checkpoint/readers.jsonl,medium,checkpoint,1,5,read_completion_fraction,1.0,1.0,0.0,0.0,0.0
hosted-saturation/windows-net8.0-checkpoint/readers.jsonl,medium,checkpoint,1,5,median_reader_api_p99_ms,35.3956,31.4827,-5.193101852419939,-10.592602953692362,0.8550396265728732
hosted-saturation/windows-net8.0-checkpoint/readers.jsonl,medium,checkpoint,1,5,median_reader_arrival_p99_ms,35.39480000000003,31.481800000001385,-5.193365414869436,-10.593197611540113,0.8549332881873161
hosted-saturation/windows-net8.0-checkpoint/readers.jsonl,medium,checkpoint,4,5,read_calls_per_second,313.25016918693245,1608.3604321208572,419.6328713966989,364.0551831821399,475.21055961125785
hosted-saturation/windows-net8.0-checkpoint/readers.jsonl,medium,checkpoint,4,5,writer_transactions_per_second,43.52187214643505,42.48647867816067,-3.2025654815846893,-8.042804453561759,1.0989856035638157
hosted-saturation/windows-net8.0-checkpoint/readers.jsonl,medium,checkpoint,4,5,writer_p99_ms,39.8888,56.2724,44.70656343555444,35.43839892226789,55.96466807160228
hosted-saturation/windows-net8.0-checkpoint/readers.jsonl,medium,checkpoint,4,5,total_active_cpu_ms,9468.75,13578.125,46.246264610199525,39.94289989200321,52.37962182878207
hosted-saturation/windows-net8.0-checkpoint/readers.jsonl,medium,checkpoint,4,5,read_completion_fraction,1.0,1.0,0.0,0.0,0.0
hosted-saturation/windows-net8.0-checkpoint/readers.jsonl,medium,checkpoint,4,5,median_reader_api_p99_ms,35.75405,33.18605,-3.579221915926609,-8.153514752244138,0.9950709203909213
hosted-saturation/windows-net8.0-checkpoint/readers.jsonl,medium,checkpoint,4,5,median_reader_arrival_p99_ms,35.75345000000016,33.18525000000017,-3.5799221503169654,-8.153906174156393,0.9940618735224627
hosted-saturation/windows-net8.0-checkpoint/readers.jsonl,point,checkpoint,1,5,read_calls_per_second,123.18637435513257,969.7998036738953,714.2022581272653,650.169530168894,775.8170667376578
hosted-saturation/windows-net8.0-checkpoint/readers.jsonl,point,checkpoint,1,5,writer_transactions_per_second,60.38931773358611,60.448363194708186,1.4726337650812482,-2.4913271998228614,5.436594729985358
hosted-saturation/windows-net8.0-checkpoint/readers.jsonl,point,checkpoint,1,5,writer_p99_ms,35.1738,35.3986,-2.0019887343774223,-9.72148847346848,5.001458884225292
hosted-saturation/windows-net8.0-checkpoint/readers.jsonl,point,checkpoint,1,5,total_active_cpu_ms,7484.375,8171.875,8.795365333123684,5.072414943988641,12.407067531408549
hosted-saturation/windows-net8.0-checkpoint/readers.jsonl,point,checkpoint,1,5,read_completion_fraction,1.0,1.0,0.0,0.0,0.0
hosted-saturation/windows-net8.0-checkpoint/readers.jsonl,point,checkpoint,1,5,median_reader_api_p99_ms,33.8424,24.9083,-24.680101420262865,-27.72067800479413,-21.187387999460093
hosted-saturation/windows-net8.0-checkpoint/readers.jsonl,point,checkpoint,1,5,median_reader_arrival_p99_ms,33.841599999999744,24.907699999999977,-24.680667907028983,-27.721212529940154,-21.187740012512343
hosted-saturation/windows-net8.0-checkpoint/readers.jsonl,point,checkpoint,4,5,read_calls_per_second,413.8765781888145,4330.531982327175,1236.3154395628508,914.3705602750375,1750.765790858862
hosted-saturation/windows-net8.0-checkpoint/readers.jsonl,point,checkpoint,4,5,writer_transactions_per_second,51.67637459506263,47.88280396432907,-10.392430605487382,-17.30801760572935,-5.796833194237389
hosted-saturation/windows-net8.0-checkpoint/readers.jsonl,point,checkpoint,4,5,writer_p99_ms,34.808,42.026,33.908860557371106,13.486157068205625,64.27657619320048
hosted-saturation/windows-net8.0-checkpoint/readers.jsonl,point,checkpoint,4,5,total_active_cpu_ms,7859.375,11296.875,49.21526015037691,41.65217391304348,57.91902298351408
hosted-saturation/windows-net8.0-checkpoint/readers.jsonl,point,checkpoint,4,5,read_completion_fraction,1.0,1.0,0.0,0.0,0.0
hosted-saturation/windows-net8.0-checkpoint/readers.jsonl,point,checkpoint,4,5,median_reader_api_p99_ms,32.653800000000004,26.067149999999998,-28.695919141946078,-45.977888104367445,-18.00888090108828
hosted-saturation/windows-net8.0-checkpoint/readers.jsonl,point,checkpoint,4,5,median_reader_arrival_p99_ms,32.65304999999978,26.06640000000013,-28.69614029745893,-45.97806861502181,-18.00902553838865
hosted-saturation/windows-net8.0-idle/readers.jsonl,large,idle,1,5,read_calls_per_second,165.37165199141563,997.1122142406582,516.2156453946745,477.7477761835761,559.2282671563131
hosted-saturation/windows-net8.0-idle/readers.jsonl,large,idle,1,5,total_active_cpu_ms,4750,10000,107.9933784292102,92.90697674418604,123.42069501067753
hosted-saturation/windows-net8.0-idle/readers.jsonl,large,idle,1,5,read_completion_fraction,1.0,1.0,0.0,0.0,0.0
hosted-saturation/windows-net8.0-idle/readers.jsonl,large,idle,1,5,median_reader_api_p99_ms,14.7471,1.4116,-90.03967657490172,-91.29631221811671,-88.28883748929027
hosted-saturation/windows-net8.0-idle/readers.jsonl,large,idle,1,5,median_reader_arrival_p99_ms,14.746900000000096,1.4112000000004628,-90.04140506010613,-91.298356510285,-88.29041236342404
hosted-saturation/windows-net8.0-idle/readers.jsonl,large,idle,4,5,read_calls_per_second,517.9809517967831,2335.0841368812603,348.62379587446304,344.24308571341146,353.0045060355146
hosted-saturation/windows-net8.0-idle/readers.jsonl,large,idle,4,5,total_active_cpu_ms,19250.0,38250.0,98.28521181286106,93.11526222155403,103.00123081133343
hosted-saturation/windows-net8.0-idle/readers.jsonl,large,idle,4,5,read_completion_fraction,1.0,1.0,0.0,0.0,0.0
hosted-saturation/windows-net8.0-idle/readers.jsonl,large,idle,4,5,median_reader_api_p99_ms,22.60835,2.5229,-87.88720458431274,-89.31829312969089,-86.4561160389346
hosted-saturation/windows-net8.0-idle/readers.jsonl,large,idle,4,5,median_reader_arrival_p99_ms,22.607500000000528,2.522599999999869,-87.88870378255686,-89.31996528280055,-86.45744228231318
hosted-saturation/windows-net8.0-idle/readers.jsonl,medium,idle,1,5,read_calls_per_second,1031.5398405964966,3751.232815420276,266.73073841563075,256.84251217341034,272.9229881585894
hosted-saturation/windows-net8.0-idle/readers.jsonl,medium,idle,1,5,total_active_cpu_ms,9953.125,9906.25,-0.44037020845339114,-1.100520636686999,0.22095761381475398
hosted-saturation/windows-net8.0-idle/readers.jsonl,medium,idle,1,5,read_completion_fraction,1.0,1.0,0.0,0.0,0.0
hosted-saturation/windows-net8.0-idle/readers.jsonl,medium,idle,1,5,median_reader_api_p99_ms,1.8514,0.514,-72.63891573049368,-74.29801646256837,-71.05895620835686
hosted-saturation/windows-net8.0-idle/readers.jsonl,medium,idle,1,5,median_reader_arrival_p99_ms,1.8500000000003638,0.5136999999999716,-72.64078346636508,-74.30282341713401,-71.06298721229741
hosted-saturation/windows-net8.0-idle/readers.jsonl,medium,idle,4,5,read_calls_per_second,1246.2519685791137,7011.594232895127,493.4671636010635,456.1738862969173,531.5817055803936
hosted-saturation/windows-net8.0-idle/readers.jsonl,medium,idle,4,5,total_active_cpu_ms,15750.0,31250.0,106.18507386834371,88.74936569009056,123.62078204659686
hosted-saturation/windows-net8.0-idle/readers.jsonl,medium,idle,4,5,read_completion_fraction,1.0,1.0,0.0,0.0,0.0
hosted-saturation/windows-net8.0-idle/readers.jsonl,medium,idle,4,5,median_reader_api_p99_ms,5.518700000000001,2.17435,-49.88978594249256,-69.50015289584832,-22.38303188934769
hosted-saturation/windows-net8.0-idle/readers.jsonl,medium,idle,4,5,median_reader_arrival_p99_ms,5.518500000000131,2.1740499999999656,-49.898536613649966,-69.50913904982474,-22.393042979375988
hosted-saturation/windows-net8.0-idle/readers.jsonl,point,idle,1,5,read_calls_per_second,8785.88769975722,40570.54969251838,362.26547054264176,360.3995988730918,364.3889205610048
hosted-saturation/windows-net8.0-idle/readers.jsonl,point,idle,1,5,total_active_cpu_ms,9968.75,9968.75,0.22042400944313645,-0.031150805386324087,0.44144197766005977
hosted-saturation/windows-net8.0-idle/readers.jsonl,point,idle,1,5,read_completion_fraction,1.0,1.0,0.0,0.0,0.0
hosted-saturation/windows-net8.0-idle/readers.jsonl,point,idle,1,5,median_reader_api_p99_ms,0.1953,0.0565,-71.33354186603525,-72.1688147631972,-70.61546854944181
hosted-saturation/windows-net8.0-idle/readers.jsonl,point,idle,1,5,median_reader_arrival_p99_ms,0.1948000000002139,0.05639999999993961,-71.34333642108787,-72.17875563975986,-70.62793756366199
hosted-saturation/windows-net8.0-idle/readers.jsonl,point,idle,4,5,read_calls_per_second,4278.656956884998,92926.97400140768,2005.949901830475,1913.100141868242,2088.852848087482
hosted-saturation/windows-net8.0-idle/readers.jsonl,point,idle,4,5,total_active_cpu_ms,10500.0,38484.375,265.9116418205085,262.99574081832145,269.082357780284
hosted-saturation/windows-net8.0-idle/readers.jsonl,point,idle,4,5,read_completion_fraction,1.0,1.0,0.0,0.0,0.0
hosted-saturation/windows-net8.0-idle/readers.jsonl,point,idle,4,5,median_reader_api_p99_ms,1.322,0.08825,-93.76676677841549,-94.47603512083059,-93.1797431417839
hosted-saturation/windows-net8.0-idle/readers.jsonl,point,idle,4,5,median_reader_arrival_p99_ms,1.3232499999999163,0.08799999999973807,-93.76264446635585,-94.4334732073364,-93.19299894940278
hosted-saturation/windows-net8.0-writer/readers.jsonl,large,writer,1,5,read_calls_per_second,55.71505459915594,118.89998929900098,118.8066335001222,101.40301190208962,139.43240932892206
hosted-saturation/windows-net8.0-writer/readers.jsonl,large,writer,1,5,writer_transactions_per_second,58.53425081742682,58.96173560244608,0.7749277063934225,-3.1710935695944564,4.143037348619689
hosted-saturation/windows-net8.0-writer/readers.jsonl,large,writer,1,5,writer_p99_ms,35.457,36.6916,0.854250059976167,-2.1644525152376892,4.1223363287679975
hosted-saturation/windows-net8.0-writer/readers.jsonl,large,writer,1,5,total_active_cpu_ms,9109.375,9562.5,4.223008600927747,2.551137191252053,5.872727661315982
hosted-saturation/windows-net8.0-writer/readers.jsonl,large,writer,1,5,read_completion_fraction,1.0,1.0,0.0,0.0,0.0
hosted-saturation/windows-net8.0-writer/readers.jsonl,large,writer,1,5,median_reader_api_p99_ms,38.8202,44.1304,14.075654558434941,5.763504759335527,23.40698254703268
hosted-saturation/windows-net8.0-writer/readers.jsonl,large,writer,1,5,median_reader_arrival_p99_ms,38.819800000000214,44.12960000000021,14.074291792187289,5.763932607648559,23.40621177354831
hosted-saturation/windows-net8.0-writer/readers.jsonl,large,writer,4,5,read_calls_per_second,163.59374614390387,453.1648473161211,167.29646557281768,111.4192074861543,230.83354046805462
hosted-saturation/windows-net8.0-writer/readers.jsonl,large,writer,4,5,writer_transactions_per_second,44.15128082765791,40.250264358342974,-16.40010364516376,-34.19303390798789,-4.931599820638695
hosted-saturation/windows-net8.0-writer/readers.jsonl,large,writer,4,5,writer_p99_ms,43.2051,65.1601,192.19370213437648,45.76753106746217,422.6876590004026
hosted-saturation/windows-net8.0-writer/readers.jsonl,large,writer,4,5,total_active_cpu_ms,12437.5,14515.625,13.441178215328984,-4.6177311086342545,30.495206648039176
hosted-saturation/windows-net8.0-writer/readers.jsonl,large,writer,4,5,read_completion_fraction,1.0,1.0,0.0,0.0,0.0
hosted-saturation/windows-net8.0-writer/readers.jsonl,large,writer,4,5,median_reader_api_p99_ms,48.9319,58.121399999999994,64.56420521176597,15.753499945317964,155.94363151630697
hosted-saturation/windows-net8.0-writer/readers.jsonl,large,writer,4,5,median_reader_arrival_p99_ms,48.93130000000019,58.120600000000195,64.56492149227313,15.753387056190855,155.94554536036543
hosted-saturation/windows-net8.0-writer/readers.jsonl,medium,writer,1,5,read_calls_per_second,62.00466225136892,398.84220891261015,539.9028268081432,508.2430395166415,571.527988904855
hosted-saturation/windows-net8.0-writer/readers.jsonl,medium,writer,1,5,writer_transactions_per_second,62.006530116371984,60.4887086396352,0.3631659659742037,-1.6776753334478056,2.4625378455700164
hosted-saturation/windows-net8.0-writer/readers.jsonl,medium,writer,1,5,writer_p99_ms,35.4381,36.4867,3.208422383942584,0.9240233951773158,4.8206745520000105
hosted-saturation/windows-net8.0-writer/readers.jsonl,medium,writer,1,5,total_active_cpu_ms,7843.75,8953.125,14.590508139007454,10.66096058302604,19.667670063305344
hosted-saturation/windows-net8.0-writer/readers.jsonl,medium,writer,1,5,read_completion_fraction,1.0,1.0,0.0,0.0,0.0
hosted-saturation/windows-net8.0-writer/readers.jsonl,medium,writer,1,5,median_reader_api_p99_ms,35.5071,29.6116,-15.110490242847462,-18.884943889038496,-11.975484782025454
hosted-saturation/windows-net8.0-writer/readers.jsonl,medium,writer,1,5,median_reader_arrival_p99_ms,35.50669999999991,29.61100000000033,-15.111268365497898,-18.886442749466667,-11.975605505751583
hosted-saturation/windows-net8.0-writer/readers.jsonl,medium,writer,4,5,read_calls_per_second,205.17402938322098,1810.6292278083843,731.9827058625906,632.2092952927346,819.8804345786733
hosted-saturation/windows-net8.0-writer/readers.jsonl,medium,writer,4,5,writer_transactions_per_second,51.29850977829094,44.00042615560135,-15.163304056062792,-19.859658906924217,-9.755622440880193
hosted-saturation/windows-net8.0-writer/readers.jsonl,medium,writer,4,5,writer_p99_ms,34.5408,56.7572,85.55889234891293,45.049154322681076,145.52639572662105
hosted-saturation/windows-net8.0-writer/readers.jsonl,medium,writer,4,5,total_active_cpu_ms,8828.125,13531.25,49.78036405186704,44.68412108736324,54.87660701637085
hosted-saturation/windows-net8.0-writer/readers.jsonl,medium,writer,4,5,read_completion_fraction,1.0,1.0,0.0,0.0,0.0
hosted-saturation/windows-net8.0-writer/readers.jsonl,medium,writer,4,5,median_reader_api_p99_ms,35.34155,33.5196,3.1575749749035498,-7.8989668076680974,14.99482691495452
hosted-saturation/windows-net8.0-writer/readers.jsonl,medium,writer,4,5,median_reader_arrival_p99_ms,35.3407500000003,33.51864999999984,3.1571067155943155,-7.899706068890945,14.994386624895213
hosted-saturation/windows-net8.0-writer/readers.jsonl,point,writer,1,5,read_calls_per_second,64.86940944576246,802.3060820500352,1123.3567184219537,1043.0516501180177,1206.897002242942
hosted-saturation/windows-net8.0-writer/readers.jsonl,point,writer,1,5,writer_transactions_per_second,64.57171086201068,64.68175392403556,0.8147073518041625,-1.9902981813212883,4.584762068923413
hosted-saturation/windows-net8.0-writer/readers.jsonl,point,writer,1,5,writer_p99_ms,34.2934,34.5504,2.922726508876914,-0.7417812410447766,7.483555067175641
hosted-saturation/windows-net8.0-writer/readers.jsonl,point,writer,1,5,total_active_cpu_ms,7671.875,8187.5,6.650132720626681,4.037054227387569,9.015949678432978
hosted-saturation/windows-net8.0-writer/readers.jsonl,point,writer,1,5,read_completion_fraction,1.0,1.0,0.0,0.0,0.0
hosted-saturation/windows-net8.0-writer/readers.jsonl,point,writer,1,5,median_reader_api_p99_ms,34.3902,25.6037,-22.417746156108457,-25.790063260451188,-18.950991482893468
hosted-saturation/windows-net8.0-writer/readers.jsonl,point,writer,1,5,median_reader_arrival_p99_ms,34.38979999999992,25.602999999999156,-22.417967533934192,-25.789829316152286,-18.95138159771753
hosted-saturation/windows-net8.0-writer/readers.jsonl,point,writer,4,5,read_calls_per_second,239.7927792544851,3755.193633323366,1490.7755869285618,1434.8948300434247,1561.4714165608307
hosted-saturation/windows-net8.0-writer/readers.jsonl,point,writer,4,5,writer_transactions_per_second,59.942533093523245,55.18637613932249,-8.356448543227508,-11.124045357747276,-6.204062623295616
hosted-saturation/windows-net8.0-writer/readers.jsonl,point,writer,4,5,writer_p99_ms,34.8168,37.0224,7.175672754074545,6.3027726417002805,8.048572866448808
hosted-saturation/windows-net8.0-writer/readers.jsonl,point,writer,4,5,total_active_cpu_ms,7937.5,11062.5,36.46306591329496,29.898869302619573,43.09420737069196
hosted-saturation/windows-net8.0-writer/readers.jsonl,point,writer,4,5,read_completion_fraction,1.0,1.0,0.0,0.0,0.0
hosted-saturation/windows-net8.0-writer/readers.jsonl,point,writer,4,5,median_reader_api_p99_ms,34.9144,25.3087,-26.593408015824107,-28.10129718988614,-25.218772462815398
hosted-saturation/windows-net8.0-writer/readers.jsonl,point,writer,4,5,median_reader_arrival_p99_ms,34.91379999999981,25.308250000000044,-26.593316290286857,-28.1012940506289,-25.21861691441835
