source,scenario,pairs,metric,baseline_median,candidate_median,mean_paired_percent,exploratory_95_low,exploratory_95_high
hosted-incremental/ubuntu-net10.0-core/paired.jsonl,mixed,5,meanMs,0.12228785133333338,0.1233934363333335,0.729896328462174,-0.5742943337221784,2.437083556896562
hosted-incremental/ubuntu-net10.0-core/paired.jsonl,mixed,5,p99Ms,1.050857,1.019671,0.540697957123139,-17.630486781637337,19.92568578170902
hosted-incremental/ubuntu-net10.0-core/paired.jsonl,mixed,5,cpuMsPerOperation,0.09968633333333334,0.099064,-0.4867362783676277,-1.1316524145292206,0.21891324620494146
hosted-incremental/ubuntu-net10.0-core/paired.jsonl,mixed,5,bytesPerOperation,116083.41866666666,116078.656,-0.0033480605117541806,-0.021107003602043317,0.014499167231334376
hosted-incremental/ubuntu-net10.0-core/paired.jsonl,mixed,5,coldMs,118.70477,119.193708,-0.010225660828111494,-0.3706041415159711,0.368991125061906
hosted-incremental/ubuntu-net10.0-core/paired.jsonl,mixed,5,closeMs,4.451869,5.143138,17.360902106164797,5.127752506259324,35.61161791591871
hosted-incremental/ubuntu-net10.0-core/paired.jsonl,mixed,5,peakWorkingSetBytes,92819456,92360704,-0.10026616229275254,-2.1253937774957032,2.2143792047396316
hosted-incremental/ubuntu-net10.0-core/paired.jsonl,mixed,5,retainedManagedBytes,347064,359400,0.697385850730361,-1.4758712431391152,2.8462761911347734
hosted-incremental/ubuntu-net10.0-core/paired.jsonl,mixed,5,idleThreads,13,13,0.0,0.0,0.0
hosted-incremental/ubuntu-net10.0-core/paired.jsonl,mixed,5,idleHandles,84,84,0.0,0.0,0.0
hosted-incremental/ubuntu-net10.0-core/paired.jsonl,point,5,meanMs,0.017799972450000003,0.018400981050000063,2.623062843965378,0.7284686947172347,4.424140960383984
hosted-incremental/ubuntu-net10.0-core/paired.jsonl,point,5,p99Ms,0.036528,0.037079,1.7244988450140375,0.23507426931863362,3.292349689707512
hosted-incremental/ubuntu-net10.0-core/paired.jsonl,point,5,cpuMsPerOperation,0.01791005,0.0185197,2.6449694750521613,0.7714506367073537,4.419914003700882
hosted-incremental/ubuntu-net10.0-core/paired.jsonl,point,5,bytesPerOperation,26712.1412,26712.1412,0.0,0.0,0.0
hosted-incremental/ubuntu-net10.0-core/paired.jsonl,point,5,coldMs,130.536617,131.84754,0.3623493626544394,-0.741447728666651,1.2902681084802037
hosted-incremental/ubuntu-net10.0-core/paired.jsonl,point,5,closeMs,2.506951,2.836014,12.390540639010018,10.1754356694667,14.427589802536396
hosted-incremental/ubuntu-net10.0-core/paired.jsonl,point,5,peakWorkingSetBytes,86507520,86282240,-0.21524643766833496,-0.6133819379810901,0.18288906264442018
hosted-incremental/ubuntu-net10.0-core/paired.jsonl,point,5,retainedManagedBytes,467520,472192,0.7210864647974979,0.48631575980091934,0.9558571697940765
hosted-incremental/ubuntu-net10.0-core/paired.jsonl,point,5,idleThreads,12,12,-1.5384615384615374,-4.615384615384612,0.0
hosted-incremental/ubuntu-net10.0-core/paired.jsonl,point,5,idleHandles,82,82,0.0,0.0,0.0
hosted-incremental/ubuntu-net10.0-core/paired.jsonl,scan,5,meanMs,1.5103373360000005,1.5422468579999988,1.5055057048607878,0.4439805174249045,2.946100756356125
hosted-incremental/ubuntu-net10.0-core/paired.jsonl,scan,5,p99Ms,1.890453,1.898628,0.9457820021430207,-5.193120011373682,7.37133579885475
hosted-incremental/ubuntu-net10.0-core/paired.jsonl,scan,5,cpuMsPerOperation,1.51474,1.547817,1.5389253037867556,0.45215277291429157,2.964039671420111
hosted-incremental/ubuntu-net10.0-core/paired.jsonl,scan,5,bytesPerOperation,3022169.224,3022169.224,0.0,0.0,0.0
hosted-incremental/ubuntu-net10.0-core/paired.jsonl,scan,5,coldMs,132.516117,132.497784,0.00023722143094984105,-0.6702047321135418,0.7070168287723777
hosted-incremental/ubuntu-net10.0-core/paired.jsonl,scan,5,closeMs,2.387279,2.697126,3.3002221246061576,-21.40907814368494,18.22946691873128
hosted-incremental/ubuntu-net10.0-core/paired.jsonl,scan,5,peakWorkingSetBytes,84082688,84107264,-0.16864020270799696,-0.3207975965502796,-0.0234161343610384
hosted-incremental/ubuntu-net10.0-core/paired.jsonl,scan,5,retainedManagedBytes,335272,337264,0.966109799313255,0.5862211444076504,1.7194096554648608
hosted-incremental/ubuntu-net10.0-core/paired.jsonl,scan,5,idleThreads,12,12,0.0,0.0,0.0
hosted-incremental/ubuntu-net10.0-core/paired.jsonl,scan,5,idleHandles,80,80,0.0,0.0,0.0
hosted-incremental/ubuntu-net8.0-core/paired.jsonl,mixed,5,meanMs,0.13177004000000003,0.11427757766666662,1.698124856379747,-19.660068414719138,38.857441146233725
hosted-incremental/ubuntu-net8.0-core/paired.jsonl,mixed,5,p99Ms,0.806838,0.995976,10.35169274341838,-11.462056109165077,32.165441596001834
hosted-incremental/ubuntu-net8.0-core/paired.jsonl,mixed,5,cpuMsPerOperation,0.09,0.09,-3.94007761563133,-10.391690518857136,1.481482029497272e-05
hosted-incremental/ubuntu-net8.0-core/paired.jsonl,mixed,5,bytesPerOperation,116284.41866666666,116284.368,0.00544661026282256,-0.022864953558556778,0.028849484013133697
hosted-incremental/ubuntu-net8.0-core/paired.jsonl,mixed,5,coldMs,93.510883,92.617572,-7.743733364833526,-24.050410277653757,2.485379941305874
hosted-incremental/ubuntu-net8.0-core/paired.jsonl,mixed,5,closeMs,4.362003,3.976006,562.3780262708597,-28.660415273403757,1589.2022773310432
hosted-incremental/ubuntu-net8.0-core/paired.jsonl,mixed,5,peakWorkingSetBytes,85745664,85528576,-1.0305139056474988,-3.2183940689819757,0.30554810986241243
hosted-incremental/ubuntu-net8.0-core/paired.jsonl,mixed,5,retainedManagedBytes,435544,435584,0.0454765928564238,-1.56005507889879,1.701979364611923
hosted-incremental/ubuntu-net8.0-core/paired.jsonl,mixed,5,idleThreads,13,13,1.666666666666665,0.0,4.999999999999995
hosted-incremental/ubuntu-net8.0-core/paired.jsonl,mixed,5,idleHandles,83,83,0.0,0.0,0.0
hosted-incremental/ubuntu-net8.0-core/paired.jsonl,point,5,meanMs,0.016020706750000085,0.016016948499999812,0.3298400224889919,-1.263611477780573,2.1900773434709975
hosted-incremental/ubuntu-net8.0-core/paired.jsonl,point,5,p99Ms,0.026399,0.026079,-0.6299505546668205,-2.1964505474812457,1.2721311359934395
hosted-incremental/ubuntu-net8.0-core/paired.jsonl,point,5,cpuMsPerOperation,0.0165,0.016,0.0769794721407635,-3.0303030303030276,3.7891006842619745
hosted-incremental/ubuntu-net8.0-core/paired.jsonl,point,5,bytesPerOperation,26864.4644,26864.4644,0.0,0.0,0.0
hosted-incremental/ubuntu-net8.0-core/paired.jsonl,point,5,coldMs,96.467682,96.181627,0.14281043908570323,-1.1210060372670494,1.716190196398093
hosted-incremental/ubuntu-net8.0-core/paired.jsonl,point,5,closeMs,2.063199,2.310191,13.59811360508286,9.689397237543528,16.512786060329898
hosted-incremental/ubuntu-net8.0-core/paired.jsonl,point,5,peakWorkingSetBytes,81113088,81145856,-0.027201622986445795,-0.14626788510103017,0.07478280842984741
hosted-incremental/ubuntu-net8.0-core/paired.jsonl,point,5,retainedManagedBytes,557320,558080,-0.09989367791253478,-0.5683980195286953,0.13809185121849143
hosted-incremental/ubuntu-net8.0-core/paired.jsonl,point,5,idleThreads,12,12,0.0,0.0,0.0
hosted-incremental/ubuntu-net8.0-core/paired.jsonl,point,5,idleHandles,81,81,0.0,0.0,0.0
hosted-incremental/ubuntu-net8.0-core/paired.jsonl,scan,5,meanMs,1.5101212479999973,1.531548305999999,0.6903200453912683,-1.304521874097051,3.241544109514063
hosted-incremental/ubuntu-net8.0-core/paired.jsonl,scan,5,p99Ms,1.964543,1.929772,-3.0982642635338853,-7.6732156825319215,1.6082183470505806
hosted-incremental/ubuntu-net8.0-core/paired.jsonl,scan,5,cpuMsPerOperation,1.52,1.54,0.5359065724367373,-1.720519653564292,3.451322342056111
hosted-incremental/ubuntu-net8.0-core/paired.jsonl,scan,5,bytesPerOperation,3150295.688,3150295.688,0.0,0.0,0.0
hosted-incremental/ubuntu-net8.0-core/paired.jsonl,scan,5,coldMs,100.057436,101.93554,1.2427517802823984,-0.3447198817764585,2.8302234423412553
hosted-incremental/ubuntu-net8.0-core/paired.jsonl,scan,5,closeMs,1.955419,2.284003,17.16413226819652,15.2362763391287,19.03582925740925
hosted-incremental/ubuntu-net8.0-core/paired.jsonl,scan,5,peakWorkingSetBytes,81272832,80977920,-0.38032120650480117,-0.7821816288283712,0.073877469635657
hosted-incremental/ubuntu-net8.0-core/paired.jsonl,scan,5,retainedManagedBytes,425184,425568,0.13585463471485149,-0.9949574772333802,1.2666667466630832
hosted-incremental/ubuntu-net8.0-core/paired.jsonl,scan,5,idleThreads,12,12,0.0,0.0,0.0
hosted-incremental/ubuntu-net8.0-core/paired.jsonl,scan,5,idleHandles,81,81,0.0,0.0,0.0
hosted-incremental/windows-net10.0-core/paired.jsonl,mixed,5,meanMs,0.20110676666666655,0.2106785000000001,2.095467576700023,0.13071687618388506,4.589472425892465
hosted-incremental/windows-net10.0-core/paired.jsonl,mixed,5,p99Ms,1.1435,1.3001,9.359008058947678,-2.895529791577336,24.95375627162956
hosted-incremental/windows-net10.0-core/paired.jsonl,mixed,5,cpuMsPerOperation,0.17708333333333334,0.18229166666666666,6.085375059114552,1.238745498199283,10.463235294117643
hosted-incremental/windows-net10.0-core/paired.jsonl,mixed,5,bytesPerOperation,117651.36533333334,117650.24,0.0007641829699034375,-0.01578724554874622,0.01777687148122542
hosted-incremental/windows-net10.0-core/paired.jsonl,mixed,5,coldMs,147.9206,153.5866,272.33860655969187,0.7324779467007114,812.9814053635228
hosted-incremental/windows-net10.0-core/paired.jsonl,mixed,5,closeMs,7.5618,7.1066,-6.783951791709173,-11.516113001787218,-3.310655853719797
hosted-incremental/windows-net10.0-core/paired.jsonl,mixed,5,peakWorkingSetBytes,74055680,73502720,-0.19669285595467656,-0.7077441727325096,0.31435846082315644
hosted-incremental/windows-net10.0-core/paired.jsonl,mixed,5,retainedManagedBytes,525504,525544,-0.42436265995353883,-1.395384240652786,0.11468452044385735
hosted-incremental/windows-net10.0-core/paired.jsonl,mixed,5,idleThreads,14,14,1.5384615384615374,0.0,4.615384615384612
hosted-incremental/windows-net10.0-core/paired.jsonl,mixed,5,idleHandles,245,245,0.24793388429752206,0.0,0.7438016528925662
hosted-incremental/windows-net10.0-core/paired.jsonl,point,5,meanMs,0.02953012999999968,0.030700949999999984,3.652746435980871,-4.883764964866712,13.951462527591545
hosted-incremental/windows-net10.0-core/paired.jsonl,point,5,p99Ms,0.0763,0.0745,51.464306707589934,-10.64680319334279,163.93501889377373
hosted-incremental/windows-net10.0-core/paired.jsonl,point,5,cpuMsPerOperation,0.0296875,0.03046875,3.3226358579375326,-3.5886464127799123,10.720296676650982
hosted-incremental/windows-net10.0-core/paired.jsonl,point,5,bytesPerOperation,26712.1256,26712.1256,0.0,0.0,0.0
hosted-incremental/windows-net10.0-core/paired.jsonl,point,5,coldMs,182.9828,168.4404,-2.7179596397524968,-12.488815595524759,5.410137699261814
hosted-incremental/windows-net10.0-core/paired.jsonl,point,5,closeMs,4.5055,5.697,16.276635358391022,-2.638931725255551,37.649969118893424
hosted-incremental/windows-net10.0-core/paired.jsonl,point,5,peakWorkingSetBytes,66314240,66183168,-0.18495804762666213,-0.5556380690069163,0.104440666104888
hosted-incremental/windows-net10.0-core/paired.jsonl,point,5,retainedManagedBytes,638360,638360,-0.025012947426232834,-0.12030828999310295,0.07033336066888163
hosted-incremental/windows-net10.0-core/paired.jsonl,point,5,idleThreads,13,13,0.12820512820512758,-4.615384615384612,4.999999999999995
hosted-incremental/windows-net10.0-core/paired.jsonl,point,5,idleHandles,242,242,-0.4087561697199438,-1.1556699634195877,0.505204191016293
hosted-incremental/windows-net10.0-core/paired.jsonl,scan,5,meanMs,1.5668876000000005,1.5405250999999998,101.01225533947571,-3.319474359861081,306.5736965290274
hosted-incremental/windows-net10.0-core/paired.jsonl,scan,5,p99Ms,2.4367,2.6794,1182.0250664508528,-1.6578612953929748,3541.0339343314436
hosted-incremental/windows-net10.0-core/paired.jsonl,scan,5,cpuMsPerOperation,1.53125,1.5625,15.591420574971089,-3.445140432410585,49.403318099938524
hosted-incremental/windows-net10.0-core/paired.jsonl,scan,5,bytesPerOperation,3022024.912,3022024.912,0.0,0.0,0.0
hosted-incremental/windows-net10.0-core/paired.jsonl,scan,5,coldMs,161.4157,171.4968,11.457944404353917,4.121445025405048,22.89412950938172
hosted-incremental/windows-net10.0-core/paired.jsonl,scan,5,closeMs,4.1812,4.6651,15.321022779804775,-4.743528489696474,41.189803803185235
hosted-incremental/windows-net10.0-core/paired.jsonl,scan,5,peakWorkingSetBytes,64737280,64532480,-0.07799464662816336,-0.3755093059191905,0.2115929398659988
hosted-incremental/windows-net10.0-core/paired.jsonl,scan,5,retainedManagedBytes,480936,481016,0.05199234241840767,0.008316561609977846,0.13533663498871196
hosted-incremental/windows-net10.0-core/paired.jsonl,scan,5,idleThreads,13,13,1.666666666666665,0.0,4.999999999999995
hosted-incremental/windows-net10.0-core/paired.jsonl,scan,5,idleHandles,240,240,0.42405063291139466,-0.33333333333333215,1.1824894514767958
hosted-incremental/windows-net8.0-core/paired.jsonl,mixed,5,meanMs,0.20887483333333343,0.2133978333333332,2.182721919720376,-0.46005025321487647,4.692302353614162
hosted-incremental/windows-net8.0-core/paired.jsonl,mixed,5,p99Ms,1.1605,1.2074,-3.496310123206518,-17.5320901792701,10.539469932857063
hosted-incremental/windows-net8.0-core/paired.jsonl,mixed,5,cpuMsPerOperation,0.18229166666666666,0.1875,0.6209150326797453,-3.3650793650793642,4.06722689075631
hosted-incremental/windows-net8.0-core/paired.jsonl,mixed,5,bytesPerOperation,117847.44266666667,117844.87466666667,-0.002465977734444902,-0.021990599436541025,0.013426429141369933
hosted-incremental/windows-net8.0-core/paired.jsonl,mixed,5,coldMs,114.8356,115.9401,-0.47089862164923624,-4.014758434978161,2.7381452121981376
hosted-incremental/windows-net8.0-core/paired.jsonl,mixed,5,closeMs,6.3377,7.1628,21.93602185372555,9.256055727538417,37.39002838877519
hosted-incremental/windows-net8.0-core/paired.jsonl,mixed,5,peakWorkingSetBytes,75554816,75702272,0.14475326521361076,-0.28144272146873206,0.5847879677924483
hosted-incremental/windows-net8.0-core/paired.jsonl,mixed,5,retainedManagedBytes,611112,610912,-0.8424691177980725,-1.6493218734283466,-0.03561636216779851
hosted-incremental/windows-net8.0-core/paired.jsonl,mixed,5,idleThreads,14,14,-4.095238095238094,-6.857142857142855,-1.333333333333333
hosted-incremental/windows-net8.0-core/paired.jsonl,mixed,5,idleHandles,234,234,-0.5921382817653842,-1.2744596460537205,0.26078417109187235
hosted-incremental/windows-net8.0-core/paired.jsonl,point,5,meanMs,0.03219456500000027,0.032744740000000286,0.9580065140560712,-0.19294775071076575,2.108960778822908
hosted-incremental/windows-net8.0-core/paired.jsonl,point,5,p99Ms,0.073,0.0743,0.48804455801573426,-5.502019914651491,4.453877946456819
hosted-incremental/windows-net8.0-core/paired.jsonl,point,5,cpuMsPerOperation,0.03203125,0.03203125,0.5000000000000004,-0.9756097560975574,1.9756097560975583
hosted-incremental/windows-net8.0-core/paired.jsonl,point,5,bytesPerOperation,26864.1592,26864.1592,0.0,0.0,0.0
hosted-incremental/windows-net8.0-core/paired.jsonl,point,5,coldMs,128.7713,125.5802,-4.555891992186665,-8.600580569668313,-2.386035416543577
hosted-incremental/windows-net8.0-core/paired.jsonl,point,5,closeMs,3.1764,3.5135,10.404909775940284,9.437431935143765,11.439169966396227
hosted-incremental/windows-net8.0-core/paired.jsonl,point,5,peakWorkingSetBytes,61771776,61775872,-0.014478606602148503,-0.12313864610840053,0.11407665194494765
hosted-incremental/windows-net8.0-core/paired.jsonl,point,5,retainedManagedBytes,735096,735144,0.05180275773503773,0.006529759378359756,0.0970757560917157
hosted-incremental/windows-net8.0-core/paired.jsonl,point,5,idleThreads,12,12,3.33333333333333,0.0,6.66666666666666
hosted-incremental/windows-net8.0-core/paired.jsonl,point,5,idleHandles,227,227,0.5278615039802137,0.0,1.2327073189581839
hosted-incremental/windows-net8.0-core/paired.jsonl,scan,5,meanMs,1.7451864000000037,1.7901414999999994,2.823473531389651,-0.47223711734759366,7.753696254986789
hosted-incremental/windows-net8.0-core/paired.jsonl,scan,5,p99Ms,2.6112,2.7986,14.74694929737507,-1.4509812084147855,35.413544622796614
hosted-incremental/windows-net8.0-core/paired.jsonl,scan,5,cpuMsPerOperation,1.734375,1.796875,2.860360360360361,-0.7207207207207222,8.040540540540542
hosted-incremental/windows-net8.0-core/paired.jsonl,scan,5,bytesPerOperation,3150145.584,3150145.584,0.0,0.0,0.0
hosted-incremental/windows-net8.0-core/paired.jsonl,scan,5,coldMs,128.8017,132.4559,2.558365590622005,-4.110572030006487,9.985440362791973
hosted-incremental/windows-net8.0-core/paired.jsonl,scan,5,closeMs,3.159,3.5828,12.398772707387083,10.391204020019389,14.086932084255738
hosted-incremental/windows-net8.0-core/paired.jsonl,scan,5,peakWorkingSetBytes,62279680,62435328,0.1973133254522308,0.07891727263360959,0.3117761607985159
hosted-incremental/windows-net8.0-core/paired.jsonl,scan,5,retainedManagedBytes,578016,578064,0.008304268393954928,0.008304268393954928,0.008304268393954928
hosted-incremental/windows-net8.0-core/paired.jsonl,scan,5,idleThreads,12,12,-1.6666666666666674,-5.000000000000003,0.0
hosted-incremental/windows-net8.0-core/paired.jsonl,scan,5,idleHandles,226,226,-0.17660130209348646,-0.3535924525359646,0.0
hosted-incremental-repeat/windows-net10.0-core/paired.jsonl,mixed,5,meanMs,0.2028818333333334,0.20714956666666667,14.007677421020158,-0.4483797056841099,40.79912732598607
hosted-incremental-repeat/windows-net10.0-core/paired.jsonl,mixed,5,p99Ms,1.2037,1.1897,27.609167839268927,-21.571090979573402,103.42431430508447
hosted-incremental-repeat/windows-net10.0-core/paired.jsonl,mixed,5,cpuMsPerOperation,0.171875,0.18229166666666666,14.399881164587041,4.646464646464645,25.52287581699346
hosted-incremental-repeat/windows-net10.0-core/paired.jsonl,mixed,5,bytesPerOperation,117650.31466666667,117644.35733333333,-0.0073588905367394375,-0.023787309266398715,0.00906952819291984
hosted-incremental-repeat/windows-net10.0-core/paired.jsonl,mixed,5,coldMs,156.4307,161.8236,4.74632787250989,0.426906864632457,10.811962848491934
hosted-incremental-repeat/windows-net10.0-core/paired.jsonl,mixed,5,closeMs,7.2595,8.4065,14.761026195282518,-7.627231635536313,37.049168383515244
hosted-incremental-repeat/windows-net10.0-core/paired.jsonl,mixed,5,peakWorkingSetBytes,73543680,73617408,1.197466998160881,-0.055023383954801997,3.121483082578258
hosted-incremental-repeat/windows-net10.0-core/paired.jsonl,mixed,5,retainedManagedBytes,513216,525544,1.0154321901817442,-0.877696765559699,2.4064721286943502
hosted-incremental-repeat/windows-net10.0-core/paired.jsonl,mixed,5,idleThreads,14,14,1.5384615384615374,0.0,4.615384615384612
hosted-incremental-repeat/windows-net10.0-core/paired.jsonl,mixed,5,idleHandles,245,245,0.3295665373587475,0.0,0.8254343059537916
hosted-incremental-repeat/windows-net10.0-core/paired.jsonl,point,5,meanMs,0.02859022499999987,0.02841207999999979,-0.5480713107221447,-1.7164594870868721,0.22102250874370455
hosted-incremental-repeat/windows-net10.0-core/paired.jsonl,point,5,p99Ms,0.0673,0.0698,0.6456793063781552,-4.461224186803754,5.454054571898871
hosted-incremental-repeat/windows-net10.0-core/paired.jsonl,point,5,cpuMsPerOperation,0.028125,0.02890625,2.272566684331394,-0.5555555555555514,4.625507860801981
hosted-incremental-repeat/windows-net10.0-core/paired.jsonl,point,5,bytesPerOperation,26712.1256,26712.1256,0.0,0.0,0.0
hosted-incremental-repeat/windows-net10.0-core/paired.jsonl,point,5,coldMs,168.8913,166.9576,-0.5534982935757804,-2.4197189200075564,1.6244539906020883
hosted-incremental-repeat/windows-net10.0-core/paired.jsonl,point,5,closeMs,4.4614,4.948,14.425158192679977,7.256906676947139,24.8557472144021
hosted-incremental-repeat/windows-net10.0-core/paired.jsonl,point,5,peakWorkingSetBytes,66326528,66338816,-0.07614510794892837,-0.29101295875685107,0.1360255667627075
hosted-incremental-repeat/windows-net10.0-core/paired.jsonl,point,5,retainedManagedBytes,637360,637400,0.06903476841973788,0.006275888038165256,0.1317936488013105
hosted-incremental-repeat/windows-net10.0-core/paired.jsonl,point,5,idleThreads,12,12,3.33333333333333,0.0,6.66666666666666
hosted-incremental-repeat/windows-net10.0-core/paired.jsonl,point,5,idleHandles,239,239,0.5020920502092086,0.0,1.004184100418417
hosted-incremental-repeat/windows-net10.0-core/paired.jsonl,scan,5,meanMs,1.5445180000000016,1.5395480000000012,-0.23674957078271497,-1.544524351937655,1.071025210372225
hosted-incremental-repeat/windows-net10.0-core/paired.jsonl,scan,5,p99Ms,2.0848,2.3258,6.515241454488563,-2.109125911113732,15.737931380532896
hosted-incremental-repeat/windows-net10.0-core/paired.jsonl,scan,5,cpuMsPerOperation,1.578125,1.53125,-1.3575083498746077,-3.954334208931103,1.0454181672669005
hosted-incremental-repeat/windows-net10.0-core/paired.jsonl,scan,5,bytesPerOperation,3022024.912,3022024.912,0.0,0.0,0.0
hosted-incremental-repeat/windows-net10.0-core/paired.jsonl,scan,5,coldMs,170.1868,166.8754,-1.310337329772584,-3.054929391105563,0.43425473156039507
hosted-incremental-repeat/windows-net10.0-core/paired.jsonl,scan,5,closeMs,4.335,4.7637,12.859350738348274,6.344040136730049,22.9587727828764
hosted-incremental-repeat/windows-net10.0-core/paired.jsonl,scan,5,peakWorkingSetBytes,64520192,64643072,0.18846013563637465,-0.12397464315792472,0.500894914430674
hosted-incremental-repeat/windows-net10.0-core/paired.jsonl,scan,5,retainedManagedBytes,479976,480016,0.01700345086605992,0.008333750020828035,0.02567315171129181
hosted-incremental-repeat/windows-net10.0-core/paired.jsonl,scan,5,idleThreads,12,12,0.0,0.0,0.0
hosted-incremental-repeat/windows-net10.0-core/paired.jsonl,scan,5,idleHandles,237,237,0.0003545722086295555,-0.25210084033613356,0.2531645569620222
hosted-standard/ubuntu-net10.0-core/paired.jsonl,mixed,5,meanMs,0.267615513,0.12630731599999995,-52.78342469094213,-53.30555724294956,-52.26129213893469
hosted-standard/ubuntu-net10.0-core/paired.jsonl,mixed,5,p99Ms,0.847274,0.8445,3.0367808806675556,-11.236071550797055,17.467764571207454
hosted-standard/ubuntu-net10.0-core/paired.jsonl,mixed,5,cpuMsPerOperation,0.30389733333333335,0.10729566666666666,-64.71353026723575,-65.09266051213024,-64.33454033182886
hosted-standard/ubuntu-net10.0-core/paired.jsonl,mixed,5,bytesPerOperation,314263.9066666667,116085.09333333334,-63.06461815400381,-63.06876164415291,-63.06123215694666
hosted-standard/ubuntu-net10.0-core/paired.jsonl,mixed,5,coldMs,119.326395,122.006776,2.2834244070081855,1.2999377462566741,3.5138335466189563
hosted-standard/ubuntu-net10.0-core/paired.jsonl,mixed,5,closeMs,3.946848,4.771549,65.90675106669812,16.07922693450088,157.10405818158662
hosted-standard/ubuntu-net10.0-core/paired.jsonl,mixed,5,peakWorkingSetBytes,93024256,92635136,-0.29790077838732776,-1.4265745686906817,1.1939562620039301
hosted-standard/ubuntu-net10.0-core/paired.jsonl,mixed,5,retainedManagedBytes,345080,349816,3.004462966481314,1.792917817530344,4.216008115432284
hosted-standard/ubuntu-net10.0-core/paired.jsonl,mixed,5,idleThreads,8,13,60.0,55.0,62.5
hosted-standard/ubuntu-net10.0-core/paired.jsonl,mixed,5,idleHandles,80,84,5.000000000000004,5.000000000000004,5.000000000000004
hosted-standard/ubuntu-net10.0-core/paired.jsonl,point,5,meanMs,0.10303970560000009,0.018115873849999967,-82.30909363548946,-82.50948905030928,-82.11813307893999
hosted-standard/ubuntu-net10.0-core/paired.jsonl,point,5,p99Ms,0.548185,0.030947,-94.35224701114667,-94.42274525101541,-94.28174877127792
hosted-standard/ubuntu-net10.0-core/paired.jsonl,point,5,cpuMsPerOperation,0.1046566,0.018180099999999998,-82.4672434286731,-82.70116234032913,-82.2415132291839
hosted-standard/ubuntu-net10.0-core/paired.jsonl,point,5,bytesPerOperation,278164.6852,26712.1412,-90.39700532432734,-90.39700578831233,-90.39700486034235
hosted-standard/ubuntu-net10.0-core/paired.jsonl,point,5,coldMs,131.148062,132.805907,4.583283964282037,-0.33729279467009654,11.463278775062475
hosted-standard/ubuntu-net10.0-core/paired.jsonl,point,5,closeMs,1.308138,2.729196,109.64050835450772,98.66730320906184,117.17416255369035
hosted-standard/ubuntu-net10.0-core/paired.jsonl,point,5,peakWorkingSetBytes,86151168,86282240,0.37756083877863,0.11922971055538634,0.6119572982759225
hosted-standard/ubuntu-net10.0-core/paired.jsonl,point,5,retainedManagedBytes,473536,472192,-0.7896228368595715,-1.7978355463164863,-0.28314827772325524
hosted-standard/ubuntu-net10.0-core/paired.jsonl,point,5,idleThreads,8,12,50.0,50.0,50.0
hosted-standard/ubuntu-net10.0-core/paired.jsonl,point,5,idleHandles,78,82,5.128205128205132,5.128205128205132,5.128205128205132
hosted-standard/ubuntu-net10.0-core/paired.jsonl,scan,5,meanMs,2.833620731000005,1.5516630349999991,-45.54776102077445,-46.66330664962352,-44.661057529022884
hosted-standard/ubuntu-net10.0-core/paired.jsonl,scan,5,p99Ms,4.272998,1.986369,-54.57345541444766,-57.60435006185479,-52.584912159359526
hosted-standard/ubuntu-net10.0-core/paired.jsonl,scan,5,cpuMsPerOperation,2.8492669999999998,1.557444,-45.6877801592112,-46.80503180537105,-44.79373577277736
hosted-standard/ubuntu-net10.0-core/paired.jsonl,scan,5,bytesPerOperation,4236381.8,3022169.224,-28.661545313324403,-28.66154768432305,-28.661540894645064
hosted-standard/ubuntu-net10.0-core/paired.jsonl,scan,5,coldMs,130.271321,133.019062,1.491496421642442,0.29175971306958814,2.7359616935942377
hosted-standard/ubuntu-net10.0-core/paired.jsonl,scan,5,closeMs,1.192544,2.671209,137.42616915403727,120.24025891364992,161.80143450227146
hosted-standard/ubuntu-net10.0-core/paired.jsonl,scan,5,peakWorkingSetBytes,78008320,83918848,7.593633964067785,7.322640205339543,7.867609910889092
hosted-standard/ubuntu-net10.0-core/paired.jsonl,scan,5,retainedManagedBytes,322256,339432,5.33596153769516,4.187557784157603,6.487264783277884
hosted-standard/ubuntu-net10.0-core/paired.jsonl,scan,5,idleThreads,8,12,50.0,50.0,50.0
hosted-standard/ubuntu-net10.0-core/paired.jsonl,scan,5,idleHandles,76,80,5.263157894736836,5.263157894736836,5.263157894736836
hosted-standard/ubuntu-net10.0-traffic/paired.jsonl,balanced,5,meanMs,0.43372269799999996,0.4318362989999998,-0.03416388395592884,-2.2788273932168113,2.327606075603681
hosted-standard/ubuntu-net10.0-traffic/paired.jsonl,balanced,5,p99Ms,2.581973,2.407954,-2.25528004140241,-6.400178034469808,1.889617951664988
hosted-standard/ubuntu-net10.0-traffic/paired.jsonl,balanced,5,cpuMsPerOperation,0.293507,0.294593,0.31822996586374097,-2.293680153098923,2.377123950212634
hosted-standard/ubuntu-net10.0-traffic/paired.jsonl,balanced,5,bytesPerOperation,239626.272,240424.416,0.3319476439251634,0.3250841067573562,0.3388111810929706
hosted-standard/ubuntu-net10.0-traffic/paired.jsonl,balanced,5,coldMs,117.117791,119.001647,2.4952048447165476,1.6223816321603746,3.9623376842216818
hosted-standard/ubuntu-net10.0-traffic/paired.jsonl,balanced,5,closeMs,3.974405,4.644869,21.619482095769627,14.990390076564681,26.2344001838202
hosted-standard/ubuntu-net10.0-traffic/paired.jsonl,balanced,5,peakWorkingSetBytes,91193344,92123136,1.05925369939611,0.9065783257658611,1.2202859098103902
hosted-standard/ubuntu-net10.0-traffic/paired.jsonl,balanced,5,retainedManagedBytes,326384,347384,6.434138928378852,6.434138928378852,6.434138928378852
hosted-standard/ubuntu-net10.0-traffic/paired.jsonl,balanced,5,idleThreads,8,12,50.0,50.0,50.0
hosted-standard/ubuntu-net10.0-traffic/paired.jsonl,balanced,5,idleHandles,80,84,5.000000000000004,5.000000000000004,5.000000000000004
hosted-standard/ubuntu-net10.0-traffic/paired.jsonl,buffered,5,meanMs,0.12993881200000007,0.059310774000000004,-54.69891957596042,-55.82946397973633,-53.638265123434664
hosted-standard/ubuntu-net10.0-traffic/paired.jsonl,buffered,5,p99Ms,0.492718,0.090831,-81.63512369019496,-82.37860095829458,-80.7409612841413
hosted-standard/ubuntu-net10.0-traffic/paired.jsonl,buffered,5,cpuMsPerOperation,0.131062,0.059625,-54.866056125080185,-55.99332836777921,-53.81162724778757
hosted-standard/ubuntu-net10.0-traffic/paired.jsonl,buffered,5,bytesPerOperation,225585.256,87832.264,-61.064714264836525,-61.064714264836525,-61.064714264836525
hosted-standard/ubuntu-net10.0-traffic/paired.jsonl,buffered,5,coldMs,134.945785,135.937374,0.9847022729794408,0.20677642393059026,1.7047709698535707
hosted-standard/ubuntu-net10.0-traffic/paired.jsonl,buffered,5,closeMs,1.269542,2.773052,117.34330373030089,113.86824234265849,120.7917377634511
hosted-standard/ubuntu-net10.0-traffic/paired.jsonl,buffered,5,peakWorkingSetBytes,90791936,85536768,-4.71237344567881,-6.194102479787602,-2.62101752929105
hosted-standard/ubuntu-net10.0-traffic/paired.jsonl,buffered,5,retainedManagedBytes,317304,321216,1.0558259499109024,0.7124190567177235,1.2349289854920409
hosted-standard/ubuntu-net10.0-traffic/paired.jsonl,buffered,5,idleThreads,8,12,50.0,50.0,50.0
hosted-standard/ubuntu-net10.0-traffic/paired.jsonl,buffered,5,idleHandles,78,82,5.128205128205132,5.128205128205132,5.128205128205132
hosted-standard/ubuntu-net10.0-traffic/paired.jsonl,checkpoint,5,meanMs,1.8785439770000005,1.922125825000002,1.1389153075028902,-0.6621907217178369,2.541666060509442
hosted-standard/ubuntu-net10.0-traffic/paired.jsonl,checkpoint,5,p99Ms,4.472995,4.670325,5.4956006728660505,-2.956562836560444,17.11787988472514
hosted-standard/ubuntu-net10.0-traffic/paired.jsonl,checkpoint,5,cpuMsPerOperation,0.733274,0.7326090000000001,-0.07123964029172702,-1.7148323697701584,1.7518324379727623
hosted-standard/ubuntu-net10.0-traffic/paired.jsonl,checkpoint,5,bytesPerOperation,457300.064,458868.704,0.3429379710934599,0.3428258177265464,0.3430220381513083
hosted-standard/ubuntu-net10.0-traffic/paired.jsonl,checkpoint,5,coldMs,142.835466,153.617685,7.0561148780074845,4.990047077006374,8.1959323268863
hosted-standard/ubuntu-net10.0-traffic/paired.jsonl,checkpoint,5,closeMs,1.418391,2.722537,90.29421905237312,87.18958485398299,94.2972375949602
hosted-standard/ubuntu-net10.0-traffic/paired.jsonl,checkpoint,5,peakWorkingSetBytes,88657920,89575424,0.25835418106560315,-1.4248757521058497,1.1521085418846866
hosted-standard/ubuntu-net10.0-traffic/paired.jsonl,checkpoint,5,retainedManagedBytes,351952,361432,1.3406797359831923,-1.4290052182606616,4.0777566647194
hosted-standard/ubuntu-net10.0-traffic/paired.jsonl,checkpoint,5,idleThreads,8,12,50.0,50.0,50.0
hosted-standard/ubuntu-net10.0-traffic/paired.jsonl,checkpoint,5,idleHandles,78,82,5.128205128205132,5.128205128205132,5.128205128205132
hosted-standard/ubuntu-net10.0-traffic/paired.jsonl,churn,5,meanMs,1.872205252,1.8682240279999989,0.08848085430861463,-2.238169736091624,2.4025257254890575
hosted-standard/ubuntu-net10.0-traffic/paired.jsonl,churn,5,p99Ms,4.69918,5.148636,4.162819420971509,-5.10444657359836,13.430085415541377
hosted-standard/ubuntu-net10.0-traffic/paired.jsonl,churn,5,cpuMsPerOperation,1.192367,1.191468,-0.5439695501691433,-1.8100035290724104,1.1053366030123613
hosted-standard/ubuntu-net10.0-traffic/paired.jsonl,churn,5,bytesPerOperation,1303700.648,1227484.736,-3.5746859598167813,-7.863748933068717,0.7143770134351545
hosted-standard/ubuntu-net10.0-traffic/paired.jsonl,churn,5,coldMs,153.048756,165.857803,8.598646467213765,8.044367358117729,9.194513669423836
hosted-standard/ubuntu-net10.0-traffic/paired.jsonl,churn,5,closeMs,4.711092,5.691305,22.109077675166155,18.531141484585614,25.6870138657467
hosted-standard/ubuntu-net10.0-traffic/paired.jsonl,churn,5,peakWorkingSetBytes,91959296,92467200,0.8533308118914684,0.3291090326635171,1.6436539875876388
hosted-standard/ubuntu-net10.0-traffic/paired.jsonl,churn,5,retainedManagedBytes,341616,362616,5.95658686934089,2.8880296615474776,9.025144077134302
hosted-standard/ubuntu-net10.0-traffic/paired.jsonl,churn,5,idleThreads,8,12,50.0,50.0,50.0
hosted-standard/ubuntu-net10.0-traffic/paired.jsonl,churn,5,idleHandles,78,82,5.128205128205132,5.128205128205132,5.128205128205132
hosted-standard/ubuntu-net10.0-traffic/paired.jsonl,indexed,5,meanMs,2.6858690909999967,1.6305953350000006,-39.190429291850535,-40.549673581783615,-37.21144143475888
hosted-standard/ubuntu-net10.0-traffic/paired.jsonl,indexed,5,p99Ms,4.000765,2.087832,-45.29369962589689,-48.12741222341306,-41.340359195676825
hosted-standard/ubuntu-net10.0-traffic/paired.jsonl,indexed,5,cpuMsPerOperation,2.699634,1.635607,-39.334879172421275,-40.69288844053844,-37.3610630392216
hosted-standard/ubuntu-net10.0-traffic/paired.jsonl,indexed,5,bytesPerOperation,4239381.8,3025169.224,-28.641260698001084,-28.641265007081927,-28.641256388920244
hosted-standard/ubuntu-net10.0-traffic/paired.jsonl,indexed,5,coldMs,141.133607,139.890082,-1.0740803614143735,-3.4725680693631933,0.8543603188075188
hosted-standard/ubuntu-net10.0-traffic/paired.jsonl,indexed,5,closeMs,1.205781,2.787289,131.38053406206944,124.81571834229254,137.94534978184637
hosted-standard/ubuntu-net10.0-traffic/paired.jsonl,indexed,5,peakWorkingSetBytes,78319616,84410368,7.727858015954663,7.42923298180588,7.986903947186081
hosted-standard/ubuntu-net10.0-traffic/paired.jsonl,indexed,5,retainedManagedBytes,324336,338832,4.472332962717007,4.464801167268964,4.482758620689662
hosted-standard/ubuntu-net10.0-traffic/paired.jsonl,indexed,5,idleThreads,8,12,52.5,50.0,57.5
hosted-standard/ubuntu-net10.0-traffic/paired.jsonl,indexed,5,idleHandles,76,80,5.263157894736836,5.263157894736836,5.263157894736836
hosted-standard/ubuntu-net10.0-traffic/paired.jsonl,open-close,5,meanMs,0.9335651180000005,1.3703714980000001,40.931072736723,-0.6191396066523591,79.72405166345064
hosted-standard/ubuntu-net10.0-traffic/paired.jsonl,open-close,5,p99Ms,7.778612,6.986901,5.055135344467843,-16.885153537947808,30.919350552575448
hosted-standard/ubuntu-net10.0-traffic/paired.jsonl,open-close,5,cpuMsPerOperation,2.9121750000000004,4.329680000000001,60.190727658958636,1.1125781457786004,119.26887717213866
hosted-standard/ubuntu-net10.0-traffic/paired.jsonl,open-close,5,bytesPerOperation,185692.952,186589.128,0.4666313758994045,0.4233985716702193,0.49398084396859776
hosted-standard/ubuntu-net10.0-traffic/paired.jsonl,open-close,5,coldMs,131.299284,133.52779,0.9043947830216226,-0.4087623745791591,2.023676108549526
hosted-standard/ubuntu-net10.0-traffic/paired.jsonl,open-close,5,closeMs,0.01065,0.007174,-18.491381737636978,-32.01170430689388,-5.558644294055806
hosted-standard/ubuntu-net10.0-traffic/paired.jsonl,open-close,5,peakWorkingSetBytes,125767680,126423040,0.1325723615520813,-1.1566915764113173,1.389388313641673
hosted-standard/ubuntu-net10.0-traffic/paired.jsonl,open-close,5,retainedManagedBytes,372720,354480,-4.6853360379750635,-6.036354525312015,-3.0540274332945128
hosted-standard/ubuntu-net10.0-traffic/paired.jsonl,open-close,5,idleThreads,9,9,0.0,0.0,0.0
hosted-standard/ubuntu-net10.0-traffic/paired.jsonl,open-close,5,idleHandles,76,76,0.0,0.0,0.0
hosted-standard/ubuntu-net10.0-traffic/paired.jsonl,random,5,meanMs,0.11077908699999996,0.01792829000000001,-83.64360011814017,-83.89916589080501,-83.22825640859243
hosted-standard/ubuntu-net10.0-traffic/paired.jsonl,random,5,p99Ms,0.743521,0.036539,-94.5209858819573,-95.13179724342568,-93.5426137472556
hosted-standard/ubuntu-net10.0-traffic/paired.jsonl,random,5,cpuMsPerOperation,0.113229,0.01797,-83.87741310833815,-84.09423269173854,-83.51695083194107
hosted-standard/ubuntu-net10.0-traffic/paired.jsonl,random,5,bytesPerOperation,281908.328,26725.896,-90.51964554178736,-90.51965006156185,-90.51963650223838
hosted-standard/ubuntu-net10.0-traffic/paired.jsonl,random,5,coldMs,128.697239,130.805099,1.6791970447361182,1.1812302341593472,2.4897166997863573
hosted-standard/ubuntu-net10.0-traffic/paired.jsonl,random,5,closeMs,1.277054,2.797508,142.26740074812298,117.31418428614707,187.0186128894068
hosted-standard/ubuntu-net10.0-traffic/paired.jsonl,random,5,peakWorkingSetBytes,75788288,86159360,13.75694659485062,13.512897882700733,13.94361678071605
hosted-standard/ubuntu-net10.0-traffic/paired.jsonl,random,5,retainedManagedBytes,311344,317496,2.149647977799476,1.9759494321393678,2.497045069119692
hosted-standard/ubuntu-net10.0-traffic/paired.jsonl,random,5,idleThreads,8,12,50.0,50.0,50.0
hosted-standard/ubuntu-net10.0-traffic/paired.jsonl,random,5,idleHandles,78,82,5.128205128205132,5.128205128205132,5.128205128205132
hosted-standard/ubuntu-net10.0-traffic/paired.jsonl,same-key,5,meanMs,0.08575587100000011,0.01614629099999999,-81.11355122843271,-81.30682696186685,-80.92027549499856
hosted-standard/ubuntu-net10.0-traffic/paired.jsonl,same-key,5,p99Ms,0.419841,0.034014,-84.91263356791872,-92.05754030369062,-76.91193848595849
hosted-standard/ubuntu-net10.0-traffic/paired.jsonl,same-key,5,cpuMsPerOperation,0.086737,0.016179,-81.26095813631427,-81.45022198207177,-81.07169429055679
hosted-standard/ubuntu-net10.0-traffic/paired.jsonl,same-key,5,bytesPerOperation,159727.336,21976.264,-86.2413662103604,-86.24138826180636,-86.24134415891444
hosted-standard/ubuntu-net10.0-traffic/paired.jsonl,same-key,5,coldMs,130.481634,131.853206,0.7871622578535953,-0.34962729893585065,1.5487942264528298
hosted-standard/ubuntu-net10.0-traffic/paired.jsonl,same-key,5,closeMs,1.267206,2.787771,118.47820318437284,114.02253234337398,122.26976906202857
hosted-standard/ubuntu-net10.0-traffic/paired.jsonl,same-key,5,peakWorkingSetBytes,86179840,85389312,-0.8756961575548017,-1.1322933513968114,-0.4882985704456355
hosted-standard/ubuntu-net10.0-traffic/paired.jsonl,same-key,5,retainedManagedBytes,321512,317496,-0.9112114316685727,-1.2510613206129317,-0.5713615427242136
hosted-standard/ubuntu-net10.0-traffic/paired.jsonl,same-key,5,idleThreads,8,12,50.0,50.0,50.0
hosted-standard/ubuntu-net10.0-traffic/paired.jsonl,same-key,5,idleHandles,78,82,5.128205128205132,5.128205128205132,5.128205128205132
hosted-standard/ubuntu-net10.0-traffic/paired.jsonl,transaction,5,meanMs,0.6585443389999999,0.6603750800000004,-0.26475855470061493,-2.4274554488223936,1.8665563163374754
hosted-standard/ubuntu-net10.0-traffic/paired.jsonl,transaction,5,p99Ms,2.579388,2.545144,0.6822532097999165,-4.066384863685133,5.7807112425076115
hosted-standard/ubuntu-net10.0-traffic/paired.jsonl,transaction,5,cpuMsPerOperation,0.432187,0.43078,0.42108929555248364,-1.9812730953858826,3.6771611468199827
hosted-standard/ubuntu-net10.0-traffic/paired.jsonl,transaction,5,bytesPerOperation,244624.208,245427.768,0.32342736102990877,0.31758400886251703,0.329323309316365
hosted-standard/ubuntu-net10.0-traffic/paired.jsonl,transaction,5,coldMs,119.874271,122.825474,2.3859840463627213,1.8178450398491197,3.104796701832888
hosted-standard/ubuntu-net10.0-traffic/paired.jsonl,transaction,5,closeMs,4.685114,5.64915,3.6395188291042446,-30.64280185663365,22.775581932077653
hosted-standard/ubuntu-net10.0-traffic/paired.jsonl,transaction,5,peakWorkingSetBytes,92581888,93208576,-0.7860470413135245,-2.7589203796058803,0.7267084821382541
hosted-standard/ubuntu-net10.0-traffic/paired.jsonl,transaction,5,retainedManagedBytes,314200,335216,5.885646405818403,4.279472635660171,6.6887332908975194
hosted-standard/ubuntu-net10.0-traffic/paired.jsonl,transaction,5,idleThreads,8,12,50.0,50.0,50.0
hosted-standard/ubuntu-net10.0-traffic/paired.jsonl,transaction,5,idleHandles,80,84,5.000000000000004,5.000000000000004,5.000000000000004
hosted-standard/ubuntu-net10.0-traffic/paired.jsonl,write,5,meanMs,0.6364207249999997,0.6528004879999999,2.052601196547872,-2.5477100484701642,7.101947298723406
hosted-standard/ubuntu-net10.0-traffic/paired.jsonl,write,5,p99Ms,2.648619,2.601439,5.340836168291688,-3.143872081757786,14.267223219918552
hosted-standard/ubuntu-net10.0-traffic/paired.jsonl,write,5,cpuMsPerOperation,0.37029700000000004,0.375679,2.3208601447227895,0.33067147058448043,4.347938097613717
hosted-standard/ubuntu-net10.0-traffic/paired.jsonl,write,5,bytesPerOperation,244570.376,245354.952,0.3198097982080572,0.30865450295073593,0.3314053074630685
hosted-standard/ubuntu-net10.0-traffic/paired.jsonl,write,5,coldMs,117.423715,120.246771,2.0956522305496605,1.6371078169367026,2.620501753786457
hosted-standard/ubuntu-net10.0-traffic/paired.jsonl,write,5,closeMs,4.552654,5.591852,-6.896545333508051,-34.28078456906585,20.487693902049745
hosted-standard/ubuntu-net10.0-traffic/paired.jsonl,write,5,peakWorkingSetBytes,94007296,95002624,1.4455574953304273,0.2913073561253343,3.191423619995377
hosted-standard/ubuntu-net10.0-traffic/paired.jsonl,write,5,retainedManagedBytes,326376,335080,3.478444177354203,0.4074339327148513,7.400744641948931
hosted-standard/ubuntu-net10.0-traffic/paired.jsonl,write,5,idleThreads,8,12,50.0,50.0,50.0
hosted-standard/ubuntu-net10.0-traffic/paired.jsonl,write,5,idleHandles,80,84,5.000000000000004,5.000000000000004,5.000000000000004
hosted-standard/ubuntu-net10.0-traffic/paired.jsonl,write-heavy,5,meanMs,0.6090551710000005,0.6089531239999997,-2.2349288391405264,-4.115168459990559,-0.20768256732053736
hosted-standard/ubuntu-net10.0-traffic/paired.jsonl,write-heavy,5,p99Ms,2.709733,2.62818,-3.3252287819043658,-8.24485859907835,0.09551842113713738
hosted-standard/ubuntu-net10.0-traffic/paired.jsonl,write-heavy,5,cpuMsPerOperation,0.362388,0.35895,0.19858440084383977,-0.9898133712459622,1.7794490323955237
hosted-standard/ubuntu-net10.0-traffic/paired.jsonl,write-heavy,5,bytesPerOperation,243656.152,244451.136,0.3254620997888491,0.3213358668677868,0.3301747399110022
hosted-standard/ubuntu-net10.0-traffic/paired.jsonl,write-heavy,5,coldMs,131.332363,130.463158,-2.5706435722397125,-9.831394563840206,2.1735755231278553
hosted-standard/ubuntu-net10.0-traffic/paired.jsonl,write-heavy,5,closeMs,3.844341,4.880812,33.35703982458044,15.19415168762464,62.556130223716586
hosted-standard/ubuntu-net10.0-traffic/paired.jsonl,write-heavy,5,peakWorkingSetBytes,91332608,92286976,0.8526591089528601,0.2544252360754484,1.2887362488907206
hosted-standard/ubuntu-net10.0-traffic/paired.jsonl,write-heavy,5,retainedManagedBytes,314104,335104,6.434463409642253,4.265595621433298,8.807689424937948
hosted-standard/ubuntu-net10.0-traffic/paired.jsonl,write-heavy,5,idleThreads,8,12,50.0,50.0,50.0
hosted-standard/ubuntu-net10.0-traffic/paired.jsonl,write-heavy,5,idleHandles,80,84,5.000000000000004,5.000000000000004,5.000000000000004
hosted-standard/ubuntu-net8.0-core/paired.jsonl,mixed,5,meanMs,0.24830738466666605,0.1669188749999999,-16.77899805808583,-46.25253647771068,12.694540361539016
hosted-standard/ubuntu-net8.0-core/paired.jsonl,mixed,5,p99Ms,0.950266,0.812902,2.6979254593291975,-18.838851990456416,24.234702909114812
hosted-standard/ubuntu-net8.0-core/paired.jsonl,mixed,5,cpuMsPerOperation,0.19666666666666666,0.08666666666666667,-55.61219451571797,-57.1785299920476,-54.36874227515305
hosted-standard/ubuntu-net8.0-core/paired.jsonl,mixed,5,bytesPerOperation,314528.424,116295.704,-63.02298696537032,-63.0303537682588,-63.01430340754764
hosted-standard/ubuntu-net8.0-core/paired.jsonl,mixed,5,coldMs,84.065824,85.182399,1.342634773945095,0.7781745940161144,1.8960164291809933
hosted-standard/ubuntu-net8.0-core/paired.jsonl,mixed,5,closeMs,3.716877,55.026419,792.0778864835099,-36.68637010434056,1843.1403863457508
hosted-standard/ubuntu-net8.0-core/paired.jsonl,mixed,5,peakWorkingSetBytes,84168704,86323200,2.3562788205505614,0.5449358805392368,4.167621760561886
hosted-standard/ubuntu-net8.0-core/paired.jsonl,mixed,5,retainedManagedBytes,427488,435584,2.3643830174056646,0.5821826625171544,4.117823190358565
hosted-standard/ubuntu-net8.0-core/paired.jsonl,mixed,5,idleThreads,8,12,55.0,50.0,60.0
hosted-standard/ubuntu-net8.0-core/paired.jsonl,mixed,5,idleHandles,79,83,5.063291139240511,5.063291139240511,5.063291139240511
hosted-standard/ubuntu-net8.0-core/paired.jsonl,point,5,meanMs,0.0842943232999998,0.014870916099999932,-82.36425575112989,-82.66657894759085,-82.14016862183679
hosted-standard/ubuntu-net8.0-core/paired.jsonl,point,5,p99Ms,0.488012,0.024787,-94.94336259667624,-95.050674279142,-94.84470997990758
hosted-standard/ubuntu-net8.0-core/paired.jsonl,point,5,cpuMsPerOperation,0.0855,0.015,-82.76740378649063,-82.9828785446763,-82.5730273960764
hosted-standard/ubuntu-net8.0-core/paired.jsonl,point,5,bytesPerOperation,278371.5952,26864.4644,-90.34938105632695,-90.34942958403961,-90.34929032710498
hosted-standard/ubuntu-net8.0-core/paired.jsonl,point,5,coldMs,92.790725,93.287145,-2.130525355613855,-6.543556751757939,1.0429480819812609
hosted-standard/ubuntu-net8.0-core/paired.jsonl,point,5,closeMs,0.882655,2.216218,152.48902547007913,149.17680756011723,156.02164109864637
hosted-standard/ubuntu-net8.0-core/paired.jsonl,point,5,peakWorkingSetBytes,80527360,81047552,0.4467611029552021,-0.14923007424980206,0.8449897792750471
hosted-standard/ubuntu-net8.0-core/paired.jsonl,point,5,retainedManagedBytes,563904,558080,-1.0435640025755055,-1.0551879023649047,-1.0336422907858056
hosted-standard/ubuntu-net8.0-core/paired.jsonl,point,5,idleThreads,8,12,52.5,50.0,57.5
hosted-standard/ubuntu-net8.0-core/paired.jsonl,point,5,idleHandles,77,81,5.1948051948051965,5.1948051948051965,5.1948051948051965
hosted-standard/ubuntu-net8.0-core/paired.jsonl,scan,5,meanMs,2.369967712999999,1.4163948380000009,-40.179099289911065,-41.38768544143305,-38.96000850003931
hosted-standard/ubuntu-net8.0-core/paired.jsonl,scan,5,p99Ms,3.392298,1.746074,-45.176147100395546,-48.98347200541693,-38.54898606725065
hosted-standard/ubuntu-net8.0-core/paired.jsonl,scan,5,cpuMsPerOperation,2.38,1.42,-40.17248039775795,-41.33047942369313,-38.907082239197884
hosted-standard/ubuntu-net8.0-core/paired.jsonl,scan,5,bytesPerOperation,4364553.16,3150295.688,-27.820887476499944,-27.820891286756662,-27.820882554918064
hosted-standard/ubuntu-net8.0-core/paired.jsonl,scan,5,coldMs,94.192215,95.081179,0.42263258769729584,-0.4707369836174524,1.3031987528677114
hosted-standard/ubuntu-net8.0-core/paired.jsonl,scan,5,closeMs,0.862626,2.171116,152.64237754001866,148.19405703385993,157.7940808633292
hosted-standard/ubuntu-net8.0-core/paired.jsonl,scan,5,peakWorkingSetBytes,73822208,81211392,9.942073788493886,9.654769140881049,10.229378436106721
hosted-standard/ubuntu-net8.0-core/paired.jsonl,scan,5,retainedManagedBytes,412728,425408,2.7562947025643947,2.1608420073268597,3.072241282394206
hosted-standard/ubuntu-net8.0-core/paired.jsonl,scan,5,idleThreads,8,12,50.0,50.0,50.0
hosted-standard/ubuntu-net8.0-core/paired.jsonl,scan,5,idleHandles,77,81,5.1948051948051965,5.1948051948051965,5.1948051948051965
hosted-standard/ubuntu-net8.0-traffic/paired.jsonl,balanced,5,meanMs,0.40927653600000036,0.4111026079999998,1.491420756554449,0.00797628733969713,3.4816099578200665
hosted-standard/ubuntu-net8.0-traffic/paired.jsonl,balanced,5,p99Ms,2.286,2.268828,0.2528553265343493,-4.795113342147077,6.343739607292232
hosted-standard/ubuntu-net8.0-traffic/paired.jsonl,balanced,5,cpuMsPerOperation,0.29999990000000004,0.3,0.06748905450722376,-2.623649247309614,2.7586273563240615
hosted-standard/ubuntu-net8.0-traffic/paired.jsonl,balanced,5,bytesPerOperation,239976.088,240744.632,0.31896714896371137,0.3058928429035479,0.33303754729316015
hosted-standard/ubuntu-net8.0-traffic/paired.jsonl,balanced,5,coldMs,107.838091,109.977605,1.5145016885392537,0.5895780077178281,2.146086647346821
hosted-standard/ubuntu-net8.0-traffic/paired.jsonl,balanced,5,closeMs,3.616464,4.530346,12.583229522859993,-13.889326358319192,28.134439083512177
hosted-standard/ubuntu-net8.0-traffic/paired.jsonl,balanced,5,peakWorkingSetBytes,84041728,85405696,1.4487415819670213,1.2089157588786525,1.68856740505539
hosted-standard/ubuntu-net8.0-traffic/paired.jsonl,balanced,5,retainedManagedBytes,411128,435664,4.104073167000806,2.8329962497896366,5.375150084211975
hosted-standard/ubuntu-net8.0-traffic/paired.jsonl,balanced,5,idleThreads,8,12,50.0,50.0,50.0
hosted-standard/ubuntu-net8.0-traffic/paired.jsonl,balanced,5,idleHandles,79,83,5.063291139240511,5.063291139240511,5.063291139240511
hosted-standard/ubuntu-net8.0-traffic/paired.jsonl,buffered,5,meanMs,0.14440857099999999,0.06608341700000002,-54.56374074564462,-55.563098381029384,-53.86443712097609
hosted-standard/ubuntu-net8.0-traffic/paired.jsonl,buffered,5,p99Ms,0.530358,0.104506,-79.7879886299668,-82.24311754265806,-77.30809072060715
hosted-standard/ubuntu-net8.0-traffic/paired.jsonl,buffered,5,cpuMsPerOperation,0.15,0.06,-57.069597069597066,-60.043956043956044,-54.09523809523809
hosted-standard/ubuntu-net8.0-traffic/paired.jsonl,buffered,5,bytesPerOperation,228967.48,91158.712,-60.187027252657145,-60.18704839656706,-60.186984964837315
hosted-standard/ubuntu-net8.0-traffic/paired.jsonl,buffered,5,coldMs,124.849101,125.091127,-0.5800419040669613,-2.1194878609307466,0.4835409642824384
hosted-standard/ubuntu-net8.0-traffic/paired.jsonl,buffered,5,closeMs,1.062612,2.55572,141.5923277778389,135.99163301164918,150.25423631377546
hosted-standard/ubuntu-net8.0-traffic/paired.jsonl,buffered,5,peakWorkingSetBytes,84475904,81149952,-3.26276113506228,-4.188565626592389,-1.6757131731636843
hosted-standard/ubuntu-net8.0-traffic/paired.jsonl,buffered,5,retainedManagedBytes,407648,407488,0.1687722963842675,-0.03924954863019359,0.5761826111656476
hosted-standard/ubuntu-net8.0-traffic/paired.jsonl,buffered,5,idleThreads,8,13,60.0,55.0,62.5
hosted-standard/ubuntu-net8.0-traffic/paired.jsonl,buffered,5,idleHandles,77,81,5.1948051948051965,5.1948051948051965,5.1948051948051965
hosted-standard/ubuntu-net8.0-traffic/paired.jsonl,checkpoint,5,meanMs,1.7112136609999995,1.713898314000002,0.21184502703641472,-0.36688158643753743,0.7209556363078296
hosted-standard/ubuntu-net8.0-traffic/paired.jsonl,checkpoint,5,p99Ms,2.278076,2.24471,0.32736137619408856,-1.8557212667330103,3.7487229363058083
hosted-standard/ubuntu-net8.0-traffic/paired.jsonl,checkpoint,5,cpuMsPerOperation,0.73,0.74,0.8329315562137474,-1.0738738738738718,2.7470429223744275
hosted-standard/ubuntu-net8.0-traffic/paired.jsonl,checkpoint,5,bytesPerOperation,458941.384,460508.776,0.3416295164412686,0.34157643440017704,0.34165619324844965
hosted-standard/ubuntu-net8.0-traffic/paired.jsonl,checkpoint,5,coldMs,127.587482,138.48329,9.213691850199357,7.349220158180625,11.75830483071893
hosted-standard/ubuntu-net8.0-traffic/paired.jsonl,checkpoint,5,closeMs,1.150462,2.340811,105.98844115392546,99.35687840333637,112.96275457236395
hosted-standard/ubuntu-net8.0-traffic/paired.jsonl,checkpoint,5,peakWorkingSetBytes,83795968,84197376,-0.2798336924592393,-2.2016108138130397,0.9202223141071331
hosted-standard/ubuntu-net8.0-traffic/paired.jsonl,checkpoint,5,retainedManagedBytes,442496,449872,1.1164742388396043,0.01555284452036787,1.66913165967562
hosted-standard/ubuntu-net8.0-traffic/paired.jsonl,checkpoint,5,idleThreads,8,12,50.0,50.0,50.0
hosted-standard/ubuntu-net8.0-traffic/paired.jsonl,checkpoint,5,idleHandles,79,83,5.063291139240511,5.063291139240511,5.063291139240511
hosted-standard/ubuntu-net8.0-traffic/paired.jsonl,churn,5,meanMs,1.8227994619999985,1.8566307880000037,1.0181043004964052,0.11386320710757625,1.812377958246243
hosted-standard/ubuntu-net8.0-traffic/paired.jsonl,churn,5,p99Ms,3.966042,3.952901,-0.3183939230308974,-1.6423713393358907,1.3128718564623165
hosted-standard/ubuntu-net8.0-traffic/paired.jsonl,churn,5,cpuMsPerOperation,1.25,1.3,2.2387798442749363,0.3196532627434223,4.15790642580645
hosted-standard/ubuntu-net8.0-traffic/paired.jsonl,churn,5,bytesPerOperation,1448314.624,1622617.216,10.649221144981954,6.603290285553105,14.623139945964548
hosted-standard/ubuntu-net8.0-traffic/paired.jsonl,churn,5,coldMs,140.467487,154.559008,10.154547946169501,9.655244995352561,10.653850896986441
hosted-standard/ubuntu-net8.0-traffic/paired.jsonl,churn,5,closeMs,4.403341,5.387863,93.57439190430958,20.511553386299827,231.39280762060102
hosted-standard/ubuntu-net8.0-traffic/paired.jsonl,churn,5,peakWorkingSetBytes,84582400,85417984,0.9649237620505025,0.608180893292869,1.3870027940156504
hosted-standard/ubuntu-net8.0-traffic/paired.jsonl,churn,5,retainedManagedBytes,438800,451112,3.645182919295782,2.374847789266177,4.980821923477641
hosted-standard/ubuntu-net8.0-traffic/paired.jsonl,churn,5,idleThreads,8,12,50.0,50.0,50.0
hosted-standard/ubuntu-net8.0-traffic/paired.jsonl,churn,5,idleHandles,79,83,5.063291139240511,5.063291139240511,5.063291139240511
hosted-standard/ubuntu-net8.0-traffic/paired.jsonl,indexed,5,meanMs,2.9088854199999976,1.7850593980000016,-39.150136388924544,-40.09091240242047,-38.273423004155376
hosted-standard/ubuntu-net8.0-traffic/paired.jsonl,indexed,5,p99Ms,3.99327,2.130527,-47.340440085922104,-48.61673377153199,-45.75257640423662
hosted-standard/ubuntu-net8.0-traffic/paired.jsonl,indexed,5,cpuMsPerOperation,2.92,1.78,-39.54737427490103,-40.65419291902072,-38.55686416453206
hosted-standard/ubuntu-net8.0-traffic/paired.jsonl,indexed,5,bytesPerOperation,4367745.16,3153487.688,-27.800557651502153,-27.800559449981375,-27.80055675226254
hosted-standard/ubuntu-net8.0-traffic/paired.jsonl,indexed,5,coldMs,127.945076,128.970678,1.1992839437879788,0.6971131830833555,1.8960172519889218
hosted-standard/ubuntu-net8.0-traffic/paired.jsonl,indexed,5,closeMs,1.064332,2.527375,135.95161956485367,127.50683443481377,141.9291135903924
hosted-standard/ubuntu-net8.0-traffic/paired.jsonl,indexed,5,peakWorkingSetBytes,74043392,81223680,9.844653911808683,9.640296460978494,10.082019512756135
hosted-standard/ubuntu-net8.0-traffic/paired.jsonl,indexed,5,retainedManagedBytes,414808,427360,3.054135889375318,3.025978283928943,3.110451100268068
hosted-standard/ubuntu-net8.0-traffic/paired.jsonl,indexed,5,idleThreads,8,13,62.5,62.5,62.5
hosted-standard/ubuntu-net8.0-traffic/paired.jsonl,indexed,5,idleHandles,77,81,5.1948051948051965,5.1948051948051965,5.1948051948051965
hosted-standard/ubuntu-net8.0-traffic/paired.jsonl,open-close,5,meanMs,0.8382676850000008,0.8849093640000003,5.699263463943889,-0.8703675816492096,11.59915928985252
hosted-standard/ubuntu-net8.0-traffic/paired.jsonl,open-close,5,p99Ms,7.155298,7.170512,8.108629564907886,-21.186688227772603,37.40394735758837
hosted-standard/ubuntu-net8.0-traffic/paired.jsonl,open-close,5,cpuMsPerOperation,2.44,2.6,6.450376324956711,-1.9199226142911232,14.38914027149321
hosted-standard/ubuntu-net8.0-traffic/paired.jsonl,open-close,5,bytesPerOperation,186507.104,187403.2,0.48331620980170076,0.4798434527350226,0.4894068974889665
hosted-standard/ubuntu-net8.0-traffic/paired.jsonl,open-close,5,coldMs,120.715912,121.149338,0.7566522400207032,0.0638900313237345,1.5006221633786376
hosted-standard/ubuntu-net8.0-traffic/paired.jsonl,open-close,5,closeMs,0.008937,0.009719,7.570042437344648,1.296654909631454,13.462835650075466
hosted-standard/ubuntu-net8.0-traffic/paired.jsonl,open-close,5,peakWorkingSetBytes,135598080,136515584,0.7771235933218912,-1.0341646996981702,2.8542747516361566
hosted-standard/ubuntu-net8.0-traffic/paired.jsonl,open-close,5,retainedManagedBytes,457744,449008,-0.6275915406002297,-2.5419969942176146,2.207965316037823
hosted-standard/ubuntu-net8.0-traffic/paired.jsonl,open-close,5,idleThreads,9,9,0.0,0.0,0.0
hosted-standard/ubuntu-net8.0-traffic/paired.jsonl,open-close,5,idleHandles,77,77,0.0,0.0,0.0
hosted-standard/ubuntu-net8.0-traffic/paired.jsonl,random,5,meanMs,0.12223033799999988,0.020640803000000003,-83.14683965694154,-83.25191991640965,-83.05341178378012
hosted-standard/ubuntu-net8.0-traffic/paired.jsonl,random,5,p99Ms,0.809563,0.041368,-94.8146312592157,-94.96936736643421,-94.61676744341717
hosted-standard/ubuntu-net8.0-traffic/paired.jsonl,random,5,cpuMsPerOperation,0.12,0.02,-82.14287315759375,-87.6190463151875,-76.6667
hosted-standard/ubuntu-net8.0-traffic/paired.jsonl,random,5,bytesPerOperation,282121.176,26884.36,-90.47061650183383,-90.4706337960253,-90.47059920764237
hosted-standard/ubuntu-net8.0-traffic/paired.jsonl,random,5,coldMs,117.644924,119.716977,1.2845742524769532,-0.1836001547304944,3.003589022865052
hosted-standard/ubuntu-net8.0-traffic/paired.jsonl,random,5,closeMs,1.116651,2.649865,137.09011041115355,129.75635875887627,144.42386206343082
hosted-standard/ubuntu-net8.0-traffic/paired.jsonl,random,5,peakWorkingSetBytes,69713920,80080896,14.984534870327177,14.839541625210448,15.117621280311878
hosted-standard/ubuntu-net8.0-traffic/paired.jsonl,random,5,retainedManagedBytes,401720,405712,0.8085233495967326,0.2369809817783497,1.154635069202432
hosted-standard/ubuntu-net8.0-traffic/paired.jsonl,random,5,idleThreads,8,13,57.5,52.5,62.5
hosted-standard/ubuntu-net8.0-traffic/paired.jsonl,random,5,idleHandles,77,81,5.1948051948051965,5.1948051948051965,5.1948051948051965
hosted-standard/ubuntu-net8.0-traffic/paired.jsonl,same-key,5,meanMs,0.09493936900000004,0.018418242000000022,-80.74573870767621,-81.17692177948386,-80.31455563586856
hosted-standard/ubuntu-net8.0-traffic/paired.jsonl,same-key,5,p99Ms,0.423678,0.038883,-84.09170726435839,-91.60098538476049,-76.44075522659644
hosted-standard/ubuntu-net8.0-traffic/paired.jsonl,same-key,5,cpuMsPerOperation,0.1,0.02,-81.41919191919192,-84.5,-79.03030303030303
hosted-standard/ubuntu-net8.0-traffic/paired.jsonl,same-key,5,bytesPerOperation,159940.648,22134.728,-86.1606682195,-86.16068953996376,-86.16064689903624
hosted-standard/ubuntu-net8.0-traffic/paired.jsonl,same-key,5,coldMs,118.836603,119.217938,-3.0714162054169747,-7.977493982500472,0.33763474818601535
hosted-standard/ubuntu-net8.0-traffic/paired.jsonl,same-key,5,closeMs,1.124546,2.636785,136.7039713160976,131.42858211092832,142.34516484834424
hosted-standard/ubuntu-net8.0-traffic/paired.jsonl,same-key,5,peakWorkingSetBytes,79785984,80031744,0.2926613630777153,0.00010471438810277789,0.6159831120432369
hosted-standard/ubuntu-net8.0-traffic/paired.jsonl,same-key,5,retainedManagedBytes,411888,406520,-1.6027505455759616,-2.1994176006977417,-1.3032669075088377
hosted-standard/ubuntu-net8.0-traffic/paired.jsonl,same-key,5,idleThreads,8,13,62.5,62.5,62.5
hosted-standard/ubuntu-net8.0-traffic/paired.jsonl,same-key,5,idleHandles,77,81,5.1948051948051965,5.1948051948051965,5.1948051948051965
hosted-standard/ubuntu-net8.0-traffic/paired.jsonl,transaction,5,meanMs,0.6130174379999999,0.6137750740000003,-0.12315836490961463,-1.2508383414750401,0.9121482934711533
hosted-standard/ubuntu-net8.0-traffic/paired.jsonl,transaction,5,p99Ms,2.253863,2.241036,-0.33327165494772437,-1.4588198323171309,0.928775338509189
hosted-standard/ubuntu-net8.0-traffic/paired.jsonl,transaction,5,cpuMsPerOperation,0.44,0.44,1.4718570297137235,-1.8181907024773158,4.783549783549783
hosted-standard/ubuntu-net8.0-traffic/paired.jsonl,transaction,5,bytesPerOperation,245335.04,246096.96,0.31343905949860584,0.30499732555963277,0.3249691737801186
hosted-standard/ubuntu-net8.0-traffic/paired.jsonl,transaction,5,coldMs,110.494428,111.994524,0.6007606611360239,-1.7331720094749081,2.1628989520193187
hosted-standard/ubuntu-net8.0-traffic/paired.jsonl,transaction,5,closeMs,4.383355,5.298059,40.208963451097674,17.808605990756487,75.2764190015778
hosted-standard/ubuntu-net8.0-traffic/paired.jsonl,transaction,5,peakWorkingSetBytes,84746240,85155840,-0.32700042817312536,-2.1027142789082065,0.6825380682942317
hosted-standard/ubuntu-net8.0-traffic/paired.jsonl,transaction,5,retainedManagedBytes,411232,423480,2.9826472648042968,2.978367442222396,2.9912069099680982
hosted-standard/ubuntu-net8.0-traffic/paired.jsonl,transaction,5,idleThreads,8,12,50.0,50.0,50.0
hosted-standard/ubuntu-net8.0-traffic/paired.jsonl,transaction,5,idleHandles,79,83,5.063291139240511,5.063291139240511,5.063291139240511
hosted-standard/ubuntu-net8.0-traffic/paired.jsonl,write,5,meanMs,0.5806766620000007,0.5805451019999995,-1.2438997415944362,-4.857186850578418,1.1536962165056863
hosted-standard/ubuntu-net8.0-traffic/paired.jsonl,write,5,p99Ms,2.191468,2.1665,-1.6525181334563244,-6.4138123347038185,2.0612277681681834
hosted-standard/ubuntu-net8.0-traffic/paired.jsonl,write,5,cpuMsPerOperation,0.37,0.37,-1.5789419630156454,-3.68421052631579,1.0810810815442551e-05
hosted-standard/ubuntu-net8.0-traffic/paired.jsonl,write,5,bytesPerOperation,245181.056,245930.912,0.3168697978500923,0.30625146457358365,0.32664222000227117
hosted-standard/ubuntu-net8.0-traffic/paired.jsonl,write,5,coldMs,107.818761,109.434291,0.45021896524768623,-1.5207845984344526,1.7938182777671452
hosted-standard/ubuntu-net8.0-traffic/paired.jsonl,write,5,closeMs,4.234959,5.419472,97.10404294557833,18.683623589248516,245.90301120796056
hosted-standard/ubuntu-net8.0-traffic/paired.jsonl,write,5,peakWorkingSetBytes,84328448,84684800,0.009627858400986788,-1.8029323260803443,1.3359739462581333
hosted-standard/ubuntu-net8.0-traffic/paired.jsonl,write,5,retainedManagedBytes,411120,423368,1.5666159584347694,-0.061961553758607124,2.9804160776214905
hosted-standard/ubuntu-net8.0-traffic/paired.jsonl,write,5,idleThreads,8,12,50.0,50.0,50.0
hosted-standard/ubuntu-net8.0-traffic/paired.jsonl,write,5,idleHandles,79,83,5.063291139240511,5.063291139240511,5.063291139240511
hosted-standard/ubuntu-net8.0-traffic/paired.jsonl,write-heavy,5,meanMs,0.5487493509999999,0.5527495569999995,2.1447920780683782,0.2594624433793413,4.625428061578916
hosted-standard/ubuntu-net8.0-traffic/paired.jsonl,write-heavy,5,p99Ms,2.340947,2.338092,1.9995010923454082,-0.2290703674127581,5.820503447201246
hosted-standard/ubuntu-net8.0-traffic/paired.jsonl,write-heavy,5,cpuMsPerOperation,0.35999990000000004,0.36,1.1428626984142376,0.0,3.428576984128524
hosted-standard/ubuntu-net8.0-traffic/paired.jsonl,write-heavy,5,bytesPerOperation,244198.072,244965.472,0.31428707329446137,0.30662479842341384,0.3225459215246218
hosted-standard/ubuntu-net8.0-traffic/paired.jsonl,write-heavy,5,coldMs,118.252155,119.828248,1.6319464493028768,1.099472214195658,2.2278514841274477
hosted-standard/ubuntu-net8.0-traffic/paired.jsonl,write-heavy,5,closeMs,3.478959,4.323555,21.267371006172024,15.77018772587356,26.346437631317787
hosted-standard/ubuntu-net8.0-traffic/paired.jsonl,write-heavy,5,peakWorkingSetBytes,84357120,85463040,0.4239681922266292,-1.2542200536734982,1.4575139292551453
hosted-standard/ubuntu-net8.0-traffic/paired.jsonl,write-heavy,5,retainedManagedBytes,423424,435672,2.93979864240999,1.164063726259248,4.732878844261803
hosted-standard/ubuntu-net8.0-traffic/paired.jsonl,write-heavy,5,idleThreads,8,12,50.0,50.0,50.0
hosted-standard/ubuntu-net8.0-traffic/paired.jsonl,write-heavy,5,idleHandles,79,83,5.063291139240511,5.063291139240511,5.063291139240511
hosted-standard/windows-net10.0-core/paired.jsonl,mixed,5,meanMs,0.20877120000000007,0.10224033333333338,-43.036027698356584,-53.17202355679638,-26.975038605101098
hosted-standard/windows-net10.0-core/paired.jsonl,mixed,5,p99Ms,0.6123,0.7108,18.840172892178522,0.8545607011976086,36.82578508315944
hosted-standard/windows-net10.0-core/paired.jsonl,mixed,5,cpuMsPerOperation,0.20833333333333334,0.09375,-55.139369402527294,-58.226107226107224,-52.05263157894737
hosted-standard/windows-net10.0-core/paired.jsonl,mixed,5,bytesPerOperation,318624.4106666667,117669.448,-63.077551553009975,-63.09146040857874,-63.06736818043733
hosted-standard/windows-net10.0-core/paired.jsonl,mixed,5,coldMs,88.0747,85.7026,-4.1535215590981815,-11.82370977775516,3.516666659558798
hosted-standard/windows-net10.0-core/paired.jsonl,mixed,5,closeMs,4.0955,4.5771,15.893209761742666,7.947695913335138,21.954888210533046
hosted-standard/windows-net10.0-core/paired.jsonl,mixed,5,peakWorkingSetBytes,71372800,78266368,9.816154753512647,7.605953720784946,12.250846487876116
hosted-standard/windows-net10.0-core/paired.jsonl,mixed,5,retainedManagedBytes,516520,525544,0.8295516146519066,-0.16541469836598655,1.8214202741423469
hosted-standard/windows-net10.0-core/paired.jsonl,mixed,5,idleThreads,8,14,77.5,75.0,82.5
hosted-standard/windows-net10.0-core/paired.jsonl,mixed,5,idleHandles,218,245,12.6605504587156,12.385321100917434,13.211009174311933
hosted-standard/windows-net10.0-core/paired.jsonl,point,5,meanMs,0.08825414000000101,0.012856630000001246,-85.32576801974311,-85.86233054647482,-84.78683439649649
hosted-standard/windows-net10.0-core/paired.jsonl,point,5,p99Ms,0.4364,0.0205,-95.21533423719036,-95.48751837846021,-94.845688433281
hosted-standard/windows-net10.0-core/paired.jsonl,point,5,cpuMsPerOperation,0.08828125,0.0125,-85.23892458156688,-85.78646828160765,-84.6265817550244
hosted-standard/windows-net10.0-core/paired.jsonl,point,5,bytesPerOperation,280143.0144,26712.1256,-90.46482835658459,-90.46483147163092,-90.46482538313117
hosted-standard/windows-net10.0-core/paired.jsonl,point,5,coldMs,92.9032,94.5769,-0.395814447652727,-2.7731679739208603,2.095381016555229
hosted-standard/windows-net10.0-core/paired.jsonl,point,5,closeMs,1.6387,2.9104,81.67239208084939,76.8877189379968,87.32505220485949
hosted-standard/windows-net10.0-core/paired.jsonl,point,5,peakWorkingSetBytes,69021696,66170880,-4.0483047216401165,-4.314225861758272,-3.6501618716491935
hosted-standard/windows-net10.0-core/paired.jsonl,point,5,retainedManagedBytes,643168,637400,-0.8985363996418627,-0.9019876257129988,-0.8968107866062947
hosted-standard/windows-net10.0-core/paired.jsonl,point,5,idleThreads,8,12,50.0,50.0,50.0
hosted-standard/windows-net10.0-core/paired.jsonl,point,5,idleHandles,217,239,10.037204582928169,9.835116052931973,10.138248847926267
hosted-standard/windows-net10.0-core/paired.jsonl,scan,5,meanMs,1.4858391999999998,0.7702968999999992,-48.73186078539349,-50.301478012968715,-46.518842632689996
hosted-standard/windows-net10.0-core/paired.jsonl,scan,5,p99Ms,2.5526,1.0424,-56.077010168738674,-60.3906668877006,-48.6308357644167
hosted-standard/windows-net10.0-core/paired.jsonl,scan,5,cpuMsPerOperation,1.484375,0.765625,-49.00205121097675,-51.323853412332674,-45.898825404525134
hosted-standard/windows-net10.0-core/paired.jsonl,scan,5,bytesPerOperation,4238051.04,3022024.912,-28.693050837092127,-28.693051375505263,-28.693050567885557
hosted-standard/windows-net10.0-core/paired.jsonl,scan,5,coldMs,91.6731,93.354,-3.2172096734891538,-15.51251957533849,6.083890241643994
hosted-standard/windows-net10.0-core/paired.jsonl,scan,5,closeMs,1.4241,2.9747,112.33317800732807,105.83553731444569,118.83081870021044
hosted-standard/windows-net10.0-core/paired.jsonl,scan,5,peakWorkingSetBytes,58978304,66727936,13.072354476289977,13.003323625424969,13.15174951957912
hosted-standard/windows-net10.0-core/paired.jsonl,scan,5,retainedManagedBytes,467256,479088,2.53223072576918,2.53223072576918,2.53223072576918
hosted-standard/windows-net10.0-core/paired.jsonl,scan,5,idleThreads,8,12,50.0,50.0,50.0
hosted-standard/windows-net10.0-core/paired.jsonl,scan,5,idleHandles,215,238,10.502153316106805,10.297157622739018,10.697674418604652
hosted-standard/windows-net10.0-traffic/paired.jsonl,balanced,5,meanMs,0.4429634000000003,0.45440550000000013,4.287547171870926,-4.531512880121311,13.425538449705737
hosted-standard/windows-net10.0-traffic/paired.jsonl,balanced,5,p99Ms,1.929,1.9171,2.198418256202097,-2.937564607212731,9.342239855190622
hosted-standard/windows-net10.0-traffic/paired.jsonl,balanced,5,cpuMsPerOperation,0.390625,0.390625,7.4743463433118595,-6.6143236074270595,20.685714285714283
hosted-standard/windows-net10.0-traffic/paired.jsonl,balanced,5,bytesPerOperation,245820.768,246435.032,0.2511846910514093,0.23207614196778525,0.2702932401350333
hosted-standard/windows-net10.0-traffic/paired.jsonl,balanced,5,coldMs,108.2578,107.6806,-2.0846023320126394,-5.660448858304605,1.4432301451271767
hosted-standard/windows-net10.0-traffic/paired.jsonl,balanced,5,closeMs,3.8902,4.784,52.2242799794413,13.81462200867178,98.0525675762082
hosted-standard/windows-net10.0-traffic/paired.jsonl,balanced,5,peakWorkingSetBytes,139509760,140025856,0.33876253420514146,0.29527033957199134,0.3957736783789745
hosted-standard/windows-net10.0-traffic/paired.jsonl,balanced,5,retainedManagedBytes,560408,561120,1.1006628223478465,0.12705029193016415,2.1649691898297796
hosted-standard/windows-net10.0-traffic/paired.jsonl,balanced,5,idleThreads,8,12,54.285714285714285,50.0,62.85714285714285
hosted-standard/windows-net10.0-traffic/paired.jsonl,balanced,5,idleHandles,218,239,9.624649155879519,9.33266306396883,9.908256880733948
hosted-standard/windows-net10.0-traffic/paired.jsonl,buffered,5,meanMs,0.11556980000000013,0.043389400000000036,-61.35444757657211,-63.57598035754125,-58.280595984844275
hosted-standard/windows-net10.0-traffic/paired.jsonl,buffered,5,p99Ms,0.1919,0.0751,-58.92572927217082,-64.06724684120599,-53.8959546161518
hosted-standard/windows-net10.0-traffic/paired.jsonl,buffered,5,cpuMsPerOperation,0.125,0.046875,-61.42857142857143,-68.92857142857143,-54.285714285714285
hosted-standard/windows-net10.0-traffic/paired.jsonl,buffered,5,bytesPerOperation,227577.536,87832.288,-61.4055404349587,-61.4055545447157,-61.4055122154447
hosted-standard/windows-net10.0-traffic/paired.jsonl,buffered,5,coldMs,121.9391,123.5106,1.9550451456835116,-0.03051286638899864,3.7637335529649585
hosted-standard/windows-net10.0-traffic/paired.jsonl,buffered,5,closeMs,1.8693,3.4517,88.77237523391899,80.09925089667614,100.20307606502915
hosted-standard/windows-net10.0-traffic/paired.jsonl,buffered,5,peakWorkingSetBytes,141479936,135925760,-3.497563201491636,-3.7976165515437144,-3.1028312112676404
hosted-standard/windows-net10.0-traffic/paired.jsonl,buffered,5,retainedManagedBytes,546840,486424,-10.793667723548365,-11.053669216404408,-10.279129726312961
hosted-standard/windows-net10.0-traffic/paired.jsonl,buffered,5,idleThreads,8,12,50.0,50.0,50.0
hosted-standard/windows-net10.0-traffic/paired.jsonl,buffered,5,idleHandles,217,239,10.037204582928169,9.835116052931973,10.138248847926267
hosted-standard/windows-net10.0-traffic/paired.jsonl,checkpoint,5,meanMs,1.7121532000000004,1.7152074000000013,-2.444725843283331,-10.57597420675917,2.6808736339353256
hosted-standard/windows-net10.0-traffic/paired.jsonl,checkpoint,5,p99Ms,2.7891,2.8918,-1.5397112593238085,-11.426519228176298,5.208298229032291
hosted-standard/windows-net10.0-traffic/paired.jsonl,checkpoint,5,cpuMsPerOperation,1.328125,1.34375,-5.284428747344346,-12.542443064182192,3.038363171355507
hosted-standard/windows-net10.0-traffic/paired.jsonl,checkpoint,5,bytesPerOperation,472630.648,473798.648,0.24718173439183477,0.24712743554455852,0.24723603323911103
hosted-standard/windows-net10.0-traffic/paired.jsonl,checkpoint,5,coldMs,125.1223,138.7213,10.90332655371539,8.918009155537048,12.88864395189373
hosted-standard/windows-net10.0-traffic/paired.jsonl,checkpoint,5,closeMs,1.875,3.1895,69.15694194684681,64.79278233006049,73.14386466620331
hosted-standard/windows-net10.0-traffic/paired.jsonl,checkpoint,5,peakWorkingSetBytes,136376320,137404416,0.6871671483403796,0.448025415914155,0.8428429735674081
hosted-standard/windows-net10.0-traffic/paired.jsonl,checkpoint,5,retainedManagedBytes,559592,562832,0.579856037745694,0.5789932665227537,0.5815815801915747
hosted-standard/windows-net10.0-traffic/paired.jsonl,checkpoint,5,idleThreads,8,12,50.0,50.0,50.0
hosted-standard/windows-net10.0-traffic/paired.jsonl,checkpoint,5,idleHandles,217,238,9.57679786919206,9.375554897898777,9.677419354838701
hosted-standard/windows-net10.0-traffic/paired.jsonl,churn,5,meanMs,1.8925711000000012,1.9295520999999982,1.4813529463251585,0.03047974389960517,2.8703286534838757
hosted-standard/windows-net10.0-traffic/paired.jsonl,churn,5,p99Ms,3.7469,4.0853,2.609033952454005,-3.381199432449049,8.560980963286768
hosted-standard/windows-net10.0-traffic/paired.jsonl,churn,5,cpuMsPerOperation,1.6875,1.703125,0.24636203001084683,-5.708221935092406,8.360650530461859
hosted-standard/windows-net10.0-traffic/paired.jsonl,churn,5,bytesPerOperation,1510364.76,1583252.144,10.29914820136904,3.2742682387802935,17.324028163957784
hosted-standard/windows-net10.0-traffic/paired.jsonl,churn,5,coldMs,139.7209,154.7371,9.055457741242181,5.2146554037475035,12.896260078736859
hosted-standard/windows-net10.0-traffic/paired.jsonl,churn,5,closeMs,6.1099,7.0327,21.717831667133087,9.657326124592679,33.76706673251314
hosted-standard/windows-net10.0-traffic/paired.jsonl,churn,5,peakWorkingSetBytes,134586368,131186688,-2.5574230990156432,-3.6244160330449366,-1.50712965339586
hosted-standard/windows-net10.0-traffic/paired.jsonl,churn,5,retainedManagedBytes,551016,551728,0.5873018441126443,-0.7415698894669642,1.9161735776922528
hosted-standard/windows-net10.0-traffic/paired.jsonl,churn,5,idleThreads,8,12,50.0,50.0,50.0
hosted-standard/windows-net10.0-traffic/paired.jsonl,churn,5,idleHandles,219,241,10.047497724511674,9.645496056454963,10.449499392568384
hosted-standard/windows-net10.0-traffic/paired.jsonl,indexed,5,meanMs,2.404832100000003,1.0927863999999987,-54.830013908432164,-55.77967740252723,-53.88035041433711
hosted-standard/windows-net10.0-traffic/paired.jsonl,indexed,5,p99Ms,4.0527,1.7877,-56.728262982081255,-58.757082606671275,-55.2127103675246
hosted-standard/windows-net10.0-traffic/paired.jsonl,indexed,5,cpuMsPerOperation,2.390625,1.09375,-54.81553443084883,-55.690027688067325,-54.04607989922525
hosted-standard/windows-net10.0-traffic/paired.jsonl,indexed,5,bytesPerOperation,4241051.12,3025024.288,-28.67276830285841,-28.67276997123298,-28.67276550429459
hosted-standard/windows-net10.0-traffic/paired.jsonl,indexed,5,coldMs,124.3618,124.2963,1.6799167189821664,-2.796085703207416,7.755021649240211
hosted-standard/windows-net10.0-traffic/paired.jsonl,indexed,5,closeMs,1.7637,3.3383,92.60544234058096,85.08957739723884,102.89516771038909
hosted-standard/windows-net10.0-traffic/paired.jsonl,indexed,5,peakWorkingSetBytes,59363328,139198464,134.57287148553013,133.80019059976624,135.345552371294
hosted-standard/windows-net10.0-traffic/paired.jsonl,indexed,5,retainedManagedBytes,469360,483120,2.8464291801602215,2.7612067496164983,2.9316516107039448
hosted-standard/windows-net10.0-traffic/paired.jsonl,indexed,5,idleThreads,8,13,57.5,52.5,62.5
hosted-standard/windows-net10.0-traffic/paired.jsonl,indexed,5,idleHandles,215,239,10.88372093023256,10.418604651162786,11.348837209302332
hosted-standard/windows-net10.0-traffic/paired.jsonl,open-close,5,meanMs,1.6100209999999997,1.6741936000000017,14.001761201933423,1.672520470596024,34.00367380266586
hosted-standard/windows-net10.0-traffic/paired.jsonl,open-close,5,p99Ms,6.0147,6.1771,41.64101285650991,0.9788078356406293,120.77898494302686
hosted-standard/windows-net10.0-traffic/paired.jsonl,open-close,5,cpuMsPerOperation,2.734375,2.828125,13.316236774679545,-4.776119402985075,37.511520737327196
hosted-standard/windows-net10.0-traffic/paired.jsonl,open-close,5,bytesPerOperation,190164.56,190860.56,0.38911814352225793,0.36598365121239596,0.4352028851773948
hosted-standard/windows-net10.0-traffic/paired.jsonl,open-close,5,coldMs,125.9618,128.4501,-0.27537773496051565,-8.785879455465283,10.751991795619832
hosted-standard/windows-net10.0-traffic/paired.jsonl,open-close,5,closeMs,0.0143,0.0121,-10.566618902829717,-19.86276634163958,-0.8114493412085411
hosted-standard/windows-net10.0-traffic/paired.jsonl,open-close,5,peakWorkingSetBytes,166232064,164032512,-0.49417913708299066,-3.0173230043032295,2.069105023448219
hosted-standard/windows-net10.0-traffic/paired.jsonl,open-close,5,retainedManagedBytes,650240,625040,-1.0099444749139508,-6.100005793563701,4.0801168437358
hosted-standard/windows-net10.0-traffic/paired.jsonl,open-close,5,idleThreads,9,8,-3.8095238095238115,-14.920634920634921,6.349206349206344
hosted-standard/windows-net10.0-traffic/paired.jsonl,open-close,5,idleHandles,219,216,-0.5479452054794542,-1.0958904109589085,0.0
hosted-standard/windows-net10.0-traffic/paired.jsonl,random,5,meanMs,0.12823420000000002,0.0180823,-86.30374825139926,-87.31437234391271,-85.5696788738509
hosted-standard/windows-net10.0-traffic/paired.jsonl,random,5,p99Ms,0.9893,0.0428,-95.74583283766651,-96.1594649796803,-95.33220069565273
hosted-standard/windows-net10.0-traffic/paired.jsonl,random,5,cpuMsPerOperation,0.125,0.015625,-87.77777777777777,-88.33333333333333,-87.5
hosted-standard/windows-net10.0-traffic/paired.jsonl,random,5,bytesPerOperation,283887.632,26725.92,-90.58573769554347,-90.58573992402741,-90.58573323857561
hosted-standard/windows-net10.0-traffic/paired.jsonl,random,5,coldMs,119.642,120.4889,-0.15499151110270448,-1.8454670110778926,1.5354839888724836
hosted-standard/windows-net10.0-traffic/paired.jsonl,random,5,closeMs,1.882,3.4797,86.173262444191,79.95176435467096,93.68082043210713
hosted-standard/windows-net10.0-traffic/paired.jsonl,random,5,peakWorkingSetBytes,56262656,133070848,136.41603223230567,135.59276387945567,137.18361280808222
hosted-standard/windows-net10.0-traffic/paired.jsonl,random,5,retainedManagedBytes,481008,485408,0.9563250507268073,0.9147457006952076,1.0394837507900068
hosted-standard/windows-net10.0-traffic/paired.jsonl,random,5,idleThreads,8,12,52.5,50.0,57.5
hosted-standard/windows-net10.0-traffic/paired.jsonl,random,5,idleHandles,217,239,10.313702278780704,9.835116052931973,10.967741935483875
hosted-standard/windows-net10.0-traffic/paired.jsonl,same-key,5,meanMs,0.08832829999999989,0.01631969999999995,-82.23635979902741,-83.12388974596438,-81.44120342851977
hosted-standard/windows-net10.0-traffic/paired.jsonl,same-key,5,p99Ms,0.1456,0.0349,-77.83651607831361,-82.94362929520943,-73.49278388458141
hosted-standard/windows-net10.0-traffic/paired.jsonl,same-key,5,cpuMsPerOperation,0.09375,0.015625,-82.66666666666667,-83.33333333333334,-81.33333333333334
hosted-standard/windows-net10.0-traffic/paired.jsonl,same-key,5,bytesPerOperation,161721.12,21976.288,-86.41098292408604,-86.41099690627915,-86.41096894189292
hosted-standard/windows-net10.0-traffic/paired.jsonl,same-key,5,coldMs,122.0166,119.2806,-2.2833038468472933,-7.711466121500701,2.662778100031744
hosted-standard/windows-net10.0-traffic/paired.jsonl,same-key,5,closeMs,1.9203,3.37,72.30634814396643,58.34871183923809,84.97140788671122
hosted-standard/windows-net10.0-traffic/paired.jsonl,same-key,5,peakWorkingSetBytes,136699904,132202496,-3.3166902109507057,-3.4759929441522064,-3.18626286152516
hosted-standard/windows-net10.0-traffic/paired.jsonl,same-key,5,retainedManagedBytes,549864,485408,-12.141321894749325,-12.705963010251422,-11.57668077924723
hosted-standard/windows-net10.0-traffic/paired.jsonl,same-key,5,idleThreads,8,12,55.0,50.0,60.0
hosted-standard/windows-net10.0-traffic/paired.jsonl,same-key,5,idleHandles,217,239,10.691244239631338,10.138248847926267,11.244239631336411
hosted-standard/windows-net10.0-traffic/paired.jsonl,transaction,5,meanMs,0.6077011000000003,0.6177501000000009,1.5304254517899096,0.6237973035311617,2.4262460614969106
hosted-standard/windows-net10.0-traffic/paired.jsonl,transaction,5,p99Ms,1.7735,1.7865,0.446430222390497,-0.22842912167752916,1.108526302412387
hosted-standard/windows-net10.0-traffic/paired.jsonl,transaction,5,cpuMsPerOperation,0.515625,0.5625,7.216915358518774,1.1137585532746819,13.958333333333334
hosted-standard/windows-net10.0-traffic/paired.jsonl,transaction,5,bytesPerOperation,253054.144,253646.424,0.2345752295461434,0.23017724167637255,0.2399363998170001
hosted-standard/windows-net10.0-traffic/paired.jsonl,transaction,5,coldMs,108.1594,110.4356,2.194414543788179,1.023313273324855,3.6526920917726358
hosted-standard/windows-net10.0-traffic/paired.jsonl,transaction,5,closeMs,6.0882,6.6686,12.006157685324016,7.265743573221606,17.918579502362686
hosted-standard/windows-net10.0-traffic/paired.jsonl,transaction,5,peakWorkingSetBytes,136486912,136994816,0.7534474522284462,-0.15405533493829893,2.0788081837745054
hosted-standard/windows-net10.0-traffic/paired.jsonl,transaction,5,retainedManagedBytes,548224,548952,0.5982904803017486,-0.7511216055317149,1.955671290248815
hosted-standard/windows-net10.0-traffic/paired.jsonl,transaction,5,idleThreads,8,12,50.0,50.0,50.0
hosted-standard/windows-net10.0-traffic/paired.jsonl,transaction,5,idleHandles,221,242,9.494109494109502,9.206310382780973,9.773755656108607
hosted-standard/windows-net10.0-traffic/paired.jsonl,write,5,meanMs,0.5986102000000002,0.6077730000000001,-2.3617229125093786,-10.417936152241452,2.4314993677415675
hosted-standard/windows-net10.0-traffic/paired.jsonl,write,5,p99Ms,1.7477,1.7608,-8.015901750977525,-28.885814629848223,3.8541558212806404
hosted-standard/windows-net10.0-traffic/paired.jsonl,write,5,cpuMsPerOperation,0.484375,0.546875,11.220650941132849,5.652277039848195,16.7890248424175
hosted-standard/windows-net10.0-traffic/paired.jsonl,write,5,bytesPerOperation,253011.696,253593.696,0.22828599791612003,0.22015149237330167,0.23551628734736152
hosted-standard/windows-net10.0-traffic/paired.jsonl,write,5,coldMs,106.1108,110.5865,5.378956541146764,2.4491972216043223,8.441886785244087
hosted-standard/windows-net10.0-traffic/paired.jsonl,write,5,closeMs,6.006,6.4531,-2.385795850001657,-22.836833589430075,10.912206478821481
hosted-standard/windows-net10.0-traffic/paired.jsonl,write,5,peakWorkingSetBytes,136450048,138272768,1.178672674078114,0.4520107419464692,1.8196323328572284
hosted-standard/windows-net10.0-traffic/paired.jsonl,write,5,retainedManagedBytes,548112,548824,-0.31692188889136164,-1.21056658327509,0.12990045830050256
hosted-standard/windows-net10.0-traffic/paired.jsonl,write,5,idleThreads,8,12,50.0,50.0,50.0
hosted-standard/windows-net10.0-traffic/paired.jsonl,write,5,idleHandles,218,239,9.624230237526703,9.606635666708554,9.633027522935777
hosted-standard/windows-net10.0-traffic/paired.jsonl,write-heavy,5,meanMs,0.5688499999999987,0.5715304999999994,-0.2348564043126844,-2.3762593965980217,2.1404854127059236
hosted-standard/windows-net10.0-traffic/paired.jsonl,write-heavy,5,p99Ms,1.9385,1.9612,-1.1345193249574415,-5.476264122099279,1.9027507052943449
hosted-standard/windows-net10.0-traffic/paired.jsonl,write-heavy,5,cpuMsPerOperation,0.484375,0.546875,14.490197809441415,6.935324964245986,26.093189964157713
hosted-standard/windows-net10.0-traffic/paired.jsonl,write-heavy,5,bytesPerOperation,251631.968,252232,0.2376229069986424,0.23379110016184423,0.2412645511599143
hosted-standard/windows-net10.0-traffic/paired.jsonl,write-heavy,5,coldMs,122.0721,119.3297,-0.4288775873649753,-4.2150837919788176,1.9161400258737338
hosted-standard/windows-net10.0-traffic/paired.jsonl,write-heavy,5,closeMs,4.3333,4.8395,11.830605270708467,3.542903971909781,20.465956077624377
hosted-standard/windows-net10.0-traffic/paired.jsonl,write-heavy,5,peakWorkingSetBytes,139272192,140292096,0.6722867001651434,0.574171084911419,0.7700941669281391
hosted-standard/windows-net10.0-traffic/paired.jsonl,write-heavy,5,retainedManagedBytes,548128,561128,2.8412308783082363,2.3717087979450158,3.7802750390346773
hosted-standard/windows-net10.0-traffic/paired.jsonl,write-heavy,5,idleThreads,8,12,50.0,50.0,50.0
hosted-standard/windows-net10.0-traffic/paired.jsonl,write-heavy,5,idleHandles,218,239,9.633027522935777,9.633027522935777,9.633027522935777
hosted-standard/windows-net8.0-core/paired.jsonl,mixed,5,meanMs,0.44787616666666674,0.21141643333333346,-53.03396179762112,-53.8513369655337,-52.270884847866476
hosted-standard/windows-net8.0-core/paired.jsonl,mixed,5,p99Ms,1.2135,1.1758,-2.162226193242034,-8.828419218866896,6.279612422361089
hosted-standard/windows-net8.0-core/paired.jsonl,mixed,5,cpuMsPerOperation,0.421875,0.18229166666666666,-56.534209734354256,-61.55605421823292,-51.51236525047558
hosted-standard/windows-net8.0-core/paired.jsonl,mixed,5,bytesPerOperation,318899.3653333333,117842.36,-63.04821731818719,-63.05203429068675,-63.044355841565135
hosted-standard/windows-net8.0-core/paired.jsonl,mixed,5,coldMs,114.8128,115.7439,2.5222881808684905,-0.12389500518901642,6.021114369648034
hosted-standard/windows-net8.0-core/paired.jsonl,mixed,5,closeMs,5.5617,6.8255,60.22331580556274,17.444950496513247,134.19866051630913
hosted-standard/windows-net8.0-core/paired.jsonl,mixed,5,peakWorkingSetBytes,65556480,75202560,13.293402196204363,10.316436496885549,15.622006279190899
hosted-standard/windows-net8.0-core/paired.jsonl,mixed,5,retainedManagedBytes,602536,610912,0.8514788545561269,-1.0006226010892072,2.439982080681422
hosted-standard/windows-net8.0-core/paired.jsonl,mixed,5,idleThreads,8,14,77.5,75.0,82.5
hosted-standard/windows-net8.0-core/paired.jsonl,mixed,5,idleHandles,207,233,12.728539576365655,12.524154589371976,13.101077666295051
hosted-standard/windows-net8.0-core/paired.jsonl,point,5,meanMs,0.21902473499999933,0.03358201499999925,-84.93753417675408,-85.29307322687332,-84.58575901255487
hosted-standard/windows-net8.0-core/paired.jsonl,point,5,p99Ms,0.8457,0.0777,-91.06818295090393,-91.47534516437989,-90.77354906296478
hosted-standard/windows-net8.0-core/paired.jsonl,point,5,cpuMsPerOperation,0.21796875,0.03359375,-84.7978107767615,-85.15164079188372,-84.44398076163928
hosted-standard/windows-net8.0-core/paired.jsonl,point,5,bytesPerOperation,280350.372,26864.1592,-90.41765028679923,-90.41765302119087,-90.41764755240759
hosted-standard/windows-net8.0-core/paired.jsonl,point,5,coldMs,126.4536,127.9009,-1.016444686420739,-9.28317790980811,5.466925889595529
hosted-standard/windows-net8.0-core/paired.jsonl,point,5,closeMs,2.0337,3.5961,84.98138164809103,73.53968107952771,103.50835637201244
hosted-standard/windows-net8.0-core/paired.jsonl,point,5,peakWorkingSetBytes,61902848,61767680,-1.0939450463710765,-2.2341183388827157,0.046228246140562756
hosted-standard/windows-net8.0-core/paired.jsonl,point,5,retainedManagedBytes,741456,735144,-0.8485161866529145,-0.8512979866640791,-0.8429525866305854
hosted-standard/windows-net8.0-core/paired.jsonl,point,5,idleThreads,8,12,50.0,50.0,50.0
hosted-standard/windows-net8.0-core/paired.jsonl,point,5,idleHandles,206,227,10.388349514563101,10.194174757281548,10.582524271844655
hosted-standard/windows-net8.0-core/paired.jsonl,scan,5,meanMs,2.994331799999997,1.7490331,-42.26123087876157,-46.4887273749527,-38.94326831958896
hosted-standard/windows-net8.0-core/paired.jsonl,scan,5,p99Ms,4.9715,2.3533,-53.37873261875865,-62.376834893903975,-44.368908647531
hosted-standard/windows-net8.0-core/paired.jsonl,scan,5,cpuMsPerOperation,2.96875,1.75,-40.949740988175975,-44.616209590929984,-38.31810828300259
hosted-standard/windows-net8.0-core/paired.jsonl,scan,5,bytesPerOperation,4366222.384,3150145.584,-27.85191878279575,-27.851921215149634,-27.851916350441865
hosted-standard/windows-net8.0-core/paired.jsonl,scan,5,coldMs,128.8717,130.0382,1.675247083489313,-0.5645558055900324,3.6410538428204653
hosted-standard/windows-net8.0-core/paired.jsonl,scan,5,closeMs,2.0064,3.6372,82.44751353829766,78.18014353429616,88.78544340055558
hosted-standard/windows-net8.0-core/paired.jsonl,scan,5,peakWorkingSetBytes,56430592,62259200,10.316478711718693,10.176506462205595,10.491056214744624
hosted-standard/windows-net8.0-core/paired.jsonl,scan,5,retainedManagedBytes,565848,578064,2.188290848425729,2.158883657802102,2.247105229672983
hosted-standard/windows-net8.0-core/paired.jsonl,scan,5,idleThreads,8,12,52.5,50.0,57.5
hosted-standard/windows-net8.0-core/paired.jsonl,scan,5,idleHandles,205,226,10.536585365853668,10.2439024390244,11.121951219512205
hosted-standard/windows-net8.0-traffic/paired.jsonl,balanced,5,meanMs,0.33518529999999974,0.33146699999999946,-14.933010685822161,-40.84554050429501,5.559302453597514
hosted-standard/windows-net8.0-traffic/paired.jsonl,balanced,5,p99Ms,1.4627,1.4383,-16.255364586360667,-54.07110312408737,7.075820529247738
hosted-standard/windows-net8.0-traffic/paired.jsonl,balanced,5,cpuMsPerOperation,0.328125,0.328125,-3.5454545454545427,-10.909090909090907,2.0909090909090944
hosted-standard/windows-net8.0-traffic/paired.jsonl,balanced,5,bytesPerOperation,246100.472,246666.328,0.2357297118673385,0.23157696998703958,0.23955930455742624
hosted-standard/windows-net8.0-traffic/paired.jsonl,balanced,5,coldMs,69.414,71.4664,2.649651214232036,0.818663219031297,4.643616959158718
hosted-standard/windows-net8.0-traffic/paired.jsonl,balanced,5,closeMs,3.3568,4.2269,13.586615802461989,-15.284594974745183,34.35557806548631
hosted-standard/windows-net8.0-traffic/paired.jsonl,balanced,5,peakWorkingSetBytes,66207744,66662400,0.739374071832537,0.46128467778145943,1.0106407037363896
hosted-standard/windows-net8.0-traffic/paired.jsonl,balanced,5,retainedManagedBytes,586544,599024,2.965711012302572,2.127717613682867,3.8037044109222773
hosted-standard/windows-net8.0-traffic/paired.jsonl,balanced,5,idleThreads,8,12,50.0,50.0,50.0
hosted-standard/windows-net8.0-traffic/paired.jsonl,balanced,5,idleHandles,207,227,9.661835748792269,9.661835748792269,9.661835748792269
hosted-standard/windows-net8.0-traffic/paired.jsonl,buffered,5,meanMs,0.09464569999999993,0.03392680000000002,-59.80935363084614,-64.51720146986733,-52.3568991608206
hosted-standard/windows-net8.0-traffic/paired.jsonl,buffered,5,p99Ms,0.3508,0.0664,-73.02257563269939,-84.20347544865767,-54.981387267879406
hosted-standard/windows-net8.0-traffic/paired.jsonl,buffered,5,cpuMsPerOperation,0.09375,0.03125,-63.333333333333336,-66.66666666666667,-56.66666666666667
hosted-standard/windows-net8.0-traffic/paired.jsonl,buffered,5,bytesPerOperation,230958.896,91152.96,-60.5328213900018,-60.5328213900018,-60.5328213900018
hosted-standard/windows-net8.0-traffic/paired.jsonl,buffered,5,coldMs,80.4018,79.6778,-0.40828991189681085,-2.583711813763503,1.7851185403693792
hosted-standard/windows-net8.0-traffic/paired.jsonl,buffered,5,closeMs,1.2962,2.4447,93.60608550315429,87.01558155785114,100.34944616942967
hosted-standard/windows-net8.0-traffic/paired.jsonl,buffered,5,peakWorkingSetBytes,63057920,62304256,-1.0126143560472678,-1.4514032206657723,-0.5738254914287633
hosted-standard/windows-net8.0-traffic/paired.jsonl,buffered,5,retainedManagedBytes,585224,584144,-1.005637729989488,-1.8267307386415,-0.18454472133747624
hosted-standard/windows-net8.0-traffic/paired.jsonl,buffered,5,idleThreads,8,12,50.0,50.0,50.0
hosted-standard/windows-net8.0-traffic/paired.jsonl,buffered,5,idleHandles,206,227,10.087706955583693,9.874771352187981,10.194174757281548
hosted-standard/windows-net8.0-traffic/paired.jsonl,checkpoint,5,meanMs,1.4580788999999996,1.5887656000000003,8.980670755034748,6.849081388764686,11.112260121304809
hosted-standard/windows-net8.0-traffic/paired.jsonl,checkpoint,5,p99Ms,5.9348,7.1296,28.652092107269286,-7.770199771393233,73.56930853425554
hosted-standard/windows-net8.0-traffic/paired.jsonl,checkpoint,5,cpuMsPerOperation,0.984375,1.171875,21.10374300029472,13.979200875752605,30.7862826828344
hosted-standard/windows-net8.0-traffic/paired.jsonl,checkpoint,5,bytesPerOperation,473276.504,474445.112,0.2468415165735216,0.24673861692047439,0.24691865962567228
hosted-standard/windows-net8.0-traffic/paired.jsonl,checkpoint,5,coldMs,81.268,93.5847,15.717665541242628,10.076237471450211,20.44828128271719
hosted-standard/windows-net8.0-traffic/paired.jsonl,checkpoint,5,closeMs,1.5414,2.9786,80.81408320353958,66.47965066847256,95.1485157386066
hosted-standard/windows-net8.0-traffic/paired.jsonl,checkpoint,5,peakWorkingSetBytes,65003520,64835584,-0.04857637638186585,-0.23196038763342086,0.19453847547763692
hosted-standard/windows-net8.0-traffic/paired.jsonl,checkpoint,5,retainedManagedBytes,593832,601080,1.2239885016184537,-0.010692216520378217,2.4621104958978313
hosted-standard/windows-net8.0-traffic/paired.jsonl,checkpoint,5,idleThreads,8,12,49.285714285714285,40.0,60.35714285714285
hosted-standard/windows-net8.0-traffic/paired.jsonl,checkpoint,5,idleHandles,207,227,9.653010033444813,9.345503530286132,9.951690821256038
hosted-standard/windows-net8.0-traffic/paired.jsonl,churn,5,meanMs,1.4806305999999998,1.4470039000000012,-3.061390757878098,-12.721797938608406,7.797258537091637
hosted-standard/windows-net8.0-traffic/paired.jsonl,churn,5,p99Ms,3.3296,2.6591,-14.614742495387722,-53.97043526286036,24.41346980615256
hosted-standard/windows-net8.0-traffic/paired.jsonl,churn,5,cpuMsPerOperation,1.28125,1.21875,-1.2598276671396766,-9.761032486416783,7.790774742498875
hosted-standard/windows-net8.0-traffic/paired.jsonl,churn,5,bytesPerOperation,2040810.352,2072151.272,9.51926073656715,-3.9880898735196557,23.559065625606884
hosted-standard/windows-net8.0-traffic/paired.jsonl,churn,5,coldMs,92.9299,99.7109,10.43646636759659,3.6593335799253746,18.870010905661832
hosted-standard/windows-net8.0-traffic/paired.jsonl,churn,5,closeMs,4.7289,5.1053,3.440621539033587,-19.066778295032172,23.511147473163536
hosted-standard/windows-net8.0-traffic/paired.jsonl,churn,5,peakWorkingSetBytes,65216512,65368064,-0.09870725492559629,-0.4752904707019523,0.2778759608507597
hosted-standard/windows-net8.0-traffic/paired.jsonl,churn,5,retainedManagedBytes,602072,602264,1.6747510353296136,0.8497328436989049,2.1073914925223924
hosted-standard/windows-net8.0-traffic/paired.jsonl,churn,5,idleThreads,8,12,50.0,50.0,50.0
hosted-standard/windows-net8.0-traffic/paired.jsonl,churn,5,idleHandles,209,229,9.169742538163588,8.865800865800857,9.473684210526319
hosted-standard/windows-net8.0-traffic/paired.jsonl,indexed,5,meanMs,1.7612792999999978,0.9469320000000003,-45.78287273295764,-48.3161910788475,-43.408201851455715
hosted-standard/windows-net8.0-traffic/paired.jsonl,indexed,5,p99Ms,3.3433,1.4189,-49.978040707166535,-60.998852097913236,-38.957229316419834
hosted-standard/windows-net8.0-traffic/paired.jsonl,indexed,5,cpuMsPerOperation,1.765625,0.9375,-45.56386138314411,-48.56960583276373,-42.71922767497989
hosted-standard/windows-net8.0-traffic/paired.jsonl,indexed,5,bytesPerOperation,4369414.384,3153337.584,-27.83157223034517,-27.831574476620222,-27.831569799082743
hosted-standard/windows-net8.0-traffic/paired.jsonl,indexed,5,coldMs,82.5553,80.8676,-2.530978795876424,-6.9054357667596005,1.843478175006752
hosted-standard/windows-net8.0-traffic/paired.jsonl,indexed,5,closeMs,1.3131,2.4523,86.65857939140217,80.99896459044295,93.26829730496166
hosted-standard/windows-net8.0-traffic/paired.jsonl,indexed,5,peakWorkingSetBytes,57589760,63614976,10.288609607515822,10.005930244034703,10.571288970996942
hosted-standard/windows-net8.0-traffic/paired.jsonl,indexed,5,retainedManagedBytes,567952,580168,2.1759456038794056,2.1398991464067363,2.2370516748660885
hosted-standard/windows-net8.0-traffic/paired.jsonl,indexed,5,idleThreads,8,12,56.785714285714285,50.0,65.35714285714285
hosted-standard/windows-net8.0-traffic/paired.jsonl,indexed,5,idleHandles,205,226,10.634146341463424,9.853658536585375,11.51219512195123
hosted-standard/windows-net8.0-traffic/paired.jsonl,open-close,5,meanMs,1.2521519999999995,1.2127671999999996,3.2453484773734953,-6.081419717179508,9.566216998274758
hosted-standard/windows-net8.0-traffic/paired.jsonl,open-close,5,p99Ms,6.013,6.424,6.008861699559902,-33.8726168003363,51.48825514702697
hosted-standard/windows-net8.0-traffic/paired.jsonl,open-close,5,cpuMsPerOperation,1.8125,1.78125,-2.5366390994947374,-14.59520179732007,6.1086202203317175
hosted-standard/windows-net8.0-traffic/paired.jsonl,open-close,5,bytesPerOperation,190989.272,191685.272,0.36255658387264855,0.3585197054221201,0.3646730482327909
hosted-standard/windows-net8.0-traffic/paired.jsonl,open-close,5,coldMs,85.3397,84.2564,-5.643819313219423,-15.557976299356874,4.00546714610857
hosted-standard/windows-net8.0-traffic/paired.jsonl,open-close,5,closeMs,0.0089,0.0117,13.994105245478403,-6.195402298850578,33.40076097247281
hosted-standard/windows-net8.0-traffic/paired.jsonl,open-close,5,peakWorkingSetBytes,110972928,113782784,2.983520625210241,-1.0431926949014159,7.010233945321898
hosted-standard/windows-net8.0-traffic/paired.jsonl,open-close,5,retainedManagedBytes,597056,588896,-1.2099049324424294,-4.889969218026146,2.3355965375786214
hosted-standard/windows-net8.0-traffic/paired.jsonl,open-close,5,idleThreads,9,9,2.5,0.0,7.5
hosted-standard/windows-net8.0-traffic/paired.jsonl,open-close,5,idleHandles,209,209,0.0,0.0,0.0
hosted-standard/windows-net8.0-traffic/paired.jsonl,random,5,meanMs,0.08509650000000003,0.013386799999999966,-83.95806196669967,-85.74128356336779,-81.78077832193978
hosted-standard/windows-net8.0-traffic/paired.jsonl,random,5,p99Ms,0.5899,0.0231,-95.75563577128965,-96.41015699442455,-94.73210572557755
hosted-standard/windows-net8.0-traffic/paired.jsonl,random,5,cpuMsPerOperation,0.09375,0.015625,-86.66666666666667,-93.33333333333334,-83.33333333333334
hosted-standard/windows-net8.0-traffic/paired.jsonl,random,5,bytesPerOperation,284095.712,26878.592,-90.53888842762558,-90.5388955677022,-90.53887862333694
hosted-standard/windows-net8.0-traffic/paired.jsonl,random,5,coldMs,75.5203,79.3902,4.942677427389719,1.1481082810954213,9.398747402491242
hosted-standard/windows-net8.0-traffic/paired.jsonl,random,5,closeMs,1.285,2.5864,103.4318944598898,90.30722169950104,119.41106225873085
hosted-standard/windows-net8.0-traffic/paired.jsonl,random,5,peakWorkingSetBytes,52224000,62029824,18.592785117765423,17.800639586769528,19.37276172853965
hosted-standard/windows-net8.0-traffic/paired.jsonl,random,5,retainedManagedBytes,579296,583152,0.24744324308016985,-0.5889413308048042,0.6656355300226569
hosted-standard/windows-net8.0-traffic/paired.jsonl,random,5,idleThreads,8,12,50.0,50.0,50.0
hosted-standard/windows-net8.0-traffic/paired.jsonl,random,5,idleHandles,206,227,10.281412691712392,10.16462642465175,10.485436893203879
hosted-standard/windows-net8.0-traffic/paired.jsonl,same-key,5,meanMs,0.07273080000000005,0.012661399999999932,-82.72766347652215,-83.4925327165561,-81.89927785975735
hosted-standard/windows-net8.0-traffic/paired.jsonl,same-key,5,p99Ms,0.327,0.0211,-92.87947722041163,-94.30924144491748,-91.16692508169479
hosted-standard/windows-net8.0-traffic/paired.jsonl,same-key,5,cpuMsPerOperation,0.078125,0.015625,-86.0,-96.0,-76.0
hosted-standard/windows-net8.0-traffic/paired.jsonl,same-key,5,bytesPerOperation,161933.296,22128.96,-86.3345145939536,-86.3345213451346,-86.33450109159158
hosted-standard/windows-net8.0-traffic/paired.jsonl,same-key,5,coldMs,75.0805,76.8138,-0.6148966419921305,-9.630115762398319,6.152046793008462
hosted-standard/windows-net8.0-traffic/paired.jsonl,same-key,5,closeMs,1.3187,2.5113,88.46619984922364,83.7738377793192,92.2849477283816
hosted-standard/windows-net8.0-traffic/paired.jsonl,same-key,5,peakWorkingSetBytes,61837312,61259776,-1.1178212071054783,-1.7210178266068676,-0.5439974732686803
hosted-standard/windows-net8.0-traffic/paired.jsonl,same-key,5,retainedManagedBytes,589464,583152,-1.4748375158201976,-2.2829059353519665,-1.0708033060543132
hosted-standard/windows-net8.0-traffic/paired.jsonl,same-key,5,idleThreads,8,12,50.0,50.0,50.0
hosted-standard/windows-net8.0-traffic/paired.jsonl,same-key,5,idleHandles,206,227,9.981239153885836,9.768303550490124,10.194174757281548
hosted-standard/windows-net8.0-traffic/paired.jsonl,transaction,5,meanMs,0.4823188999999999,0.4632636999999995,-3.575146474610489,-5.617714534620835,-1.4831383596465473
hosted-standard/windows-net8.0-traffic/paired.jsonl,transaction,5,p99Ms,1.3427,1.3372,-3.1922606338956983,-7.928710026115818,0.33587244738507493
hosted-standard/windows-net8.0-traffic/paired.jsonl,transaction,5,cpuMsPerOperation,0.453125,0.4375,-2.7826473859844274,-17.754838709677422,8.937931034482762
hosted-standard/windows-net8.0-traffic/paired.jsonl,transaction,5,bytesPerOperation,253607.648,254227.84,0.2391166583087445,0.23127097659142226,0.24694173119323093
hosted-standard/windows-net8.0-traffic/paired.jsonl,transaction,5,coldMs,71.5363,73.3125,1.8755955512150146,-2.8282890664333493,6.8319618662897685
hosted-standard/windows-net8.0-traffic/paired.jsonl,transaction,5,closeMs,4.6291,4.9737,4.09637977732519,-2.8945522988937444,9.319486550212416
hosted-standard/windows-net8.0-traffic/paired.jsonl,transaction,5,peakWorkingSetBytes,65519616,64950272,-0.8104784780797791,-1.2213773755065493,-0.3514595170967172
hosted-standard/windows-net8.0-traffic/paired.jsonl,transaction,5,retainedManagedBytes,598936,599128,0.8701702746364504,0.03205684747618065,1.70828370179672
hosted-standard/windows-net8.0-traffic/paired.jsonl,transaction,5,idleThreads,8,12,50.0,50.0,50.0
hosted-standard/windows-net8.0-traffic/paired.jsonl,transaction,5,idleHandles,210,230,9.419544120965927,9.229067930489729,9.523809523809534
hosted-standard/windows-net8.0-traffic/paired.jsonl,write,5,meanMs,0.4407570000000002,0.43104000000000037,-0.2229723604965872,-2.4151202122477566,3.8250242891324837
hosted-standard/windows-net8.0-traffic/paired.jsonl,write,5,p99Ms,1.2838,1.246,-1.737675177591551,-5.093673827713041,2.5147757045351393
hosted-standard/windows-net8.0-traffic/paired.jsonl,write,5,cpuMsPerOperation,0.390625,0.34375,-5.739130434782609,-12.93913043478261,2.4000000000000044
hosted-standard/windows-net8.0-traffic/paired.jsonl,write,5,bytesPerOperation,253461.184,254019.624,0.22682237374753722,0.21836152180910062,0.23528322568597382
hosted-standard/windows-net8.0-traffic/paired.jsonl,write,5,coldMs,69.8541,68.5778,6.313236742885707,-6.857957802648655,26.853329108382297
hosted-standard/windows-net8.0-traffic/paired.jsonl,write,5,closeMs,4.2398,5.2515,72.95303330514338,14.960691766496378,176.29826219072078
hosted-standard/windows-net8.0-traffic/paired.jsonl,write,5,peakWorkingSetBytes,65290240,64790528,-0.6924046045553123,-0.9005816907513586,-0.4166306742467274
hosted-standard/windows-net8.0-traffic/paired.jsonl,write,5,retainedManagedBytes,586536,599016,2.3699999690556917,2.1277466344776785,2.854506638211718
hosted-standard/windows-net8.0-traffic/paired.jsonl,write,5,idleThreads,8,12,50.0,50.0,50.0
hosted-standard/windows-net8.0-traffic/paired.jsonl,write,5,idleHandles,207,227,9.451956637311326,9.032198414349443,9.661835748792269
hosted-standard/windows-net8.0-traffic/paired.jsonl,write-heavy,5,meanMs,0.42959679999999895,0.4330501000000001,-8.938837566260444,-30.175593558239676,4.482928351128477
hosted-standard/windows-net8.0-traffic/paired.jsonl,write-heavy,5,p99Ms,1.5656,1.4272,-24.356317093767277,-58.04078172155856,-1.3199963208971321
hosted-standard/windows-net8.0-traffic/paired.jsonl,write-heavy,5,cpuMsPerOperation,0.390625,0.359375,3.0545454545454565,-5.599999999999996,12.945454545454547
hosted-standard/windows-net8.0-traffic/paired.jsonl,write-heavy,5,bytesPerOperation,252037.816,252625.248,0.23064402001180984,0.22812218065422663,0.23347909693017144
hosted-standard/windows-net8.0-traffic/paired.jsonl,write-heavy,5,coldMs,77.2315,78.8727,1.662253900068178,-2.697880258702747,5.683710078504127
hosted-standard/windows-net8.0-traffic/paired.jsonl,write-heavy,5,closeMs,3.2612,4.0194,60.78781245869475,14.159024273224734,107.41660064416477
hosted-standard/windows-net8.0-traffic/paired.jsonl,write-heavy,5,peakWorkingSetBytes,66408448,67383296,1.4502691670330936,1.2246867754488333,1.633754681567825
hosted-standard/windows-net8.0-traffic/paired.jsonl,write-heavy,5,retainedManagedBytes,586552,611320,2.7857828827032494,1.2930001582325668,4.046586717595622
hosted-standard/windows-net8.0-traffic/paired.jsonl,write-heavy,5,idleThreads,8,12,47.5,42.5,50.0
hosted-standard/windows-net8.0-traffic/paired.jsonl,write-heavy,5,idleHandles,207,228,9.951690821256038,9.758454106280192,10.144927536231885
